idEntidade;nomeEntidade;Unnamed: 2;idEmpenho;numeroEmpenho;anoEmpenho;tipoEmpenho;numProcesso;anoProcesso;especificacao;data;valorEmpenhadoBruto;valorEmpenhadoAnulado;valorLiquidadoBruto;valorLiquidadoAnulado;valorBaixadoBruto;valorBaixadoAnulado;valorRetidoBruto;valorRetidoAnulado;valorPagoRestosPagarProcessados;valorPagoRestosPagarNaoProcessados;valorPagoAnuladoRestosPagarProcessados;valorPagoAnuladoRestosPagarNaoProcessados;idCredor;nomeCredor;numContaCredor;digContaCredor;numDespesa;numPrograma;numAcao;numFuncao;numSubfuncao;numNaturezaEmp;numRecurso;numNaturezaDesp;saldoBaixado;saldoAnulado;saldoPagar;Descrição da despesa;Descrição da natureza
668;PREFEITURA MUNICIPAL DE BARBACENA;;30235252;1;2026;ORDINARIO;0;0;EMPENHO PARA COBRIR DESPESA COM DIÁRIA PARA BELO HORIZONTE/MG NOS DIAS 20 E  21/01/2026 A FIM DE  PARTICIPAR DO CURSO DE CAPACITAÇÃO PARA SECRETÁRIOS MUNICIPAIS NO INSTITUTO PLENUM BRASIL,CONFORME  DECRETO Nº 9.882/2025.;02/01/26 00:00;926,31;0,00;926,31;0,00;926,31;0,00;0,00;0,00;0,00;0,00;0,00;0,00;1543941;FRANCISCO GONÇALVES DA SILVA JUNIOR;;;120;11;2181;4;122;3.3.90.14.04.00.00.00;1.500.000.0000;33901400000000;926,31;0,00;0,00;MANUTENÇAO DA SEGOV;DIÁRIAS - PESSOAL CIVIL
Especificação: ;;EMPENHO PARA COBRIR DESPESA COM DIÁRIA PARA BELO HORIZONTE/MG NOS DIAS 20 E  21/01/2026 A FIM DE  PARTICIPAR DO CURSO DE CAPACITAÇÃO PARA SECRETÁRIOS MUNICIPAIS NO INSTITUTO PLENUM BRASIL,CONFORME  DECRETO Nº 9.882/2025.;;;;;;;;;;;;;;;;;;;;;;;;;;;;;;;;;;;;;
668;PREFEITURA MUNICIPAL DE BARBACENA;;30266044;10;2026;GLOBAL;0;0;EMPENHO PARA COBRIR  DESPESA COM REPASSE MENSAL DE RECURSOS FINANCEIROS PARA MANUTENÇÃO DAS ATIVIDADES ADMINISTRATIVAS DO CONSÓRCIO,ENGLOBANDO DESPESAS DE PESSOAL CIVIL,OBRIGAÇÕES PATRONAIS,MATERIAIS DE CONSUMO E PERMANENTE,CONFORME  CONTRATO DE RATEIO Nº 002/2025 E OFICIO Nº 003/2026-SEGAB.;02/01/26 00:00;114.006,54;0,00;76.004,36;0,00;76.004,36;0,00;0,00;0,00;0,00;0,00;0,00;0,00;1543895;CODAMMA CONSORCIO DE DESENVOLVIMENTO DA AREA DOS MUNICIPIOS DA MICRORREGIAO DA MANTIQUEIRA;;;57;11;2219;4;122;3.1.71.70.00.00.00.00;1.500.000.0000;31717000000000;76.004,36;0,00;38.002,18;CONTRATO DE RATEIO COM O CODAMMA;RATEIO PELA PARTICIPAÇÃO EM CONSÓRCIO PÚBLICO
Especificação: ;;EMPENHO PARA COBRIR  DESPESA COM REPASSE MENSAL DE RECURSOS FINANCEIROS PARA MANUTENÇÃO DAS ATIVIDADES ADMINISTRATIVAS DO CONSÓRCIO,ENGLOBANDO DESPESAS DE PESSOAL CIVIL,OBRIGAÇÕES PATRONAIS,MATERIAIS DE CONSUMO E PERMANENTE,CONFORME  CONTRATO DE RATEIO Nº 002/2025 E OFICIO Nº 003/2026-SEGAB.;;;;;;;;;;;;;;;;;;;;;;;;;;;;;;;;;;;;;
668;PREFEITURA MUNICIPAL DE BARBACENA;;30406831;100;2026;ESTIMATIVO;14;2023;MPENHO  PARA COBRIR DESPESA COM PRESTAÇÃO DE SERVIÇOS DE USO DO SISTEMA WEB,OPERAÇÃO E MANUTENÇÃO DO SITE DA PREFEITURA MUNICIPAL DE BARBACENA,COM FORNECIMENTO DE ESTRUTUTRA DE PUBLICAÇÕES DE INFORMA PARA ÓRGÃOS PÚBLICOS,CONFORME PROCESSO 14/2023,CONTRATO 86/2023 E SOLICITAÇÃO DE FORNECIMENTO Nº 28/2026.;02/01/26 00:00;4.136,70;0,00;0,00;0,00;0,00;0,00;0,00;0,00;0,00;0,00;0,00;0,00;2548943;INSTAR TECNOLOGIA EM INFORMATICA - COMERCIO DE EQUIPAMENTOS DE INFORMATICA LTDA;;;512;11;2055;4;122;3.3.90.40.99.00.00.00;1.500.000.0000;33904000000000;0,00;0,00;4.136,70;MANUTENÇÃO DA SEMAD;SERVIÇOS DE TECNOLOGIA DA INFORMAÇÃO E COMUNICAÇ
Especificação: ;;MPENHO  PARA COBRIR DESPESA COM PRESTAÇÃO DE SERVIÇOS DE USO DO SISTEMA WEB,OPERAÇÃO E MANUTENÇÃO DO SITE DA PREFEITURA MUNICIPAL DE BARBACENA,COM FORNECIMENTO DE ESTRUTUTRA DE PUBLICAÇÕES DE INFORMA PARA ÓRGÃOS PÚBLICOS,CONFORME PROCESSO 14/2023,CONTRATO 86/2023 E SOLICITAÇÃO DE FORNECIMENTO Nº 28/2026.;;;;;;;;;;;;;;;;;;;;;;;;;;;;;;;;;;;;;
668;PREFEITURA MUNICIPAL DE BARBACENA;;30660798;101;2026;GLOBAL;0;0;EMPENHO PARA COBRIR DESPESA COM LOCAÇÃO DO IMÓVEL SITUADO A RUA THOMPSON FLORES,Nº41 BAIRRO BOA MORTE QUE ABRIGA  - A SECRETARIA MUNICIPAL DE EDUCAÇÃO - .DURANTE O PERIODO DE JANEIRO A ABRIL DE 2026,CONFORME DÉCIMO SEXTO TERMO ADITIVO AO CONTRATO Nº 25/2014 E OFICIO Nº 052/2026-GAB/SEDUC.;02/01/26 00:00;12.251,15;0,00;4.172,97;0,00;133,88;0,00;0,00;0,00;0,00;0,00;0,00;0,00;1601210;SEBASTIAO CONRADO VILELA;;;747;11;2125;12;122;3.3.90.36.14.00.00.00;1.500.000.1001;33903600000000;133,88;0,00;12.117,27;MANUTENÇÃO DA SEDUC;OUTROS SERVIÇOS DE TERCEIROS - PESSOA FÍSICA
Especificação: ;;EMPENHO PARA COBRIR DESPESA COM LOCAÇÃO DO IMÓVEL SITUADO A RUA THOMPSON FLORES,Nº41 BAIRRO BOA MORTE QUE ABRIGA  - A SECRETARIA MUNICIPAL DE EDUCAÇÃO - .DURANTE O PERIODO DE JANEIRO A ABRIL DE 2026,CONFORME DÉCIMO SEXTO TERMO ADITIVO AO CONTRATO Nº 25/2014 E OFICIO Nº 052/2026-GAB/SEDUC.;;;;;;;;;;;;;;;;;;;;;;;;;;;;;;;;;;;;;
668;PREFEITURA MUNICIPAL DE BARBACENA;;30661354;102;2026;ESTIMATIVO;0;0;EMPENHO  PARA COBRIR DESPESA COM  SERVIÇOS DE TELECOMUNICAÇÕES PARA IMPLEMENTAÇÃO,OPERAÇÃO E MANUTENÇÃO DE UM LINK DE ACESSO SÍNCRONO DEDICADO A INTERNET,MEDIANTE IMPLANTAÇÃO DE LINK DE COMUNICAÇÃO DE DADOS,COM FORNECIMENTO  DE EQUIPAMENTOS NECESSÁRIOS A EXECUÇÃO DO SERVIÇO E SUPORTE TÉCNICO,SERVIDOR WEB E SERVIDOR DE EMAIL, EM ATENDIMENTO A SEDUC, CONFORME CONTRATO Nº 100/2022 E  MEMORANDO Nº 019/2026-DIRTI.;02/01/26 00:00;16.280,00;0,00;0,00;0,00;0,00;0,00;0,00;0,00;0,00;0,00;0,00;0,00;1543812;VERO S.A.;;;749;11;2125;12;122;3.3.90.40.99.00.00.00;1.500.000.1001;33904000000000;0,00;0,00;16.280,00;MANUTENÇÃO DA SEDUC;SERVIÇOS DE TECNOLOGIA DA INFORMAÇÃO E COMUNICAÇ
Especificação: ;;EMPENHO  PARA COBRIR DESPESA COM  SERVIÇOS DE TELECOMUNICAÇÕES PARA IMPLEMENTAÇÃO,OPERAÇÃO E MANUTENÇÃO DE UM LINK DE ACESSO SÍNCRONO DEDICADO A INTERNET,MEDIANTE IMPLANTAÇÃO DE LINK DE COMUNICAÇÃO DE DADOS,COM FORNECIMENTO  DE EQUIPAMENTOS NECESSÁRIOS A EXECUÇÃO DO SERVIÇO E SUPORTE TÉCNICO,SERVIDOR WEB E SERVIDOR DE EMAIL, EM ATENDIMENTO A SEDUC, CONFORME CONTRATO Nº 100/2022 E  MEMORANDO Nº 019/2026-DIRTI.;;;;;;;;;;;;;;;;;;;;;;;;;;;;;;;;;;;;;
668;PREFEITURA MUNICIPAL DE BARBACENA;;30661479;103;2026;ESTIMATIVO;0;0;EMPENHO PARA COBRIR DESPESA COM AMORTIZAÇÃO DE DEBITOS LEVANTADOS EM FAVOR DO SIMPAS,CONFORME OFICIO Nº 001/2026-GAB/SEFAZ.;02/01/26 00:00;320.000,00;0,00;47.257,49;0,00;23.603,85;0,00;0,00;0,00;0,00;0,00;0,00;0,00;1547277;SISTEMA MUNICIPAL DE PREVIDENCIA E ASSISTENCIA AO SERVIDOR;44817;4;255;0;0020;28;843;4.6.91.71.00.00.00.00;1.500.000.0000;46917100000000;23.603,85;0,00;296.396,15;PARCELAMENTO DE DIVIDAS PREVIDENCIARIAS;PRINCIPAL DA DÍVIDA CONTRATUAL RESGATADO
Especificação: ;;EMPENHO PARA COBRIR DESPESA COM AMORTIZAÇÃO DE DEBITOS LEVANTADOS EM FAVOR DO SIMPAS,CONFORME OFICIO Nº 001/2026-GAB/SEFAZ.;;;;;;;;;;;;;;;;;;;;;;;;;;;;;;;;;;;;;
668;PREFEITURA MUNICIPAL DE BARBACENA;;30661485;104;2026;ESTIMATIVO;0;0;EMPENHO  PARA COBRIR DESPESA COM  SERVIÇOS DE TELECOMUNICAÇÕES PARA IMPLEMENTAÇÃO,OPERAÇÃO E MANUTENÇÃO DE UM LINK DE ACESSO SÍNCRONO DEDICADO A INTERNET,MEDIANTE IMPLANTAÇÃO DE LINK DE COMUNICAÇÃO DE DADOS,COM FORNECIMENTO  DE EQUIPAMENTOS NECESSÁRIOS A EXECUÇÃO DO SERVIÇO E SUPORTE TÉCNICO,SERVIDOR WEB E SERVIDOR DE EMAIL, EM ATENDIMENTO A SEDUC-CONSERVATÓRIO, CONFORME CONTRATO Nº 100/2022 E  MEMORANDO Nº 019/2026-DIRTI.;02/01/26 00:00;700,00;0,00;0,00;0,00;0,00;0,00;0,00;0,00;0,00;0,00;0,00;0,00;1543812;VERO S.A.;;;918;37;2079;12;392;3.3.90.40.99.00.00.00;1.500.000.0000;33904000000000;0,00;0,00;700,00;MANUTENÇÃO DE AÇÕES DO CONSERVATÓRIO MUNICIPAL;SERVIÇOS DE TECNOLOGIA DA INFORMAÇÃO E COMUNICAÇ
Especificação: ;;EMPENHO  PARA COBRIR DESPESA COM  SERVIÇOS DE TELECOMUNICAÇÕES PARA IMPLEMENTAÇÃO,OPERAÇÃO E MANUTENÇÃO DE UM LINK DE ACESSO SÍNCRONO DEDICADO A INTERNET,MEDIANTE IMPLANTAÇÃO DE LINK DE COMUNICAÇÃO DE DADOS,COM FORNECIMENTO  DE EQUIPAMENTOS NECESSÁRIOS A EXECUÇÃO DO SERVIÇO E SUPORTE TÉCNICO,SERVIDOR WEB E SERVIDOR DE EMAIL, EM ATENDIMENTO A SEDUC-CONSERVATÓRIO, CONFORME CONTRATO Nº 100/2022 E  MEMORANDO Nº 019/2026-DIRTI.;;;;;;;;;;;;;;;;;;;;;;;;;;;;;;;;;;;;;
668;PREFEITURA MUNICIPAL DE BARBACENA;;30661735;105;2026;ESTIMATIVO;0;0;EMPENHO PARA COBRIR DESPESA COM JUROS/ENCARGOS DE DEBITOS LEVANTADOS EM FAVOR DO SIMPAS,CONFORME OFICIO Nº 001/2026-GAB/SEFAZ.;02/01/26 00:00;300.000,00;0,00;45.249,17;0,00;22.541,68;0,00;0,00;0,00;0,00;0,00;0,00;0,00;1547277;SISTEMA MUNICIPAL DE PREVIDENCIA E ASSISTENCIA AO SERVIDOR;44817;4;253;0;0020;28;843;3.2.91.21.00.00.00.00;1.500.000.0000;32912100000000;22.541,68;0,00;277.458,32;PARCELAMENTO DE DIVIDAS PREVIDENCIARIAS;JUROS SOBRE A DÍVIDA POR CONTRATO
Especificação: ;;EMPENHO PARA COBRIR DESPESA COM JUROS/ENCARGOS DE DEBITOS LEVANTADOS EM FAVOR DO SIMPAS,CONFORME OFICIO Nº 001/2026-GAB/SEFAZ.;;;;;;;;;;;;;;;;;;;;;;;;;;;;;;;;;;;;;
668;PREFEITURA MUNICIPAL DE BARBACENA;;30492946;106;2026;GLOBAL;22;2025;EMPENHO PARA COBRIR DESPESA COM AQUISIÇÃO DE GÊNEROS ALIMENTÍCIOS- PRODUTOS DA AGRICULTURA FAMILIAR EM ATENDIMENTO A  SECRETARIA MUNICIPAL DE EDUCAÇÃO -MERENDA ESCOLAR/ENS FUNDAM.,CONFORME  PROCESSO 22/2025,CONTRATO 137/2025 E SOLICITAÇÃO DE FORNECIMENTO Nº 58/2026. CONFORME OFICIO N° 007/2026 - MERENDA ESCOLAR.;02/01/26 00:00;270.027,94;0,00;42.034,47;0,00;42.034,47;0,00;0,00;0,00;0,00;0,00;0,00;0,00;1543376;ORGANIZAÇAO DOS AMIGOS MORAD. E PROD. RURAIS DOS C;106619;6;787;15;2203;12;361;3.3.90.30.07.00.00.00;1.552.000.0000;33903000000000;42.034,47;0,00;227.993,47;MANUTENÇAO DAS UNIDADES DE ENSINO FUNDAMENTAL;MATERIAL DE CONSUMO
Especificação: ;;EMPENHO PARA COBRIR DESPESA COM AQUISIÇÃO DE GÊNEROS ALIMENTÍCIOS- PRODUTOS DA AGRICULTURA FAMILIAR EM ATENDIMENTO A  SECRETARIA MUNICIPAL DE EDUCAÇÃO -MERENDA ESCOLAR/ENS FUNDAM.,CONFORME  PROCESSO 22/2025,CONTRATO 137/2025 E SOLICITAÇÃO DE FORNECIMENTO Nº 58/2026. CONFORME OFICIO N° 007/2026 - MERENDA ESCOLAR.;;;;;;;;;;;;;;;;;;;;;;;;;;;;;;;;;;;;;
668;PREFEITURA MUNICIPAL DE BARBACENA;;30492948;107;2026;GLOBAL;22;2025;EMPENHO PARA COBRIR DESPESA COM AQUISIÇÃO DE GÊNEROS ALIMENTÍCIOS-PRODUTOS DA AGRICULTURA FAMILIAR EM ATENDIMENTO A  SECRETARIA MUNICIPAL DE EDUCAÇÃO -MERENDA ESCOLAR/EDC INFANTIL.,CONFORME  PROCESSO 22/2025,CONTRATO 137/2025 E SOLICITAÇÃO DE FORNECIMENTO Nº 59/2026. CONFORME OFICIO N° 007/2026 - MERENDA ESCOLAR.;02/01/26 00:00;124.588,91;0,00;19.417,08;0,00;19.417,08;0,00;0,00;0,00;0,00;0,00;0,00;0,00;1543376;ORGANIZAÇAO DOS AMIGOS MORAD. E PROD. RURAIS DOS C;106619;6;819;14;2080;12;365;3.3.90.30.07.00.00.00;1.552.000.0000;33903000000000;19.417,08;0,00;105.171,83;MANUTENCAO DAS UNIDADES DE ENSINO DA EDUCACAO INFANTIL;MATERIAL DE CONSUMO
Especificação: ;;EMPENHO PARA COBRIR DESPESA COM AQUISIÇÃO DE GÊNEROS ALIMENTÍCIOS-PRODUTOS DA AGRICULTURA FAMILIAR EM ATENDIMENTO A  SECRETARIA MUNICIPAL DE EDUCAÇÃO -MERENDA ESCOLAR/EDC INFANTIL.,CONFORME  PROCESSO 22/2025,CONTRATO 137/2025 E SOLICITAÇÃO DE FORNECIMENTO Nº 59/2026. CONFORME OFICIO N° 007/2026 - MERENDA ESCOLAR.;;;;;;;;;;;;;;;;;;;;;;;;;;;;;;;;;;;;;
668;PREFEITURA MUNICIPAL DE BARBACENA;;30492949;108;2026;GLOBAL;22;2025;EMPENHO PARA COBRIR DESPESA COM AQUISIÇÃO DE GÊNEROS ALIMENTÍCIOS- PRODUTOS DA AGRICULTURA FAMILIAR EM ATENDIMENTO A  SECRETARIA MUNICIPAL DE EDUCAÇÃO -MERENDA ESCOLAR/CRECHE.,CONFORME  PROCESSO 22/2025,CONTRATO 137/2025 E SOLICITAÇÃO DE FORNECIMENTO Nº 60/2026. CONFORME OFICIO N° 007/2026 - MERENDA ESCOLAR.;02/01/26 00:00;57.061,27;0,00;8.882,14;0,00;8.882,14;0,00;0,00;0,00;0,00;0,00;0,00;0,00;1543376;ORGANIZAÇAO DOS AMIGOS MORAD. E PROD. RURAIS DOS C;106619;6;835;14;2135;12;365;3.3.90.30.07.00.00.00;1.552.000.0000;33903000000000;8.882,14;0,00;48.179,13;MANUTENÇÃO DE CRECHES;MATERIAL DE CONSUMO
Especificação: ;;EMPENHO PARA COBRIR DESPESA COM AQUISIÇÃO DE GÊNEROS ALIMENTÍCIOS- PRODUTOS DA AGRICULTURA FAMILIAR EM ATENDIMENTO A  SECRETARIA MUNICIPAL DE EDUCAÇÃO -MERENDA ESCOLAR/CRECHE.,CONFORME  PROCESSO 22/2025,CONTRATO 137/2025 E SOLICITAÇÃO DE FORNECIMENTO Nº 60/2026. CONFORME OFICIO N° 007/2026 - MERENDA ESCOLAR.;;;;;;;;;;;;;;;;;;;;;;;;;;;;;;;;;;;;;
668;PREFEITURA MUNICIPAL DE BARBACENA;;30662054;109;2026;ESTIMATIVO;0;0;EMPENHO PARA COBRIR DESPESA COM PAGAMENTO  REFERENTE  A RETENÇÃO REALIZADA PELA RECEITA FEDERAL NO FUNDO DE PARTICIPAÇÃO DOS MUNICÍPIOS PARA PAGAMENTO DE INSS,GERADO PELA APURAÇÃO DE DIFERENÇA ENTRE INFORMAÇÕES APRESENTADAS ATRAVÉS DO E-SOCIAL,CONFORME OFICIO Nº 001/2026-GAB/SEFAZ.;02/01/26 00:00;30.000,00;0,00;0,00;0,00;0,00;0,00;0,00;0,00;0,00;0,00;0,00;0,00;1567609;MINISTERIO DA FAZENDA;;;214;11;2108;4;123;3.3.90.47.00.00.00.00;1.500.000.0000;33904700000000;0,00;0,00;30.000,00;MANUTENÇAO DA SEFAZ;OBRIGAÇÕES TRIBUTÁRIAS E CONTRIBUTIVAS
Especificação: ;;EMPENHO PARA COBRIR DESPESA COM PAGAMENTO  REFERENTE  A RETENÇÃO REALIZADA PELA RECEITA FEDERAL NO FUNDO DE PARTICIPAÇÃO DOS MUNICÍPIOS PARA PAGAMENTO DE INSS,GERADO PELA APURAÇÃO DE DIFERENÇA ENTRE INFORMAÇÕES APRESENTADAS ATRAVÉS DO E-SOCIAL,CONFORME OFICIO Nº 001/2026-GAB/SEFAZ.;;;;;;;;;;;;;;;;;;;;;;;;;;;;;;;;;;;;;
668;PREFEITURA MUNICIPAL DE BARBACENA;;30266210;11;2026;GLOBAL;0;0;EMPENHO PARA COBRIR  DESPESA COM REPASSE MENSAL DE RECURSOS FINANCEIROS PARA MANUTENÇÃO DAS ATIVIDADES ADMINISTRATIVAS DO CONSÓRCIO,ENGLOBANDO DESPESAS DE PESSOAL CIVIL,OBRIGAÇÕES PATRONAIS,MATERIAIS DE CONSUMO E PERMANENTE,CONFORME  CONTRATO DE RATEIO Nº 002/2025 E OFICIO Nº 003/2026-SEGAB.;02/01/26 00:00;37.335,86;0,00;24.890,57;0,00;24.890,57;0,00;0,00;0,00;0,00;0,00;0,00;0,00;1543895;CODAMMA CONSORCIO DE DESENVOLVIMENTO DA AREA DOS MUNICIPIOS DA MICRORREGIAO DA MANTIQUEIRA;;;58;11;2219;4;122;3.3.71.70.00.00.00.00;1.500.000.0000;33717000000000;24.890,57;0,00;12.445,29;CONTRATO DE RATEIO COM O CODAMMA;RATEIO PELA PARTICIPAÇÃO EM CONSÓRCIO PÚBLICO
Especificação: ;;EMPENHO PARA COBRIR  DESPESA COM REPASSE MENSAL DE RECURSOS FINANCEIROS PARA MANUTENÇÃO DAS ATIVIDADES ADMINISTRATIVAS DO CONSÓRCIO,ENGLOBANDO DESPESAS DE PESSOAL CIVIL,OBRIGAÇÕES PATRONAIS,MATERIAIS DE CONSUMO E PERMANENTE,CONFORME  CONTRATO DE RATEIO Nº 002/2025 E OFICIO Nº 003/2026-SEGAB.;;;;;;;;;;;;;;;;;;;;;;;;;;;;;;;;;;;;;
668;PREFEITURA MUNICIPAL DE BARBACENA;;30493331;110;2026;GLOBAL;22;2025;EMPENHO PARA COBRIR DESPESA COM AQUISIÇÃO DE GÊNEROS ALIMENTÍCIOS- PRODUTOS DA AGRICULTURA FAMILIAR EM ATENDIMENTO A  SECRETARIA MUNICIPAL DE EDUCAÇÃO -MERENDA ESCOLAR/EJA.,CONFORME  PROCESSO 22/2025,CONTRATO 137/2025 E SOLICITAÇÃO DE FORNECIMENTO Nº 61/2026. CONFORME OFICIO N° 007/2026 - MERENDA ESCOLAR.;02/01/26 00:00;5.307,84;0,00;899,52;0,00;899,52;0,00;0,00;0,00;0,00;0,00;0,00;0,00;1543376;ORGANIZAÇAO DOS AMIGOS MORAD. E PROD. RURAIS DOS C;106619;6;872;16;2081;12;366;3.3.90.30.07.00.00.00;1.552.000.0000;33903000000000;899,52;0,00;4.408,32;MANUTENÇÃO DA EDUCAÇÃO DE JOVENS E ADULTOS;MATERIAL DE CONSUMO
Especificação: ;;EMPENHO PARA COBRIR DESPESA COM AQUISIÇÃO DE GÊNEROS ALIMENTÍCIOS- PRODUTOS DA AGRICULTURA FAMILIAR EM ATENDIMENTO A  SECRETARIA MUNICIPAL DE EDUCAÇÃO -MERENDA ESCOLAR/EJA.,CONFORME  PROCESSO 22/2025,CONTRATO 137/2025 E SOLICITAÇÃO DE FORNECIMENTO Nº 61/2026. CONFORME OFICIO N° 007/2026 - MERENDA ESCOLAR.;;;;;;;;;;;;;;;;;;;;;;;;;;;;;;;;;;;;;
668;PREFEITURA MUNICIPAL DE BARBACENA;;30493334;111;2026;GLOBAL;22;2025;CEMPENHO PARA COBRIR DESPESA COM AQUISIÇÃO DE GÊNEROS ALIMENTÍCIOS- PRODUTOS DA AGRICULTURA FAMILIAR EM ATENDIMENTO A  SECRETARIA MUNICIPAL DE EDUCAÇÃO -MERENDA ESCOLAR/EDC ESPECIALIZADO.,CONFORME  PROCESSO 22/2025,CONTRATO 137/2025 E SOLICITAÇÃO DE FORNECIMENTO Nº 62/2026. CONFORME OFICIO N° 007/2026 - MERENDA ESCOLAR.;02/01/26 00:00;62.271,61;0,00;9.663,74;0,00;9.663,74;0,00;0,00;0,00;0,00;0,00;0,00;0,00;1543376;ORGANIZAÇAO DOS AMIGOS MORAD. E PROD. RURAIS DOS C;106619;6;884;38;2221;12;367;3.3.90.30.07.00.00.00;1.552.000.0000;33903000000000;9.663,74;0,00;52.607,87;MANUTENÇÃO DO ATENDIMENTO EDUCACIONAL ESPECIALIZADO;MATERIAL DE CONSUMO
Especificação: ;;CEMPENHO PARA COBRIR DESPESA COM AQUISIÇÃO DE GÊNEROS ALIMENTÍCIOS- PRODUTOS DA AGRICULTURA FAMILIAR EM ATENDIMENTO A  SECRETARIA MUNICIPAL DE EDUCAÇÃO -MERENDA ESCOLAR/EDC ESPECIALIZADO.,CONFORME  PROCESSO 22/2025,CONTRATO 137/2025 E SOLICITAÇÃO DE FORNECIMENTO Nº 62/2026. CONFORME OFICIO N° 007/2026 - MERENDA ESCOLAR.;;;;;;;;;;;;;;;;;;;;;;;;;;;;;;;;;;;;;
668;PREFEITURA MUNICIPAL DE BARBACENA;;30662424;112;2026;ESTIMATIVO;0;0;EMPENHO PARA COBRIR DESPESA COM AMORTIZAÇÃO DE DEBITOS LEVANTADOS EM FAVOR DO INSS PARCELAMENTO LEI 12810/2013-0,5% RCL, DURANTE O EXERCÍCIO DE 2026, CONFORME OFICIO Nº 001/2026-GAB/SEFAZ.;02/01/26 00:00;3.500.000,00;0,00;552.828,04;0,00;275.683,00;0,00;0,00;0,00;0,00;0,00;0,00;0,00;1544068;INSS-INSTITUTO NACIONAL DO SEGURO SOCIAL;0;;254;0;0020;28;843;4.6.90.71.01.00.00.00;1.500.000.0000;46907100000000;275.683,00;0,00;3.224.317,00;PARCELAMENTO DE DIVIDAS PREVIDENCIARIAS;PRINCIPAL DA DÍVIDA CONTRATUAL RESGATADO
Especificação: ;;EMPENHO PARA COBRIR DESPESA COM AMORTIZAÇÃO DE DEBITOS LEVANTADOS EM FAVOR DO INSS PARCELAMENTO LEI 12810/2013-0,5% RCL, DURANTE O EXERCÍCIO DE 2026, CONFORME OFICIO Nº 001/2026-GAB/SEFAZ.;;;;;;;;;;;;;;;;;;;;;;;;;;;;;;;;;;;;;
668;PREFEITURA MUNICIPAL DE BARBACENA;;30662562;113;2026;ESTIMATIVO;0;0;EMPENHO PARA COBRIR DESPESA COM 1% DA COTA DAS TRANSFERÊNCIAS CONSTITUCIONAIS EM FAVOR DO PROGRAMA DE FORMAÇÃO PATRIMÔNIO DO SERVIDOR PÚBLICO(PASEP),DURANTE O EXERCICIO DE 2026.CONFORME OFICIO 001/2026-GAB/SEFAZ.;02/01/26 00:00;3.000.000,00;0,00;196.228,83;0,00;109.405,37;0,00;0,00;0,00;0,00;0,00;0,00;0,00;1567609;MINISTERIO DA FAZENDA;;;232;11;2329;4;123;3.3.90.47.00.00.00.00;1.500.000.0000;33904700000000;109.405,37;0,00;2.890.594,63;MANUTENÇÃO DO PROGRAMA DE FORMAÇÃO DO PATRIMÔNIO DO SERV. PÚBLICO (PASEP);OBRIGAÇÕES TRIBUTÁRIAS E CONTRIBUTIVAS
Especificação: ;;EMPENHO PARA COBRIR DESPESA COM 1% DA COTA DAS TRANSFERÊNCIAS CONSTITUCIONAIS EM FAVOR DO PROGRAMA DE FORMAÇÃO PATRIMÔNIO DO SERVIDOR PÚBLICO(PASEP),DURANTE O EXERCICIO DE 2026.CONFORME OFICIO 001/2026-GAB/SEFAZ.;;;;;;;;;;;;;;;;;;;;;;;;;;;;;;;;;;;;;
668;PREFEITURA MUNICIPAL DE BARBACENA;;30662650;114;2026;ESTIMATIVO;0;0;EMPENHO PARA COBRIR DESPESA COM 1% DA COTA DAS TRANSFERÊNCIAS CONSTITUCIONAIS EM FAVOR DO PROGRAMA DE FORMAÇÃO PATRIMÔNIO DO SERVIDOR PÚBLICO(PASEP),DURANTE O EXERCICIO DE 2026,CONFORME OFICIO 001/2026-GAB/SEFAZ.;02/01/26 00:00;3.800.000,00;0,00;499.972,89;0,00;499.972,89;0,00;0,00;0,00;0,00;0,00;0,00;0,00;1567609;MINISTERIO DA FAZENDA;;;232;11;2329;4;123;3.3.90.47.00.00.00.00;1.500.000.0000;33904700000000;499.972,89;0,00;3.300.027,11;MANUTENÇÃO DO PROGRAMA DE FORMAÇÃO DO PATRIMÔNIO DO SERV. PÚBLICO (PASEP);OBRIGAÇÕES TRIBUTÁRIAS E CONTRIBUTIVAS
Especificação: ;;EMPENHO PARA COBRIR DESPESA COM 1% DA COTA DAS TRANSFERÊNCIAS CONSTITUCIONAIS EM FAVOR DO PROGRAMA DE FORMAÇÃO PATRIMÔNIO DO SERVIDOR PÚBLICO(PASEP),DURANTE O EXERCICIO DE 2026,CONFORME OFICIO 001/2026-GAB/SEFAZ.;;;;;;;;;;;;;;;;;;;;;;;;;;;;;;;;;;;;;
668;PREFEITURA MUNICIPAL DE BARBACENA;;30663009;115;2026;ESTIMATIVO;0;0;EMPENHO PARA COBRIR DESPESA COM TARIFAS BANCARIAS EM GERAL,DURANTE O EXERCÍCIO DE 2026.CONFORME OFICIO Nº 001/2026-GAB/SEFAZ.;02/01/26 00:00;30.000,00;0,00;638,30;0,00;0,00;0,00;0,00;0,00;0,00;0,00;0,00;0,00;1546916;BANCO COOPERATIVO SICOOB S.A.;999993;;212;11;2108;4;123;3.3.90.39.64.00.00.00;1.500.000.0000;33903900000000;0,00;0,00;30.000,00;MANUTENÇAO DA SEFAZ;OUTROS SERVIÇOS DE TERCEIROS - PESSOA JURÍDICA
Especificação: ;;EMPENHO PARA COBRIR DESPESA COM TARIFAS BANCARIAS EM GERAL,DURANTE O EXERCÍCIO DE 2026.CONFORME OFICIO Nº 001/2026-GAB/SEFAZ.;;;;;;;;;;;;;;;;;;;;;;;;;;;;;;;;;;;;;
668;PREFEITURA MUNICIPAL DE BARBACENA;;30663077;116;2026;ESTIMATIVO;0;0;EMPENHO PARA COBRIR DESPESA COM TARIFAS BANCARIAS ,DURANTE O EXERCÍCIO DE 2026,CONFORME OFICIO Nº 001/2026-GAB/SEFAZ.;02/01/26 00:00;100.000,00;0,00;2.438,30;0,00;2.438,30;0,00;0,00;0,00;0,00;0,00;0,00;0,00;1546956;ITAU UNIBANCO S.A.;;;212;11;2108;4;123;3.3.90.39.64.00.00.00;1.500.000.0000;33903900000000;2.438,30;0,00;97.561,70;MANUTENÇAO DA SEFAZ;OUTROS SERVIÇOS DE TERCEIROS - PESSOA JURÍDICA
Especificação: ;;EMPENHO PARA COBRIR DESPESA COM TARIFAS BANCARIAS ,DURANTE O EXERCÍCIO DE 2026,CONFORME OFICIO Nº 001/2026-GAB/SEFAZ.;;;;;;;;;;;;;;;;;;;;;;;;;;;;;;;;;;;;;
668;PREFEITURA MUNICIPAL DE BARBACENA;;30663655;117;2026;ESTIMATIVO;0;0;EMPENHO PARA COBRIR DESPESA COM TARIFAS BANCARIAS ,DURANTE O EXERCÍCIO DE 2026,CONFORME OFICIO Nº 001/2026-GAB/SEFAZ.;02/01/26 00:00;10.000,00;0,00;150,24;0,00;150,24;0,00;0,00;0,00;0,00;0,00;0,00;0,00;1601156;BANCO MERCANTIL DO BRASIL S/A;;;212;11;2108;4;123;3.3.90.39.64.00.00.00;1.500.000.0000;33903900000000;150,24;0,00;9.849,76;MANUTENÇAO DA SEFAZ;OUTROS SERVIÇOS DE TERCEIROS - PESSOA JURÍDICA
Especificação: ;;EMPENHO PARA COBRIR DESPESA COM TARIFAS BANCARIAS ,DURANTE O EXERCÍCIO DE 2026,CONFORME OFICIO Nº 001/2026-GAB/SEFAZ.;;;;;;;;;;;;;;;;;;;;;;;;;;;;;;;;;;;;;
668;PREFEITURA MUNICIPAL DE BARBACENA;;30663739;118;2026;ESTIMATIVO;0;0;EMPENHO PARA COBRIR DESPESA COM TARIFAS BANCARIAS ,DURANTE O EXERCÍCIO DE 2026,CONFORME OFICIO Nº 001/2026-GAB/SEFAZ.;02/01/26 00:00;230.000,00;0,00;3.458,18;0,00;3.458,18;0,00;0,00;0,00;0,00;0,00;0,00;0,00;1543396;CAIXA ECONOMICA FEDERAL;;;212;11;2108;4;123;3.3.90.39.64.00.00.00;1.500.000.0000;33903900000000;3.458,18;0,00;226.541,82;MANUTENÇAO DA SEFAZ;OUTROS SERVIÇOS DE TERCEIROS - PESSOA JURÍDICA
Especificação: ;;EMPENHO PARA COBRIR DESPESA COM TARIFAS BANCARIAS ,DURANTE O EXERCÍCIO DE 2026,CONFORME OFICIO Nº 001/2026-GAB/SEFAZ.;;;;;;;;;;;;;;;;;;;;;;;;;;;;;;;;;;;;;
668;PREFEITURA MUNICIPAL DE BARBACENA;;30663818;119;2026;ESTIMATIVO;0;0;EMPENHO PARA COBRIR DESPESA COM TARIFAS BANCARIAS ,DURANTE O EXERCÍCIO DE 2026,CONFORME OFICIO Nº 001/2026-GAB/SEFAZ.;02/01/26 00:00;170.000,00;0,00;9.231,41;0,00;9.014,18;0,00;217,23;0,00;0,00;0,00;0,00;0,00;1543435;BANCO DO BRASIL SA;;;212;11;2108;4;123;3.3.90.39.64.00.00.00;1.500.000.0000;33903900000000;9.231,41;0,00;160.768,59;MANUTENÇAO DA SEFAZ;OUTROS SERVIÇOS DE TERCEIROS - PESSOA JURÍDICA
Especificação: ;;EMPENHO PARA COBRIR DESPESA COM TARIFAS BANCARIAS ,DURANTE O EXERCÍCIO DE 2026,CONFORME OFICIO Nº 001/2026-GAB/SEFAZ.;;;;;;;;;;;;;;;;;;;;;;;;;;;;;;;;;;;;;
668;PREFEITURA MUNICIPAL DE BARBACENA;;30266275;12;2026;GLOBAL;0;0;EMPENHO PARA COBRIR  DESPESA COM REPASSE MENSAL DE RECURSOS FINANCEIROS PARA MANUTENÇÃO DAS ATIVIDADES ADMINISTRATIVAS DO CONSÓRCIO,ENGLOBANDO DESPESAS DE PESSOAL CIVIL,OBRIGAÇÕES PATRONAIS,MATERIAIS DE CONSUMO E PERMANENTE,CONFORME  CONTRATO DE RATEIO Nº 002/2025 E OFICIO Nº 003/2026-SEGAB.;02/01/26 00:00;13.860,52;0,00;9.240,35;0,00;9.240,35;0,00;0,00;0,00;0,00;0,00;0,00;0,00;1543895;CODAMMA CONSORCIO DE DESENVOLVIMENTO DA AREA DOS MUNICIPIOS DA MICRORREGIAO DA MANTIQUEIRA;;;59;11;2219;4;122;4.4.71.70.00.00.00.00;1.500.000.0000;44717000000000;9.240,35;0,00;4.620,17;CONTRATO DE RATEIO COM O CODAMMA;RATEIO PELA PARTICIPAÇÃO EM CONSÓRCIO PÚBLICO
Especificação: ;;EMPENHO PARA COBRIR  DESPESA COM REPASSE MENSAL DE RECURSOS FINANCEIROS PARA MANUTENÇÃO DAS ATIVIDADES ADMINISTRATIVAS DO CONSÓRCIO,ENGLOBANDO DESPESAS DE PESSOAL CIVIL,OBRIGAÇÕES PATRONAIS,MATERIAIS DE CONSUMO E PERMANENTE,CONFORME  CONTRATO DE RATEIO Nº 002/2025 E OFICIO Nº 003/2026-SEGAB.;;;;;;;;;;;;;;;;;;;;;;;;;;;;;;;;;;;;;
668;PREFEITURA MUNICIPAL DE BARBACENA;;30663860;120;2026;ESTIMATIVO;0;0;EMPENHO PARA COBRIR DESPESA COM TARIFAS BANCARIAS ,DURANTE O EXERCÍCIO DE 2026,CONFORME OFICIO Nº 001/2026-GAB/SEFAZ.;02/01/26 00:00;30.000,00;0,00;500,70;0,00;0,00;0,00;0,00;0,00;0,00;0,00;0,00;0,00;1543529;BANCO BRADESCO S.A.;;;212;11;2108;4;123;3.3.90.39.64.00.00.00;1.500.000.0000;33903900000000;0,00;0,00;30.000,00;MANUTENÇAO DA SEFAZ;OUTROS SERVIÇOS DE TERCEIROS - PESSOA JURÍDICA
Especificação: ;;EMPENHO PARA COBRIR DESPESA COM TARIFAS BANCARIAS ,DURANTE O EXERCÍCIO DE 2026,CONFORME OFICIO Nº 001/2026-GAB/SEFAZ.;;;;;;;;;;;;;;;;;;;;;;;;;;;;;;;;;;;;;
668;PREFEITURA MUNICIPAL DE BARBACENA;;30663934;121;2026;ESTIMATIVO;0;0;EMPENHO PARA COBRIR DESPESA COM TARIFAS BANCARIAS ,DURANTE O EXERCÍCIO DE 2026,CONFORME OFICIO Nº 001/2026-GAB/SEFAZ.;02/01/26 00:00;20.000,00;0,00;227,59;0,00;227,59;0,00;0,00;0,00;0,00;0,00;0,00;0,00;1546439;BANCO SANTANDER (BRASIL) S.A.;;;212;11;2108;4;123;3.3.90.39.64.00.00.00;1.500.000.0000;33903900000000;227,59;0,00;19.772,41;MANUTENÇAO DA SEFAZ;OUTROS SERVIÇOS DE TERCEIROS - PESSOA JURÍDICA
Especificação: ;;EMPENHO PARA COBRIR DESPESA COM TARIFAS BANCARIAS ,DURANTE O EXERCÍCIO DE 2026,CONFORME OFICIO Nº 001/2026-GAB/SEFAZ.;;;;;;;;;;;;;;;;;;;;;;;;;;;;;;;;;;;;;
668;PREFEITURA MUNICIPAL DE BARBACENA;;30664136;122;2026;ESTIMATIVO;0;0;EMPENHO PARA COBRIR DESPESA COM TARIFAS BANCARIAS ,DURANTE O EXERCÍCIO DE 2026,CONFORME OFICIO Nº 001/2026-GAB/SEFAZ.;02/01/26 00:00;3.000,00;0,00;44,77;0,00;0,00;0,00;0,00;0,00;0,00;0,00;0,00;0,00;2179757;BANCO COOPERATIVO SICREDI S.A.;;;212;11;2108;4;123;3.3.90.39.64.00.00.00;1.500.000.0000;33903900000000;0,00;0,00;3.000,00;MANUTENÇAO DA SEFAZ;OUTROS SERVIÇOS DE TERCEIROS - PESSOA JURÍDICA
Especificação: ;;EMPENHO PARA COBRIR DESPESA COM TARIFAS BANCARIAS ,DURANTE O EXERCÍCIO DE 2026,CONFORME OFICIO Nº 001/2026-GAB/SEFAZ.;;;;;;;;;;;;;;;;;;;;;;;;;;;;;;;;;;;;;
668;PREFEITURA MUNICIPAL DE BARBACENA;;30664471;123;2026;ESTIMATIVO;0;0;EMPENHO PARA COBRIR DESPESA COM PRESTAÇÃO DE SERVIÇO DE ARRECADAÇÃO/TARIFAS,DURANTE O EXERCÍCIO DE 2026,CONFORME CONTRATO Nº 99122517458 E MEMORANDO Nº 001/2026-GAB/SEFAZ;02/01/26 00:00;1.000,00;0,00;0,00;0,00;0,00;0,00;0,00;0,00;0,00;0,00;0,00;0,00;1543357;EMPRESA BRASILEIRA DE CORREIOS E TELEGRAFOS;;;212;11;2108;4;123;3.3.90.39.99.00.00.00;1.500.000.0000;33903900000000;0,00;0,00;1.000,00;MANUTENÇAO DA SEFAZ;OUTROS SERVIÇOS DE TERCEIROS - PESSOA JURÍDICA
Especificação: ;;EMPENHO PARA COBRIR DESPESA COM PRESTAÇÃO DE SERVIÇO DE ARRECADAÇÃO/TARIFAS,DURANTE O EXERCÍCIO DE 2026,CONFORME CONTRATO Nº 99122517458 E MEMORANDO Nº 001/2026-GAB/SEFAZ;;;;;;;;;;;;;;;;;;;;;;;;;;;;;;;;;;;;;
668;PREFEITURA MUNICIPAL DE BARBACENA;;30664825;124;2026;ESTIMATIVO;0;0;EMPENHO PARA COBRIR DESPESA COM SERVIÇOS POSTAIS  EM ATENDIMENTO A SECRETARIA MUNICIPAL DE FAZENDA,CONFORME  CONTRATO Nº 9912517458,DURANTE O EXERCÍCIO DE 2026,CONFORME OFICIO Nº 001/2026-GAB/SEFAZ;02/01/26 00:00;100.000,00;0,00;0,00;0,00;0,00;0,00;0,00;0,00;0,00;0,00;0,00;0,00;1543357;EMPRESA BRASILEIRA DE CORREIOS E TELEGRAFOS;;;212;11;2108;4;123;3.3.90.39.99.00.00.00;1.500.000.0000;33903900000000;0,00;0,00;100.000,00;MANUTENÇAO DA SEFAZ;OUTROS SERVIÇOS DE TERCEIROS - PESSOA JURÍDICA
Especificação: ;;EMPENHO PARA COBRIR DESPESA COM SERVIÇOS POSTAIS  EM ATENDIMENTO A SECRETARIA MUNICIPAL DE FAZENDA,CONFORME  CONTRATO Nº 9912517458,DURANTE O EXERCÍCIO DE 2026,CONFORME OFICIO Nº 001/2026-GAB/SEFAZ;;;;;;;;;;;;;;;;;;;;;;;;;;;;;;;;;;;;;
668;PREFEITURA MUNICIPAL DE BARBACENA;;30266465;13;2026;ORDINARIO;0;0;EMPENHO PARA COBRIR DESPESA COM INSCRIÇÃO DOS SECRETÁRIOS FRANCISCO GONÇALVES JUNIOR,ANDRÉ RAIMUNDO GUEDES E DANIEL MARTINS DE MELLO NETO NO CURSO DE CAPACITAÇÃO PARA SECRETÁRIOS NOS DIAS 20 E 21/01/2026, CONFORME  OFICIO Nº 010/2026-SEGOV.;02/01/26 00:00;5.970,00;0,00;5.970,00;0,00;0,00;0,00;0,00;0,00;0,00;0,00;0,00;0,00;2529477;INSTITUTO DE DESENVOLVIMENTO PUBLICO PLENUM BRASIL LTDA;;;125;11;2181;4;122;3.3.90.39.05.00.00.00;1.500.000.0000;33903900000000;0,00;0,00;5.970,00;MANUTENÇAO DA SEGOV;OUTROS SERVIÇOS DE TERCEIROS - PESSOA JURÍDICA
Especificação: ;;EMPENHO PARA COBRIR DESPESA COM INSCRIÇÃO DOS SECRETÁRIOS FRANCISCO GONÇALVES JUNIOR,ANDRÉ RAIMUNDO GUEDES E DANIEL MARTINS DE MELLO NETO NO CURSO DE CAPACITAÇÃO PARA SECRETÁRIOS NOS DIAS 20 E 21/01/2026, CONFORME  OFICIO Nº 010/2026-SEGOV.;;;;;;;;;;;;;;;;;;;;;;;;;;;;;;;;;;;;;
668;PREFEITURA MUNICIPAL DE BARBACENA;;30266657;14;2026;ESTIMATIVO;0;0;EMPENHO PARA COBRIR DESPESA COM PESQUISAS,EMISSÃO DE CERTIDÕES DE MATRÍCULAS,REGISTRO DE IMÓVEIS E AVERBAÇÕES,DURANTE O EXERCÍCIO DE 2026,CONFORME OFICIO Nº 011/2026-SESP.;02/01/26 00:00;50.000,00;0,00;62,87;0,00;0,00;0,00;0,00;0,00;0,00;0,00;0,00;0,00;1601165;1º OFICIO REGISTRO DE IMOVEIS DE BARBACENA;91745;1;629;11;2063;15;452;3.3.90.39.99.00.00.00;1.500.000.0000;33903900000000;0,00;0,00;50.000,00;MANUTENÇÃO DA SESP;OUTROS SERVIÇOS DE TERCEIROS - PESSOA JURÍDICA
Especificação: ;;EMPENHO PARA COBRIR DESPESA COM PESQUISAS,EMISSÃO DE CERTIDÕES DE MATRÍCULAS,REGISTRO DE IMÓVEIS E AVERBAÇÕES,DURANTE O EXERCÍCIO DE 2026,CONFORME OFICIO Nº 011/2026-SESP.;;;;;;;;;;;;;;;;;;;;;;;;;;;;;;;;;;;;;
668;PREFEITURA MUNICIPAL DE BARBACENA;;30266734;15;2026;ESTIMATIVO;0;0;EMPENHO PARA COBRIR DESPESAS COM AUTENTICAÇÕES,RECONHECIMENTO DE FIRMA,LAVRATURA DE PROCURAÇÕES E ESCRITURAS PÚBLICAS,DURANTE O EXERCÍCIO DE 2026,CONFORME  MEMORANDO Nº 011/2026-DIRPAT/SEPLAN.;02/01/26 00:00;2.000,00;0,00;0,00;0,00;0,00;0,00;0,00;0,00;0,00;0,00;0,00;0,00;1543473;1º TABELIONATO DE NOTAS DE BARBACENA-MG;;;629;11;2063;15;452;3.3.90.39.99.00.00.00;1.500.000.0000;33903900000000;0,00;0,00;2.000,00;MANUTENÇÃO DA SESP;OUTROS SERVIÇOS DE TERCEIROS - PESSOA JURÍDICA
Especificação: ;;EMPENHO PARA COBRIR DESPESAS COM AUTENTICAÇÕES,RECONHECIMENTO DE FIRMA,LAVRATURA DE PROCURAÇÕES E ESCRITURAS PÚBLICAS,DURANTE O EXERCÍCIO DE 2026,CONFORME  MEMORANDO Nº 011/2026-DIRPAT/SEPLAN.;;;;;;;;;;;;;;;;;;;;;;;;;;;;;;;;;;;;;
668;PREFEITURA MUNICIPAL DE BARBACENA;;30266808;16;2026;ESTIMATIVO;0;0;EMPENHO PARA COBRIR DESPESA COM DESPESAS CARTORIAIS DO PATRIMONIO IMOVEL DO MUNICIPIO DE BARBACENA DURANTE O ANO DE 2026. OFICIO Nº 011/2026-SESP.;02/01/26 00:00;1.000,00;0,00;0,00;0,00;0,00;0,00;0,00;0,00;0,00;0,00;0,00;0,00;7043385;2 TABELIONATO DE NOTAS DA COMARCA DE MARIANA MG;;;629;11;2063;15;452;3.3.90.39.99.00.00.00;1.500.000.0000;33903900000000;0,00;0,00;1.000,00;MANUTENÇÃO DA SESP;OUTROS SERVIÇOS DE TERCEIROS - PESSOA JURÍDICA
Especificação: ;;EMPENHO PARA COBRIR DESPESA COM DESPESAS CARTORIAIS DO PATRIMONIO IMOVEL DO MUNICIPIO DE BARBACENA DURANTE O ANO DE 2026. OFICIO Nº 011/2026-SESP.;;;;;;;;;;;;;;;;;;;;;;;;;;;;;;;;;;;;;
668;PREFEITURA MUNICIPAL DE BARBACENA;;30365104;161;2026;ESTIMATIVO;121;2024;EMPENHO PARA COBRIR DESPESA COM LOCAÇÃO DE VEÍCULOS PARA ATENDEM A SECRETARIA MUNICIPAL DE ASSISTÊNCIAL SOCIAL,CONFORME SOLICITAÇÃO DE FORNECIMENTO Nº 37/2026, CONTRATO 128/2025, PROCESSO 121/2024. MEMORANDO 010/2026/SESP/DILOT.;02/01/26 00:00;21.880,00;0,00;0,00;0,00;0,00;0,00;0,00;0,00;0,00;0,00;0,00;0,00;6892201;RONDAVE LTDA;;;474;59;2318;8;244;3.3.90.39.99.00.00.00;1.660.000.0000;33903900000000;0,00;0,00;21.880,00;MANUTENÇÃO DO CADUNICO E PROGRAMA BOLSA FAMILIA;OUTROS SERVIÇOS DE TERCEIROS - PESSOA JURÍDICA
Especificação: ;;EMPENHO PARA COBRIR DESPESA COM LOCAÇÃO DE VEÍCULOS PARA ATENDEM A SECRETARIA MUNICIPAL DE ASSISTÊNCIAL SOCIAL,CONFORME SOLICITAÇÃO DE FORNECIMENTO Nº 37/2026, CONTRATO 128/2025, PROCESSO 121/2024. MEMORANDO 010/2026/SESP/DILOT.;;;;;;;;;;;;;;;;;;;;;;;;;;;;;;;;;;;;;
668;PREFEITURA MUNICIPAL DE BARBACENA;;30680278;162;2026;ORDINARIO;0;0;EMPENHO PARA COBRIR DESPESAS COM PAGAMENTO DE PRECATÓRIO E ATUALIZAÇÃO Nº GV-311-ALIMENTAR - PROCESSO Nº 1000790-53.2023.8.13.0056 EM FAVOR DE CARLOS BERTONE DE ALMEIDA CAMPOS , OFÍCIO Nº 001/2026/GAB/SEFAZ, CONFORME TABELA ASPREC.;02/01/26 00:00;20.065,58;0,00;20.065,58;0,00;0,00;0,00;0,00;0,00;0,00;0,00;0,00;0,00;1547289;TRIBUNAL DE JUSTIÇA DO ESTADO DE MINAS GERAIS;;;257;0;0002;28;846;3.1.90.91.99.00.00.00;1.500.000.0000;31909100000000;0,00;0,00;20.065,58;PAGAMENTO DE PRECATORIOS;SENTENÇAS JUDICIAIS
Especificação: ;;EMPENHO PARA COBRIR DESPESAS COM PAGAMENTO DE PRECATÓRIO E ATUALIZAÇÃO Nº GV-311-ALIMENTAR - PROCESSO Nº 1000790-53.2023.8.13.0056 EM FAVOR DE CARLOS BERTONE DE ALMEIDA CAMPOS , OFÍCIO Nº 001/2026/GAB/SEFAZ, CONFORME TABELA ASPREC.;;;;;;;;;;;;;;;;;;;;;;;;;;;;;;;;;;;;;
668;PREFEITURA MUNICIPAL DE BARBACENA;;30681169;163;2026;ORDINARIO;0;0;EMPENHO PARA COBRIR DESPESAS COM PAGAMENTO DE PRECATÓRIO E ATUALIZAÇÃO Nº GV-312-ALIMENTAR - PROCESSO Nº 0246821-04.2022.8.13.0056 EM FAVOR DE PEDRO HENRIQUE DE OLIVEIRA E ALMEIDA , OFÍCIO Nº 001/2026/GAB/SEFAZ, CONFORME TABELA ASPREC.;02/01/26 00:00;24.001,66;0,00;24.001,66;0,00;0,00;0,00;0,00;0,00;0,00;0,00;0,00;0,00;1547289;TRIBUNAL DE JUSTIÇA DO ESTADO DE MINAS GERAIS;;;257;0;0002;28;846;3.1.90.91.99.00.00.00;1.500.000.0000;31909100000000;0,00;0,00;24.001,66;PAGAMENTO DE PRECATORIOS;SENTENÇAS JUDICIAIS
Especificação: ;;EMPENHO PARA COBRIR DESPESAS COM PAGAMENTO DE PRECATÓRIO E ATUALIZAÇÃO Nº GV-312-ALIMENTAR - PROCESSO Nº 0246821-04.2022.8.13.0056 EM FAVOR DE PEDRO HENRIQUE DE OLIVEIRA E ALMEIDA , OFÍCIO Nº 001/2026/GAB/SEFAZ, CONFORME TABELA ASPREC.;;;;;;;;;;;;;;;;;;;;;;;;;;;;;;;;;;;;;
668;PREFEITURA MUNICIPAL DE BARBACENA;;30681476;164;2026;ORDINARIO;0;0;EMPENHO PARA COBRIR DESPESAS COM PAGAMENTO DE PRECATÓRIO E ATUALIZAÇÃO Nº GV-300-ALIMENTAR - PROCESSO Nº 0234978-76.2021.8.13.0056 EM FAVOR DE ELIANE COSTA DE MATOS, OFÍCIO Nº 001/2026/GAB/SEFAZ, CONFORME TABELA ASPREC.;02/01/26 00:00;23.584,86;0,00;23.584,86;0,00;0,00;0,00;0,00;0,00;0,00;0,00;0,00;0,00;1547289;TRIBUNAL DE JUSTIÇA DO ESTADO DE MINAS GERAIS;;;257;0;0002;28;846;3.1.90.91.99.00.00.00;1.500.000.0000;31909100000000;0,00;0,00;23.584,86;PAGAMENTO DE PRECATORIOS;SENTENÇAS JUDICIAIS
Especificação: ;;EMPENHO PARA COBRIR DESPESAS COM PAGAMENTO DE PRECATÓRIO E ATUALIZAÇÃO Nº GV-300-ALIMENTAR - PROCESSO Nº 0234978-76.2021.8.13.0056 EM FAVOR DE ELIANE COSTA DE MATOS, OFÍCIO Nº 001/2026/GAB/SEFAZ, CONFORME TABELA ASPREC.;;;;;;;;;;;;;;;;;;;;;;;;;;;;;;;;;;;;;
668;PREFEITURA MUNICIPAL DE BARBACENA;;30682050;165;2026;ORDINARIO;0;0;EMPENHO PARA COBRIR DESPESAS COM PAGAMENTO DE PRECATÓRIO E ATUALIZAÇÃO Nº GV-301-ALIMENTAR - PROCESSO Nº 1029154-35.2023.8.13.0056 EM FAVOR DE JOSILENE MARIA DA SILVA, OFÍCIO Nº 001/2026/GAB/SEFAZ, CONFORME TABELA ASPREC.;02/01/26 00:00;24.876,46;0,00;24.876,46;0,00;0,00;0,00;0,00;0,00;0,00;0,00;0,00;0,00;1547289;TRIBUNAL DE JUSTIÇA DO ESTADO DE MINAS GERAIS;;;257;0;0002;28;846;3.1.90.91.99.00.00.00;1.500.000.0000;31909100000000;0,00;0,00;24.876,46;PAGAMENTO DE PRECATORIOS;SENTENÇAS JUDICIAIS
;;EMPENHO PARA COBRIR DESPESAS COM PAGAMENTO DE PRECATÓRIO E ATUALIZAÇÃO Nº GV-301-ALIMENTAR - PROCESSO Nº 1029154-35.2023.8.13.0056 EM FAVOR DE JOSILENE MARIA DA SILVA, OFÍCIO Nº 001/2026/GAB/SEFAZ, CONFORME TABELA ASPREC.;;;;;;;;;;;;;;;;;;;;;;;;;;;;;;;;;;;;;
668;PREFEITURA MUNICIPAL DE BARBACENA;;30266978;17;2026;ESTIMATIVO;0;0;EMPENHO PARA COBRIR DESPESAS COM EVENTUAIS CERTIDÕES OU QUALQUER OUTRO DOCUMENTO OU SERVIÇO DE INTERESSE DO MUNICIPIO DE BARBACENA,DURANTE O EXERCICIO DE  2026, CONFORME MEMORANDO Nº 011/2026- SESP.;02/01/26 00:00;50.000,00;0,00;0,00;0,00;0,00;0,00;0,00;0,00;0,00;0,00;0,00;0,00;1601168;BARBACENA CARTORIO 2§ OFICIO DE NOTAS;;;629;11;2063;15;452;3.3.90.39.99.00.00.00;1.500.000.0000;33903900000000;0,00;0,00;50.000,00;MANUTENÇÃO DA SESP;OUTROS SERVIÇOS DE TERCEIROS - PESSOA JURÍDICA
Especificação: ;;EMPENHO PARA COBRIR DESPESAS COM EVENTUAIS CERTIDÕES OU QUALQUER OUTRO DOCUMENTO OU SERVIÇO DE INTERESSE DO MUNICIPIO DE BARBACENA,DURANTE O EXERCICIO DE  2026, CONFORME MEMORANDO Nº 011/2026- SESP.;;;;;;;;;;;;;;;;;;;;;;;;;;;;;;;;;;;;;
668;PREFEITURA MUNICIPAL DE BARBACENA;;30267084;18;2026;ESTIMATIVO;0;0;EMPENHO PARA COBRIR DESPESAS COM AUTENTICAÇÕES,RECONHECIMENTO DE FIRMA,LAVRATURA DE PROCURAÇÕES E ESCRITURAS PÚBLICAS,DURANTE O EXERCÍCIO DE 2026,CONFORME OFICIO Nº 011/2026-SESP.;02/01/26 00:00;1.000,00;0,00;0,00;0,00;0,00;0,00;0,00;0,00;0,00;0,00;0,00;0,00;6467710;OFICIO DE REGISTRO CIVIL E TABELIONATO DE NOTAS DE CAMPOLIDE/ANTÔNIO CARLOS;;;629;11;2063;15;452;3.3.90.39.99.00.00.00;1.500.000.0000;33903900000000;0,00;0,00;1.000,00;MANUTENÇÃO DA SESP;OUTROS SERVIÇOS DE TERCEIROS - PESSOA JURÍDICA
Especificação: ;;EMPENHO PARA COBRIR DESPESAS COM AUTENTICAÇÕES,RECONHECIMENTO DE FIRMA,LAVRATURA DE PROCURAÇÕES E ESCRITURAS PÚBLICAS,DURANTE O EXERCÍCIO DE 2026,CONFORME OFICIO Nº 011/2026-SESP.;;;;;;;;;;;;;;;;;;;;;;;;;;;;;;;;;;;;;
668;PREFEITURA MUNICIPAL DE BARBACENA;;30680491;186;2026;GLOBAL;81;2022;EMPENHO PARA COBRIR DESPESA COM LOCAÇÃO DE IMOVEL PARA FUNCIONAMENTO DO ESTOQUE DE ALIMENTOS NAO PERECIVEIS DA MERENDA ESCOLAR, LOCALIZADO NA RUA DOUTOR SÁ FORTES, N° 209, BAIRRO SAO JOSE - SEDUC- CONFORME PROCESSO 81/2022, CONTRATO 169/2022  E SOLICITAÇÃO DE FORNECIMENTO Nº 63/2026, OFICIO N° 006/2026 - SETOR DE MERENDA ESCOLAR.;02/01/26 00:00;45.000,00;0,00;0,00;0,00;0,00;0,00;0,00;0,00;0,00;0,00;0,00;0,00;2827004;TREMAX ADMINISTRADORA DE BENS IMOVEIS PROPRIOS LTDA.;;;748;11;2125;12;122;3.3.90.39.10.00.00.00;1.500.000.1001;33903900000000;0,00;0,00;45.000,00;MANUTENÇÃO DA SEDUC;OUTROS SERVIÇOS DE TERCEIROS - PESSOA JURÍDICA
Especificação: ;;EMPENHO PARA COBRIR DESPESA COM LOCAÇÃO DE IMOVEL PARA FUNCIONAMENTO DO ESTOQUE DE ALIMENTOS NAO PERECIVEIS DA MERENDA ESCOLAR, LOCALIZADO NA RUA DOUTOR SÁ FORTES, N° 209, BAIRRO SAO JOSE - SEDUC- CONFORME PROCESSO 81/2022, CONTRATO 169/2022  E SOLICITAÇÃO DE FORNECIMENTO Nº 63/2026, OFICIO N° 006/2026 - SETOR DE MERENDA ESCOLAR.;;;;;;;;;;;;;;;;;;;;;;;;;;;;;;;;;;;;;
668;PREFEITURA MUNICIPAL DE BARBACENA;;30697051;187;2026;ESTIMATIVO;0;0;EMPENHO PARA COBRIR DESPESA COM REPASSE DE CONTRIBUIÇÕES MENSAIS PARA A REFERIDA CONFEDERAÇÃO, DURANTE O ANO DE 2026,CONFORME OFICIO 002 /A2026-SEGAB.;02/01/26 00:00;42.155,28;0,00;3.345,00;0,00;3.345,00;0,00;0,00;0,00;0,00;0,00;0,00;0,00;1601167;AMM- ASSOCIACAO MINEIRA DE MUNICIPIOS;;;1200;11;2151;4;122;3.3.70.41.00.00.00.00;1.501.000.0000;33704100000000;3.345,00;0,00;38.810,28;PARCERIAS DE REPRESENTAÇAO E COOPERAÇAO INSTITUCIONAL;CONTRIBUIÇÕES
Especificação: ;;EMPENHO PARA COBRIR DESPESA COM REPASSE DE CONTRIBUIÇÕES MENSAIS PARA A REFERIDA CONFEDERAÇÃO, DURANTE O ANO DE 2026,CONFORME OFICIO 002 /A2026-SEGAB.;;;;;;;;;;;;;;;;;;;;;;;;;;;;;;;;;;;;;
668;PREFEITURA MUNICIPAL DE BARBACENA;;30365338;188;2026;GLOBAL;81;2025;EMPENHO PARA COBRIR DESPESA COM LOCAÇÃO DO IMÓVEL LOCALIZADO NA RUA CRUZ DAS ALMAS Nº 1568,BAIRRO SÃO JOSÉ-FRAÇÃO-1, QUE ABRIGA INSTALAÇÕES DA SECRETARIA MUNICIPAL DE SERVIÇOS PUBLICOS, CONFORME  PROCESSO 81/2025, CONTRATO 50/2025, SOLICITAÇÃO DE FORNECIMENTO Nº 36/2026;02/01/26 00:00;39.000,00;0,00;0,00;0,00;0,00;0,00;0,00;0,00;0,00;0,00;0,00;0,00;7118809;RIBEIRO PARTICIPACOES E INVESTIMENTOS LTDA;577099635;4;629;11;2063;15;452;3.3.90.39.10.00.00.00;1.500.000.0000;33903900000000;0,00;0,00;39.000,00;MANUTENÇÃO DA SESP;OUTROS SERVIÇOS DE TERCEIROS - PESSOA JURÍDICA
Especificação: ;;EMPENHO PARA COBRIR DESPESA COM LOCAÇÃO DO IMÓVEL LOCALIZADO NA RUA CRUZ DAS ALMAS Nº 1568,BAIRRO SÃO JOSÉ-FRAÇÃO-1, QUE ABRIGA INSTALAÇÕES DA SECRETARIA MUNICIPAL DE SERVIÇOS PUBLICOS, CONFORME  PROCESSO 81/2025, CONTRATO 50/2025, SOLICITAÇÃO DE FORNECIMENTO Nº 36/2026;;;;;;;;;;;;;;;;;;;;;;;;;;;;;;;;;;;;;
668;PREFEITURA MUNICIPAL DE BARBACENA;;30367145;189;2026;GLOBAL;81;2025;EMPENHO PARA COBRIR DESPESA COM LOCAÇÃO DO IMÓVEL LOCALIZADO NA RUA CRUZ DAS ALMAS Nº 1568,BAIRRO SÃO JOSÉ-FRAÇÃO-2, QUE ABRIGA INSTALAÇÕES DA SECRETARIA MUNICIPAL DE SERVIÇOS PÚBLICOS,CONFORME  PROCESSO 81/2025, CONTRATO 51/2025 E  SOLICITAÇÃO DE FORNECIMENTO Nº 41/2026.;02/01/26 00:00;39.000,00;0,00;0,00;0,00;0,00;0,00;0,00;0,00;0,00;0,00;0,00;0,00;7118715;JR PARTICIPACOES E INVESTIMENTOS LTDA;577099634;6;629;11;2063;15;452;3.3.90.39.10.00.00.00;1.500.000.0000;33903900000000;0,00;0,00;39.000,00;MANUTENÇÃO DA SESP;OUTROS SERVIÇOS DE TERCEIROS - PESSOA JURÍDICA
Especificação: ;;EMPENHO PARA COBRIR DESPESA COM LOCAÇÃO DO IMÓVEL LOCALIZADO NA RUA CRUZ DAS ALMAS Nº 1568,BAIRRO SÃO JOSÉ-FRAÇÃO-2, QUE ABRIGA INSTALAÇÕES DA SECRETARIA MUNICIPAL DE SERVIÇOS PÚBLICOS,CONFORME  PROCESSO 81/2025, CONTRATO 51/2025 E  SOLICITAÇÃO DE FORNECIMENTO Nº 41/2026.;;;;;;;;;;;;;;;;;;;;;;;;;;;;;;;;;;;;;
668;PREFEITURA MUNICIPAL DE BARBACENA;;30267275;19;2026;ESTIMATIVO;0;0;EMPENHO PARA COBRIR DESPESAS COM AUTENTICAÇÕES,RECONHECIMENTO DE FIRMA,LAVRATURA DE PROCURAÇÕES E ESCRITURAS PÚBLICAS,DURANTE O EXERCÍCIO DE 2026,CONFORME  OFICIO Nº 011/2026-SESP.;02/01/26 00:00;1.000,00;0,00;0,00;0,00;0,00;0,00;0,00;0,00;0,00;0,00;0,00;0,00;2185636;REGISTRO CIIVIL PESSOAS NATURAIS NOTAS CORREIA DE;;;629;11;2063;15;452;3.3.90.39.99.00.00.00;1.500.000.0000;33903900000000;0,00;0,00;1.000,00;MANUTENÇÃO DA SESP;OUTROS SERVIÇOS DE TERCEIROS - PESSOA JURÍDICA
Especificação: ;;EMPENHO PARA COBRIR DESPESAS COM AUTENTICAÇÕES,RECONHECIMENTO DE FIRMA,LAVRATURA DE PROCURAÇÕES E ESCRITURAS PÚBLICAS,DURANTE O EXERCÍCIO DE 2026,CONFORME  OFICIO Nº 011/2026-SESP.;;;;;;;;;;;;;;;;;;;;;;;;;;;;;;;;;;;;;
668;PREFEITURA MUNICIPAL DE BARBACENA;;30368477;190;2026;GLOBAL;81;2025;EMPENHO PARA COBRIR DESPESA COM LOCAÇÃO DO IMÓVEL LOCALIZADO NA RUA CRUZ DAS ALMAS Nº 1568,BAIRRO SÃO JOSÉ-FRAÇÃO-3, QUE ABRIGA INSTALAÇÕES DA SECRETARIA MUNICIPAL DE SERVIÇOS PUBLICOS,CONFORME  PROCESSO 81/2025,CONTRATO 52/2025,SOLICITAÇÃO DE FORNECIMENTO Nº 44/2026 .;02/01/26 00:00;39.000,00;0,00;0,00;0,00;0,00;0,00;0,00;0,00;0,00;0,00;0,00;0,00;7184583;ISAMAR PARTICIPACOES E INVESTIMENTOS LTDA;11833;8;629;11;2063;15;452;3.3.90.39.10.00.00.00;1.500.000.0000;33903900000000;0,00;0,00;39.000,00;MANUTENÇÃO DA SESP;OUTROS SERVIÇOS DE TERCEIROS - PESSOA JURÍDICA
Especificação: ;;EMPENHO PARA COBRIR DESPESA COM LOCAÇÃO DO IMÓVEL LOCALIZADO NA RUA CRUZ DAS ALMAS Nº 1568,BAIRRO SÃO JOSÉ-FRAÇÃO-3, QUE ABRIGA INSTALAÇÕES DA SECRETARIA MUNICIPAL DE SERVIÇOS PUBLICOS,CONFORME  PROCESSO 81/2025,CONTRATO 52/2025,SOLICITAÇÃO DE FORNECIMENTO Nº 44/2026 .;;;;;;;;;;;;;;;;;;;;;;;;;;;;;;;;;;;;;
668;PREFEITURA MUNICIPAL DE BARBACENA;;30390190;191;2026;GLOBAL;81;2025;EMPENHO PARA COBRIR DESPESA COM LOCAÇÃO DO IMÓVEL LOCALIZADO NA RUA CRUZ DAS ALMAS Nº 1568, BAIRRO SÃO JOSÉ-FRAÇÃO-1, QUE ABRIGA INSTALAÇÕES DA SECRETARIA MUNICIPAL DE SERVIÇOS PÚBLICOS, CONFORME  PROCESSO 81/2025, CONTRATO 53/2025, SOLICITAÇÃO DE FORNECIMENTO Nº 48/2026;02/01/26 00:00;39.000,00;0,00;0,00;0,00;0,00;0,00;0,00;0,00;0,00;0,00;0,00;0,00;7118730;LUMAR PARTICIPACOES E INVESTIMENTOS LTDA;85918;4;629;11;2063;15;452;3.3.90.39.10.00.00.00;1.500.000.0000;33903900000000;0,00;0,00;39.000,00;MANUTENÇÃO DA SESP;OUTROS SERVIÇOS DE TERCEIROS - PESSOA JURÍDICA
Especificação: ;;EMPENHO PARA COBRIR DESPESA COM LOCAÇÃO DO IMÓVEL LOCALIZADO NA RUA CRUZ DAS ALMAS Nº 1568, BAIRRO SÃO JOSÉ-FRAÇÃO-1, QUE ABRIGA INSTALAÇÕES DA SECRETARIA MUNICIPAL DE SERVIÇOS PÚBLICOS, CONFORME  PROCESSO 81/2025, CONTRATO 53/2025, SOLICITAÇÃO DE FORNECIMENTO Nº 48/2026;;;;;;;;;;;;;;;;;;;;;;;;;;;;;;;;;;;;;
668;PREFEITURA MUNICIPAL DE BARBACENA;;30391131;192;2026;GLOBAL;61;2021;EMPENHO PARA COBRIR DESPESA COM  PRESTAÇÃO DE SERVIÇOS DE INFORMÁTICA COM A IMPLANTAÇÃO E DISPONIBILIADE DO SISTEMA DE REGISTRO E ADMINISTRAÇÃO DE MULTAS - SRAM, PARA UTILIZAÇÃO OFF-LINE DAS BASES DE DADOS DO DETRAM-MG A PARTIR DAS INFRAÇÕES DE TRÂNSITO GERADAS NO MUNICÍPIO DE BARBACENA,CONFORME  PROCESSO 61/2021,CONTRATO 35/2021 E SOLICITAÇÃO DE FORNECIMENTO Nº 52/2026.;02/01/26 00:00;144.875,04;0,00;0,00;0,00;0,00;0,00;0,00;0,00;0,00;0,00;0,00;0,00;1543329;COMPANHIA DE TECNOLOGIA DA INFORMACAO DO ESTADO DE MINAS GERAIS - PRODEMGE;;;1014;27;2156;15;451;3.3.90.39.99.00.00.00;1.752.000.0000;33903900000000;0,00;0,00;144.875,04;GESTAO OPERACIONAL DO TRANSITO MUNICIPAL;OUTROS SERVIÇOS DE TERCEIROS - PESSOA JURÍDICA
Especificação: ;;EMPENHO PARA COBRIR DESPESA COM  PRESTAÇÃO DE SERVIÇOS DE INFORMÁTICA COM A IMPLANTAÇÃO E DISPONIBILIADE DO SISTEMA DE REGISTRO E ADMINISTRAÇÃO DE MULTAS - SRAM, PARA UTILIZAÇÃO OFF-LINE DAS BASES DE DADOS DO DETRAM-MG A PARTIR DAS INFRAÇÕES DE TRÂNSITO GERADAS NO MUNICÍPIO DE BARBACENA,CONFORME  PROCESSO 61/2021,CONTRATO 35/2021 E SOLICITAÇÃO DE FORNECIMENTO Nº 52/2026.;;;;;;;;;;;;;;;;;;;;;;;;;;;;;;;;;;;;;
668;PREFEITURA MUNICIPAL DE BARBACENA;;30544365;193;2026;GLOBAL;135;2022;EMPENHO PARA COBRIR DESPESA COM PRESTAÇÃO DE SERVIÇO  TÉCNICO ESPECIALIZADO DE GERENCIAMENTO,PUBLICAÇÃO,CONSOLIDAÇÃO E COMPILAÇÃO DOS ATOS OFICIAIS DO MUNICIPIO DE BARBACENA/MG,CONFORME PROCESSO 135/2022,CONTRATO Nº 116/2022 E SOLICITAÇÃO DE FORNECIMETO Nº 30/2026.;02/01/26 00:00;12.669,48;0,00;1.055,79;0,00;1.005,11;0,00;50,68;0,00;0,00;0,00;0,00;0,00;2816286;LIZ SERVICOS ONLINE LTDA;;;32;11;2150;4;122;3.3.90.39.68.00.00.00;1.500.000.0000;33903900000000;1.055,79;0,00;11.613,69;MANUTENÇAO DA SEGAB;OUTROS SERVIÇOS DE TERCEIROS - PESSOA JURÍDICA
Especificação: ;;EMPENHO PARA COBRIR DESPESA COM PRESTAÇÃO DE SERVIÇO  TÉCNICO ESPECIALIZADO DE GERENCIAMENTO,PUBLICAÇÃO,CONSOLIDAÇÃO E COMPILAÇÃO DOS ATOS OFICIAIS DO MUNICIPIO DE BARBACENA/MG,CONFORME PROCESSO 135/2022,CONTRATO Nº 116/2022 E SOLICITAÇÃO DE FORNECIMETO Nº 30/2026.;;;;;;;;;;;;;;;;;;;;;;;;;;;;;;;;;;;;;
668;PREFEITURA MUNICIPAL DE BARBACENA;;30700338;194;2026;ORDINARIO;0;0;EMPENHO PARA COBRIR DESPESAS COM PAGAMENTO DE PRECATÓRIO E ATUALIZAÇÃO Nº GV-302-ALIMENTAR - PROCESSO Nº 0156261-79.2023.8.13.0056 EM FAVOR DE  CRISTOVAM EDSON LOBATO CAMPOS, OFÍCIO Nº 001/2026/GAB/SEFAZ, CONFORME TABELA ASPREC.;02/01/26 00:00;23.374,47;0,00;23.374,47;0,00;0,00;0,00;0,00;0,00;0,00;0,00;0,00;0,00;1547289;TRIBUNAL DE JUSTIÇA DO ESTADO DE MINAS GERAIS;;;257;0;0002;28;846;3.1.90.91.99.00.00.00;1.500.000.0000;31909100000000;0,00;0,00;23.374,47;PAGAMENTO DE PRECATORIOS;SENTENÇAS JUDICIAIS
Especificação: ;;EMPENHO PARA COBRIR DESPESAS COM PAGAMENTO DE PRECATÓRIO E ATUALIZAÇÃO Nº GV-302-ALIMENTAR - PROCESSO Nº 0156261-79.2023.8.13.0056 EM FAVOR DE  CRISTOVAM EDSON LOBATO CAMPOS, OFÍCIO Nº 001/2026/GAB/SEFAZ, CONFORME TABELA ASPREC.;;;;;;;;;;;;;;;;;;;;;;;;;;;;;;;;;;;;;
668;PREFEITURA MUNICIPAL DE BARBACENA;;30700576;195;2026;ORDINARIO;0;0;EMPENHO PARA COBRIR DESPESAS COM PAGAMENTO DE PRECATÓRIO E ATUALIZAÇÃO Nº GV-303-ALIMENTAR - PROCESSO Nº 0840393-20.2023.8.13.0056 EM FAVOR DE  FABIANA DE SOUZA XAVIER, OFÍCIO Nº 001/2026/GAB/SEFAZ, CONFORME TABELA ASPREC.;02/01/26 00:00;11.735,22;0,00;11.735,22;0,00;0,00;0,00;0,00;0,00;0,00;0,00;0,00;0,00;1547289;TRIBUNAL DE JUSTIÇA DO ESTADO DE MINAS GERAIS;;;257;0;0002;28;846;3.1.90.91.99.00.00.00;1.500.000.0000;31909100000000;0,00;0,00;11.735,22;PAGAMENTO DE PRECATORIOS;SENTENÇAS JUDICIAIS
Especificação: ;;EMPENHO PARA COBRIR DESPESAS COM PAGAMENTO DE PRECATÓRIO E ATUALIZAÇÃO Nº GV-303-ALIMENTAR - PROCESSO Nº 0840393-20.2023.8.13.0056 EM FAVOR DE  FABIANA DE SOUZA XAVIER, OFÍCIO Nº 001/2026/GAB/SEFAZ, CONFORME TABELA ASPREC.;;;;;;;;;;;;;;;;;;;;;;;;;;;;;;;;;;;;;
668;PREFEITURA MUNICIPAL DE BARBACENA;;30700935;197;2026;ORDINARIO;0;0;EMPENHO PARA COBRIR DESPESAS COM PAGAMENTO DE PRECATÓRIO E ATUALIZAÇÃO Nº GV-304-ALIMENTAR - PROCESSO Nº 0017345-31.2024.8.13.0056 EM FAVOR DE  ANTONIO CARLOS DO NASCIMENTO, OFÍCIO Nº 001/2026/GAB/SEFAZ, CONFORME TABELA ASPREC.;02/01/26 00:00;20.359,52;0,00;20.359,52;0,00;0,00;0,00;0,00;0,00;0,00;0,00;0,00;0,00;1547289;TRIBUNAL DE JUSTIÇA DO ESTADO DE MINAS GERAIS;;;257;0;0002;28;846;3.1.90.91.99.00.00.00;1.500.000.0000;31909100000000;0,00;0,00;20.359,52;PAGAMENTO DE PRECATORIOS;SENTENÇAS JUDICIAIS
Especificação: ;;EMPENHO PARA COBRIR DESPESAS COM PAGAMENTO DE PRECATÓRIO E ATUALIZAÇÃO Nº GV-304-ALIMENTAR - PROCESSO Nº 0017345-31.2024.8.13.0056 EM FAVOR DE  ANTONIO CARLOS DO NASCIMENTO, OFÍCIO Nº 001/2026/GAB/SEFAZ, CONFORME TABELA ASPREC.;;;;;;;;;;;;;;;;;;;;;;;;;;;;;;;;;;;;;
668;PREFEITURA MUNICIPAL DE BARBACENA;;30701051;198;2026;ORDINARIO;0;0;EMPENHO PARA COBRIR DESPESAS COM PAGAMENTO DE PRECATÓRIO E ATUALIZAÇÃO Nº GV-305-ALIMENTAR - PROCESSO Nº 0194487-22.2024.8.13.0056 EM FAVOR DE  MARCELO FREDERICO MAXIMIANO SENNA, OFÍCIO Nº 001/2026/GAB/SEFAZ, CONFORME TABELA ASPREC.;02/01/26 00:00;24.142,28;0,00;24.142,28;0,00;0,00;0,00;0,00;0,00;0,00;0,00;0,00;0,00;1547289;TRIBUNAL DE JUSTIÇA DO ESTADO DE MINAS GERAIS;;;257;0;0002;28;846;3.1.90.91.99.00.00.00;1.500.000.0000;31909100000000;0,00;0,00;24.142,28;PAGAMENTO DE PRECATORIOS;SENTENÇAS JUDICIAIS
;;EMPENHO PARA COBRIR DESPESAS COM PAGAMENTO DE PRECATÓRIO E ATUALIZAÇÃO Nº GV-305-ALIMENTAR - PROCESSO Nº 0194487-22.2024.8.13.0056 EM FAVOR DE  MARCELO FREDERICO MAXIMIANO SENNA, OFÍCIO Nº 001/2026/GAB/SEFAZ, CONFORME TABELA ASPREC.;;;;;;;;;;;;;;;;;;;;;;;;;;;;;;;;;;;;;
668;PREFEITURA MUNICIPAL DE BARBACENA;;30701209;199;2026;ORDINARIO;0;0;EMPENHO PARA COBRIR DESPESAS COM PAGAMENTO DE PRECATÓRIO E ATUALIZAÇÃO Nº GV-306-ALIMENTAR - PROCESSO Nº  0839167-77.2023.8.13.0056 EM FAVOR DE  DIVINO LUIZ GOMES, OFÍCIO Nº 001/2026/GAB/SEFAZ, CONFORME TABELA ASPREC.;02/01/26 00:00;11.217,67;0,00;11.217,67;0,00;0,00;0,00;0,00;0,00;0,00;0,00;0,00;0,00;1547289;TRIBUNAL DE JUSTIÇA DO ESTADO DE MINAS GERAIS;;;257;0;0002;28;846;3.1.90.91.99.00.00.00;1.500.000.0000;31909100000000;0,00;0,00;11.217,67;PAGAMENTO DE PRECATORIOS;SENTENÇAS JUDICIAIS
Especificação: ;;EMPENHO PARA COBRIR DESPESAS COM PAGAMENTO DE PRECATÓRIO E ATUALIZAÇÃO Nº GV-306-ALIMENTAR - PROCESSO Nº  0839167-77.2023.8.13.0056 EM FAVOR DE  DIVINO LUIZ GOMES, OFÍCIO Nº 001/2026/GAB/SEFAZ, CONFORME TABELA ASPREC.;;;;;;;;;;;;;;;;;;;;;;;;;;;;;;;;;;;;;
668;PREFEITURA MUNICIPAL DE BARBACENA;;30267354;20;2026;ESTIMATIVO;0;0;EMPENHO PARA COBRIR DESPESAS COM AUTENTICAÇÕES,RECONHECIMENTO DE FIRMA,LAVRATURA DE PROCURAÇÕES E ESCRITURAS PÚBLICAS,DURANTE O EXERCÍCIO DE 2026,CONFORME OFICIO Nº 011/2026-SESP.;02/01/26 00:00;1.000,00;0,00;0,00;0,00;0,00;0,00;0,00;0,00;0,00;0,00;0,00;0,00;2185641;REGISTRO CIVIL PESSOAS N.NOTAS DE PADRE BRITO;;;629;11;2063;15;452;3.3.90.39.99.00.00.00;1.500.000.0000;33903900000000;0,00;0,00;1.000,00;MANUTENÇÃO DA SESP;OUTROS SERVIÇOS DE TERCEIROS - PESSOA JURÍDICA
Especificação: ;;EMPENHO PARA COBRIR DESPESAS COM AUTENTICAÇÕES,RECONHECIMENTO DE FIRMA,LAVRATURA DE PROCURAÇÕES E ESCRITURAS PÚBLICAS,DURANTE O EXERCÍCIO DE 2026,CONFORME OFICIO Nº 011/2026-SESP.;;;;;;;;;;;;;;;;;;;;;;;;;;;;;;;;;;;;;
668;PREFEITURA MUNICIPAL DE BARBACENA;;30701713;200;2026;ORDINARIO;0;0;EMPENHO PARA COBRIR DESPESAS COM PAGAMENTO DE PRECATÓRIO E ATUALIZAÇÃO Nº GV-307-ALIMENTAR - PROCESSO Nº   0264688-44.2021.8.13.0056,EM FAVOR DE  DIEGO RANGEL ALMADA DE OLIVEIRA, OFÍCIO Nº 001/2026/GAB/SEFAZ, CONFORME TABELA ASPREC.;02/01/26 00:00;17.223,08;0,00;17.223,08;0,00;0,00;0,00;0,00;0,00;0,00;0,00;0,00;0,00;1547289;TRIBUNAL DE JUSTIÇA DO ESTADO DE MINAS GERAIS;;;257;0;0002;28;846;3.1.90.91.99.00.00.00;1.500.000.0000;31909100000000;0,00;0,00;17.223,08;PAGAMENTO DE PRECATORIOS;SENTENÇAS JUDICIAIS
Especificação: ;;EMPENHO PARA COBRIR DESPESAS COM PAGAMENTO DE PRECATÓRIO E ATUALIZAÇÃO Nº GV-307-ALIMENTAR - PROCESSO Nº   0264688-44.2021.8.13.0056,EM FAVOR DE  DIEGO RANGEL ALMADA DE OLIVEIRA, OFÍCIO Nº 001/2026/GAB/SEFAZ, CONFORME TABELA ASPREC.;;;;;;;;;;;;;;;;;;;;;;;;;;;;;;;;;;;;;
668;PREFEITURA MUNICIPAL DE BARBACENA;;30705219;201;2026;ORDINARIO;0;0;EMPENHO PARA COBRIR DESPESAS COM PAGAMENTO DE PRECATÓRIO E ATUALIZAÇÃO Nº GV-308-ALIMENTAR - PROCESSO Nº   0467095-05.2022.8.13.0056 ,EM FAVOR DE  JOSÉ MARIA DE OLIVEIRA, OFÍCIO Nº 001/2026/GAB/SEFAZ, CONFORME TABELA ASPREC.;02/01/26 00:00;20.612,31;0,00;20.612,31;0,00;0,00;0,00;0,00;0,00;0,00;0,00;0,00;0,00;1547289;TRIBUNAL DE JUSTIÇA DO ESTADO DE MINAS GERAIS;;;257;0;0002;28;846;3.1.90.91.99.00.00.00;1.500.000.0000;31909100000000;0,00;0,00;20.612,31;PAGAMENTO DE PRECATORIOS;SENTENÇAS JUDICIAIS
Especificação: ;;EMPENHO PARA COBRIR DESPESAS COM PAGAMENTO DE PRECATÓRIO E ATUALIZAÇÃO Nº GV-308-ALIMENTAR - PROCESSO Nº   0467095-05.2022.8.13.0056 ,EM FAVOR DE  JOSÉ MARIA DE OLIVEIRA, OFÍCIO Nº 001/2026/GAB/SEFAZ, CONFORME TABELA ASPREC.;;;;;;;;;;;;;;;;;;;;;;;;;;;;;;;;;;;;;
668;PREFEITURA MUNICIPAL DE BARBACENA;;30705288;202;2026;ORDINARIO;0;0;EMPENHO PARA COBRIR DESPESAS COM PAGAMENTO DE PRECATÓRIO E ATUALIZAÇÃO Nº GV-309-ALIMENTAR - PROCESSO Nº   0171976-98.2022.8.13.0056 ,EM FAVOR DE  PAULO CESAR BARROSO DE ARAUJO, OFÍCIO Nº 001/2026/GAB/SEFAZ, CONFORME TABELA ASPREC.;02/01/26 00:00;40.259,59;0,00;40.259,59;0,00;0,00;0,00;0,00;0,00;0,00;0,00;0,00;0,00;1547289;TRIBUNAL DE JUSTIÇA DO ESTADO DE MINAS GERAIS;;;257;0;0002;28;846;3.1.90.91.99.00.00.00;1.500.000.0000;31909100000000;0,00;0,00;40.259,59;PAGAMENTO DE PRECATORIOS;SENTENÇAS JUDICIAIS
Especificação: ;;EMPENHO PARA COBRIR DESPESAS COM PAGAMENTO DE PRECATÓRIO E ATUALIZAÇÃO Nº GV-309-ALIMENTAR - PROCESSO Nº   0171976-98.2022.8.13.0056 ,EM FAVOR DE  PAULO CESAR BARROSO DE ARAUJO, OFÍCIO Nº 001/2026/GAB/SEFAZ, CONFORME TABELA ASPREC.;;;;;;;;;;;;;;;;;;;;;;;;;;;;;;;;;;;;;
668;PREFEITURA MUNICIPAL DE BARBACENA;;30705320;203;2026;ORDINARIO;0;0;EMPENHO PARA COBRIR DESPESAS COM PAGAMENTO DE PRECATÓRIO E ATUALIZAÇÃO Nº GV-310-ALIMENTAR - PROCESSO Nº   0698204-19.2023.8.13.0056, EM FAVOR DE  ORLANDO DISCACCIATI, OFÍCIO Nº 001/2026/GAB/SEFAZ, CONFORME TABELA ASPREC.;02/01/26 00:00;40.619,88;0,00;40.619,88;0,00;0,00;0,00;0,00;0,00;0,00;0,00;0,00;0,00;1547289;TRIBUNAL DE JUSTIÇA DO ESTADO DE MINAS GERAIS;;;257;0;0002;28;846;3.1.90.91.99.00.00.00;1.500.000.0000;31909100000000;0,00;0,00;40.619,88;PAGAMENTO DE PRECATORIOS;SENTENÇAS JUDICIAIS
Especificação: ;;EMPENHO PARA COBRIR DESPESAS COM PAGAMENTO DE PRECATÓRIO E ATUALIZAÇÃO Nº GV-310-ALIMENTAR - PROCESSO Nº   0698204-19.2023.8.13.0056, EM FAVOR DE  ORLANDO DISCACCIATI, OFÍCIO Nº 001/2026/GAB/SEFAZ, CONFORME TABELA ASPREC.;;;;;;;;;;;;;;;;;;;;;;;;;;;;;;;;;;;;;
668;PREFEITURA MUNICIPAL DE BARBACENA;;30705369;204;2026;ORDINARIO;0;0;EMPENHO PARA COBRIR DESPESAS COM PAGAMENTO DE PRECATÓRIO E ATUALIZAÇÃO Nº GV-313-ALIMENTAR - PROCESSO Nº  0548141-16.2022.8.13.0056, EM FAVOR DE  MARIA DE FATIMA COSTA, OFÍCIO Nº 001/2026/GAB/SEFAZ, CONFORME TABELA ASPREC.;02/01/26 00:00;68.414,04;0,00;68.414,04;0,00;0,00;0,00;0,00;0,00;0,00;0,00;0,00;0,00;1547289;TRIBUNAL DE JUSTIÇA DO ESTADO DE MINAS GERAIS;;;257;0;0002;28;846;3.1.90.91.99.00.00.00;1.500.000.0000;31909100000000;0,00;0,00;68.414,04;PAGAMENTO DE PRECATORIOS;SENTENÇAS JUDICIAIS
Especificação: ;;EMPENHO PARA COBRIR DESPESAS COM PAGAMENTO DE PRECATÓRIO E ATUALIZAÇÃO Nº GV-313-ALIMENTAR - PROCESSO Nº  0548141-16.2022.8.13.0056, EM FAVOR DE  MARIA DE FATIMA COSTA, OFÍCIO Nº 001/2026/GAB/SEFAZ, CONFORME TABELA ASPREC.;;;;;;;;;;;;;;;;;;;;;;;;;;;;;;;;;;;;;
668;PREFEITURA MUNICIPAL DE BARBACENA;;30705401;205;2026;ORDINARIO;0;0;EMPENHO PARA COBRIR DESPESAS COM PAGAMENTO DE PRECATÓRIO E ATUALIZAÇÃO Nº GV-314-ALIMENTAR - PROCESSO Nº  0030311-26.2024.8.13.0056, EM FAVOR DE  MARIA APARECIDA DE SOUZA, OFÍCIO Nº 001/2026/GAB/SEFAZ, CONFORME TABELA ASPREC.;02/01/26 00:00;20.075,79;0,00;20.075,79;0,00;0,00;0,00;0,00;0,00;0,00;0,00;0,00;0,00;1547289;TRIBUNAL DE JUSTIÇA DO ESTADO DE MINAS GERAIS;;;257;0;0002;28;846;3.1.90.91.99.00.00.00;1.500.000.0000;31909100000000;0,00;0,00;20.075,79;PAGAMENTO DE PRECATORIOS;SENTENÇAS JUDICIAIS
Especificação: ;;EMPENHO PARA COBRIR DESPESAS COM PAGAMENTO DE PRECATÓRIO E ATUALIZAÇÃO Nº GV-314-ALIMENTAR - PROCESSO Nº  0030311-26.2024.8.13.0056, EM FAVOR DE  MARIA APARECIDA DE SOUZA, OFÍCIO Nº 001/2026/GAB/SEFAZ, CONFORME TABELA ASPREC.;;;;;;;;;;;;;;;;;;;;;;;;;;;;;;;;;;;;;
668;PREFEITURA MUNICIPAL DE BARBACENA;;30705484;206;2026;ORDINARIO;0;0;EMPENHO PARA COBRIR DESPESAS COM PAGAMENTO DE PRECATÓRIO E ATUALIZAÇÃO Nº GV-315-ALIMENTAR - PROCESSO Nº  0080104-65.2023.8.13.0056, EM FAVOR DE TIAGO SIQUEIRA MOTA, OFÍCIO Nº 001/2026/GAB/SEFAZ, CONFORME TABELA ASPREC.;02/01/26 00:00;59.133,40;0,00;59.133,40;0,00;0,00;0,00;0,00;0,00;0,00;0,00;0,00;0,00;1547289;TRIBUNAL DE JUSTIÇA DO ESTADO DE MINAS GERAIS;;;257;0;0002;28;846;3.1.90.91.99.00.00.00;1.500.000.0000;31909100000000;0,00;0,00;59.133,40;PAGAMENTO DE PRECATORIOS;SENTENÇAS JUDICIAIS
Especificação: ;;EMPENHO PARA COBRIR DESPESAS COM PAGAMENTO DE PRECATÓRIO E ATUALIZAÇÃO Nº GV-315-ALIMENTAR - PROCESSO Nº  0080104-65.2023.8.13.0056, EM FAVOR DE TIAGO SIQUEIRA MOTA, OFÍCIO Nº 001/2026/GAB/SEFAZ, CONFORME TABELA ASPREC.;;;;;;;;;;;;;;;;;;;;;;;;;;;;;;;;;;;;;
668;PREFEITURA MUNICIPAL DE BARBACENA;;30705537;207;2026;ORDINARIO;0;0;EMPENHO PARA COBRIR DESPESAS COM PAGAMENTO DE PRECATÓRIO E ATUALIZAÇÃO Nº GV-316-ALIMENTAR - PROCESSO Nº  0021773-56.2024.8.13.0056, EM FAVOR DE ERICA SUELEN DO NASCIMENTO, OFÍCIO Nº 001/2026/GAB/SEFAZ, CONFORME TABELA ASPREC.;02/01/26 00:00;45.856,28;0,00;45.856,28;0,00;0,00;0,00;0,00;0,00;0,00;0,00;0,00;0,00;1547289;TRIBUNAL DE JUSTIÇA DO ESTADO DE MINAS GERAIS;;;257;0;0002;28;846;3.1.90.91.99.00.00.00;1.500.000.0000;31909100000000;0,00;0,00;45.856,28;PAGAMENTO DE PRECATORIOS;SENTENÇAS JUDICIAIS
Especificação: ;;EMPENHO PARA COBRIR DESPESAS COM PAGAMENTO DE PRECATÓRIO E ATUALIZAÇÃO Nº GV-316-ALIMENTAR - PROCESSO Nº  0021773-56.2024.8.13.0056, EM FAVOR DE ERICA SUELEN DO NASCIMENTO, OFÍCIO Nº 001/2026/GAB/SEFAZ, CONFORME TABELA ASPREC.;;;;;;;;;;;;;;;;;;;;;;;;;;;;;;;;;;;;;
668;PREFEITURA MUNICIPAL DE BARBACENA;;30705576;208;2026;ORDINARIO;0;0;EMPENHO PARA COBRIR DESPESAS COM PAGAMENTO DE PRECATÓRIO E ATUALIZAÇÃO Nº GV-317-ALIMENTAR - PROCESSO Nº  0107573-52.2024.8.13.0056, EM FAVOR DE GEISA ROSIGNOLI NEIVA, OFÍCIO Nº 001/2026/GAB/SEFAZ, CONFORME TABELA ASPREC.;02/01/26 00:00;50.767,70;0,00;50.767,70;0,00;0,00;0,00;0,00;0,00;0,00;0,00;0,00;0,00;1547289;TRIBUNAL DE JUSTIÇA DO ESTADO DE MINAS GERAIS;;;257;0;0002;28;846;3.1.90.91.99.00.00.00;1.500.000.0000;31909100000000;0,00;0,00;50.767,70;PAGAMENTO DE PRECATORIOS;SENTENÇAS JUDICIAIS
Especificação: ;;EMPENHO PARA COBRIR DESPESAS COM PAGAMENTO DE PRECATÓRIO E ATUALIZAÇÃO Nº GV-317-ALIMENTAR - PROCESSO Nº  0107573-52.2024.8.13.0056, EM FAVOR DE GEISA ROSIGNOLI NEIVA, OFÍCIO Nº 001/2026/GAB/SEFAZ, CONFORME TABELA ASPREC.;;;;;;;;;;;;;;;;;;;;;;;;;;;;;;;;;;;;;
668;PREFEITURA MUNICIPAL DE BARBACENA;;30705666;209;2026;ORDINARIO;0;0;EMPENHO PARA COBRIR DESPESAS COM PAGAMENTO DE PRECATÓRIO E ATUALIZAÇÃO Nº GV-318-ALIMENTAR - PROCESSO Nº  0107587-36.2024.8.13.0056, EM FAVOR DE VANESSA APARECIDA VIERIA FURTADO, OFÍCIO Nº 001/2026/GAB/SEFAZ, CONFORME TABELA ASPREC.;02/01/26 00:00;53.656,08;0,00;53.656,08;0,00;0,00;0,00;0,00;0,00;0,00;0,00;0,00;0,00;1547289;TRIBUNAL DE JUSTIÇA DO ESTADO DE MINAS GERAIS;;;257;0;0002;28;846;3.1.90.91.99.00.00.00;1.500.000.0000;31909100000000;0,00;0,00;53.656,08;PAGAMENTO DE PRECATORIOS;SENTENÇAS JUDICIAIS
Especificação: ;;EMPENHO PARA COBRIR DESPESAS COM PAGAMENTO DE PRECATÓRIO E ATUALIZAÇÃO Nº GV-318-ALIMENTAR - PROCESSO Nº  0107587-36.2024.8.13.0056, EM FAVOR DE VANESSA APARECIDA VIERIA FURTADO, OFÍCIO Nº 001/2026/GAB/SEFAZ, CONFORME TABELA ASPREC.;;;;;;;;;;;;;;;;;;;;;;;;;;;;;;;;;;;;;
668;PREFEITURA MUNICIPAL DE BARBACENA;;30267639;21;2026;ESTIMATIVO;0;0;EMPENHO PARA COBRIR DESPESAS COM AUTENTICAÇÕES,RECONHECIMENTO DE FIRMA,LAVRATURA DE PROCURAÇÕES E ESCRITURAS PÚBLICAS,DURANTE O EXERCÍCIO DE 2026,CONFORME OFICIO Nº 011/2026-SESP.;02/01/26 00:00;50.000,00;0,00;0,00;0,00;0,00;0,00;0,00;0,00;0,00;0,00;0,00;0,00;1556307;SEGUNDO CARTORIO DE REGISTRO DE IMOVEIS;1900005;;629;11;2063;15;452;3.3.90.39.99.00.00.00;1.501.000.0000;33903900000000;0,00;0,00;50.000,00;MANUTENÇÃO DA SESP;OUTROS SERVIÇOS DE TERCEIROS - PESSOA JURÍDICA
Especificação: ;;EMPENHO PARA COBRIR DESPESAS COM AUTENTICAÇÕES,RECONHECIMENTO DE FIRMA,LAVRATURA DE PROCURAÇÕES E ESCRITURAS PÚBLICAS,DURANTE O EXERCÍCIO DE 2026,CONFORME OFICIO Nº 011/2026-SESP.;;;;;;;;;;;;;;;;;;;;;;;;;;;;;;;;;;;;;
668;PREFEITURA MUNICIPAL DE BARBACENA;;30705723;210;2026;ORDINARIO;0;0;EMPENHO PARA COBRIR DESPESAS COM PAGAMENTO DE PRECATÓRIO E ATUALIZAÇÃO Nº GV-319-ALIMENTAR - PROCESSO Nº  0134335-13.2021.8.13.0056, EM FAVOR DE ADRIANE MARIA MONTES DE OLIVEIRA, OFÍCIO Nº 001/2026/GAB/SEFAZ, CONFORME TABELA ASPREC.;02/01/26 00:00;24.998,90;0,00;24.998,90;0,00;0,00;0,00;0,00;0,00;0,00;0,00;0,00;0,00;1547289;TRIBUNAL DE JUSTIÇA DO ESTADO DE MINAS GERAIS;;;257;0;0002;28;846;3.1.90.91.99.00.00.00;1.500.000.0000;31909100000000;0,00;0,00;24.998,90;PAGAMENTO DE PRECATORIOS;SENTENÇAS JUDICIAIS
Especificação: ;;EMPENHO PARA COBRIR DESPESAS COM PAGAMENTO DE PRECATÓRIO E ATUALIZAÇÃO Nº GV-319-ALIMENTAR - PROCESSO Nº  0134335-13.2021.8.13.0056, EM FAVOR DE ADRIANE MARIA MONTES DE OLIVEIRA, OFÍCIO Nº 001/2026/GAB/SEFAZ, CONFORME TABELA ASPREC.;;;;;;;;;;;;;;;;;;;;;;;;;;;;;;;;;;;;;
668;PREFEITURA MUNICIPAL DE BARBACENA;;30705779;211;2026;ORDINARIO;0;0;EMPENHO PARA COBRIR DESPESAS COM PAGAMENTO DE PRECATÓRIO E ATUALIZAÇÃO Nº GV-320-ALIMENTAR - PROCESSO Nº  0037722-86.2025.8.13.0056, EM FAVOR DE LEONARDO VIDIGAL MILAGRES, OFÍCIO Nº 001/2026/GAB/SEFAZ, CONFORME TABELA ASPREC.;02/01/26 00:00;16.824,10;0,00;16.824,10;0,00;0,00;0,00;0,00;0,00;0,00;0,00;0,00;0,00;1547289;TRIBUNAL DE JUSTIÇA DO ESTADO DE MINAS GERAIS;;;257;0;0002;28;846;3.1.90.91.99.00.00.00;1.500.000.0000;31909100000000;0,00;0,00;16.824,10;PAGAMENTO DE PRECATORIOS;SENTENÇAS JUDICIAIS
Especificação: ;;EMPENHO PARA COBRIR DESPESAS COM PAGAMENTO DE PRECATÓRIO E ATUALIZAÇÃO Nº GV-320-ALIMENTAR - PROCESSO Nº  0037722-86.2025.8.13.0056, EM FAVOR DE LEONARDO VIDIGAL MILAGRES, OFÍCIO Nº 001/2026/GAB/SEFAZ, CONFORME TABELA ASPREC.;;;;;;;;;;;;;;;;;;;;;;;;;;;;;;;;;;;;;
668;PREFEITURA MUNICIPAL DE BARBACENA;;30705815;212;2026;ORDINARIO;0;0;EMPENHO PARA COBRIR DESPESAS COM PAGAMENTO DE PRECATÓRIO E ATUALIZAÇÃO Nº GV-321-ALIMENTAR - PROCESSO Nº  0117227-63.2024.8.13.0056, EM FAVOR DE CESAR ARAUJO DA SILVEIRA, OFÍCIO Nº 001/2026/GAB/SEFAZ, CONFORME TABELA ASPREC.;02/01/26 00:00;20.279,13;0,00;20.279,13;0,00;0,00;0,00;0,00;0,00;0,00;0,00;0,00;0,00;1547289;TRIBUNAL DE JUSTIÇA DO ESTADO DE MINAS GERAIS;;;257;0;0002;28;846;3.1.90.91.99.00.00.00;1.500.000.0000;31909100000000;0,00;0,00;20.279,13;PAGAMENTO DE PRECATORIOS;SENTENÇAS JUDICIAIS
Especificação: ;;EMPENHO PARA COBRIR DESPESAS COM PAGAMENTO DE PRECATÓRIO E ATUALIZAÇÃO Nº GV-321-ALIMENTAR - PROCESSO Nº  0117227-63.2024.8.13.0056, EM FAVOR DE CESAR ARAUJO DA SILVEIRA, OFÍCIO Nº 001/2026/GAB/SEFAZ, CONFORME TABELA ASPREC.;;;;;;;;;;;;;;;;;;;;;;;;;;;;;;;;;;;;;
668;PREFEITURA MUNICIPAL DE BARBACENA;;30705874;213;2026;ORDINARIO;0;0;EMPENHO PARA COBRIR DESPESAS COM PAGAMENTO DE PRECATÓRIO E ATUALIZAÇÃO Nº GV-322-ALIMENTAR - PROCESSO Nº  0010378-33.2025.8.13.0056, EM FAVOR DE CRISTIANE AMERICANO MARTINS, OFÍCIO Nº 001/2026/GAB/SEFAZ, CONFORME TABELA ASPREC.;02/01/26 00:00;11.363,04;0,00;11.363,04;0,00;0,00;0,00;0,00;0,00;0,00;0,00;0,00;0,00;1547289;TRIBUNAL DE JUSTIÇA DO ESTADO DE MINAS GERAIS;;;257;0;0002;28;846;3.1.90.91.99.00.00.00;1.500.000.0000;31909100000000;0,00;0,00;11.363,04;PAGAMENTO DE PRECATORIOS;SENTENÇAS JUDICIAIS
Especificação: ;;EMPENHO PARA COBRIR DESPESAS COM PAGAMENTO DE PRECATÓRIO E ATUALIZAÇÃO Nº GV-322-ALIMENTAR - PROCESSO Nº  0010378-33.2025.8.13.0056, EM FAVOR DE CRISTIANE AMERICANO MARTINS, OFÍCIO Nº 001/2026/GAB/SEFAZ, CONFORME TABELA ASPREC.;;;;;;;;;;;;;;;;;;;;;;;;;;;;;;;;;;;;;
668;PREFEITURA MUNICIPAL DE BARBACENA;;30706086;214;2026;ORDINARIO;0;0;EMPENHO PARA COBRIR DESPESAS COM PAGAMENTO DE PRECATÓRIO E ATUALIZAÇÃO Nº GV-323-ALIMENTAR - PROCESSO Nº  0123998-57.2024.8.13.0056, EM FAVOR DE JONAS ARTUR DE SOUZA CRUZ, OFÍCIO Nº 001/2026/GAB/SEFAZ, CONFORME TABELA ASPREC.;02/01/26 00:00;35.976,21;0,00;35.976,21;0,00;0,00;0,00;0,00;0,00;0,00;0,00;0,00;0,00;1547289;TRIBUNAL DE JUSTIÇA DO ESTADO DE MINAS GERAIS;;;257;0;0002;28;846;3.1.90.91.99.00.00.00;1.500.000.0000;31909100000000;0,00;0,00;35.976,21;PAGAMENTO DE PRECATORIOS;SENTENÇAS JUDICIAIS
Especificação: ;;EMPENHO PARA COBRIR DESPESAS COM PAGAMENTO DE PRECATÓRIO E ATUALIZAÇÃO Nº GV-323-ALIMENTAR - PROCESSO Nº  0123998-57.2024.8.13.0056, EM FAVOR DE JONAS ARTUR DE SOUZA CRUZ, OFÍCIO Nº 001/2026/GAB/SEFAZ, CONFORME TABELA ASPREC.;;;;;;;;;;;;;;;;;;;;;;;;;;;;;;;;;;;;;
668;PREFEITURA MUNICIPAL DE BARBACENA;;30706224;215;2026;ORDINARIO;0;0;EMPENHO PARA COBRIR DESPESAS COM PAGAMENTO DE PRECATÓRIO E ATUALIZAÇÃO Nº GV-324-ALIMENTAR - PROCESSO Nº  0233907-39.2021.8.13.0056, EM FAVOR DE ELIANE MAGELA DIAS PACHECO FERREIRA, OFÍCIO Nº 001/2026/GAB/SEFAZ, CONFORME TABELA ASPREC.;02/01/26 00:00;21.457,68;0,00;21.457,68;0,00;0,00;0,00;0,00;0,00;0,00;0,00;0,00;0,00;1547289;TRIBUNAL DE JUSTIÇA DO ESTADO DE MINAS GERAIS;;;257;0;0002;28;846;3.1.90.91.99.00.00.00;1.500.000.0000;31909100000000;0,00;0,00;21.457,68;PAGAMENTO DE PRECATORIOS;SENTENÇAS JUDICIAIS
Especificação: ;;EMPENHO PARA COBRIR DESPESAS COM PAGAMENTO DE PRECATÓRIO E ATUALIZAÇÃO Nº GV-324-ALIMENTAR - PROCESSO Nº  0233907-39.2021.8.13.0056, EM FAVOR DE ELIANE MAGELA DIAS PACHECO FERREIRA, OFÍCIO Nº 001/2026/GAB/SEFAZ, CONFORME TABELA ASPREC.;;;;;;;;;;;;;;;;;;;;;;;;;;;;;;;;;;;;;
668;PREFEITURA MUNICIPAL DE BARBACENA;;30706421;216;2026;ORDINARIO;0;0;EMPENHO PARA COBRIR DESPESAS COM PAGAMENTO DE PRECATÓRIO E ATUALIZAÇÃO Nº GV-325-ALIMENTAR - PROCESSO Nº  0062178-03.2025.8.13.00566, EM FAVOR DE GEISA ROSGNOLI NEIVA, OFÍCIO Nº 001/2026/GAB/SEFAZ, CONFORME TABELA ASPREC.;02/01/26 00:00;64.929,48;0,00;64.929,48;0,00;0,00;0,00;0,00;0,00;0,00;0,00;0,00;0,00;1547289;TRIBUNAL DE JUSTIÇA DO ESTADO DE MINAS GERAIS;;;257;0;0002;28;846;3.1.90.91.99.00.00.00;1.500.000.0000;31909100000000;0,00;0,00;64.929,48;PAGAMENTO DE PRECATORIOS;SENTENÇAS JUDICIAIS
Especificação: ;;EMPENHO PARA COBRIR DESPESAS COM PAGAMENTO DE PRECATÓRIO E ATUALIZAÇÃO Nº GV-325-ALIMENTAR - PROCESSO Nº  0062178-03.2025.8.13.00566, EM FAVOR DE GEISA ROSGNOLI NEIVA, OFÍCIO Nº 001/2026/GAB/SEFAZ, CONFORME TABELA ASPREC.;;;;;;;;;;;;;;;;;;;;;;;;;;;;;;;;;;;;;
668;PREFEITURA MUNICIPAL DE BARBACENA;;30706554;217;2026;ORDINARIO;0;0;EMPENHO PARA COBRIR DESPESAS COM PAGAMENTO DE PRECATÓRIO E ATUALIZAÇÃO Nº GV-326-ALIMENTAR - PROCESSO Nº  0021714-68.2024.8.13.0056, EM FAVOR DE MAURICIO MARCOS PINTO, OFÍCIO Nº 001/2026/GAB/SEFAZ, CONFORME TABELA ASPREC.;02/01/26 00:00;12.519,13;0,00;12.519,13;0,00;0,00;0,00;0,00;0,00;0,00;0,00;0,00;0,00;1547289;TRIBUNAL DE JUSTIÇA DO ESTADO DE MINAS GERAIS;;;257;0;0002;28;846;3.1.90.91.99.00.00.00;1.500.000.0000;31909100000000;0,00;0,00;12.519,13;PAGAMENTO DE PRECATORIOS;SENTENÇAS JUDICIAIS
Especificação: ;;EMPENHO PARA COBRIR DESPESAS COM PAGAMENTO DE PRECATÓRIO E ATUALIZAÇÃO Nº GV-326-ALIMENTAR - PROCESSO Nº  0021714-68.2024.8.13.0056, EM FAVOR DE MAURICIO MARCOS PINTO, OFÍCIO Nº 001/2026/GAB/SEFAZ, CONFORME TABELA ASPREC.;;;;;;;;;;;;;;;;;;;;;;;;;;;;;;;;;;;;;
668;PREFEITURA MUNICIPAL DE BARBACENA;;30706694;218;2026;ORDINARIO;0;0;EMPENHO PARA COBRIR DESPESAS COM PAGAMENTO DE PRECATÓRIO E ATUALIZAÇÃO Nº GV-327-ALIMENTAR - PROCESSO Nº  0068356-65.2025.8.13.0056, EM FAVOR DE MARIA ANGELICA DE SOUZA CAMPOS BRAZ, OFÍCIO Nº 001/2026/GAB/SEFAZ, CONFORME TABELA ASPREC.;02/01/26 00:00;61.220,26;0,00;61.220,26;0,00;0,00;0,00;0,00;0,00;0,00;0,00;0,00;0,00;1547289;TRIBUNAL DE JUSTIÇA DO ESTADO DE MINAS GERAIS;;;257;0;0002;28;846;3.1.90.91.99.00.00.00;1.500.000.0000;31909100000000;0,00;0,00;61.220,26;PAGAMENTO DE PRECATORIOS;SENTENÇAS JUDICIAIS
Especificação: ;;EMPENHO PARA COBRIR DESPESAS COM PAGAMENTO DE PRECATÓRIO E ATUALIZAÇÃO Nº GV-327-ALIMENTAR - PROCESSO Nº  0068356-65.2025.8.13.0056, EM FAVOR DE MARIA ANGELICA DE SOUZA CAMPOS BRAZ, ;;;;;;;;;;;;;;;;;;;;;;;;;;;;;;;;;;;;;
;;OFÍCIO Nº 001/2026/GAB/SEFAZ, CONFORME TABELA ASPREC.;;;;;;;;;;;;;;;;;;;;;;;;;;;;;;;;;;;;;
668;PREFEITURA MUNICIPAL DE BARBACENA;;30706793;219;2026;ORDINARIO;0;0;EMPENHO PARA COBRIR DESPESAS COM PAGAMENTO DE PRECATÓRIO E ATUALIZAÇÃO Nº GV-328-ALIMENTAR - PROCESSO Nº  0175848-53.2024.8.13.0056, EM FAVOR DE GILSON CARLOS RIBEIRO, OFÍCIO Nº 001/2026/GAB/SEFAZ, CONFORME TABELA ASPREC.;02/01/26 00:00;34.729,82;0,00;34.729,82;0,00;0,00;0,00;0,00;0,00;0,00;0,00;0,00;0,00;1547289;TRIBUNAL DE JUSTIÇA DO ESTADO DE MINAS GERAIS;;;257;0;0002;28;846;3.1.90.91.99.00.00.00;1.500.000.0000;31909100000000;0,00;0,00;34.729,82;PAGAMENTO DE PRECATORIOS;SENTENÇAS JUDICIAIS
Especificação: ;;EMPENHO PARA COBRIR DESPESAS COM PAGAMENTO DE PRECATÓRIO E ATUALIZAÇÃO Nº GV-328-ALIMENTAR - PROCESSO Nº  0175848-53.2024.8.13.0056, EM FAVOR DE GILSON CARLOS RIBEIRO, OFÍCIO Nº 001/2026/GAB/SEFAZ, CONFORME TABELA ASPREC.;;;;;;;;;;;;;;;;;;;;;;;;;;;;;;;;;;;;;
668;PREFEITURA MUNICIPAL DE BARBACENA;;30706874;220;2026;ORDINARIO;0;0;EMPENHO PARA COBRIR DESPESAS COM PAGAMENTO DE PRECATÓRIO E ATUALIZAÇÃO Nº GV-329-ALIMENTAR - PROCESSO Nº  0018136-97.2024.8.13.0056, EM FAVOR DE ANALUCIA GUIMARAES COUTO, OFÍCIO Nº 001/2026/GAB/SEFAZ, CONFORME TABELA ASPREC.;02/01/26 00:00;24.347,14;0,00;24.347,14;0,00;0,00;0,00;0,00;0,00;0,00;0,00;0,00;0,00;1547289;TRIBUNAL DE JUSTIÇA DO ESTADO DE MINAS GERAIS;;;257;0;0002;28;846;3.1.90.91.99.00.00.00;1.500.000.0000;31909100000000;0,00;0,00;24.347,14;PAGAMENTO DE PRECATORIOS;SENTENÇAS JUDICIAIS
Especificação: ;;EMPENHO PARA COBRIR DESPESAS COM PAGAMENTO DE PRECATÓRIO E ATUALIZAÇÃO Nº GV-329-ALIMENTAR - PROCESSO Nº  0018136-97.2024.8.13.0056, EM FAVOR DE ANALUCIA GUIMARAES COUTO, OFÍCIO Nº 001/2026/GAB/SEFAZ, CONFORME TABELA ASPREC.;;;;;;;;;;;;;;;;;;;;;;;;;;;;;;;;;;;;;
668;PREFEITURA MUNICIPAL DE BARBACENA;;30706988;221;2026;ORDINARIO;0;0;EMPENHO PARA COBRIR DESPESAS COM PAGAMENTO DE PRECATÓRIO E ATUALIZAÇÃO Nº GV-118-COMUM- PROCESSO Nº  0102583-18.2024.8.13.0056, EM FAVOR DE VERA LUCIA JOAO DA SILVA, OFÍCIO Nº 001/2026/GAB/SEFAZ, CONFORME TABELA ASPREC.;02/01/26 00:00;54.003,83;0,00;54.003,83;0,00;0,00;0,00;0,00;0,00;0,00;0,00;0,00;0,00;1547289;TRIBUNAL DE JUSTIÇA DO ESTADO DE MINAS GERAIS;;;258;0;0002;28;846;3.3.90.91.99.00.00.00;1.500.000.0000;33909100000000;0,00;0,00;54.003,83;PAGAMENTO DE PRECATORIOS;SENTENÇAS JUDICIAIS
Especificação: ;;EMPENHO PARA COBRIR DESPESAS COM PAGAMENTO DE PRECATÓRIO E ATUALIZAÇÃO Nº GV-118-COMUM- PROCESSO Nº  0102583-18.2024.8.13.0056, EM FAVOR DE VERA LUCIA JOAO DA SILVA, OFÍCIO Nº 001/2026/GAB/SEFAZ, CONFORME TABELA ASPREC.;;;;;;;;;;;;;;;;;;;;;;;;;;;;;;;;;;;;;
668;PREFEITURA MUNICIPAL DE BARBACENA;;30707057;222;2026;ORDINARIO;0;0;EMPENHO PARA COBRIR DESPESAS COM PAGAMENTO DE PRECATÓRIO E ATUALIZAÇÃO Nº GV-119-COMUM- PROCESSO Nº  0295892-38.2023.8.13.0056, EM FAVOR DE JUPIRA DE OLIVEIRA VIEIRA OFÍCIO Nº 001/2026/GAB/SEFAZ, CONFORME TABELA ASPREC.;02/01/26 00:00;16.364,27;0,00;16.364,27;0,00;0,00;0,00;0,00;0,00;0,00;0,00;0,00;0,00;1547289;TRIBUNAL DE JUSTIÇA DO ESTADO DE MINAS GERAIS;;;258;0;0002;28;846;3.3.90.91.99.00.00.00;1.500.000.0000;33909100000000;0,00;0,00;16.364,27;PAGAMENTO DE PRECATORIOS;SENTENÇAS JUDICIAIS
Especificação: ;;EMPENHO PARA COBRIR DESPESAS COM PAGAMENTO DE PRECATÓRIO E ATUALIZAÇÃO Nº GV-119-COMUM- PROCESSO Nº  0295892-38.2023.8.13.0056, EM FAVOR DE JUPIRA DE OLIVEIRA VIEIRA OFÍCIO Nº 001/2026/GAB/SEFAZ, CONFORME TABELA ASPREC.;;;;;;;;;;;;;;;;;;;;;;;;;;;;;;;;;;;;;
668;PREFEITURA MUNICIPAL DE BARBACENA;;30707195;223;2026;ORDINARIO;0;0;EMPENHO PARA COBRIR DESPESAS COM PAGAMENTO DE PRECATÓRIO E ATUALIZAÇÃO Nº GV-120-COMUM- PROCESSO Nº  0172084-59.2024.8.13.0056, EM FAVOR DE SILVIO LEMOS, OFÍCIO Nº 001/2026/GAB/SEFAZ, CONFORME TABELA ASPREC.;02/01/26 00:00;24.143,45;0,00;24.143,45;0,00;0,00;0,00;0,00;0,00;0,00;0,00;0,00;0,00;1547289;TRIBUNAL DE JUSTIÇA DO ESTADO DE MINAS GERAIS;;;258;0;0002;28;846;3.3.90.91.99.00.00.00;1.500.000.0000;33909100000000;0,00;0,00;24.143,45;PAGAMENTO DE PRECATORIOS;SENTENÇAS JUDICIAIS
Especificação: ;;EMPENHO PARA COBRIR DESPESAS COM PAGAMENTO DE PRECATÓRIO E ATUALIZAÇÃO Nº GV-120-COMUM- PROCESSO Nº  0172084-59.2024.8.13.0056, EM FAVOR DE SILVIO LEMOS, OFÍCIO Nº 001/2026/GAB/SEFAZ, CONFORME TABELA ASPREC.;;;;;;;;;;;;;;;;;;;;;;;;;;;;;;;;;;;;;
668;PREFEITURA MUNICIPAL DE BARBACENA;;30707365;224;2026;ORDINARIO;0;0;EMPENHO PARA COBRIR DESPESAS COM PAGAMENTO DE PRECATÓRIO E ATUALIZAÇÃO Nº GV-121-COMUM- PROCESSO Nº  0278396-59.2024.8.13.0056, EM FAVOR DE AILTON FELISBERTO DA SILVA, OFÍCIO Nº 001/2026/GAB/SEFAZ, CONFORME TABELA ASPREC.;02/01/26 00:00;543.890,83;0,00;543.890,83;0,00;0,00;0,00;0,00;0,00;0,00;0,00;0,00;0,00;1547289;TRIBUNAL DE JUSTIÇA DO ESTADO DE MINAS GERAIS;;;258;0;0002;28;846;3.3.90.91.99.00.00.00;1.500.000.0000;33909100000000;0,00;0,00;543.890,83;PAGAMENTO DE PRECATORIOS;SENTENÇAS JUDICIAIS
Especificação: ;;EMPENHO PARA COBRIR DESPESAS COM PAGAMENTO DE PRECATÓRIO E ATUALIZAÇÃO Nº GV-121-COMUM- PROCESSO Nº  0278396-59.2024.8.13.0056, EM FAVOR DE AILTON FELISBERTO DA SILVA, OFÍCIO Nº 001/2026/GAB/SEFAZ, CONFORME TABELA ASPREC.;;;;;;;;;;;;;;;;;;;;;;;;;;;;;;;;;;;;;
668;PREFEITURA MUNICIPAL DE BARBACENA;;30707618;225;2026;ORDINARIO;0;0;EMPENHO PARA COBRIR DESPESAS COM PAGAMENTO DE PRECATÓRIO E ATUALIZAÇÃO Nº GV-122-COMUM- PROCESSO Nº  0278378-38.2024.8.13.0056, EM FAVOR DE COOPERATIVA CENTRAL DOS PRODUTORES RURAIS DE MINAS GERAIS LTDA, OFÍCIO Nº 001/2026/GAB/SEFAZ, CONFORME TABELA ASPREC.;02/01/26 00:00;5.438.908,40;0,00;5.438.908,40;0,00;0,00;0,00;0,00;0,00;0,00;0,00;0,00;0,00;1547289;TRIBUNAL DE JUSTIÇA DO ESTADO DE MINAS GERAIS;;;258;0;0002;28;846;3.3.90.91.99.00.00.00;1.500.000.0000;33909100000000;0,00;0,00;5.438.908,40;PAGAMENTO DE PRECATORIOS;SENTENÇAS JUDICIAIS
Especificação: ;;EMPENHO PARA COBRIR DESPESAS COM PAGAMENTO DE PRECATÓRIO E ATUALIZAÇÃO Nº GV-122-COMUM- PROCESSO Nº  0278378-38.2024.8.13.0056, EM FAVOR DE COOPERATIVA CENTRAL DOS PRODUTORES RURAIS DE MINAS GERAIS LTDA, OFÍCIO Nº 001/2026/GAB/SEFAZ, CONFORME TABELA ASPREC.;;;;;;;;;;;;;;;;;;;;;;;;;;;;;;;;;;;;;
668;PREFEITURA MUNICIPAL DE BARBACENA;;30707851;226;2026;ORDINARIO;0;0;EMPENHO PARA COBRIR DESPESAS COM PAGAMENTO DE PRECATÓRIO E ATUALIZAÇÃO Nº GV-123-COMUM- PROCESSO Nº  0278295-22.2024.8.13.0056, EM FAVOR DE ROBERTO EDGAR DE ALMEIDA, OFÍCIO Nº 001/2026/GAB/SEFAZ, CONFORME TABELA ASPREC.;02/01/26 00:00;14.389,02;0,00;14.389,02;0,00;0,00;0,00;0,00;0,00;0,00;0,00;0,00;0,00;1547289;TRIBUNAL DE JUSTIÇA DO ESTADO DE MINAS GERAIS;;;258;0;0002;28;846;3.3.90.91.99.00.00.00;1.500.000.0000;33909100000000;0,00;0,00;14.389,02;PAGAMENTO DE PRECATORIOS;SENTENÇAS JUDICIAIS
Especificação: ;;EMPENHO PARA COBRIR DESPESAS COM PAGAMENTO DE PRECATÓRIO E ATUALIZAÇÃO Nº GV-123-COMUM- PROCESSO Nº  0278295-22.2024.8.13.0056, EM FAVOR DE ROBERTO EDGAR DE ALMEIDA, OFÍCIO Nº 001/2026/GAB/SEFAZ, CONFORME TABELA ASPREC.;;;;;;;;;;;;;;;;;;;;;;;;;;;;;;;;;;;;;
668;PREFEITURA MUNICIPAL DE BARBACENA;;30708039;227;2026;ORDINARIO;0;0;EMPENHO PARA COBRIR DESPESAS COM PAGAMENTO DE PRECATÓRIO E ATUALIZAÇÃO Nº GV-124-COMUM- PROCESSO Nº  0222030-97.2024.8.13.0056, EM FAVOR DE REPROCOPIA COM.REPRESENT.ASSISTENCIA TECNICA LTDA, OFÍCIO Nº 001/2026/GAB/SEFAZ, CONFORME TABELA ASPREC.;02/01/26 00:00;20.685,03;0,00;20.685,03;0,00;0,00;0,00;0,00;0,00;0,00;0,00;0,00;0,00;1547289;TRIBUNAL DE JUSTIÇA DO ESTADO DE MINAS GERAIS;;;258;0;0002;28;846;3.3.90.91.99.00.00.00;1.500.000.0000;33909100000000;0,00;0,00;20.685,03;PAGAMENTO DE PRECATORIOS;SENTENÇAS JUDICIAIS
Especificação: ;;EMPENHO PARA COBRIR DESPESAS COM PAGAMENTO DE PRECATÓRIO E ATUALIZAÇÃO Nº GV-124-COMUM- PROCESSO Nº  0222030-97.2024.8.13.0056, EM FAVOR DE REPROCOPIA COM.REPRESENT.ASSISTENCIA TECNICA LTDA, OFÍCIO Nº 001/2026/GAB/SEFAZ, CONFORME TABELA ASPREC.;;;;;;;;;;;;;;;;;;;;;;;;;;;;;;;;;;;;;
668;PREFEITURA MUNICIPAL DE BARBACENA;;30708166;228;2026;ORDINARIO;0;0;EMPENHO PARA COBRIR DESPESAS COM PAGAMENTO DE PRECATÓRIO E ATUALIZAÇÃO Nº GV-125-COMUM- PROCESSO Nº  0025077-29.2025.8.13.00566, EM FAVOR DE ORLANDO ANTONIO DE FREITAS JUNIOR, OFÍCIO Nº 001/2026/GAB/SEFAZ, CONFORME TABELA ASPREC.;02/01/26 00:00;17.035,23;0,00;17.035,23;0,00;0,00;0,00;0,00;0,00;0,00;0,00;0,00;0,00;1547289;TRIBUNAL DE JUSTIÇA DO ESTADO DE MINAS GERAIS;;;258;0;0002;28;846;3.3.90.91.99.00.00.00;1.500.000.0000;33909100000000;0,00;0,00;17.035,23;PAGAMENTO DE PRECATORIOS;SENTENÇAS JUDICIAIS
Especificação: ;;EMPENHO PARA COBRIR DESPESAS COM PAGAMENTO DE PRECATÓRIO E ATUALIZAÇÃO Nº GV-125-COMUM- PROCESSO Nº  0025077-29.2025.8.13.00566, EM FAVOR DE ORLANDO ANTONIO DE FREITAS JUNIOR, OFÍCIO Nº 001/2026/GAB/SEFAZ, CONFORME TABELA ASPREC.;;;;;;;;;;;;;;;;;;;;;;;;;;;;;;;;;;;;;
668;PREFEITURA MUNICIPAL DE BARBACENA;;30708350;229;2026;ORDINARIO;0;0;EMPENHO PARA COBRIR DESPESAS COM PAGAMENTO DE PRECATÓRIO E ATUALIZAÇÃO Nº GV-126-COMUM- PROCESSO Nº  0020170-45.2024.8.13.0056, EM FAVOR DE DIAGNOSTIVOS DA AMERICA S/A, OFÍCIO Nº 001/2026/GAB/SEFAZ, CONFORME TABELA ASPREC.;02/01/26 00:00;378.828,39;0,00;378.828,39;0,00;0,00;0,00;0,00;0,00;0,00;0,00;0,00;0,00;1547289;TRIBUNAL DE JUSTIÇA DO ESTADO DE MINAS GERAIS;;;258;0;0002;28;846;3.3.90.91.99.00.00.00;1.500.000.0000;33909100000000;0,00;0,00;378.828,39;PAGAMENTO DE PRECATORIOS;SENTENÇAS JUDICIAIS
Especificação: ;;EMPENHO PARA COBRIR DESPESAS COM PAGAMENTO DE PRECATÓRIO E ATUALIZAÇÃO Nº GV-126-COMUM- PROCESSO Nº  0020170-45.2024.8.13.0056, EM FAVOR DE DIAGNOSTIVOS DA AMERICA S/A, OFÍCIO Nº 001/2026/GAB/SEFAZ, CONFORME TABELA ASPREC.;;;;;;;;;;;;;;;;;;;;;;;;;;;;;;;;;;;;;
668;PREFEITURA MUNICIPAL DE BARBACENA;;30278449;23;2026;ESTIMATIVO;0;0;EMPENHO PARA COBRIR DESPESA COM PESQUISAS,EMISSÃO DE CERTIDÕES DE MATRÍCULAS,REGISTRO DE IMÓVEIS E AVERBAÇÕES,DURANTE O EXERCÍCIO DE 2026, EM ATENDIMENTO A ADVOCACIA GERAL DO MUNICÍPIO,CONFORME OFICIO Nº 002/2026-AGM.;02/01/26 00:00;3.000,00;0,00;65,81;0,00;65,81;0,00;0,00;0,00;0,00;0,00;0,00;0,00;1601165;1º OFICIO REGISTRO DE IMOVEIS DE BARBACENA;91745;1;265;11;2131;3;122;3.3.90.39.99.00.00.00;1.500.000.0000;33903900000000;65,81;0,00;2.934,19;MANUTENÇAO DA AGM;OUTROS SERVIÇOS DE TERCEIROS - PESSOA JURÍDICA
Especificação: ;;EMPENHO PARA COBRIR DESPESA COM PESQUISAS,EMISSÃO DE CERTIDÕES DE MATRÍCULAS,REGISTRO DE IMÓVEIS E AVERBAÇÕES,DURANTE O EXERCÍCIO DE 2026, EM ATENDIMENTO A ADVOCACIA GERAL DO MUNICÍPIO,CONFORME OFICIO Nº 002/2026-AGM.;;;;;;;;;;;;;;;;;;;;;;;;;;;;;;;;;;;;;
668;PREFEITURA MUNICIPAL DE BARBACENA;;30708540;230;2026;ORDINARIO;0;0;EMPENHO PARA COBRIR DESPESAS COM PAGAMENTO DE PRECATÓRIO E ATUALIZAÇÃO Nº GV-127-COMUM- PROCESSO Nº  0053122-42.2025.8.13.0024, EM FAVOR DE EMPRESA DE TRANSP.TRANSITO DE BELO HORIZONTE S/A, OFÍCIO Nº 001/2026/GAB/SEFAZ, CONFORME TABELA ASPREC.;02/01/26 00:00;33.906,61;0,00;33.906,61;0,00;0,00;0,00;0,00;0,00;0,00;0,00;0,00;0,00;1547289;TRIBUNAL DE JUSTIÇA DO ESTADO DE MINAS GERAIS;;;258;0;0002;28;846;3.3.90.91.99.00.00.00;1.500.000.0000;33909100000000;0,00;0,00;33.906,61;PAGAMENTO DE PRECATORIOS;SENTENÇAS JUDICIAIS
Especificação: ;;EMPENHO PARA COBRIR DESPESAS COM PAGAMENTO DE PRECATÓRIO E ATUALIZAÇÃO Nº GV-127-COMUM- PROCESSO Nº  0053122-42.2025.8.13.0024, EM FAVOR DE EMPRESA DE TRANSP.TRANSITO DE BELO HORIZONTE S/A, OFÍCIO Nº 001/2026/GAB/SEFAZ, CONFORME TABELA ASPREC.;;;;;;;;;;;;;;;;;;;;;;;;;;;;;;;;;;;;;
668;PREFEITURA MUNICIPAL DE BARBACENA;;30713711;231;2026;GLOBAL;0;0;EMPENHO PARA COBRIR DESPESA COM REPASSE DE CONTRIBUIÇÕES  PARA A REFERIDA ASSOCIAÇÃO CONCERNENTE AO CONVÊNIO 002/2024,DURANTE O EXERCÍCIO DE 2026,CONFORME OFICIO Nº 002/2026-SEGAB.;02/01/26 00:00;607.844,72;0,00;0,00;0,00;0,00;0,00;0,00;0,00;0,00;0,00;0,00;0,00;1567608;AMMA-ASSOCIACAO MUN. DA MICRO-REGIAO MANTIQUEIRA;;;1200;11;2151;4;122;3.3.70.41.00.00.00.00;1.501.000.0000;33704100000000;0,00;0,00;607.844,72;PARCERIAS DE REPRESENTAÇAO E COOPERAÇAO INSTITUCIONAL;CONTRIBUIÇÕES
Especificação: ;;EMPENHO PARA COBRIR DESPESA COM REPASSE DE CONTRIBUIÇÕES  PARA A REFERIDA ASSOCIAÇÃO CONCERNENTE AO CONVÊNIO 002/2024,DURANTE O EXERCÍCIO DE 2026,CONFORME OFICIO Nº 002/2026-SEGAB.;;;;;;;;;;;;;;;;;;;;;;;;;;;;;;;;;;;;;
668;PREFEITURA MUNICIPAL DE BARBACENA;;30713860;232;2026;GLOBAL;0;0;EMPENHO PARA COBRIR DESPESA COM REPASSE DE CONTRIBUIÇÕES  PARA A REFERIDA ASSOCIAÇÃO CONCERNENTE AO CONVÊNIO 002/2024,DURANTE O EXERCÍCIO DE 2026,CONFORME OFICIO Nº 002/2026-SEGAB.;02/01/26 00:00;798.135,52;0,00;117.165,02;0,00;117.165,02;0,00;0,00;0,00;0,00;0,00;0,00;0,00;1567608;AMMA-ASSOCIACAO MUN. DA MICRO-REGIAO MANTIQUEIRA;;;1200;11;2151;4;122;3.3.70.41.00.00.00.00;1.500.000.0000;33704100000000;117.165,02;0,00;680.970,50;PARCERIAS DE REPRESENTAÇAO E COOPERAÇAO INSTITUCIONAL;CONTRIBUIÇÕES
Especificação: ;;EMPENHO PARA COBRIR DESPESA COM REPASSE DE CONTRIBUIÇÕES  PARA A REFERIDA ASSOCIAÇÃO CONCERNENTE AO CONVÊNIO 002/2024,DURANTE O EXERCÍCIO DE 2026,CONFORME OFICIO Nº 002/2026-SEGAB.;;;;;;;;;;;;;;;;;;;;;;;;;;;;;;;;;;;;;
668;PREFEITURA MUNICIPAL DE BARBACENA;;30365358;233;2026;GLOBAL;81;2025;EMPENHO PARA COBRIR DESPESA COM LOCAÇÃO DO IMÓVEL LOCALIZADO NA RUA CRUZ DAS ALMAS Nº 1568,BAIRRO SÃO JOSÉ-FRAÇÃO-1, QUE ABRIGA INSTALAÇÕES DA SECRETARIA MUNICIPAL DE URBANISMO, CONFORME  PROCESSO 81/2025, CONTRATO 50/2025, SOLICITAÇÃO DE FORNECIMENTO Nº 34/2026;02/01/26 00:00;33.000,00;0,00;0,00;0,00;0,00;0,00;0,00;0,00;0,00;0,00;0,00;0,00;7118809;RIBEIRO PARTICIPACOES E INVESTIMENTOS LTDA;577099635;4;567;11;2059;15;122;3.3.90.39.10.00.00.00;1.500.000.0000;33903900000000;0,00;0,00;33.000,00;MANUTENÇÃO DA SEMUR;OUTROS SERVIÇOS DE TERCEIROS - PESSOA JURÍDICA
Especificação: ;;EMPENHO PARA COBRIR DESPESA COM LOCAÇÃO DO IMÓVEL LOCALIZADO NA RUA CRUZ DAS ALMAS Nº 1568,BAIRRO SÃO JOSÉ-FRAÇÃO-1, QUE ABRIGA INSTALAÇÕES DA SECRETARIA MUNICIPAL DE URBANISMO, CONFORME  PROCESSO 81/2025, CONTRATO 50/2025, SOLICITAÇÃO DE FORNECIMENTO Nº 34/2026;;;;;;;;;;;;;;;;;;;;;;;;;;;;;;;;;;;;;
668;PREFEITURA MUNICIPAL DE BARBACENA;;30365852;234;2026;GLOBAL;81;2025;EMPENHO PARA COBRIR DESPESA COM LOCAÇÃO DO IMÓVEL LOCALIZADO NA RUA CRUZ DAS ALMAS Nº 1568,BAIRRO SÃO JOSÉ-FRAÇÃO-2, QUE ABRIGA INSTALAÇÕES DA SECRETARIA MUNICIPAL DE URBANISMO,CONFORME  PROCESSO 81/2025, CONTRATO 51/2025 E  SOLICITAÇÃO DE FORNECIMENTO Nº 38/2026.;02/01/26 00:00;33.000,00;0,00;0,00;0,00;0,00;0,00;0,00;0,00;0,00;0,00;0,00;0,00;7118715;JR PARTICIPACOES E INVESTIMENTOS LTDA;577099634;6;567;11;2059;15;122;3.3.90.39.10.00.00.00;1.500.000.0000;33903900000000;0,00;0,00;33.000,00;MANUTENÇÃO DA SEMUR;OUTROS SERVIÇOS DE TERCEIROS - PESSOA JURÍDICA
Especificação: ;;EMPENHO PARA COBRIR DESPESA COM LOCAÇÃO DO IMÓVEL LOCALIZADO NA RUA CRUZ DAS ALMAS Nº 1568,BAIRRO SÃO JOSÉ-FRAÇÃO-2, QUE ABRIGA INSTALAÇÕES DA SECRETARIA MUNICIPAL DE URBANISMO,CONFORME  PROCESSO 81/2025, CONTRATO 51/2025 E  SOLICITAÇÃO DE FORNECIMENTO Nº 38/2026.;;;;;;;;;;;;;;;;;;;;;;;;;;;;;;;;;;;;;
668;PREFEITURA MUNICIPAL DE BARBACENA;;30368533;235;2026;GLOBAL;81;2025;EMPENHO PARA COBRIR DESPESA COM LOCAÇÃO DO IMÓVEL LOCALIZADO NA RUA CRUZ DAS ALMAS Nº 1568,BAIRRO SÃO JOSÉ-FRAÇÃO-3, QUE ABRIGA INSTALAÇÕES DA SECRETARIA MUNICIPAL DE URBANISMO,CONFORME  PROCESSO 81/2025,CONTRATO 52/2025,SOLICITAÇÃO DE FORNECIMENTO Nº 45/2026 .;02/01/26 00:00;33.000,00;0,00;0,00;0,00;0,00;0,00;0,00;0,00;0,00;0,00;0,00;0,00;7184583;ISAMAR PARTICIPACOES E INVESTIMENTOS LTDA;11833;8;567;11;2059;15;122;3.3.90.39.10.00.00.00;1.500.000.0000;33903900000000;0,00;0,00;33.000,00;MANUTENÇÃO DA SEMUR;OUTROS SERVIÇOS DE TERCEIROS - PESSOA JURÍDICA
Especificação: ;;EMPENHO PARA COBRIR DESPESA COM LOCAÇÃO DO IMÓVEL LOCALIZADO NA RUA CRUZ DAS ALMAS Nº 1568,BAIRRO SÃO JOSÉ-FRAÇÃO-3, QUE ABRIGA INSTALAÇÕES DA SECRETARIA MUNICIPAL DE URBANISMO,CONFORME  PROCESSO 81/2025,CONTRATO 52/2025,SOLICITAÇÃO DE FORNECIMENTO Nº 45/2026 .;;;;;;;;;;;;;;;;;;;;;;;;;;;;;;;;;;;;;
668;PREFEITURA MUNICIPAL DE BARBACENA;;30714725;236;2026;ORDINARIO;0;0;PAGAMENTO DE PRECATÓRIO REF. HONORÁRIOS ADVOCATÍCIOS REF. PROCESSO NR 6000054-15.2025.4.06.9333.;02/01/26 00:00;12.677,48;0,00;12.677,48;0,00;0,00;0,00;0,00;0,00;0,00;0,00;0,00;0,00;5619335;TRIBUNAL REGIONAL FEDERAL DA 6A REGIÃO;;;257;0;0002;28;846;3.1.90.91.99.00.00.00;1.500.000.0000;31909100000000;0,00;0,00;12.677,48;PAGAMENTO DE PRECATORIOS;SENTENÇAS JUDICIAIS
Especificação: ;;PAGAMENTO DE PRECATÓRIO REF. HONORÁRIOS ADVOCATÍCIOS REF. PROCESSO NR 6000054-15.2025.4.06.9333.;;;;;;;;;;;;;;;;;;;;;;;;;;;;;;;;;;;;;
668;PREFEITURA MUNICIPAL DE BARBACENA;;30390294;237;2026;GLOBAL;81;2025;EMPENHO PARA COBRIR DESPESA COM LOCAÇÃODO IMÓVEL LOCALIZADO NA RUA CRUZ DAS ALMAS Nº 1568,BAIRRO SÃO JOSÉ-FRAÇÃO 4, QUE ABRIGA INSTALAÇÕES DA SECRETARIA MUNICIPAL DE URBANISMO,CONFORME  PROCESSO 81/2025,CONTRATO 53/2025,SOLICITAÇÃO DE FORNECIMENTO Nº 49/2026.;02/01/26 00:00;33.000,00;0,00;0,00;0,00;0,00;0,00;0,00;0,00;0,00;0,00;0,00;0,00;7118730;LUMAR PARTICIPACOES E INVESTIMENTOS LTDA;85918;4;567;11;2059;15;122;3.3.90.39.10.00.00.00;1.500.000.0000;33903900000000;0,00;0,00;33.000,00;MANUTENÇÃO DA SEMUR;OUTROS SERVIÇOS DE TERCEIROS - PESSOA JURÍDICA
Especificação: ;;EMPENHO PARA COBRIR DESPESA COM LOCAÇÃODO IMÓVEL LOCALIZADO NA RUA CRUZ DAS ALMAS Nº 1568,BAIRRO SÃO JOSÉ-FRAÇÃO 4, QUE ABRIGA INSTALAÇÕES DA SECRETARIA MUNICIPAL DE URBANISMO,CONFORME  PROCESSO 81/2025,CONTRATO 53/2025,SOLICITAÇÃO DE FORNECIMENTO Nº 49/2026.;;;;;;;;;;;;;;;;;;;;;;;;;;;;;;;;;;;;;
668;PREFEITURA MUNICIPAL DE BARBACENA;;30390483;238;2026;GLOBAL;81;2025;EMPENHO PARA COBRIR DESPESA COM LOCAÇÃODO IMÓVEL LOCALIZADO NA RUA CRUZ DAS ALMAS Nº 1568,BAIRRO SÃO JOSÉ-FRAÇÃO 4, QUE ABRIGA INSTALAÇÕES DA SECRETARIA MUNICIPAL OBRAS PUBLICAS,CONFORME  PROCESSO 81/2025,CONTRATO 53/2025,SOLICITAÇÃO DE FORNECIMENTO Nº 50/2026.;02/01/26 00:00;33.000,00;0,00;0,00;0,00;0,00;0,00;0,00;0,00;0,00;0,00;0,00;0,00;7118730;LUMAR PARTICIPACOES E INVESTIMENTOS LTDA;85918;4;140;11;2100;15;451;3.3.90.39.10.00.00.00;1.500.000.0000;33903900000000;0,00;0,00;33.000,00;MANUTENÇAO DA SEMOP;OUTROS SERVIÇOS DE TERCEIROS - PESSOA JURÍDICA
Especificação: ;;EMPENHO PARA COBRIR DESPESA COM LOCAÇÃODO IMÓVEL LOCALIZADO NA RUA CRUZ DAS ALMAS Nº 1568,BAIRRO SÃO JOSÉ-FRAÇÃO 4, QUE ABRIGA INSTALAÇÕES DA SECRETARIA MUNICIPAL OBRAS PUBLICAS,CONFORME  PROCESSO 81/2025,CONTRATO 53/2025,SOLICITAÇÃO DE FORNECIMENTO Nº 50/2026.;;;;;;;;;;;;;;;;;;;;;;;;;;;;;;;;;;;;;
668;PREFEITURA MUNICIPAL DE BARBACENA;;30278535;24;2026;ESTIMATIVO;0;0;EMPENHO PARA COBRIR DESPESA COM PESQUISAS,EMISSÃO DE CERTIDÕES DE MATRÍCULAS,REGISTRO DE IMÓVEIS E AVERBAÇÕES EM ATENDIMENTO A ADVOVACIA GERAL DO MUNICÍPIO,DURANTE O EXERCÍCIO DE 2026,CONFORME OFICIO Nº 002/2026-SESP.;02/01/26 00:00;3.000,00;0,00;0,00;0,00;0,00;0,00;0,00;0,00;0,00;0,00;0,00;0,00;1556307;SEGUNDO CARTORIO DE REGISTRO DE IMOVEIS;1900005;;265;11;2131;3;122;3.3.90.39.99.00.00.00;1.500.000.0000;33903900000000;0,00;0,00;3.000,00;MANUTENÇAO DA AGM;OUTROS SERVIÇOS DE TERCEIROS - PESSOA JURÍDICA
Especificação: ;;EMPENHO PARA COBRIR DESPESA COM PESQUISAS,EMISSÃO DE CERTIDÕES DE MATRÍCULAS,REGISTRO DE IMÓVEIS E AVERBAÇÕES EM ATENDIMENTO A ADVOVACIA GERAL DO MUNICÍPIO,DURANTE O EXERCÍCIO DE 2026,CONFORME OFICIO Nº 002/2026-SESP.;;;;;;;;;;;;;;;;;;;;;;;;;;;;;;;;;;;;;
668;PREFEITURA MUNICIPAL DE BARBACENA;;30721929;241;2026;GLOBAL;0;0;EMPENHO PARA COBRIR DESPESA COM REPASSE DE CONTRIBUIÇÕES MENSAIS PARA A REFERIDA CONFEDERAÇÃO.DURANTE O EXERCÍCIO DE 2026,CONFORME OFICIO Nº 001/2026-SEGAB.;02/01/26 00:00;41.052,00;0,00;3.248,00;0,00;3.248,00;0,00;0,00;0,00;0,00;0,00;0,00;0,00;1543364;CONFEDERACAO NACIONAL DE MUNICIPIOS;;;1200;11;2151;4;122;3.3.70.41.00.00.00.00;1.500.000.0000;33704100000000;3.248,00;0,00;37.804,00;PARCERIAS DE REPRESENTAÇAO E COOPERAÇAO INSTITUCIONAL;CONTRIBUIÇÕES
Especificação: ;;EMPENHO PARA COBRIR DESPESA COM REPASSE DE CONTRIBUIÇÕES MENSAIS PARA A REFERIDA CONFEDERAÇÃO.DURANTE O EXERCÍCIO DE 2026,CONFORME OFICIO Nº 001/2026-SEGAB.;;;;;;;;;;;;;;;;;;;;;;;;;;;;;;;;;;;;;
668;PREFEITURA MUNICIPAL DE BARBACENA;;30722435;242;2026;GLOBAL;0;0;EMPENHO PARA COBRIR DESPESA COM PRESTAÇÃO DE SERVIÇO DE NATUREZA CONTINUADA COM DEDICAÇÃO EXCLUSIVA DE MÃO DE OBRA PARA CONTROLE DE ACESSO A PRÉDIOS PÚBLICOS, EM ATENDIMENTO A SEDUC, CONFORME PROCESSO 69/2022,  4° TERMO ADITIVO AO CONTRATO N° 208/2022, OFICIO N° 05/2026 - GCM.;02/01/26 00:00;1.218.306,10;0,00;0,00;0,00;0,00;0,00;0,00;0,00;0,00;0,00;0,00;0,00;3095490;LIDER PRESTADORA DE SERVICOS EIRELI;208611;5;801;15;2204;12;361;3.3.90.39.99.00.00.00;1.500.000.1001;33903900000000;0,00;0,00;1.218.306,10;PESSOAL E ENCARGOS SOCIAIS DO ENSINO FUNDAMENTAL;OUTROS SERVIÇOS DE TERCEIROS - PESSOA JURÍDICA
Especificação: ;;EMPENHO PARA COBRIR DESPESA COM PRESTAÇÃO DE SERVIÇO DE NATUREZA CONTINUADA COM DEDICAÇÃO EXCLUSIVA DE MÃO DE OBRA PARA CONTROLE DE ACESSO A PRÉDIOS PÚBLICOS, EM ATENDIMENTO A SEDUC, CONFORME PROCESSO 69/2022,  4° TERMO ADITIVO AO CONTRATO N° 208/2022, OFICIO N° 05/2026 - GCM.;;;;;;;;;;;;;;;;;;;;;;;;;;;;;;;;;;;;;
668;PREFEITURA MUNICIPAL DE BARBACENA;;30365321;243;2026;GLOBAL;81;2025;EMPENHO PARA COBRIR DESPESA COM LOCAÇÃO DO IMÓVEL LOCALIZADO NA RUA CRUZ DAS ALMAS Nº 1568,BAIRRO SÃO JOSÉ, QUE ABRIGA INSTALAÇÕES DA SEDUC, CONFORME  PROCESSO 81/2025, CONTRATO 50/2025, SOLICITAÇÃO DE FORNECIMENTO Nº 32/2026.;02/01/26 00:00;60.000,00;0,00;0,00;0,00;0,00;0,00;0,00;0,00;0,00;0,00;0,00;0,00;7118809;RIBEIRO PARTICIPACOES E INVESTIMENTOS LTDA;577099635;4;748;11;2125;12;122;3.3.90.39.10.00.00.00;1.500.000.1001;33903900000000;0,00;0,00;60.000,00;MANUTENÇÃO DA SEDUC;OUTROS SERVIÇOS DE TERCEIROS - PESSOA JURÍDICA
Especificação: ;;EMPENHO PARA COBRIR DESPESA COM LOCAÇÃO DO IMÓVEL LOCALIZADO NA RUA CRUZ DAS ALMAS Nº 1568,BAIRRO SÃO JOSÉ, QUE ABRIGA INSTALAÇÕES DA SEDUC, CONFORME  PROCESSO 81/2025, CONTRATO 50/2025, SOLICITAÇÃO DE FORNECIMENTO Nº 32/2026.;;;;;;;;;;;;;;;;;;;;;;;;;;;;;;;;;;;;;
668;PREFEITURA MUNICIPAL DE BARBACENA;;30370070;244;2026;GLOBAL;81;2025;EMPENHO PARA COBRIR DESPESA COM LOCAÇÃO DO IMÓVEL LOCALIZADO NA RUA CRUZ DAS ALMAS Nº 1568,BAIRRO SÃO JOSÉ, QUE ABRIGA INSTALAÇÕES DA SEDUC, CONFORME  PROCESSO 81/2025, CONTRATO 50/2025, SOLICITAÇÃO DE FORNECIMENTO Nº 46/2026.;02/01/26 00:00;60.000,00;0,00;0,00;0,00;0,00;0,00;0,00;0,00;0,00;0,00;0,00;0,00;7118730;LUMAR PARTICIPACOES E INVESTIMENTOS LTDA;85918;4;748;11;2125;12;122;3.3.90.39.10.00.00.00;1.500.000.1001;33903900000000;0,00;0,00;60.000,00;MANUTENÇÃO DA SEDUC;OUTROS SERVIÇOS DE TERCEIROS - PESSOA JURÍDICA
Especificação: ;;EMPENHO PARA COBRIR DESPESA COM LOCAÇÃO DO IMÓVEL LOCALIZADO NA RUA CRUZ DAS ALMAS Nº 1568,BAIRRO SÃO JOSÉ, QUE ABRIGA INSTALAÇÕES DA SEDUC, CONFORME  PROCESSO 81/2025, CONTRATO 50/2025, SOLICITAÇÃO DE FORNECIMENTO Nº 46/2026.;;;;;;;;;;;;;;;;;;;;;;;;;;;;;;;;;;;;;
668;PREFEITURA MUNICIPAL DE BARBACENA;;30368258;245;2026;GLOBAL;81;2025;EMPENHO PARA COBRIR DESPESA COM LOCAÇÃO DO IMÓVEL LOCALIZADO NA RUA CRUZ DAS ALMAS Nº 1568,BAIRRO SÃO JOSÉ, QUE ABRIGA INSTALAÇÕES DA SEDUC, CONFORME  PROCESSO 81/2025, CONTRATO 50/2025, SOLICITAÇÃO DE FORNECIMENTO Nº 43/2026.;02/01/26 00:00;60.000,00;0,00;0,00;0,00;0,00;0,00;0,00;0,00;0,00;0,00;0,00;0,00;7184583;ISAMAR PARTICIPACOES E INVESTIMENTOS LTDA;11833;8;748;11;2125;12;122;3.3.90.39.10.00.00.00;1.500.000.1001;33903900000000;0,00;0,00;60.000,00;MANUTENÇÃO DA SEDUC;OUTROS SERVIÇOS DE TERCEIROS - PESSOA JURÍDICA
Especificação: ;;EMPENHO PARA COBRIR DESPESA COM LOCAÇÃO DO IMÓVEL LOCALIZADO NA RUA CRUZ DAS ALMAS Nº 1568,BAIRRO SÃO JOSÉ, QUE ABRIGA INSTALAÇÕES DA SEDUC, CONFORME  PROCESSO 81/2025, CONTRATO 50/2025, SOLICITAÇÃO DE FORNECIMENTO Nº 43/2026.;;;;;;;;;;;;;;;;;;;;;;;;;;;;;;;;;;;;;
668;PREFEITURA MUNICIPAL DE BARBACENA;;30366643;246;2026;GLOBAL;81;2025;EMPENHO PARA COBRIR DESPESA COM LOCAÇÃO DO IMÓVEL LOCALIZADO NA RUA CRUZ DAS ALMAS Nº 1568,BAIRRO SÃO JOSÉ, QUE ABRIGA INSTALAÇÕES DA SEDUC, CONFORME  PROCESSO 81/2025, CONTRATO 50/2025, SOLICITAÇÃO DE FORNECIMENTO Nº 40/2026.;02/01/26 00:00;60.000,00;0,00;0,00;0,00;0,00;0,00;0,00;0,00;0,00;0,00;0,00;0,00;7118715;JR PARTICIPACOES E INVESTIMENTOS LTDA;577099634;6;748;11;2125;12;122;3.3.90.39.10.00.00.00;1.500.000.1001;33903900000000;0,00;0,00;60.000,00;MANUTENÇÃO DA SEDUC;OUTROS SERVIÇOS DE TERCEIROS - PESSOA JURÍDICA
Especificação: ;;EMPENHO PARA COBRIR DESPESA COM LOCAÇÃO DO IMÓVEL LOCALIZADO NA RUA CRUZ DAS ALMAS Nº 1568,BAIRRO SÃO JOSÉ, QUE ABRIGA INSTALAÇÕES DA SEDUC, CONFORME  PROCESSO 81/2025, CONTRATO 50/2025, SOLICITAÇÃO DE FORNECIMENTO Nº 40/2026.;;;;;;;;;;;;;;;;;;;;;;;;;;;;;;;;;;;;;
668;PREFEITURA MUNICIPAL DE BARBACENA;;30724372;248;2026;GLOBAL;0;0;EMPENHO PARA COBRIR DESPESA COM REPASSE REFERENTE AO 5º TERMO ADITIVO AO CONVÊNIO Nº 4010/2022,FIRMADO ENTRE O CORPO DE BOMBEIROS MILITAR DE MINAS GERAIS-2ª COMPANHIA INDEPENDENTE E O MUNICÍPIO, COM O OBJETIVO DE CONJUGAR ESFORÇOS,COM ATUAÇÃO HARMÔNICA E SEM INTUITO LUCRATIVO, PARA A EXECUÇÃO PELO  CBMMG,DOS SERVIÇOS DE PREVENÇÃO E DE COMBATE A INCÊNDIO,BUSCA E SALVAMENTO,RESGATE E DEFESA CIVIL NO MUNICÍPIO E REGIÃO,BEM COMO O DESENVOLVIMENTO DAS AÇÕES POR PARTE DA PREFEITURA MUNICIPAL DE BARBACENA, DURANTE O EXERCÍCIO DE 2026,CONFORME OFICIO Nº 001/2026-SEGAB.;02/01/26 00:00;100.000,00;0,00;0,00;0,00;0,00;0,00;0,00;0,00;0,00;0,00;0,00;0,00;2510603;CORPO DE BOMBEIRO MILITAR DE MINAS GERAIS;;;1200;11;2151;4;122;3.3.70.41.00.00.00.00;1.501.000.0000;33704100000000;0,00;0,00;100.000,00;PARCERIAS DE REPRESENTAÇAO E COOPERAÇAO INSTITUCIONAL;CONTRIBUIÇÕES
Especificação: ;;EMPENHO PARA COBRIR DESPESA COM REPASSE REFERENTE AO 5º TERMO ADITIVO AO CONVÊNIO Nº 4010/2022,FIRMADO ENTRE O CORPO DE BOMBEIROS MILITAR DE MINAS GERAIS-2ª COMPANHIA INDEPENDENTE E O MUNICÍPIO, COM O OBJETIVO DE CONJUGAR ESFORÇOS,COM ATUAÇÃO HARMÔNICA E SEM INTUITO LUCRATIVO, PARA A EXECUÇÃO PELO  CBMMG,DOS SERVIÇOS DE PREVENÇÃO E DE COMBATE A INCÊNDIO,BUSCA E SALVAMENTO,RESGATE E DEFESA CIVIL NO MUNICÍPIO E REGIÃO,BEM COMO O DESENVOLVIMENTO DAS AÇÕES POR PARTE DA PREFEITURA MUNICIPAL DE BARBACENA, DURANTE O EXERCÍCIO DE 2026,CONFORME OFICIO Nº 001/2026-SEGAB.;;;;;;;;;;;;;;;;;;;;;;;;;;;;;;;;;;;;;
668;PREFEITURA MUNICIPAL DE BARBACENA;;30468396;249;2026;GLOBAL;52;2021;EMPENHO PARA COBRIR DESPESA COM PRESTAÇÃO DE SERVIÇOS CONTÍNUOS DE OTIMIZAÇÃO DE RECEITAS E DESP MUNICIPAIS,ATRAVÉS DE PLATAFORMA DIGITAL,NA MODALIDADE DE SOFTWARE COMO SERV.(SAAS-SOFTWARE AS A SERVICE),APOIO TÉCNICO EM FINANÇAS MUNICIPAIS,INCLUINDO HOSPEDAGEM EM NUVEM E CONSULTORIA DE IMPLANTAÇÃO NO MUNICÍPIO,CONFORME PROCESSO 52/2021, CONTRATO 062/2021  E SOLICITAÇÃO DE FORNECIMENTO Nº 57/2026.;02/01/26 00:00;38.920,00;0,00;19.460,00;0,00;0,00;0,00;0,00;0,00;0,00;0,00;0,00;0,00;1543969;MUOVE BRASIL SA;1438075;7;125;11;2181;4;122;3.3.90.39.99.00.00.00;1.500.000.0000;33903900000000;0,00;0,00;38.920,00;MANUTENÇAO DA SEGOV;OUTROS SERVIÇOS DE TERCEIROS - PESSOA JURÍDICA
Especificação: ;;EMPENHO PARA COBRIR DESPESA COM PRESTAÇÃO DE SERVIÇOS CONTÍNUOS DE OTIMIZAÇÃO DE RECEITAS E DESP MUNICIPAIS,ATRAVÉS DE PLATAFORMA DIGITAL,NA MODALIDADE DE SOFTWARE COMO SERV.(SAAS-SOFTWARE AS A SERVICE),APOIO TÉCNICO EM FINANÇAS MUNICIPAIS,INCLUINDO HOSPEDAGEM EM NUVEM E CONSULTORIA DE IMPLANTAÇÃO NO MUNICÍPIO,CONFORME PROCESSO 52/2021, CONTRATO 062/2021  E SOLICITAÇÃO DE FORNECIMENTO Nº 57/2026.;;;;;;;;;;;;;;;;;;;;;;;;;;;;;;;;;;;;;
668;PREFEITURA MUNICIPAL DE BARBACENA;;30278772;25;2026;ESTIMATIVO;0;0;EMPENHO PARA COBRIR DESPESA COM EMISSÃO DE CERTIDÕES,AUTENTICAÇÕES, AVERBAÇÕES E RECONHECIMENTO EM ATENDIMENTO A ADVOVACIA GERAL DO MUNICÍPIO,DURANTE O EXERCÍCIO DE 2026,CONFORME OFICIO Nº 002/2026-SESP.;02/01/26 00:00;3.000,00;0,00;0,00;0,00;0,00;0,00;0,00;0,00;0,00;0,00;0,00;0,00;1601168;BARBACENA CARTORIO 2§ OFICIO DE NOTAS;;;265;11;2131;3;122;3.3.90.39.99.00.00.00;1.500.000.0000;33903900000000;0,00;0,00;3.000,00;MANUTENÇAO DA AGM;OUTROS SERVIÇOS DE TERCEIROS - PESSOA JURÍDICA
Especificação: ;;EMPENHO PARA COBRIR DESPESA COM EMISSÃO DE CERTIDÕES,AUTENTICAÇÕES, AVERBAÇÕES E RECONHECIMENTO EM ATENDIMENTO A ADVOVACIA GERAL DO MUNICÍPIO,DURANTE O EXERCÍCIO DE 2026,CONFORME OFICIO Nº 002/2026-SESP.;;;;;;;;;;;;;;;;;;;;;;;;;;;;;;;;;;;;;
668;PREFEITURA MUNICIPAL DE BARBACENA;;30674248;250;2026;GLOBAL;220;2022;EMPENHO PARA COBRIR DESPESA COM LOCAÇÃO DE SISTEMA DIGITAL DE BANDA LARGA (3G/4G/LTE E WI-FI0 ATRAVÉS DE ESTAÇÕES TERMINAIS DE ACESSO(ETA) EM ATENDIMENTO A GUARDA MUNICIPAL,CONFORME  PROCESSO 220/2022,CONTRATO 14/2023 E SOLICITAÇÃO DE FORNECIMENTO Nº 72/2026.;02/01/26 00:00;26.174,91;0,00;0,00;0,00;0,00;0,00;0,00;0,00;0,00;0,00;0,00;0,00;3162943;INOVAPTT TECNOLOGIA LTDA;57599;7;941;11;2145;6;122;3.3.90.40.02.00.00.00;1.500.000.0000;33904000000000;0,00;0,00;26.174,91;MANUTENÇAO DA GCM;SERVIÇOS DE TECNOLOGIA DA INFORMAÇÃO E COMUNICAÇ
Especificação: ;;EMPENHO PARA COBRIR DESPESA COM LOCAÇÃO DE SISTEMA DIGITAL DE BANDA LARGA (3G/4G/LTE E WI-FI0 ATRAVÉS DE ESTAÇÕES TERMINAIS DE ACESSO(ETA) EM ATENDIMENTO A GUARDA MUNICIPAL,CONFORME  PROCESSO 220/2022,CONTRATO 14/2023 E SOLICITAÇÃO DE FORNECIMENTO Nº 72/2026.;;;;;;;;;;;;;;;;;;;;;;;;;;;;;;;;;;;;;
668;PREFEITURA MUNICIPAL DE BARBACENA;;30278836;26;2026;ESTIMATIVO;0;0;EMPENHO PARA COBRIR DESPESA COM CUSTA E DILIGÊNCIA NO ÂMBITO DO TRIBUNAL  DE JUSTIÇA DE MINAS GERAIS DOS PROCESSOS A CARGO DA ADVOCACIA GERAL DO MUNICÍPIO DE BARBACENA,DURANTE O EXERCÍCIO DE 2026,CONFORME  MEMORANDO Nº 002/2026-AGM.;02/01/26 00:00;70.000,00;0,00;643,60;0,00;643,60;0,00;0,00;0,00;0,00;0,00;0,00;0,00;1547289;TRIBUNAL DE JUSTIÇA DO ESTADO DE MINAS GERAIS;;;265;11;2131;3;122;3.3.90.39.99.00.00.00;1.500.000.0000;33903900000000;643,60;0,00;69.356,40;MANUTENÇAO DA AGM;OUTROS SERVIÇOS DE TERCEIROS - PESSOA JURÍDICA
Especificação: ;;EMPENHO PARA COBRIR DESPESA COM CUSTA E DILIGÊNCIA NO ÂMBITO DO TRIBUNAL  DE JUSTIÇA DE MINAS GERAIS DOS PROCESSOS A CARGO DA ADVOCACIA GERAL DO MUNICÍPIO DE BARBACENA,DURANTE O EXERCÍCIO DE 2026,CONFORME  MEMORANDO Nº 002/2026-AGM.;;;;;;;;;;;;;;;;;;;;;;;;;;;;;;;;;;;;;
668;PREFEITURA MUNICIPAL DE BARBACENA;;30278969;27;2026;ESTIMATIVO;0;0;EMPENHO PARA COBRIR DESPESA COM CUSTAS E DILIGÊNCIAS NO ÂMBITO DO TRIBUNAL REGIONAL DA 1ª REGIÃO DOS PROCESSOS  A CARGO DA ADVOCACIA GERAL DO MUNICÍPIO DE BARBACENA,DURANTE O EXERCÍCIO DE 2026,CONFORME  MEMORANDO Nº 002/2026-AGM.;02/01/26 00:00;1.000,00;0,00;0,00;0,00;0,00;0,00;0,00;0,00;0,00;0,00;0,00;0,00;1543422;TRIBUNAL REGIONAL FEDERAL 1ª REGIÃO;;;265;11;2131;3;122;3.3.90.39.99.00.00.00;1.500.000.0000;33903900000000;0,00;0,00;1.000,00;MANUTENÇAO DA AGM;OUTROS SERVIÇOS DE TERCEIROS - PESSOA JURÍDICA
Especificação: ;;EMPENHO PARA COBRIR DESPESA COM CUSTAS E DILIGÊNCIAS NO ÂMBITO DO TRIBUNAL REGIONAL DA 1ª REGIÃO DOS PROCESSOS  A CARGO DA ADVOCACIA GERAL DO MUNICÍPIO DE BARBACENA,DURANTE O EXERCÍCIO DE 2026,CONFORME  MEMORANDO Nº 002/2026-AGM.;;;;;;;;;;;;;;;;;;;;;;;;;;;;;;;;;;;;;
668;PREFEITURA MUNICIPAL DE BARBACENA;;30279043;28;2026;ESTIMATIVO;0;0;EMPENHO PARA COBRIR DESPESA COM CUSTAS E DILIGÊNCIAS NO ÂMBITO DO TRIBUNAL REGIONAL DA 6ª REGIÃO DOS PROCESSOS  A CARGO DA ADVOCACIA GERAL DO MUNICÍPIO DE BARBACENA,DURANTE O EXERCÍCIO DE 2026,CONFORME  MEMORANDO Nº 002/2026-AGM.;02/01/26 00:00;3.000,00;0,00;0,00;0,00;0,00;0,00;0,00;0,00;0,00;0,00;0,00;0,00;5619335;TRIBUNAL REGIONAL FEDERAL DA 6A REGIÃO;;;265;11;2131;3;122;3.3.90.39.99.00.00.00;1.500.000.0000;33903900000000;0,00;0,00;3.000,00;MANUTENÇAO DA AGM;OUTROS SERVIÇOS DE TERCEIROS - PESSOA JURÍDICA
Especificação: ;;EMPENHO PARA COBRIR DESPESA COM CUSTAS E DILIGÊNCIAS NO ÂMBITO DO TRIBUNAL REGIONAL DA 6ª REGIÃO DOS PROCESSOS  A CARGO DA ADVOCACIA GERAL DO MUNICÍPIO DE BARBACENA,DURANTE O EXERCÍCIO DE 2026,CONFORME  MEMORANDO Nº 002/2026-AGM.;;;;;;;;;;;;;;;;;;;;;;;;;;;;;;;;;;;;;
668;PREFEITURA MUNICIPAL DE BARBACENA;;30673360;280;2026;ESTIMATIVO;127;2022;EMPENHO PARA COBRIR DESPESA COM FORNECIMENTO DE REFEIÇÕES DO TIPO MARMITEX,EM ATENDIMENTO A SECRETARIA MUNICIPAL DE ASSISTÊNCIA SOCIAL/CASA DE ACOLHIMENTO INSTITUCIONAL -CAIB E A POPULAÇÃO EM SITUAÇÃO DE RUA ACOLHIDOS NA CASA DE PASSAGEM/NUCLEO DO CIDADÃO DE RUA CONFORME PROCESSO 127/2022,CONTRATO 219/2023 E SOLICITAÇÃO DE FORNECIMENTO Nº 70/2025.SEMAS.;02/01/26 00:00;37.818,75;0,00;0,00;0,00;0,00;0,00;0,00;0,00;0,00;0,00;0,00;0,00;2960334;VINICIUS LEONARDO DO NASCIMENTO LTDA;;;442;58;2310;8;244;3.3.90.39.27.00.00.00;1.500.000.0000;33903900000000;0,00;0,00;37.818,75;MANUTENÇÃO DA CASA DE ACOLHIMENTO INSTITUCIONAL CRIANÇA E ADOLESCENTE;OUTROS SERVIÇOS DE TERCEIROS - PESSOA JURÍDICA
Especificação: ;;EMPENHO PARA COBRIR DESPESA COM FORNECIMENTO DE REFEIÇÕES DO TIPO MARMITEX,EM ATENDIMENTO A SECRETARIA MUNICIPAL DE ASSISTÊNCIA SOCIAL/CASA DE ACOLHIMENTO INSTITUCIONAL -CAIB E A POPULAÇÃO EM SITUAÇÃO DE RUA ACOLHIDOS NA CASA DE PASSAGEM/NUCLEO DO CIDADÃO DE RUA CONFORME PROCESSO 127/2022,CONTRATO 219/2023 E SOLICITAÇÃO DE FORNECIMENTO Nº 70/2025.SEMAS.;;;;;;;;;;;;;;;;;;;;;;;;;;;;;;;;;;;;;
668;PREFEITURA MUNICIPAL DE BARBACENA;;30673359;281;2026;ESTIMATIVO;127;2022;EMPENHO PARA COBRIR DESPESA COM FORNECIMENTO DE REFEIÇÕES DO TIPO MARMITEX,EM ATENDIMENTO A SECRETARIA MUNICIPAL DE ASSISTÊNCIA SOCIAL/CASA DE ACOLHIMENTO INSTITUCIONAL -CAIB E A POPULAÇÃO EM SITUAÇÃO DE RUA ACOLHIDOS NA CASA DE PASSAGEM/NUCLEO DO CIDADÃO DE RUA CONFORME PROCESSO 127/2022,CONTRATO 219/2023 E SOLICITAÇÃO DE FORNECIMENTO Nº 70/2025.SEMAS.;02/01/26 00:00;53.568,75;0,00;0,00;0,00;0,00;0,00;0,00;0,00;0,00;0,00;0,00;0,00;2960334;VINICIUS LEONARDO DO NASCIMENTO LTDA;;;442;58;2310;8;244;3.3.90.39.27.00.00.00;1.660.000.0000;33903900000000;0,00;0,00;53.568,75;MANUTENÇÃO DA CASA DE ACOLHIMENTO INSTITUCIONAL CRIANÇA E ADOLESCENTE;OUTROS SERVIÇOS DE TERCEIROS - PESSOA JURÍDICA
Especificação: ;;EMPENHO PARA COBRIR DESPESA COM FORNECIMENTO DE REFEIÇÕES DO TIPO MARMITEX,EM ATENDIMENTO A SECRETARIA MUNICIPAL DE ASSISTÊNCIA SOCIAL/CASA DE ACOLHIMENTO INSTITUCIONAL -CAIB E A POPULAÇÃO EM SITUAÇÃO DE RUA ACOLHIDOS NA CASA DE PASSAGEM/NUCLEO DO CIDADÃO DE RUA CONFORME PROCESSO 127/2022,CONTRATO 219/2023 E SOLICITAÇÃO DE FORNECIMENTO Nº 70/2025.SEMAS.;;;;;;;;;;;;;;;;;;;;;;;;;;;;;;;;;;;;;
668;PREFEITURA MUNICIPAL DE BARBACENA;;30673423;282;2026;ESTIMATIVO;127;2022;EMPENHO PARA COBRIR DESPESA COM FORNECIMENTO DE REFEIÇÕES DO TIPO MARMITEX,EM ATENDIMENTO A SECRETARIA MUNICIPAL DE ASSISTÊNCIA SOCIAL/CASA DE ACOLHIMENTO INSTITUCIONAL -CAIB E A POPULAÇÃO EM SITUAÇÃO DE RUA ACOLHIDOS NA CASA DE PASSAGEM/NUCLEO DO CIDADÃO DE RUA CONFORME PROCESSO 127/2022,CONTRATO 219/2023 E SOLICITAÇÃO DE FORNECIMENTO Nº 71/2025.SEMAS.;02/01/26 00:00;37.818,75;0,00;0,00;0,00;0,00;0,00;0,00;0,00;0,00;0,00;0,00;0,00;2960334;VINICIUS LEONARDO DO NASCIMENTO LTDA;;;458;58;2665;8;244;3.3.90.39.27.00.00.00;1.500.000.0000;33903900000000;0,00;0,00;37.818,75;MANUTENÇÃO DA CASA DE PASSAGEM;OUTROS SERVIÇOS DE TERCEIROS - PESSOA JURÍDICA
Especificação: ;;EMPENHO PARA COBRIR DESPESA COM FORNECIMENTO DE REFEIÇÕES DO TIPO MARMITEX,EM ATENDIMENTO A SECRETARIA MUNICIPAL DE ASSISTÊNCIA SOCIAL/CASA DE ACOLHIMENTO INSTITUCIONAL -CAIB E A POPULAÇÃO EM SITUAÇÃO DE RUA ACOLHIDOS NA CASA DE PASSAGEM/NUCLEO DO CIDADÃO DE RUA CONFORME PROCESSO 127/2022,CONTRATO 219/2023 E SOLICITAÇÃO DE FORNECIMENTO Nº 71/2025.SEMAS.;;;;;;;;;;;;;;;;;;;;;;;;;;;;;;;;;;;;;
668;PREFEITURA MUNICIPAL DE BARBACENA;;30673422;283;2026;ESTIMATIVO;127;2022;EMPENHO PARA COBRIR DESPESA COM FORNECIMENTO DE REFEIÇÕES DO TIPO MARMITEX,EM ATENDIMENTO A SECRETARIA MUNICIPAL DE ASSISTÊNCIA SOCIAL/CASA DE ACOLHIMENTO INSTITUCIONAL -CAIB E A POPULAÇÃO EM SITUAÇÃO DE RUA ACOLHIDOS NA CASA DE PASSAGEM/NUCLEO DO CIDADÃO DE RUA CONFORME PROCESSO 127/2022,CONTRATO 219/2023 E SOLICITAÇÃO DE FORNECIMENTO Nº 71/2025.SEMAS.;02/01/26 00:00;53.568,75;0,00;0,00;0,00;0,00;0,00;0,00;0,00;0,00;0,00;0,00;0,00;2960334;VINICIUS LEONARDO DO NASCIMENTO LTDA;;;458;58;2665;8;244;3.3.90.39.27.00.00.00;1.660.000.0000;33903900000000;0,00;0,00;53.568,75;MANUTENÇÃO DA CASA DE PASSAGEM;OUTROS SERVIÇOS DE TERCEIROS - PESSOA JURÍDICA
Especificação: ;;EMPENHO PARA COBRIR DESPESA COM FORNECIMENTO DE REFEIÇÕES DO TIPO MARMITEX,EM ATENDIMENTO A SECRETARIA MUNICIPAL DE ASSISTÊNCIA SOCIAL/CASA DE ACOLHIMENTO INSTITUCIONAL -CAIB E A POPULAÇÃO EM SITUAÇÃO DE RUA ACOLHIDOS NA CASA DE PASSAGEM/NUCLEO DO CIDADÃO DE RUA CONFORME PROCESSO 127/2022,CONTRATO 219/2023 E SOLICITAÇÃO DE FORNECIMENTO Nº 71/2025.SEMAS.;;;;;;;;;;;;;;;;;;;;;;;;;;;;;;;;;;;;;
668;PREFEITURA MUNICIPAL DE BARBACENA;;30788690;287;2026;ESTIMATIVO;0;0;EMPENHO PARA COBRIR DESPESA COM CONTRATAÇÃO DE EMPRESA PARA EXECUÇÃO DE OBRAS NO SISTEMA  DE PAVIMENTAÇÃO E DRENAGEM PROFUNDA EM DIVERSAS VIAS DO MUNICÍPIO DE BARBACENA-LOTE 04 ,INCLUSIVE MATERIAIS E EQUIPAMENTOS,CONFORME PROCESSO 8/2024,CONTRATO 44/2025 E MEMORANDO Nº 023/2026-SEMOP.;02/01/26 00:00;379.806,85;0,00;205.434,35;0,00;0,00;0,00;0,00;0,00;0,00;0,00;0,00;0,00;6229510;A M X LOCACOES E EQUIPAMENTOS LTDA;;;198;27;1027;15;451;4.4.90.51.01.00.00.00;2.710.010.0000;44905100000000;0,00;0,00;379.806,85;CONSTRUÇAO, AMPLIAÇAO, RECUPERAÇÃO E MELHORIA DE VIAS PUBLICAS;OBRAS E INSTALAÇÕES
Especificação: ;;EMPENHO PARA COBRIR DESPESA COM CONTRATAÇÃO DE EMPRESA PARA EXECUÇÃO DE OBRAS NO SISTEMA  DE PAVIMENTAÇÃO E DRENAGEM PROFUNDA EM DIVERSAS VIAS DO MUNICÍPIO DE BARBACENA-LOTE 04 ,INCLUSIVE MATERIAIS E EQUIPAMENTOS,CONFORME PROCESSO 8/2024,CONTRATO 44/2025 E MEMORANDO Nº 023/2026-SEMOP.;;;;;;;;;;;;;;;;;;;;;;;;;;;;;;;;;;;;;
668;PREFEITURA MUNICIPAL DE BARBACENA;;30788797;288;2026;ESTIMATIVO;0;0;EMPENHO PARA COBRIR DESPESA COM CONTRATAÇÃO DE EMPRESA PARA EXECUÇÃO DE OBRAS NO SISTEMA  DE PAVIMENTAÇÃO E DRENAGEM PROFUNDA EM DIVERSAS VIAS DO MUNICÍPIO DE BARBACENA-LOTE 06 ,INCLUSIVE MATERIAIS E EQUIPAMENTOS,CONFORME PROCESSO 8/2024,CONTRATO 44/2025 E MEMORANDO Nº 023/2026-SEMOP.;02/01/26 00:00;320.193,15;0,00;140.153,53;0,00;0,00;0,00;0,00;0,00;0,00;0,00;0,00;0,00;6229510;A M X LOCACOES E EQUIPAMENTOS LTDA;;;198;27;1027;15;451;4.4.90.51.01.00.00.00;2.710.010.0000;44905100000000;0,00;0,00;320.193,15;CONSTRUÇAO, AMPLIAÇAO, RECUPERAÇÃO E MELHORIA DE VIAS PUBLICAS;OBRAS E INSTALAÇÕES
Especificação: ;;EMPENHO PARA COBRIR DESPESA COM CONTRATAÇÃO DE EMPRESA PARA EXECUÇÃO DE OBRAS NO SISTEMA  DE PAVIMENTAÇÃO E DRENAGEM PROFUNDA EM DIVERSAS VIAS DO MUNICÍPIO DE BARBACENA-LOTE 06 ,INCLUSIVE MATERIAIS E EQUIPAMENTOS,CONFORME PROCESSO 8/2024,CONTRATO 44/2025 E MEMORANDO Nº 023/2026-SEMOP.;;;;;;;;;;;;;;;;;;;;;;;;;;;;;;;;;;;;;
668;PREFEITURA MUNICIPAL DE BARBACENA;;30790695;289;2026;GLOBAL;0;0;EMPENHO PARA COBRIR DESPESA COM CONTRATAÇÃO DE EMPRESA PARA EXECUÇÃO DE OBRAS NO SISTEMA  DE PAVIMENTAÇÃO E DRENAGEM PROFUNDA EM DIVERSAS VIAS DO MUNICÍPIO DE BARBACENA-LOTES  04 E 06 ,INCLUSIVE MATERIAIS E EQUIPAMENTOS,CONFORME PROCESSO 8/2024,CONTRATO 44/2025 E MEMORANDO Nº 001/2026-SEMOP.;02/01/26 00:00;34.244,08;0,00;0,00;0,00;0,00;0,00;0,00;0,00;0,00;0,00;0,00;0,00;6229510;A M X LOCACOES E EQUIPAMENTOS LTDA;;;198;27;1027;15;451;4.4.90.51.01.00.00.00;2.710.010.0000;44905100000000;0,00;0,00;34.244,08;CONSTRUÇAO, AMPLIAÇAO, RECUPERAÇÃO E MELHORIA DE VIAS PUBLICAS;OBRAS E INSTALAÇÕES
Especificação: ;;EMPENHO PARA COBRIR DESPESA COM CONTRATAÇÃO DE EMPRESA PARA EXECUÇÃO DE OBRAS NO SISTEMA  DE PAVIMENTAÇÃO E DRENAGEM PROFUNDA EM DIVERSAS VIAS DO MUNICÍPIO DE BARBACENA-LOTES  04 E 06 ,INCLUSIVE MATERIAIS E EQUIPAMENTOS,CONFORME PROCESSO 8/2024,CONTRATO 44/2025 E MEMORANDO Nº 001/2026-SEMOP.;;;;;;;;;;;;;;;;;;;;;;;;;;;;;;;;;;;;;
668;PREFEITURA MUNICIPAL DE BARBACENA;;30792010;290;2026;GLOBAL;0;0;EMPENHO PARA COBRIR DESPESA COM PRESTAÇÃO DE SERVIÇO DE NATUREZA CONTINUADA COM DEDICAÇÃO EXCLUSIVA DE MÃO DE OBRA PARA CONTROLE DE ACESSO A PRÉDIOS PÚBLICOS, EM ATENDIMENTO A SEGAB, CONFORME PROCESSO 69/2022, 4° TERMO ADITIVO AO CONTRATO N° 208/2022, OFICIO N° 03/2026- GCM.;02/01/26 00:00;280.133,15;0,00;0,00;0,00;0,00;0,00;0,00;0,00;0,00;0,00;0,00;0,00;3095490;LIDER PRESTADORA DE SERVICOS EIRELI;208611;5;55;11;2152;4;122;3.3.90.39.99.00.00.00;1.500.000.0000;33903900000000;0,00;0,00;280.133,15;PESSOAL E ENCARGOS SOCIAIS DA SEGAB;OUTROS SERVIÇOS DE TERCEIROS - PESSOA JURÍDICA
Especificação: ;;EMPENHO PARA COBRIR DESPESA COM PRESTAÇÃO DE SERVIÇO DE NATUREZA CONTINUADA COM DEDICAÇÃO EXCLUSIVA DE MÃO DE OBRA PARA CONTROLE DE ACESSO A PRÉDIOS PÚBLICOS, EM ATENDIMENTO A SEGAB, CONFORME PROCESSO 69/2022, 4° TERMO ADITIVO AO CONTRATO N° 208/2022, OFICIO N° 03/2026- GCM.;;;;;;;;;;;;;;;;;;;;;;;;;;;;;;;;;;;;;
668;PREFEITURA MUNICIPAL DE BARBACENA;;30792192;291;2026;GLOBAL;0;0;EMPENHO PARA COBRIR DESPESA COM PRESTAÇÃO DE SERVIÇO DE NATUREZA CONTINUADA COM DEDICAÇÃO EXCLUSIVA DE MÃO DE OBRA PARA CONTROLE DE ACESSO A PRÉDIOS PÚBLICOS, EM ATENDIMENTO A SEMESP/ESPORTE E LAZER CONFORME PROCESSO 69/2022, 4° TERMO ADITIVO AO CONTRATO N° 208/2022, OFICIO N° 03/2026- GCM.;02/01/26 00:00;413.696,58;0,00;0,00;0,00;0,00;0,00;0,00;0,00;0,00;0,00;0,00;0,00;3095490;LIDER PRESTADORA DE SERVICOS EIRELI;208611;5;1170;63;2223;27;812;3.3.90.39.99.00.00.00;1.500.000.0000;33903900000000;0,00;0,00;413.696,58;MANUTENÇÃO  DO CALENDÁRIO ANUAL DE  ATIVIDADES DE ESPORTE E LAZER PARTICIPATIVO;OUTROS SERVIÇOS DE TERCEIROS - PESSOA JURÍDICA
Especificação: ;;EMPENHO PARA COBRIR DESPESA COM PRESTAÇÃO DE SERVIÇO DE NATUREZA CONTINUADA COM DEDICAÇÃO EXCLUSIVA DE MÃO DE OBRA PARA CONTROLE DE ACESSO A PRÉDIOS PÚBLICOS, EM ATENDIMENTO A SEMESP/ESPORTE E LAZER CONFORME PROCESSO 69/2022, 4° TERMO ADITIVO AO CONTRATO N° 208/2022, OFICIO N° 03/2026- GCM.;;;;;;;;;;;;;;;;;;;;;;;;;;;;;;;;;;;;;
668;PREFEITURA MUNICIPAL DE BARBACENA;;30792286;292;2026;GLOBAL;0;0;EMPENHO PARA COBRIR DESPESA COM PRESTAÇÃO DE SERVIÇO DE NATUREZA CONTINUADA COM DEDICAÇÃO EXCLUSIVA DE MÃO DE OBRA PARA CONTROLE DE ACESSO A PRÉDIOS PÚBLICOS, EM ATENDIMENTO A SECULT/FUMPAC, CONFORME PROCESSO 69/2022, 4° TERMO ADITIVO AO CONTRATO N° 208/2022, OFICIO N° 03/2026- GCM.;02/01/26 00:00;123.786,08;0,00;0,00;0,00;0,00;0,00;0,00;0,00;0,00;0,00;0,00;0,00;3095490;LIDER PRESTADORA DE SERVICOS EIRELI;208611;5;1096;62;2338;13;392;3.3.90.39.99.00.00.00;1.500.000.0000;33903900000000;0,00;0,00;123.786,08;MANUTENÇÃO, REF. E ADEQ. DOS APARELHOS CULTURAIS E PATRIMÔNIO HISTÓRICO CULTURAL;OUTROS SERVIÇOS DE TERCEIROS - PESSOA JURÍDICA
Especificação: ;;EMPENHO PARA COBRIR DESPESA COM PRESTAÇÃO DE SERVIÇO DE NATUREZA CONTINUADA COM DEDICAÇÃO EXCLUSIVA DE MÃO DE OBRA PARA CONTROLE DE ACESSO A PRÉDIOS PÚBLICOS, EM ATENDIMENTO A SECULT/FUMPAC, CONFORME PROCESSO 69/2022, 4° TERMO ADITIVO AO CONTRATO N° 208/2022, OFICIO N° 03/2026- GCM.;;;;;;;;;;;;;;;;;;;;;;;;;;;;;;;;;;;;;
668;PREFEITURA MUNICIPAL DE BARBACENA;;30792423;293;2026;GLOBAL;0;0;EMPENHO PARA COBRIR DESPESA COM PRESTAÇÃO DE SERVIÇO DE NATUREZA CONTINUADA COM DEDICAÇÃO EXCLUSIVA DE MÃO DE OBRA PARA CONTROLE DE ACESSO A PRÉDIOS PÚBLICOS, EM ATENDIMENTO A SECULT/MUSEUS, CONFORME PROCESSO 69/2022, 4° TERMO ADITIVO AO CONTRATO N° 208/2022, OFICIO N° 03/2026- GCM.;02/01/26 00:00;247.572,16;0,00;0,00;0,00;0,00;0,00;0,00;0,00;0,00;0,00;0,00;0,00;3095490;LIDER PRESTADORA DE SERVICOS EIRELI;208611;5;1074;62;2072;13;392;3.3.90.39.99.00.00.00;1.500.000.0000;33903900000000;0,00;0,00;247.572,16;MANUTENÇAO DE MUSEUS;OUTROS SERVIÇOS DE TERCEIROS - PESSOA JURÍDICA
Especificação: ;;EMPENHO PARA COBRIR DESPESA COM PRESTAÇÃO DE SERVIÇO DE NATUREZA CONTINUADA COM DEDICAÇÃO EXCLUSIVA DE MÃO DE OBRA PARA CONTROLE DE ACESSO A PRÉDIOS PÚBLICOS, EM ATENDIMENTO A SECULT/MUSEUS, CONFORME PROCESSO 69/2022, 4° TERMO ADITIVO AO CONTRATO N° 208/2022, OFICIO N° 03/2026- GCM.;;;;;;;;;;;;;;;;;;;;;;;;;;;;;;;;;;;;;
668;PREFEITURA MUNICIPAL DE BARBACENA;;30792508;294;2026;GLOBAL;0;0;EMPENHO PARA COBRIR DESPESA COM PRESTAÇÃO DE SERVIÇO DE NATUREZA CONTINUADA COM DEDICAÇÃO EXCLUSIVA DE MÃO DE OBRA PARA CONTROLE DE ACESSO A PRÉDIOS PÚBLICOS, EM ATENDIMENTO A SEMOP, CONFORME PROCESSO 69/2022, 4° TERMO ADITIVO AO CONTRATO N° 208/2022, OFICIO N° 03/2026- GCM.;02/01/26 00:00;228.017,46;0,00;0,00;0,00;0,00;0,00;0,00;0,00;0,00;0,00;0,00;0,00;3095490;LIDER PRESTADORA DE SERVICOS EIRELI;208611;5;1201;11;2111;15;451;3.3.90.39.99.00.00.00;1.500.000.0000;33903900000000;0,00;0,00;228.017,46;;
Especificação: ;;EMPENHO PARA COBRIR DESPESA COM PRESTAÇÃO DE SERVIÇO DE NATUREZA CONTINUADA COM DEDICAÇÃO EXCLUSIVA DE MÃO DE OBRA PARA CONTROLE DE ACESSO A PRÉDIOS PÚBLICOS, EM ATENDIMENTO A SEMOP, CONFORME PROCESSO 69/2022, 4° TERMO ADITIVO AO CONTRATO N° 208/2022, OFICIO N° 03/2026- GCM.;;;;;;;;;;;;;;;;;;;;;;;;;;;;;;;;;;;;;
668;PREFEITURA MUNICIPAL DE BARBACENA;;30792571;295;2026;GLOBAL;0;0;EMPENHO PARA COBRIR DESPESA COM PRESTAÇÃO DE SERVIÇO DE NATUREZA CONTINUADA COM DEDICAÇÃO EXCLUSIVA DE MÃO DE OBRA PARA CONTROLE DE ACESSO A PRÉDIOS PÚBLICOS, EM ATENDIMENTO A SESP/TERMINAL RODOVIÁRIO, CONFORME PROCESSO 69/2022, 4° TERMO ADITIVO AO CONTRATO N° 208/2022, OFICIO N° 03/2026- GCM.;02/01/26 00:00;456.033,91;0,00;0,00;0,00;0,00;0,00;0,00;0,00;0,00;0,00;0,00;0,00;3095490;LIDER PRESTADORA DE SERVICOS EIRELI;208611;5;653;11;2672;15;452;3.3.90.39.99.00.00.00;1.500.000.0000;33903900000000;0,00;0,00;456.033,91;MANUTENÇÃO DO TERMINAL RODOVIÁRIO DE BARBACENA;OUTROS SERVIÇOS DE TERCEIROS - PESSOA JURÍDICA
Especificação: ;;EMPENHO PARA COBRIR DESPESA COM PRESTAÇÃO DE SERVIÇO DE NATUREZA CONTINUADA COM DEDICAÇÃO EXCLUSIVA DE MÃO DE OBRA PARA CONTROLE DE ACESSO A PRÉDIOS PÚBLICOS, EM ATENDIMENTO A SESP/TERMINAL RODOVIÁRIO, CONFORME PROCESSO 69/2022, 4° TERMO ADITIVO AO CONTRATO N° 208/2022, OFICIO N° 03/2026- GCM.;;;;;;;;;;;;;;;;;;;;;;;;;;;;;;;;;;;;;
668;PREFEITURA MUNICIPAL DE BARBACENA;;30792654;296;2026;GLOBAL;0;0;EMPENHO PARA COBRIR DESPESA COM PRESTAÇÃO DE SERVIÇO DE NATUREZA CONTINUADA COM DEDICAÇÃO EXCLUSIVA DE MÃO DE OBRA PARA CONTROLE DE ACESSO A PRÉDIOS PÚBLICOS, EM ATENDIMENTO A SECULT/PARQUE DE EXPOSIÇÕES, CONFORME PROCESSO 69/2022, 4° TERMO ADITIVO AO CONTRATO N° 208/2022, OFICIO N° 03/2026- GCM.;02/01/26 00:00;579.821,00;0,00;0,00;0,00;0,00;0,00;0,00;0,00;0,00;0,00;0,00;0,00;3095490;LIDER PRESTADORA DE SERVICOS EIRELI;208611;5;1103;11;2290;4;695;3.3.90.39.99.00.00.00;1.500.000.0000;33903900000000;0,00;0,00;579.821,00;MANUTENÇÃO DOS PARQUES DE EXPOSIÇÕES;OUTROS SERVIÇOS DE TERCEIROS - PESSOA JURÍDICA
Especificação: ;;EMPENHO PARA COBRIR DESPESA COM PRESTAÇÃO DE SERVIÇO DE NATUREZA CONTINUADA COM DEDICAÇÃO EXCLUSIVA DE MÃO DE OBRA PARA CONTROLE DE ACESSO A PRÉDIOS PÚBLICOS, EM ATENDIMENTO A SECULT/PARQUE DE EXPOSIÇÕES, CONFORME PROCESSO 69/2022, 4° TERMO ADITIVO AO CONTRATO N° 208/2022, OFICIO N° 03/2026- GCM.;;;;;;;;;;;;;;;;;;;;;;;;;;;;;;;;;;;;;
668;PREFEITURA MUNICIPAL DE BARBACENA;;30313446;297;2026;ESTIMATIVO;107;2025;EMPENHO PARA COBRIR DESPESA COM AQUISIÇÃO DE MUDAS, SUBSTRATOS,ADUBO E GRAMA PARA O HORTO FLORESTAL, CONFORME PROCESSO 107/2025,CONTRATO 125/2025 E SOLICITAÇÃO DE FORNECIMENTO Nº 26/2026.;02/01/26 00:00;60.937,00;0,00;0,00;0,00;0,00;0,00;0,00;0,00;0,00;0,00;0,00;0,00;7876168;FRUTICULTURA PLANTAR LTDA;30331;3;89;11;2291;20;122;3.3.90.30.31.00.00.00;1.501.000.0000;33903000000000;0,00;0,00;60.937,00;MANUTENÇÃO DO HORTO FLORESTAL;MATERIAL DE CONSUMO
Especificação: ;;EMPENHO PARA COBRIR DESPESA COM AQUISIÇÃO DE MUDAS, SUBSTRATOS,ADUBO E GRAMA PARA O HORTO FLORESTAL, CONFORME PROCESSO 107/2025,CONTRATO 125/2025 E SOLICITAÇÃO DE FORNECIMENTO Nº 26/2026.;;;;;;;;;;;;;;;;;;;;;;;;;;;;;;;;;;;;;
668;PREFEITURA MUNICIPAL DE BARBACENA;;30735578;298;2026;ESTIMATIVO;99;2021;EMPENHO PARA COBRIR DESPESA COM PRESTAÇÃO DE SERVIÇOS DE OUTSORCING DE IMPRESSÃO,COM ASSISTÊNCIA TÉCNICA E MANUTENÇÃO CORRETIVA,PREVENTIVA E ESPECIALIZADA,REPOSIÇÃO DE PEÇAS E INSUMOS,EM ATENDIMENTO A  SEDUC, CONFORME MEMORANDO Nº 024/2026-DIRTI. REF A JAN/26 A SET/26.;02/01/26 00:00;130.498,02;0,00;0,00;0,00;0,00;0,00;0,00;0,00;0,00;0,00;0,00;0,00;1543536;SIMPRESS COMERCIO, LOCACAO E SERVICOS S/A;105457;0;748;11;2125;12;122;3.3.90.39.12.00.00.00;1.500.000.1001;33903900000000;0,00;0,00;130.498,02;MANUTENÇÃO DA SEDUC;OUTROS SERVIÇOS DE TERCEIROS - PESSOA JURÍDICA
Especificação: ;;EMPENHO PARA COBRIR DESPESA COM PRESTAÇÃO DE SERVIÇOS DE OUTSORCING DE IMPRESSÃO,COM ASSISTÊNCIA TÉCNICA E MANUTENÇÃO CORRETIVA,PREVENTIVA E ESPECIALIZADA,REPOSIÇÃO DE PEÇAS E ;;;;;;;;;;;;;;;;;;;;;;;;;;;;;;;;;;;;;
;;INSUMOS,EM ATENDIMENTO A  SEDUC, CONFORME MEMORANDO Nº 024/2026-DIRTI. REF A JAN/26 A SET/26.;;;;;;;;;;;;;;;;;;;;;;;;;;;;;;;;;;;;;
668;PREFEITURA MUNICIPAL DE BARBACENA;;30735659;299;2026;ESTIMATIVO;99;2021;EMPENHO PARA COBRIR DESPESA COM PRESTAÇÃO DE SERVIÇOS DE OUTSORCING DE IMPRESSÃO,COM ASSISTÊNCIA TÉCNICA E MANUTENÇÃO CORRETIVA,PREVENTIVA E ESPECIALIZADA,REPOSIÇÃO DE PEÇAS E INSUMOS,EM ATENDIMENTO A  SEDUC/CONSERVATPORIO. , CONFORME MEMORANDO Nº 024/2026-DIRTI. REF JAN/26 A SET/26.;02/01/26 00:00;3.517,38;0,00;0,00;0,00;0,00;0,00;0,00;0,00;0,00;0,00;0,00;0,00;1543536;SIMPRESS COMERCIO, LOCACAO E SERVICOS S/A;105457;0;917;37;2079;12;392;3.3.90.39.12.00.00.00;1.500.000.0000;33903900000000;0,00;0,00;3.517,38;MANUTENÇÃO DE AÇÕES DO CONSERVATÓRIO MUNICIPAL;OUTROS SERVIÇOS DE TERCEIROS - PESSOA JURÍDICA
Especificação: ;;EMPENHO PARA COBRIR DESPESA COM PRESTAÇÃO DE SERVIÇOS DE OUTSORCING DE IMPRESSÃO,COM ASSISTÊNCIA TÉCNICA E MANUTENÇÃO CORRETIVA,PREVENTIVA E ESPECIALIZADA,REPOSIÇÃO DE PEÇAS E INSUMOS,EM ATENDIMENTO A  SEDUC/CONSERVATPORIO. , CONFORME MEMORANDO Nº 024/2026-DIRTI. REF JAN/26 A SET/26.;;;;;;;;;;;;;;;;;;;;;;;;;;;;;;;;;;;;;
668;PREFEITURA MUNICIPAL DE BARBACENA;;30236370;3;2026;ESTIMATIVO;0;0;EMPENHO PARA COBRIR DESPESA COM SERVIÇO DE ÁGUA E ESGOTO PARA AS ESCOLAS MUNICIPAIS DE BARBACENA-MG, DURANTE O EXERCÍCIO DE 2026,CONFORME  OFICIO Nº 017/2026-GAB/SEDUC.;02/01/26 00:00;200.000,00;0,00;0,00;0,00;0,00;0,00;0,00;0,00;0,00;0,00;0,00;0,00;1556325;COPASA - COMPANHIA DE SANEAMENTO DE MINAS GERAIS;;;789;15;2203;12;361;3.3.90.39.30.00.00.00;1.500.000.1001;33903900000000;0,00;0,00;200.000,00;MANUTENÇAO DAS UNIDADES DE ENSINO FUNDAMENTAL;OUTROS SERVIÇOS DE TERCEIROS - PESSOA JURÍDICA
Especificação: ;;EMPENHO PARA COBRIR DESPESA COM SERVIÇO DE ÁGUA E ESGOTO PARA AS ESCOLAS MUNICIPAIS DE BARBACENA-MG, DURANTE O EXERCÍCIO DE 2026,CONFORME  OFICIO Nº 017/2026-GAB/SEDUC.;;;;;;;;;;;;;;;;;;;;;;;;;;;;;;;;;;;;;
668;PREFEITURA MUNICIPAL DE BARBACENA;;30283118;30;2026;ESTIMATIVO;0;0;EMPENHO PARA COBRIR DESPESA COM REQUERIMENTOS DE PEQUENO VALOR(RPV),HONORÁRIOS ADVOCATÍCIOS E INDENIZAÇÕES NO ÂMBITO DO TJM/MG DOS PROCESSOS A CARGO DA ADVOCACIA GERAL DO MUNICÍPIO-AGM, DURANTE O  EXERCÍCIO DE 2026, CONFORME MEMORANDO N°.002/2026-AGM.;02/01/26 00:00;50.000,00;0,00;1.063,67;0,00;802,87;0,00;0,00;0,00;0,00;0,00;0,00;0,00;5619335;TRIBUNAL REGIONAL FEDERAL DA 6A REGIÃO;;;265;11;2131;3;122;3.3.90.39.99.00.00.00;1.500.000.0000;33903900000000;802,87;0,00;49.197,13;MANUTENÇAO DA AGM;OUTROS SERVIÇOS DE TERCEIROS - PESSOA JURÍDICA
Especificação: ;;EMPENHO PARA COBRIR DESPESA COM REQUERIMENTOS DE PEQUENO VALOR(RPV),HONORÁRIOS ADVOCATÍCIOS E INDENIZAÇÕES NO ÂMBITO DO TJM/MG DOS PROCESSOS A CARGO DA ADVOCACIA GERAL DO MUNICÍPIO-AGM, DURANTE O  EXERCÍCIO DE 2026, CONFORME MEMORANDO N°.002/2026-AGM.;;;;;;;;;;;;;;;;;;;;;;;;;;;;;;;;;;;;;
668;PREFEITURA MUNICIPAL DE BARBACENA;;30803767;302;2026;ESTIMATIVO;0;0;EMPENHO PARA COBRIR DESPESA COM FORNECIMENTO DE ENERGIA ELÉTRICA PARA LIGAÇÕES PROVISÓRIAS,DURANTE O EXERCÍCIO DE 2025,CONFORME OFICIO Nº 059/2026-SEMOP.;02/01/26 00:00;360.000,00;0,00;0,00;0,00;0,00;0,00;0,00;0,00;0,00;0,00;0,00;0,00;1546390;CEMIG DISTRIBUICAO S/A;;;696;20;2104;25;752;3.3.90.39.29.00.00.00;1.751.000.0000;33903900000000;0,00;0,00;360.000,00;MANUTENÇAO DA REDE DE ILUMINAÇAO PUBLICA;OUTROS SERVIÇOS DE TERCEIROS - PESSOA JURÍDICA
Especificação: ;;EMPENHO PARA COBRIR DESPESA COM FORNECIMENTO DE ENERGIA ELÉTRICA PARA LIGAÇÕES PROVISÓRIAS,DURANTE O EXERCÍCIO DE 2025,CONFORME OFICIO Nº 059/2026-SEMOP.;;;;;;;;;;;;;;;;;;;;;;;;;;;;;;;;;;;;;
668;PREFEITURA MUNICIPAL DE BARBACENA;;30803983;303;2026;ESTIMATIVO;0;0;EMPENHO PARA COBRIR DESPESA COM FORNECIMENTO DE ENERGIA ELÉTRICA PARA UNIDADES CONSUMIDORAS DA ADMINISTRAÇÃO PÚBLICA MUNICIPAL,DURANTE O EXERCÍCIO DE 2026,CONFORME OFICIO Nº 060/2026-SESP.;02/01/26 00:00;1.200.000,00;0,00;0,00;0,00;0,00;0,00;0,00;0,00;0,00;0,00;0,00;0,00;1546390;CEMIG DISTRIBUICAO S/A;;;696;20;2104;25;752;3.3.90.39.29.00.00.00;1.751.000.0000;33903900000000;0,00;0,00;1.200.000,00;MANUTENÇAO DA REDE DE ILUMINAÇAO PUBLICA;OUTROS SERVIÇOS DE TERCEIROS - PESSOA JURÍDICA
Especificação: ;;EMPENHO PARA COBRIR DESPESA COM FORNECIMENTO DE ENERGIA ELÉTRICA PARA UNIDADES CONSUMIDORAS DA ADMINISTRAÇÃO PÚBLICA MUNICIPAL,DURANTE O EXERCÍCIO DE 2026,CONFORME OFICIO Nº 060/2026-SESP.;;;;;;;;;;;;;;;;;;;;;;;;;;;;;;;;;;;;;
668;PREFEITURA MUNICIPAL DE BARBACENA;;30804156;304;2026;ESTIMATIVO;0;0;EMPENHO PARA COBRIR DESPESA COM FORNECIMENTO DE ÁGUA E TRATAMENTO DE ESGOTO JUNTO AO CEMITÉRIO MUNICIPAL SANTO ANTÔNIO  VINCULADO A SECRETARIA MUNICIPAL DE OBRAS PÚBLICAS,DURANTE O EXERCÍCIO DE 2026,CONFORME OFICIO Nº 062/2026-SESP.;02/01/26 00:00;2.400,00;0,00;0,00;0,00;0,00;0,00;0,00;0,00;0,00;0,00;0,00;0,00;1556325;COPASA - COMPANHIA DE SANEAMENTO DE MINAS GERAIS;;;629;11;2063;15;452;3.3.90.39.30.00.00.00;1.753.000.0000;33903900000000;0,00;0,00;2.400,00;MANUTENÇÃO DA SESP;OUTROS SERVIÇOS DE TERCEIROS - PESSOA JURÍDICA
Especificação: ;;EMPENHO PARA COBRIR DESPESA COM FORNECIMENTO DE ÁGUA E TRATAMENTO DE ESGOTO JUNTO AO CEMITÉRIO MUNICIPAL SANTO ANTÔNIO  VINCULADO A SECRETARIA MUNICIPAL DE OBRAS PÚBLICAS,DURANTE O EXERCÍCIO DE 2026,CONFORME OFICIO Nº 062/2026-SESP.;;;;;;;;;;;;;;;;;;;;;;;;;;;;;;;;;;;;;
668;PREFEITURA MUNICIPAL DE BARBACENA;;30804288;305;2026;ESTIMATIVO;0;0;EMPENHO PARA COBRIR DESPESA COM FORNECIMENTO DE ENERGIA ELÉTRIA PARA ILUMINAÇÃO PÚBLICA MUNICIPAL,DURANTE O EXERCÍCIO DE 2026,CONFORME OFICIO Nº 061/2026-SESP.;02/01/26 00:00;3.600,00;0,00;0,00;0,00;0,00;0,00;0,00;0,00;0,00;0,00;0,00;0,00;1546390;CEMIG DISTRIBUICAO S/A;;;696;20;2104;25;752;3.3.90.39.29.00.00.00;1.751.000.0000;33903900000000;0,00;0,00;3.600,00;MANUTENÇAO DA REDE DE ILUMINAÇAO PUBLICA;OUTROS SERVIÇOS DE TERCEIROS - PESSOA JURÍDICA
Especificação: ;;EMPENHO PARA COBRIR DESPESA COM FORNECIMENTO DE ENERGIA ELÉTRIA PARA ILUMINAÇÃO PÚBLICA MUNICIPAL,DURANTE O EXERCÍCIO DE 2026,CONFORME OFICIO Nº 061/2026-SESP.;;;;;;;;;;;;;;;;;;;;;;;;;;;;;;;;;;;;;
668;PREFEITURA MUNICIPAL DE BARBACENA;;30778635;308;2026;ESTIMATIVO;27;2022;EMPENHO PARA COBRIR DESPESA COM CONTRATAÇÃO DE EMPRESA ESPECIALIZADA EM SERVIÇOS ADVOCATÍCIOS TÉCNICOS PARA PROPOSITURA/CONDUÇÃO DE AÇÕES JUDICIAIS DOS ROYALTIES DE PETRÓLEO E GÁS NATURAL,DURANTE O EXERCÍCIO DE 2026,CONFORME CONTRATO Nº 052/2022 ,PROCESSO 27/2022 E SOLICITAÇÃO DE FORNECIMENTO Nº 100/2026;02/01/26 00:00;120.000,00;0,00;0,00;0,00;0,00;0,00;0,00;0,00;0,00;0,00;0,00;0,00;1543603;NILO E ALMEIDA ADVOGADOS ASSOCIADOS;21477;7;265;11;2131;3;122;3.3.90.39.05.00.00.00;1.500.000.0000;33903900000000;0,00;0,00;120.000,00;MANUTENÇAO DA AGM;OUTROS SERVIÇOS DE TERCEIROS - PESSOA JURÍDICA
Especificação: ;;EMPENHO PARA COBRIR DESPESA COM CONTRATAÇÃO DE EMPRESA ESPECIALIZADA EM SERVIÇOS ADVOCATÍCIOS TÉCNICOS PARA PROPOSITURA/CONDUÇÃO DE AÇÕES JUDICIAIS DOS ROYALTIES DE PETRÓLEO E GÁS NATURAL,DURANTE O EXERCÍCIO DE 2026,CONFORME CONTRATO Nº 052/2022 ,PROCESSO 27/2022 E SOLICITAÇÃO DE FORNECIMENTO Nº 100/2026;;;;;;;;;;;;;;;;;;;;;;;;;;;;;;;;;;;;;
668;PREFEITURA MUNICIPAL DE BARBACENA;;30283186;31;2026;ESTIMATIVO;0;0;EMPENHO PARA COBRIR DESPESA COM REQUSIÇÕES DE PEQUENO VALOR (PRV) NO ÂMBITO DO TJMG DOS PROCESSOS A CARGO DA ADVOCACIA GERAL DO MUNICÍPIO DE BARBACENA,DURANTE O EXERCÍCIO DE 2026,CONFORME MEMORANDO Nº 002/2026-AGM.;02/01/26 00:00;50.000,00;0,00;17.965,94;0,00;17.965,94;0,00;0,00;0,00;0,00;0,00;0,00;0,00;5619335;TRIBUNAL REGIONAL FEDERAL DA 6A REGIÃO;;;265;11;2131;3;122;3.3.90.39.99.00.00.00;1.500.000.0000;33903900000000;17.965,94;0,00;32.034,06;MANUTENÇAO DA AGM;OUTROS SERVIÇOS DE TERCEIROS - PESSOA JURÍDICA
Especificação: ;;EMPENHO PARA COBRIR DESPESA COM REQUSIÇÕES DE PEQUENO VALOR (PRV) NO ÂMBITO DO TJMG DOS PROCESSOS A CARGO DA ADVOCACIA GERAL DO MUNICÍPIO DE BARBACENA,DURANTE O EXERCÍCIO DE 2026,CONFORME MEMORANDO Nº 002/2026-AGM.;;;;;;;;;;;;;;;;;;;;;;;;;;;;;;;;;;;;;
668;PREFEITURA MUNICIPAL DE BARBACENA;;30672701;310;2026;ESTIMATIVO;219;2022;EMPENHO PARA COBRIR DESPESA COM FORNECIMENTO DE SISTEMA INFORMATIZADO DE TRAMITAÇÃO DIGITAL DE DEMANDAS DA PREFEITURA MUNICIPAL DE BARBACENA ,CONFORME PROCESSO 219/2022,CONTRATO 024/2023 E SOLICITAÇÃO DE FORNECIMENTO Nº 69/2026.;02/01/26 00:00;26.073,72;0,00;0,00;0,00;0,00;0,00;0,00;0,00;0,00;0,00;0,00;0,00;3162462;APROVA DIGITAL S/A;29121;2;512;11;2055;4;122;3.3.90.40.99.00.00.00;1.500.000.0000;33904000000000;0,00;0,00;26.073,72;MANUTENÇÃO DA SEMAD;SERVIÇOS DE TECNOLOGIA DA INFORMAÇÃO E COMUNICAÇ
Especificação: ;;EMPENHO PARA COBRIR DESPESA COM FORNECIMENTO DE SISTEMA INFORMATIZADO DE TRAMITAÇÃO DIGITAL DE DEMANDAS DA PREFEITURA MUNICIPAL DE BARBACENA ,CONFORME PROCESSO 219/2022,CONTRATO 024/2023 E SOLICITAÇÃO DE FORNECIMENTO Nº 69/2026.;;;;;;;;;;;;;;;;;;;;;;;;;;;;;;;;;;;;;
668;PREFEITURA MUNICIPAL DE BARBACENA;;30805726;314;2026;ESTIMATIVO;0;0;EMPENHO PARA COBRIR DESPESA COM FORNECIMENTO DE ENERGIA ELÉTRICA PARA AS ESCOLAS MUNICIPAIS,DURANTE O EXERCÍCIO DE 2026,CONFORME OFICIO Nº 013/2026-GAB/SEDUC.;02/01/26 00:00;320.000,00;0,00;25.838,64;0,00;10.488,08;0,00;0,00;0,00;0,00;0,00;0,00;0,00;1546390;CEMIG DISTRIBUICAO S/A;;;789;15;2203;12;361;3.3.90.39.29.00.00.00;1.500.000.1001;33903900000000;10.488,08;0,00;309.511,92;MANUTENÇAO DAS UNIDADES DE ENSINO FUNDAMENTAL;OUTROS SERVIÇOS DE TERCEIROS - PESSOA JURÍDICA
Especificação: ;;EMPENHO PARA COBRIR DESPESA COM FORNECIMENTO DE ENERGIA ELÉTRICA PARA AS ESCOLAS MUNICIPAIS,DURANTE O EXERCÍCIO DE 2026,CONFORME OFICIO Nº 013/2026-GAB/SEDUC.;;;;;;;;;;;;;;;;;;;;;;;;;;;;;;;;;;;;;
668;PREFEITURA MUNICIPAL DE BARBACENA;;30283684;32;2026;ESTIMATIVO;0;0;EMPENHO PARA COBRIR DESPESA COM CÓPIAS E  DIGITALIZAÇÕES DE PROCESSOS,DURANTE O EXERCÍCIO 2026,CONFORME MEMO 002/2026-AGM.;02/01/26 00:00;1.000,00;0,00;0,00;0,00;0,00;0,00;0,00;0,00;0,00;0,00;0,00;0,00;1543681;ORDEM DOS ADVOGADOS DO BRASIL-SEÇÃO MINAS GERAIS;;;265;11;2131;3;122;3.3.90.39.99.00.00.00;1.500.000.0000;33903900000000;0,00;0,00;1.000,00;MANUTENÇAO DA AGM;OUTROS SERVIÇOS DE TERCEIROS - PESSOA JURÍDICA
Especificação: ;;EMPENHO PARA COBRIR DESPESA COM CÓPIAS E  DIGITALIZAÇÕES DE PROCESSOS,DURANTE O EXERCÍCIO 2026,CONFORME MEMO 002/2026-AGM.;;;;;;;;;;;;;;;;;;;;;;;;;;;;;;;;;;;;;
668;PREFEITURA MUNICIPAL DE BARBACENA;;30283803;33;2026;ESTIMATIVO;0;0;EMPENHO PARA COBRIR DESPESA COM  CUSTAS E DILIGÊNCIAS NO ÂMBITO DO TRIBUNAL REGIONAL DO TRABALHO DA 3ª REGIÃO DOS PROCESSOS A CARGO DA ADVOCACIA GERAL DO  MUNICIPIO DE BARBACENA,DURANTE O EXERCÍCIO DE 2026,CONFORME MEMO Nº 002/2026-AGM.;02/01/26 00:00;2.000,00;0,00;0,00;0,00;0,00;0,00;0,00;0,00;0,00;0,00;0,00;0,00;1601169;TRIBUNAL REGIONAL DO TRABALHO DA 3 REGIAO;;;265;11;2131;3;122;3.3.90.39.99.00.00.00;1.500.000.0000;33903900000000;0,00;0,00;2.000,00;MANUTENÇAO DA AGM;OUTROS SERVIÇOS DE TERCEIROS - PESSOA JURÍDICA
Especificação: ;;EMPENHO PARA COBRIR DESPESA COM  CUSTAS E DILIGÊNCIAS NO ÂMBITO DO TRIBUNAL REGIONAL DO TRABALHO DA 3ª REGIÃO DOS PROCESSOS A CARGO DA ADVOCACIA GERAL DO  MUNICIPIO DE BARBACENA,DURANTE O EXERCÍCIO DE 2026,CONFORME MEMO Nº 002/2026-AGM.;;;;;;;;;;;;;;;;;;;;;;;;;;;;;;;;;;;;;
668;PREFEITURA MUNICIPAL DE BARBACENA;;30286892;34;2026;ESTIMATIVO;0;0;EMPENHO PARA COBRR DESPESA COM DE AGENCIAMENTO DE VIAGENS A FIM DE ADQUIRIR PASSAGENS AÉREAS NACIONAIS E INTERNACIONAIS, COMPREENDENDO EMISSÃO, ALTERAÇÃO E CANCELAMENTOS EM ATENDIMENTO A SECRETARIA  DE  GABINETE,CONFORME OFICIO Nº 002/2026-SEGAB.;02/01/26 00:00;51.943,71;0,00;0,00;0,00;0,00;0,00;0,00;0,00;0,00;0,00;0,00;0,00;7657771;CONNECT BRASIL VIAGENS E TURISMO LTDA -;;;29;11;2150;4;122;3.3.90.33.99.00.00.00;1.500.000.0000;33903300000000;0,00;0,00;51.943,71;MANUTENÇAO DA SEGAB;PASSAGENS E DESPESAS COM LOCOMOÇÃO
Especificação: ;;EMPENHO PARA COBRR DESPESA COM DE AGENCIAMENTO DE VIAGENS A FIM DE ADQUIRIR PASSAGENS AÉREAS NACIONAIS E INTERNACIONAIS, COMPREENDENDO EMISSÃO, ALTERAÇÃO E CANCELAMENTOS EM ATENDIMENTO A SECRETARIA  DE  GABINETE,CONFORME OFICIO Nº 002/2026-SEGAB.;;;;;;;;;;;;;;;;;;;;;;;;;;;;;;;;;;;;;
668;PREFEITURA MUNICIPAL DE BARBACENA;;30310661;41;2026;ESTIMATIVO;0;0;EMPENHO PARA COBRIR DESPESA COM FORNECIMENTO E MANUTENÇÃO DE ÁGUA E ESGOTO SOB RESPONSABILIDADE DO SEMAS, CRAS SÃO PEDRO, SITUADO NA PRAÇA JOSÉ SERAPIO DA SILVA, 673, CONFORME OFICIO 21/2026/SEMAS.;02/01/26 00:00;7.008,00;0,00;268,95;0,00;0,00;0,00;0,00;0,00;0,00;0,00;0,00;0,00;1556325;COPASA - COMPANHIA DE SANEAMENTO DE MINAS GERAIS;;;409;56;2319;8;244;3.3.90.39.30.00.00.00;1.660.000.0000;33903900000000;0,00;0,00;7.008,00;MANUTENÇAO DE CRAS - PAIF;OUTROS SERVIÇOS DE TERCEIROS - PESSOA JURÍDICA
Especificação: ;;EMPENHO PARA COBRIR DESPESA COM FORNECIMENTO E MANUTENÇÃO DE ÁGUA E ESGOTO SOB RESPONSABILIDADE DO SEMAS, CRAS SÃO PEDRO, SITUADO NA PRAÇA JOSÉ SERAPIO DA SILVA, 673, CONFORME OFICIO 21/2026/SEMAS.;;;;;;;;;;;;;;;;;;;;;;;;;;;;;;;;;;;;;
668;PREFEITURA MUNICIPAL DE BARBACENA;;30310849;42;2026;ESTIMATIVO;0;0;EMPENHO PARA COBRIR DESPESA COM FORNECIMENTO E MANUTENÇÃO DE ÁGUA E ESGOTO SOB RESPONSABILIDADE DO SEMAS, CRAS SANTA MARIA, SITUADO NA RUA MARCOLINO RODRIGUES CAMPOS, 08, CONFORME OFICIO 20/2026/SEMAS.;02/01/26 00:00;5.040,00;0,00;135,33;0,00;0,00;0,00;0,00;0,00;0,00;0,00;0,00;0,00;1556325;COPASA - COMPANHIA DE SANEAMENTO DE MINAS GERAIS;;;409;56;2319;8;244;3.3.90.39.30.00.00.00;1.660.000.0000;33903900000000;0,00;0,00;5.040,00;MANUTENÇAO DE CRAS - PAIF;OUTROS SERVIÇOS DE TERCEIROS - PESSOA JURÍDICA
Especificação: ;;EMPENHO PARA COBRIR DESPESA COM FORNECIMENTO E MANUTENÇÃO DE ÁGUA E ESGOTO SOB RESPONSABILIDADE DO SEMAS, CRAS SANTA MARIA, SITUADO NA RUA MARCOLINO RODRIGUES CAMPOS, 08, CONFORME OFICIO 20/2026/SEMAS.;;;;;;;;;;;;;;;;;;;;;;;;;;;;;;;;;;;;;
668;PREFEITURA MUNICIPAL DE BARBACENA;;30304445;44;2026;GLOBAL;193;2023;EMPENHO PARA COBRIR DESPESA COM CONTRATAÇÃO DE EMPRESA PARA PRESTAÇÃO DE SERVIÇOS TÉCNICOS DE INOVAÇÃO E TRANSFORMAÇÃO DIGITAL,COM FOCO NA MODERNIZAÇÃO E MELHORIA CONTÍNUA DOS PROCESSOS E PRESTAÇÃO DE SERVIÇOS PÚBLICOS MUNICIPAIS DE QUALIDADE,CONFORME PROCESSO 193/2023,  CONTRATO 334/2023 E SOLICITAÇÃO DE FORNECIMENTO Nº 13/2026;02/01/26 00:00;414.263,28;0,00;178.956,96;0,00;85.183,51;0,00;4.294,97;0,00;0,00;0,00;0,00;0,00;4841150;BCR50 NEGOCIOS INTELIGENTES LTDA;82858;5;32;11;2150;4;122;3.3.90.39.05.00.00.00;1.500.000.0000;33903900000000;89.478,48;0,00;324.784,80;MANUTENÇAO DA SEGAB;OUTROS SERVIÇOS DE TERCEIROS - PESSOA JURÍDICA
Especificação: ;;EMPENHO PARA COBRIR DESPESA COM CONTRATAÇÃO DE EMPRESA PARA PRESTAÇÃO DE SERVIÇOS TÉCNICOS DE INOVAÇÃO E TRANSFORMAÇÃO DIGITAL,COM FOCO NA MODERNIZAÇÃO E MELHORIA CONTÍNUA DOS PROCESSOS E PRESTAÇÃO DE SERVIÇOS PÚBLICOS MUNICIPAIS DE QUALIDADE,CONFORME PROCESSO 193/2023,  CONTRATO 334/2023 E SOLICITAÇÃO DE FORNECIMENTO Nº 13/2026;;;;;;;;;;;;;;;;;;;;;;;;;;;;;;;;;;;;;
668;PREFEITURA MUNICIPAL DE BARBACENA;;30360134;46;2026;ESTIMATIVO;0;0;EMPENHO PARA COBRIR DESPESA COM FORNECIMENTO DE ÁGUA E TRATAMENTO DE ESGOTO JUNTO A USINA DE ASFALTO-SECRETARIA MUNICIPAL DE OBRAS PÚBLICAS,DURANTE O EXERCÍCIO DE 2026,CONFORME OFICIO Nº 036/2026-SEMOP.;02/01/26 00:00;2.400,00;0,00;64,99;0,00;61,87;0,00;3,12;0,00;0,00;0,00;0,00;0,00;1556325;COPASA - COMPANHIA DE SANEAMENTO DE MINAS GERAIS;;;140;11;2100;15;451;3.3.90.39.30.00.00.00;1.753.000.0000;33903900000000;64,99;0,00;2.335,01;MANUTENÇAO DA SEMOP;OUTROS SERVIÇOS DE TERCEIROS - PESSOA JURÍDICA
Especificação: ;;EMPENHO PARA COBRIR DESPESA COM FORNECIMENTO DE ÁGUA E TRATAMENTO DE ESGOTO JUNTO A USINA DE ASFALTO-SECRETARIA MUNICIPAL DE OBRAS PÚBLICAS,DURANTE O EXERCÍCIO DE 2026,CONFORME OFICIO Nº 036/2026-SEMOP.;;;;;;;;;;;;;;;;;;;;;;;;;;;;;;;;;;;;;
668;PREFEITURA MUNICIPAL DE BARBACENA;;30360799;47;2026;ESTIMATIVO;0;0;EMPENHO PARA COBRIR DESPESA COM FORNECIMENTO DE ÁGUA E TRATAMENTO DE ESGOTO JUNTO A CANTEIROS -SECRETARIA MUNICIPAL DE OBRAS PÚBLICAS,DURANTE O EXERCÍCIO DE 2026,CONFORME OFICIO Nº 037/2026-SEMOP.;02/01/26 00:00;1.440,00;0,00;308,28;0,00;0,00;0,00;0,00;0,00;0,00;0,00;0,00;0,00;1556325;COPASA - COMPANHIA DE SANEAMENTO DE MINAS GERAIS;;;140;11;2100;15;451;3.3.90.39.30.00.00.00;1.753.000.0000;33903900000000;0,00;0,00;1.440,00;MANUTENÇAO DA SEMOP;OUTROS SERVIÇOS DE TERCEIROS - PESSOA JURÍDICA
Especificação: ;;EMPENHO PARA COBRIR DESPESA COM FORNECIMENTO DE ÁGUA E TRATAMENTO DE ESGOTO JUNTO A CANTEIROS -SECRETARIA MUNICIPAL DE OBRAS PÚBLICAS,DURANTE O EXERCÍCIO DE 2026,CONFORME OFICIO Nº 037/2026-SEMOP.;;;;;;;;;;;;;;;;;;;;;;;;;;;;;;;;;;;;;
668;PREFEITURA MUNICIPAL DE BARBACENA;;30397291;48;2026;ORDINARIO;0;0;EMPENHO PARA COBRIR DESPESA  COM TERMO DE COLABORAÇÃO Nº 012/2024 FIRMADO ENTRE O MUNICÍPIO E A REFERIDA  ENTIDADE, QUARTO TERMO ADITIVO, VISANDO A EXECUÇÃO DO SERVIÇO DE PROTEÇÃO SOCIAL ESPECIAL PARA PESSOAS COM DEFICIÊNCIA,IDOSAS E SUAS FAMÍLIAS EM ESPECÍFICO NA MODALIDADE CENTRO-DIA PARA PESSOAS IDOSAS EM BARBACENA/MG,CONFORME OFICIO Nº 002/2026-SEMAS.;02/01/26 00:00;450.000,00;0,00;450.000,00;0,00;450.000,00;0,00;0,00;0,00;0,00;0,00;0,00;0,00;2469711;ASSOCIAÇÃO RENOVAÇÃO CIDADÃ ORGANIZADA DE MEMBROS DA SOCIEDADE CIVIL-ARCOM-SC;;;418;56;2608;8;244;3.3.50.43.00.00.00.00;1.501.000.0000;33504300000000;450.000,00;0,00;0,00;CONTRATOS E PARCERIAS COM ENTIDADES DE ASSISTENCIA SOCIAL;SUBVENÇÕES SOCIAIS
Especificação: ;;EMPENHO PARA COBRIR DESPESA  COM TERMO DE COLABORAÇÃO Nº 012/2024 FIRMADO ENTRE O MUNICÍPIO E A REFERIDA  ENTIDADE, QUARTO TERMO ADITIVO, VISANDO A EXECUÇÃO DO SERVIÇO DE PROTEÇÃO SOCIAL ESPECIAL PARA PESSOAS COM DEFICIÊNCIA,IDOSAS E SUAS FAMÍLIAS EM ESPECÍFICO NA MODALIDADE CENTRO-DIA PARA PESSOAS IDOSAS EM BARBACENA/MG,CONFORME OFICIO Nº 002/2026-SEMAS.;;;;;;;;;;;;;;;;;;;;;;;;;;;;;;;;;;;;;
668;PREFEITURA MUNICIPAL DE BARBACENA;;30435605;50;2026;GLOBAL;0;0;EMPENHO PARA COBRIR DESPESA  COM DESAPROPRIAÇÃO AMIGÁVEL FORMALIZADA POR TERMO DE ACORDO DE DESAPROPRIAÇÃO ASSINADO EM 17 DE JUNHO DE 2025,  REFERENTE A UMA FRAÇÃO DE TERRENO COM ÁREA DE 60.000 M², SITUADO NO ENTRONCAMENTO DA AV. ELIEZER HENRIQUES COM O ANEL RODOVIÁRIO ENTRE A BR-265 E A BR-040, CONFORME PREVISTO NO LAUDO DE AVALIAÇÃO CONSTANTE NA PORTARIA Nº26.200 DE 29 DE MAIO DE 2025 E OFICIO Nº 001/2026-GAB/SEDEC.;02/01/26 00:00;525.000,00;0,00;262.500,00;0,00;262.500,00;0,00;0,00;0,00;0,00;0,00;0,00;0,00;7445349;ESPÓLIO MARIA DO CARMO DA FONSECA PINTO;;;1199;22;2253;23;122;4.4.90.61.01.00.00.00;2.501.000.0000;44906100000000;262.500,00;0,00;262.500,00;PROMOÇAO, DESENVOLVIMENTO E FORTALECIMENTO DA ECONOMIA DE BARBACENA E REGIAO;AQUISIÇÃO DE IMÓVEIS
Especificação: ;;EMPENHO PARA COBRIR DESPESA  COM DESAPROPRIAÇÃO AMIGÁVEL FORMALIZADA POR TERMO DE ACORDO DE DESAPROPRIAÇÃO ASSINADO EM 17 DE JUNHO DE 2025,  REFERENTE A UMA FRAÇÃO DE TERRENO COM ÁREA DE 60.000 M², SITUADO NO ENTRONCAMENTO DA AV. ELIEZER HENRIQUES COM O ANEL RODOVIÁRIO ENTRE A BR-265 E A BR-040, CONFORME PREVISTO NO LAUDO DE AVALIAÇÃO CONSTANTE NA PORTARIA Nº26.200 DE 29 DE MAIO DE 2025 E OFICIO Nº 001/2026-GAB/SEDEC.;;;;;;;;;;;;;;;;;;;;;;;;;;;;;;;;;;;;;
668;PREFEITURA MUNICIPAL DE BARBACENA;;30435807;51;2026;GLOBAL;0;0;EMPENHO PARA COBRIR DESPESA  COM DESAPROPRIAÇÃO AMIGÁVEL FORMALIZADA POR TERMO DE ACORDO DE DESAPROPRIAÇÃO ASSINADO EM 17 DE JUNHO DE 2025,  REFERENTE A UMA FRAÇÃO DE TERRENO COM ÁREA DE 60.000 M², SITUADO NO ENTRONCAMENTO DA AV. ELIEZER HENRIQUES COM O ANEL RODOVIÁRIO ENTRE A BR-265 E A BR-040, CONFORME PREVISTO NO LAUDO DE AVALIAÇÃO CONSTANTE NA PORTARIA Nº26.200 DE 29 DE MAIO DE 2025 E OFICIO Nº 001/2026-GAB/SEDEC.;02/01/26 00:00;525.000,00;0,00;262.500,00;0,00;262.500,00;0,00;0,00;0,00;0,00;0,00;0,00;0,00;7445172;LUIZ PAULO RODRIGUES AMARAL;;;1199;22;2253;23;122;4.4.90.61.01.00.00.00;2.501.000.0000;44906100000000;262.500,00;0,00;262.500,00;PROMOÇAO, DESENVOLVIMENTO E FORTALECIMENTO DA ECONOMIA DE BARBACENA E REGIAO;AQUISIÇÃO DE IMÓVEIS
Especificação: ;;EMPENHO PARA COBRIR DESPESA  COM DESAPROPRIAÇÃO AMIGÁVEL FORMALIZADA POR TERMO DE ACORDO DE DESAPROPRIAÇÃO ASSINADO EM 17 DE JUNHO DE 2025,  REFERENTE A UMA FRAÇÃO DE TERRENO COM ÁREA DE 60.000 M², SITUADO NO ENTRONCAMENTO DA AV. ELIEZER HENRIQUES COM O ANEL RODOVIÁRIO ENTRE A BR-265 E A BR-040, CONFORME PREVISTO NO LAUDO DE AVALIAÇÃO CONSTANTE NA PORTARIA Nº26.200 DE 29 DE MAIO DE 2025 E OFICIO Nº 001/2026-GAB/SEDEC.;;;;;;;;;;;;;;;;;;;;;;;;;;;;;;;;;;;;;
668;PREFEITURA MUNICIPAL DE BARBACENA;;30249565;52;2026;GLOBAL;117;2022;EMPENHO PARA COBRIR DESPESA COM CONTRATAÇÃO DE EMPRESA PARA PRESTAÇÃO DE SERVIÇO DE MANUTENÇÃO PREVENTIVA E CORRETIVA COM SUBSTITUIÇÃO DE PEÇAS E EXECUÇÃO DE MELHORIAS NO ELEVADOR LOCALIZADO NO TERMINAL RODOVIÁRIO DR.SIMÃO  GUSTAVO TAMM,BARBACENA/MG,CONFORME  PROCESSO 117/2022,CONTRATO 137/2022 E SOLICITAÇÃO DE FORNECIMENTO Nº 01/2026.;02/01/26 00:00;23.840,70;0,00;1.239,06;0,00;0,00;0,00;0,00;0,00;0,00;0,00;0,00;0,00;2927804;ESMARTY ESPECIALISTA EM MANUTENCAO DE ELEVADORES LTDA;;;653;11;2672;15;452;3.3.90.39.15.00.00.00;1.500.000.0000;33903900000000;0,00;0,00;23.840,70;MANUTENÇÃO DO TERMINAL RODOVIÁRIO DE BARBACENA;OUTROS SERVIÇOS DE TERCEIROS - PESSOA JURÍDICA
Especificação: ;;EMPENHO PARA COBRIR DESPESA COM CONTRATAÇÃO DE EMPRESA PARA PRESTAÇÃO DE SERVIÇO DE MANUTENÇÃO PREVENTIVA E CORRETIVA COM SUBSTITUIÇÃO DE PEÇAS E EXECUÇÃO DE MELHORIAS NO ELEVADOR LOCALIZADO NO TERMINAL RODOVIÁRIO DR.SIMÃO  GUSTAVO TAMM,BARBACENA/MG,CONFORME  PROCESSO 117/2022,CONTRATO 137/2022 E SOLICITAÇÃO DE FORNECIMENTO Nº 01/2026.;;;;;;;;;;;;;;;;;;;;;;;;;;;;;;;;;;;;;
668;PREFEITURA MUNICIPAL DE BARBACENA;;30440294;53;2026;ESTIMATIVO;0;0;EMPENHO PARA COBRIR DESPESA COM FORNECIMENTO DE ÁGUA E TRATAMENTO DE ESGOTO JUNTO A PEDREIRA MUNICIPAL  VINCULADO A SECRETARIA MUNICIPAL DE OBRAS PÚBLICAS,DURANTE O EXERCÍCIO DE 2026,CONFORME OFICIO Nº 39/2026-SEMOP.;02/01/26 00:00;18.000,00;0,00;982,07;0,00;0,00;0,00;0,00;0,00;0,00;0,00;0,00;0,00;1556325;COPASA - COMPANHIA DE SANEAMENTO DE MINAS GERAIS;;;140;11;2100;15;451;3.3.90.39.30.00.00.00;1.753.000.0000;33903900000000;0,00;0,00;18.000,00;MANUTENÇAO DA SEMOP;OUTROS SERVIÇOS DE TERCEIROS - PESSOA JURÍDICA
Especificação: ;;EMPENHO PARA COBRIR DESPESA COM FORNECIMENTO DE ÁGUA E TRATAMENTO DE ESGOTO JUNTO A PEDREIRA MUNICIPAL  VINCULADO A SECRETARIA MUNICIPAL DE OBRAS PÚBLICAS,DURANTE O EXERCÍCIO DE 2026,CONFORME OFICIO Nº 39/2026-SEMOP.;;;;;;;;;;;;;;;;;;;;;;;;;;;;;;;;;;;;;
668;PREFEITURA MUNICIPAL DE BARBACENA;;30901812;565;2026;GLOBAL;0;0;EMPENHO PARA COBRIR DESPESA COM PRESTAÇÃO DE SERVIÇO DE NATUREZA CONTINUADA COM DEDICAÇÃO EXCLUSIVA DE MÃO DE OBRA PARA CONTROLE DE ACESSO A PRÉDIOS PÚBLICOS, EM ATENDIMENTO AO CONSELHO TULELAR, CONFORME PROCESSO 69/2022, 4° TERMO ADITIVO AO CONTRATO N° 208/2022, OFICIO N° 06/2026- GCM.;02/01/26 00:00;61.890,62;0,00;0,00;0,00;0,00;0,00;0,00;0,00;0,00;0,00;0,00;0,00;3095490;LIDER PRESTADORA DE SERVICOS EIRELI;208611;5;385;11;2321;8;244;3.3.90.39.99.00.00.00;1.500.000.0000;33903900000000;0,00;0,00;61.890,62;MANUTENÇAO DO CONSELHO TUTELAR;OUTROS SERVIÇOS DE TERCEIROS - PESSOA JURÍDICA
Especificação: ;;EMPENHO PARA COBRIR DESPESA COM PRESTAÇÃO DE SERVIÇO DE NATUREZA CONTINUADA COM DEDICAÇÃO EXCLUSIVA DE MÃO DE OBRA PARA CONTROLE DE ACESSO A PRÉDIOS PÚBLICOS, EM ATENDIMENTO AO CONSELHO TULELAR, CONFORME PROCESSO 69/2022, 4° TERMO ADITIVO AO CONTRATO N° 208/2022, OFICIO N° 06/2026- GCM.;;;;;;;;;;;;;;;;;;;;;;;;;;;;;;;;;;;;;
668;PREFEITURA MUNICIPAL DE BARBACENA;;30902067;566;2026;GLOBAL;0;0;EMPENHO PARA COBRIR DESPESA COM PRESTAÇÃO DE SERVIÇO DE NATUREZA CONTINUADA COM DEDICAÇÃO EXCLUSIVA DE MÃO DE OBRA PARA CONTROLE DE ACESSO A PRÉDIOS PÚBLICOS, EM ATENDIMENTO SEMAS/CRAS-PAIF, CONFORME PROCESSO 69/2022, 4° TERMO ADITIVO AO CONTRATO N° 208/2022, OFICIO N° 06/2026- GCM.;02/01/26 00:00;247.572,16;0,00;0,00;0,00;0,00;0,00;0,00;0,00;0,00;0,00;0,00;0,00;3095490;LIDER PRESTADORA DE SERVICOS EIRELI;208611;5;409;56;2319;8;244;3.3.90.39.99.00.00.00;1.500.000.0000;33903900000000;0,00;0,00;247.572,16;MANUTENÇAO DE CRAS - PAIF;OUTROS SERVIÇOS DE TERCEIROS - PESSOA JURÍDICA
Especificação: ;;EMPENHO PARA COBRIR DESPESA COM PRESTAÇÃO DE SERVIÇO DE NATUREZA CONTINUADA COM DEDICAÇÃO EXCLUSIVA DE MÃO DE OBRA PARA CONTROLE DE ACESSO A PRÉDIOS PÚBLICOS, EM ATENDIMENTO SEMAS/CRAS-PAIF, CONFORME PROCESSO 69/2022, 4° TERMO ADITIVO AO CONTRATO N° 208/2022, OFICIO N° 06/2026- GCM.;;;;;;;;;;;;;;;;;;;;;;;;;;;;;;;;;;;;;
668;PREFEITURA MUNICIPAL DE BARBACENA;;30263815;57;2026;GLOBAL;31;2025;EMPENHO PARA COBRIR DESPESA COM  LOCAÇÃO DO IMÓVEL SITUADO  A AVENIDA  PEREIRA TEIXEIRA, Nº 180,CENTRO BARBAENA/MG,PARA INSTALAÇÕES DA OUVIDORIA GERAL DO MUNICÍPIO,CONFORME PROCESSO 31/2025, CONTRATO Nº 048/2025, E SOLICITAÇÃO DE FORNECIMENTO Nº 7/2026 .DURANTE O PERIODO DE  JANEIRO/2026 A  DEZEMBO/2026.;02/01/26 00:00;27.000,00;0,00;2.250,00;0,00;2.250,00;0,00;0,00;0,00;0,00;0,00;0,00;0,00;2186225;ASSESSORIA MONTEIRO & FONTES DE NEGOCIOS IMOBILIARIOS LTDA;16729;9;17;11;2142;4;124;3.3.90.39.10.00.00.00;1.500.000.0000;33903900000000;2.250,00;0,00;24.750,00;MANUTENÇAO DA CGEM;OUTROS SERVIÇOS DE TERCEIROS - PESSOA JURÍDICA
Especificação: ;;EMPENHO PARA COBRIR DESPESA COM  LOCAÇÃO DO IMÓVEL SITUADO  A AVENIDA  PEREIRA TEIXEIRA, Nº 180,CENTRO BARBAENA/MG,PARA INSTALAÇÕES DA OUVIDORIA GERAL DO MUNICÍPIO,CONFORME PROCESSO 31/2025, CONTRATO Nº 048/2025, E SOLICITAÇÃO DE FORNECIMENTO Nº 7/2026 .DURANTE O PERIODO DE  JANEIRO/2026 A  DEZEMBO/2026.;;;;;;;;;;;;;;;;;;;;;;;;;;;;;;;;;;;;;
668;PREFEITURA MUNICIPAL DE BARBACENA;;30361578;58;2026;GLOBAL;164;2022;EMPENHO PARA COBRIR DESPESA COM LOCAÇÃO DE SALAS SITUADAS AV.BIAS FORTES Nº 056-CENTRO BARBACENA, PARA FINS DE INSTALAÇÃO DA SECRETARIA MUNICIPAL DE AGRICULTURA PECUÁRIA E ABASTECIMENTO E ÓRGÃOS CONVENIADOS,DURANTE O EXERCÍCIO DE 2026,CONFORME PROCESSO 164/2025,CONTRATO 28/2023 E SOLICITAÇÃO DE FORNECIMENTO Nº 33/2026.;02/01/26 00:00;16.000,00;0,00;0,00;0,00;0,00;0,00;0,00;0,00;0,00;0,00;0,00;0,00;1543377;SINDICATO RURAL DE BARBACENA;3995;0;80;11;2173;20;122;3.3.90.39.10.00.00.00;1.501.000.0000;33903900000000;0,00;0,00;16.000,00;MANUTENÇAO DA SEAPA;OUTROS SERVIÇOS DE TERCEIROS - PESSOA JURÍDICA
Especificação: ;;EMPENHO PARA COBRIR DESPESA COM LOCAÇÃO DE SALAS SITUADAS AV.BIAS FORTES Nº 056-CENTRO BARBACENA, PARA FINS DE INSTALAÇÃO DA SECRETARIA MUNICIPAL DE AGRICULTURA PECUÁRIA E ABASTECIMENTO E ÓRGÃOS CONVENIADOS,DURANTE O EXERCÍCIO DE 2026,CONFORME PROCESSO 164/2025,CONTRATO 28/2023 E SOLICITAÇÃO DE FORNECIMENTO Nº 33/2026.;;;;;;;;;;;;;;;;;;;;;;;;;;;;;;;;;;;;;
668;PREFEITURA MUNICIPAL DE BARBACENA;;30735523;587;2026;ESTIMATIVO;99;2021;EMPENHO PARA COBRIR DESPESA COM PRESTAÇÃO DE SERVIÇOS DE OUTSORCING DE IMPRESSÃO,COM ASSISTÊNCIA TÉCNICA E MANUTENÇÃO CORRETIVA,PREVENTIVA E ESPECIALIZADA,REPOSIÇÃO DE PEÇAS E INSUMOS,EM ATENDIMENTO A SECRETARIA MUN. ADMINISTRAÇÃO, CONFORME PROCESSO 99/2021, QUARTO ADITIVO AO  CONTRATO Nº 078/2021 E  SOLICITAÇÃO DE FORNECIMENTO Nº 86/2026.;02/01/26 00:00;109.018,44;0,00;0,00;0,00;0,00;0,00;0,00;0,00;0,00;0,00;0,00;0,00;1543536;SIMPRESS COMERCIO, LOCACAO E SERVICOS S/A;105457;0;511;11;2055;4;122;3.3.90.39.12.00.00.00;1.500.000.0000;33903900000000;0,00;0,00;109.018,44;MANUTENÇÃO DA SEMAD;OUTROS SERVIÇOS DE TERCEIROS - PESSOA JURÍDICA
Especificação: ;;EMPENHO PARA COBRIR DESPESA COM PRESTAÇÃO DE SERVIÇOS DE OUTSORCING DE IMPRESSÃO,COM ASSISTÊNCIA TÉCNICA E MANUTENÇÃO CORRETIVA,PREVENTIVA E ESPECIALIZADA,REPOSIÇÃO DE PEÇAS E INSUMOS,EM ATENDIMENTO A SECRETARIA MUN. ADMINISTRAÇÃO, CONFORME PROCESSO 99/2021, QUARTO ADITIVO AO  CONTRATO Nº 078/2021 E  SOLICITAÇÃO DE FORNECIMENTO Nº 86/2026.;;;;;;;;;;;;;;;;;;;;;;;;;;;;;;;;;;;;;
668;PREFEITURA MUNICIPAL DE BARBACENA;;30488947;59;2026;GLOBAL;0;0;EMPENHO PARA COBRIR DESPESA COM PRESTAÇÃO DE SERVIÇO DE DESTINAÇÃO FINAL DOS RESÍDUOS SÓLIDOS URBANOS GERADOS PELO MUN. DE NATUREZA DOMIC E COM. CLASSE II-A, PROV. DAS OPERAÇÕES DE COLETA REGULAR, DA LIMPEZA DE FEIRAS LIVRES, DE VARRIÇÃO, DEMAIS ATIVIDADES DE LIMPEZA DE LOGRADOUROS PÚBLICOS E RESÍDUOS DEPOSITADOS EM CONTÊINERES ESTACIONÁRIOS. DURANTE O EXERCÍCIO DE 2026, CONFORME 4º TERMO ADITIVO AO CONVÊNIO N° 003/2021 E OFICIO N° 017/2026- SESP.;02/01/26 00:00;710.479,00;0,00;397.070,15;0,00;0,00;0,00;0,00;0,00;0,00;0,00;0,00;0,00;1543466;ECOTRES - CONS PUB INTERM. DE TRATAMENTO DE RESIDU;;;690;18;2161;17;452;3.3.90.39.61.00.00.00;1.704.000.0000;33903900000000;0,00;0,00;710.479,00;MANUTENÇAO DAS ATIVIDADES DE LIMPEZA URBANA E DESTINAÇAO FINAL DE RESIDUOS;OUTROS SERVIÇOS DE TERCEIROS - PESSOA JURÍDICA
Especificação: ;;EMPENHO PARA COBRIR DESPESA COM PRESTAÇÃO DE SERVIÇO DE DESTINAÇÃO FINAL DOS RESÍDUOS SÓLIDOS URBANOS GERADOS PELO MUN. DE NATUREZA DOMIC E COM. CLASSE II-A, PROV. DAS OPERAÇÕES DE COLETA REGULAR, DA LIMPEZA DE FEIRAS LIVRES, DE VARRIÇÃO, DEMAIS ATIVIDADES DE LIMPEZA DE LOGRADOUROS PÚBLICOS E RESÍDUOS DEPOSITADOS EM CONTÊINERES ESTACIONÁRIOS. DURANTE O EXERCÍCIO DE 2026, CONFORME 4º TERMO ADITIVO AO CONVÊNIO N° 003/2021 E OFICIO N° 017/2026- SESP.;;;;;;;;;;;;;;;;;;;;;;;;;;;;;;;;;;;;;
668;PREFEITURA MUNICIPAL DE BARBACENA;;30489777;61;2026;ESTIMATIVO;0;0;EMPENHO PARA COBRIR DESPESA COM ANOTAÇÃO DE RESPONSABILIDADE TÉCNICA-ART,DURANTE O EXERCÍCIO DE 2026,CONFORME OFICIO Nº 40/2026-SEMOP.;02/01/26 00:00;13.018,80;0,00;216,78;0,00;108,39;0,00;0,00;0,00;0,00;0,00;0,00;0,00;1556305;CREA-MG CONSELHO REG. DE ENG. E  AGRO. DE MG;;;140;11;2100;15;451;3.3.90.39.05.00.00.00;1.500.000.0000;33903900000000;108,39;0,00;12.910,41;MANUTENÇAO DA SEMOP;OUTROS SERVIÇOS DE TERCEIROS - PESSOA JURÍDICA
Especificação: ;;EMPENHO PARA COBRIR DESPESA COM ANOTAÇÃO DE RESPONSABILIDADE TÉCNICA-ART,DURANTE O EXERCÍCIO DE 2026,CONFORME OFICIO Nº 40/2026-SEMOP.;;;;;;;;;;;;;;;;;;;;;;;;;;;;;;;;;;;;;
668;PREFEITURA MUNICIPAL DE BARBACENA;;30291093;62;2026;GLOBAL;222;2023;EMPENHO PARA COBRIR DESPESA COM LOCAÇÃO DO IMÓVEL SITUADO NA RUA ANITA GARIBALDI, Nº.: 145, BAIRRO SÃO SEBASTIÃO, BARBACENA, PARA ATENDER AS INSTALAÇÕES DA CASA DA MULHER,CONFORME OFICIO Nº 002/2026/CREAS;02/01/26 00:00;29.182,56;0,00;2.652,96;0,00;0,00;0,00;0,00;0,00;0,00;0,00;0,00;0,00;5182903;FATIMA APARECIDA DE AVELAR TEIXEIRA;;;427;57;2315;8;244;3.3.90.36.14.00.00.00;1.660.000.0000;33903600000000;0,00;0,00;29.182,56;MANUTENÇAO DO CREAS - PAEFI;OUTROS SERVIÇOS DE TERCEIROS - PESSOA FÍSICA
Especificação: ;;EMPENHO PARA COBRIR DESPESA COM LOCAÇÃO DO IMÓVEL SITUADO NA RUA ANITA GARIBALDI, Nº.: 145, BAIRRO SÃO SEBASTIÃO, BARBACENA, PARA ATENDER AS INSTALAÇÕES DA CASA DA MULHER,CONFORME OFICIO Nº 002/2026/CREAS;;;;;;;;;;;;;;;;;;;;;;;;;;;;;;;;;;;;;
668;PREFEITURA MUNICIPAL DE BARBACENA;;30490641;63;2026;GLOBAL;0;0;EMPENHO PARA COBRIR DESPESA COM CONVÊNIO Nº 090,FIRMADO ENTRE O MUNICÍPIO E A REFERIDA EMPRESA,VISANDO PESQUISAR, CAPACITAR E APRESENTAR SOLUÇÕES TECNOLÓGICAS PARA O DESENVOLVIMENTO SUSTENTÁVEL DA AGROPECUÁRIA E DA AGROINDUSTRIA, EM BENEFICIO DA SOCIEDADE,CONFORME  OFICIO Nº 04/2026/SEAPA.;02/01/26 00:00;27.060,00;0,00;13.530,00;0,00;0,00;0,00;0,00;0,00;0,00;0,00;0,00;0,00;2343431;EMPRESA DE PESQUISA AGROPECUÁRIA DE MINAS GERAIS-EPAMIG;;;95;35;2178;20;122;3.3.50.41.00.00.00.00;1.500.000.0000;33504100000000;0,00;0,00;27.060,00;APOIO E FOMENTO A PRODUÇÃO RURAL;CONTRIBUIÇÕES
Especificação: ;;EMPENHO PARA COBRIR DESPESA COM CONVÊNIO Nº 090,FIRMADO ENTRE O MUNICÍPIO E A REFERIDA EMPRESA,VISANDO PESQUISAR, CAPACITAR E APRESENTAR SOLUÇÕES TECNOLÓGICAS PARA O DESENVOLVIMENTO SUSTENTÁVEL DA AGROPECUÁRIA E DA AGROINDUSTRIA, EM BENEFICIO DA SOCIEDADE,CONFORME  OFICIO Nº 04/2026/SEAPA.;;;;;;;;;;;;;;;;;;;;;;;;;;;;;;;;;;;;;
668;PREFEITURA MUNICIPAL DE BARBACENA;;30252783;65;2026;GLOBAL;42;2021;EMPENHO PARA COBRIR DESPESA CUJO OBJETO É A LOCAÇÃO DE IMÓVEL, PARA FINS NÃO RESIDENCIAIS, SITUADO NA RUA ARTHUR BERNARDES, N° 266 - CENTRO, QUE ATENDE AS INSTALAÇÕES DO CENTRO DE REFERENCIA ESPECIALIZADO DE ASSISTÊNCIA SOCIAL - CREAS, DA SECRETARIA MUNICIPAL DE ASSISTENCIA SOCIAL-SEMAS, CONFORME OFÍCIO Nº.: 015/2026/SEMAS/CREAS;02/01/26 00:00;16.535,04;0,00;2.755,84;0,00;0,00;0,00;0,00;0,00;0,00;0,00;0,00;0,00;1543626;AMILTON NONATO PEDROSA;;;427;57;2315;8;244;3.3.90.36.14.00.00.00;1.660.000.0000;33903600000000;0,00;0,00;16.535,04;MANUTENÇAO DO CREAS - PAEFI;OUTROS SERVIÇOS DE TERCEIROS - PESSOA FÍSICA
Especificação: ;;EMPENHO PARA COBRIR DESPESA CUJO OBJETO É A LOCAÇÃO DE IMÓVEL, PARA FINS NÃO RESIDENCIAIS, SITUADO NA RUA ARTHUR BERNARDES, N° 266 - CENTRO, QUE ATENDE AS INSTALAÇÕES DO CENTRO DE REFERENCIA ESPECIALIZADO DE ASSISTÊNCIA SOCIAL - CREAS, DA SECRETARIA MUNICIPAL DE ASSISTENCIA SOCIAL-SEMAS, CONFORME OFÍCIO Nº.: 015/2026/SEMAS/CREAS;;;;;;;;;;;;;;;;;;;;;;;;;;;;;;;;;;;;;
668;PREFEITURA MUNICIPAL DE BARBACENA;;30267096;66;2026;GLOBAL;253;2023;EMPENHO PARA COBRIR DESPESA CUJO OBJETO É A LOCAÇÃO DE IMÓVEL, PARA FINS NÃO RESIDENCIAIS, OSWALDO FORTINI, 128, BAIRRO SÃO JOSÉ, , QUE ATENDE AS INSTALAÇÕES DO NÚCLEO DO CIDADÃO DE RUA, DA SECRETARIA MUNICIPAL DE ASSISTENCIA SOCIAL-SEMAS, CONFORME OFÍCIO Nº.: 001/2026/SEMAS/DEPARTAMENTO DE ASSISTÊNCIA AO MORADOR DE RUA;02/01/26 00:00;33.807,78;0,00;0,00;0,00;0,00;0,00;0,00;0,00;0,00;0,00;0,00;0,00;5455673;LETICIA MARQUES CAMPOS;;;457;58;2665;8;244;3.3.90.36.14.00.00.00;1.661.000.0000;33903600000000;0,00;0,00;33.807,78;MANUTENÇÃO DA CASA DE PASSAGEM;OUTROS SERVIÇOS DE TERCEIROS - PESSOA FÍSICA
Especificação: ;;EMPENHO PARA COBRIR DESPESA CUJO OBJETO É A LOCAÇÃO DE IMÓVEL, PARA FINS NÃO RESIDENCIAIS, OSWALDO FORTINI, 128, BAIRRO SÃO JOSÉ, , QUE ATENDE AS INSTALAÇÕES DO NÚCLEO DO CIDADÃO DE RUA, DA SECRETARIA MUNICIPAL DE ASSISTENCIA SOCIAL-SEMAS, CONFORME OFÍCIO Nº.: 001/2026/SEMAS/DEPARTAMENTO DE ASSISTÊNCIA AO MORADOR DE RUA;;;;;;;;;;;;;;;;;;;;;;;;;;;;;;;;;;;;;
668;PREFEITURA MUNICIPAL DE BARBACENA;;30494731;67;2026;GLOBAL;0;0;"EMPENHO PARA COBRIR DESPESA COM  SEGUNDO TERMO ADITIVO DO TERMO DE COLABORAÇÃO Nº 010/2024 FIRMADO ENTRE O MUNICÍPIO E A REFERIDA ENTIDADE, VISANDO A CONJUGAÇÃO DE ESFORÇOS ""PARA PROMOVER AÇÕES DE HABILITAÇÃO E REABILITAÇÃO NO ÂMBITO DA ASSISTÊNCIA SOCIAL ATUANDO JUNTAMENTE DA EQUIPE MULTIDISCIPLINAR PROPORCIONANDO UM ATENDIMENTO INTEGRAL PARA PESSOAS COM DEFICIÊNCIA"", CONFORME OFICIO 003/2026/FMAS/SEMAS.";02/01/26 00:00;36.000,00;0,00;0,00;0,00;0,00;0,00;0,00;0,00;0,00;0,00;0,00;0,00;1556315;ASSOCIACAO DE PAIS E AMIGOS DOS EXCEPCIONAIS DE BARBACENA-MG;;;395;56;2313;8;244;3.3.50.43.00.00.00.00;1.660.000.0000;33504300000000;0,00;0,00;36.000,00;SERVIÇO DE CONVIVENCIA E FORTALECIMENTO DE VINCULOS;SUBVENÇÕES SOCIAIS
Especificação: ;;"EMPENHO PARA COBRIR DESPESA COM  SEGUNDO TERMO ADITIVO DO TERMO DE COLABORAÇÃO Nº 010/2024 FIRMADO ENTRE O MUNICÍPIO E A REFERIDA ENTIDADE, VISANDO A CONJUGAÇÃO DE ESFORÇOS ""PARA PROMOVER AÇÕES DE HABILITAÇÃO E REABILITAÇÃO NO ÂMBITO DA ASSISTÊNCIA SOCIAL ATUANDO JUNTAMENTE DA EQUIPE MULTIDISCIPLINAR PROPORCIONANDO UM ATENDIMENTO INTEGRAL PARA PESSOAS COM DEFICIÊNCIA"", CONFORME OFICIO 003/2026/FMAS/SEMAS.";;;;;;;;;;;;;;;;;;;;;;;;;;;;;;;;;;;;;
668;PREFEITURA MUNICIPAL DE BARBACENA;;30495703;68;2026;ORDINARIO;0;0;EMPENHO PARA COBRIR DESPESA COM TERMO DE FOMENTO Nº 007/2022 FIRMADO ENTRE O MUNICÍPIO E A REFERIDA ENTIDADE,VISANDO  A PROTEÇÃO SOCIAL DE CRIANÇAS E ADOLESCENTES EM SITUAÇÃO DE VULNERABILIDADE SOCIAL,CONFORME  OFICIO Nº 0008/2026/FMAS/SEMAS.;02/01/26 00:00;162.500,00;0,00;162.500,00;0,00;162.500,00;0,00;0,00;0,00;0,00;0,00;0,00;0,00;1543354;ASSOCIAÇÃO SÃO MIGUEL ARCANJO;;;418;56;2608;8;244;3.3.50.43.00.00.00.00;1.501.000.0000;33504300000000;162.500,00;0,00;0,00;CONTRATOS E PARCERIAS COM ENTIDADES DE ASSISTENCIA SOCIAL;SUBVENÇÕES SOCIAIS
;;EMPENHO PARA COBRIR DESPESA COM TERMO DE FOMENTO Nº 007/2022 FIRMADO ENTRE O MUNICÍPIO E A REFERIDA ENTIDADE,VISANDO  A PROTEÇÃO SOCIAL DE CRIANÇAS E ADOLESCENTES EM SITUAÇÃO DE VULNERABILIDADE SOCIAL,CONFORME  OFICIO Nº 0008/2026/FMAS/SEMAS.;;;;;;;;;;;;;;;;;;;;;;;;;;;;;;;;;;;;;
668;PREFEITURA MUNICIPAL DE BARBACENA;;30497212;69;2026;ORDINARIO;0;0;EMPENHO PARA COBRIR DESPESA COM REPASSE PARA O DÉCIMO  ADITIVO AO TERMO DE FOMENTO Nº005/2021,FIRMADO ENTRE O MUNICÍPIO E A REFERIDA ENTIDADE,PARA ATENDER A PROTEÇÃO SOCIAL BÁSICA E AOS SERVIÇOS DE CONVIVÊNCIA E FORTALECIMENTO DE VINCULOS,DE RELEVANTE INTERESSE SOCIAL E HUMANO,CONFORME OFICIO Nº 004/2026/FMAS/SEMAS.;02/01/26 00:00;167.960,32;0,00;167.960,32;0,00;167.960,32;0,00;0,00;0,00;0,00;0,00;0,00;0,00;2179773;ASSOCIAÇÃO DE MÃES E AMIGOS DO AUTISTA DE BARBACENA - AMAB;;;395;56;2313;8;244;3.3.50.43.00.00.00.00;1.500.000.0000;33504300000000;167.960,32;0,00;0,00;SERVIÇO DE CONVIVENCIA E FORTALECIMENTO DE VINCULOS;SUBVENÇÕES SOCIAIS
Especificação: ;;EMPENHO PARA COBRIR DESPESA COM REPASSE PARA O DÉCIMO  ADITIVO AO TERMO DE FOMENTO Nº005/2021,FIRMADO ENTRE O MUNICÍPIO E A REFERIDA ENTIDADE,PARA ATENDER A PROTEÇÃO SOCIAL BÁSICA E AOS SERVIÇOS DE CONVIVÊNCIA E FORTALECIMENTO DE VINCULOS,DE RELEVANTE INTERESSE SOCIAL E HUMANO,CONFORME OFICIO Nº 004/2026/FMAS/SEMAS.;;;;;;;;;;;;;;;;;;;;;;;;;;;;;;;;;;;;;
668;PREFEITURA MUNICIPAL DE BARBACENA;;30265384;7;2026;ESTIMATIVO;0;0;EMPENHO PARA COBRIR DESPESA COM FORNECIMENTO DE ÁGUA E TRATAMENTO DE ESGOTO JUNTO AO TERMINAL RODOVIÁRIO DE BARBACENA,DURANTE O EXERCÍCIO DE 2026,CONFORME OFICIO Nº 010/2026-SESP .;02/01/26 00:00;60.000,00;0,00;4.597,52;0,00;4.376,84;0,00;220,68;0,00;0,00;0,00;0,00;0,00;1556325;COPASA - COMPANHIA DE SANEAMENTO DE MINAS GERAIS;;;653;11;2672;15;452;3.3.90.39.30.00.00.00;1.500.000.0000;33903900000000;4.597,52;0,00;55.402,48;MANUTENÇÃO DO TERMINAL RODOVIÁRIO DE BARBACENA;OUTROS SERVIÇOS DE TERCEIROS - PESSOA JURÍDICA
Especificação: ;;EMPENHO PARA COBRIR DESPESA COM FORNECIMENTO DE ÁGUA E TRATAMENTO DE ESGOTO JUNTO AO TERMINAL RODOVIÁRIO DE BARBACENA,DURANTE O EXERCÍCIO DE 2026,CONFORME OFICIO Nº 010/2026-SESP .;;;;;;;;;;;;;;;;;;;;;;;;;;;;;;;;;;;;;
668;PREFEITURA MUNICIPAL DE BARBACENA;;30497827;70;2026;ORDINARIO;0;0;EMPENHO PARA COBRIR DESPESA COM REPASSE REFERENTE AO TERMO DE APOSTILAMENTO AO TERMO DE APOSTILAMENTO AO 3º TERMO ADITIVO AO TERMO DE FOMENTO Nº 006/2022,FIRMADO ENTRE A REFERIDA ENTIDADE E O MUNICÍPIO,VISANDO O ACOLHIMENTO PROVISÓRIO DE PESSOAS ADULTAS EM SITUAÇÃO DE RUA E MIGRAÇÃO,FLAGRANTE VULNERABILIDADE SOCIAL,COM OFERTA DE ALIMENTAÇÃO,HIGIENE E 17 LEITOS,COM VISTAS A PROMOÇÃO E IMPLEMETAÇÃO DO DIREITO FUNDAMENTAL DA DIGNIDADE DA PESSOA HUMANA. CONFORME  OFICIO Nº 007/2026/FMAS/SEMAS;02/01/26 00:00;318.033,80;0,00;318.033,80;0,00;318.033,80;0,00;0,00;0,00;0,00;0,00;0,00;0,00;1543955;ASSOCIAÇÃO MARY JANE WILSON-LAR SÃO CAETANO;;;418;56;2608;8;244;3.3.50.43.00.00.00.00;1.500.000.0000;33504300000000;318.033,80;0,00;0,00;CONTRATOS E PARCERIAS COM ENTIDADES DE ASSISTENCIA SOCIAL;SUBVENÇÕES SOCIAIS
Especificação: ;;EMPENHO PARA COBRIR DESPESA COM REPASSE REFERENTE AO TERMO DE APOSTILAMENTO AO TERMO DE APOSTILAMENTO AO 3º TERMO ADITIVO AO TERMO DE FOMENTO Nº 006/2022,FIRMADO ENTRE A REFERIDA ENTIDADE E O MUNICÍPIO,VISANDO O ACOLHIMENTO PROVISÓRIO DE PESSOAS ADULTAS EM SITUAÇÃO DE RUA E MIGRAÇÃO,FLAGRANTE VULNERABILIDADE SOCIAL,COM OFERTA DE ALIMENTAÇÃO,HIGIENE E 17 LEITOS,COM VISTAS A PROMOÇÃO E IMPLEMETAÇÃO DO DIREITO FUNDAMENTAL DA DIGNIDADE DA PESSOA HUMANA. CONFORME  OFICIO Nº 007/2026/FMAS/SEMAS;;;;;;;;;;;;;;;;;;;;;;;;;;;;;;;;;;;;;
668;PREFEITURA MUNICIPAL DE BARBACENA;;30521557;71;2026;GLOBAL;0;0;EMPENHO PARA COBRIR DESPESA REFERENTE AO CONVÊNIO COM A REFERIDA ENTIDADE, CONFORME CONTRATO Nº 000/2023 E OFICIO Nº 001/2026-SEAPA. DURANTE O EXERCÍCIO DE 2026.;02/01/26 00:00;128.554,44;0,00;0,00;0,00;0,00;0,00;0,00;0,00;0,00;0,00;0,00;0,00;1601318;EMATER - MG;;;95;35;2178;20;122;3.3.50.41.00.00.00.00;1.500.000.0000;33504100000000;0,00;0,00;128.554,44;APOIO E FOMENTO A PRODUÇÃO RURAL;CONTRIBUIÇÕES
Especificação: ;;EMPENHO PARA COBRIR DESPESA REFERENTE AO CONVÊNIO COM A REFERIDA ENTIDADE, CONFORME CONTRATO Nº 000/2023 E OFICIO Nº 001/2026-SEAPA. DURANTE O EXERCÍCIO DE 2026.;;;;;;;;;;;;;;;;;;;;;;;;;;;;;;;;;;;;;
668;PREFEITURA MUNICIPAL DE BARBACENA;;31022561;717;2026;GLOBAL;0;0;EMPENHO PARA COBRIR DESPESAS COM ALUGUEL DO IMÓVEL SITUADO NA AVENIDA GOVERNADOR VALADARES, 360, BAIRRO SÃO SEBASTIÃO, BARBACENA, PROCESSO 085/2014, CONTRATO 157/2014, QUE ABRIGARÁ A CASA DE ACOLHIMENTO INSTITUCIONAL DE BARBACENA EM ATENDIMENTO AO OFÍCIO 023/2026/CAIB/SEMAS;02/01/26 00:00;21.675,10;0,00;0,00;0,00;0,00;0,00;0,00;0,00;0,00;0,00;0,00;0,00;1543465;EULER BENIGNO MOREIRA;;;441;58;2310;8;244;3.3.90.36.14.00.00.00;1.660.000.0000;33903600000000;0,00;0,00;21.675,10;MANUTENÇÃO DA CASA DE ACOLHIMENTO INSTITUCIONAL CRIANÇA E ADOLESCENTE;OUTROS SERVIÇOS DE TERCEIROS - PESSOA FÍSICA
Especificação: ;;EMPENHO PARA COBRIR DESPESAS COM ALUGUEL DO IMÓVEL SITUADO NA AVENIDA GOVERNADOR VALADARES, 360, BAIRRO SÃO SEBASTIÃO, BARBACENA, PROCESSO 085/2014, CONTRATO 157/2014, QUE ABRIGARÁ A CASA DE ACOLHIMENTO INSTITUCIONAL DE BARBACENA EM ATENDIMENTO AO OFÍCIO 023/2026/CAIB/SEMAS;;;;;;;;;;;;;;;;;;;;;;;;;;;;;;;;;;;;;
668;PREFEITURA MUNICIPAL DE BARBACENA;;31022925;718;2026;GLOBAL;0;0;EMPENHO PARA COBRIR DESPESAS COM ALUGUEL DO IMÓVEL SITUADO NA AVENIDA GOVERNADOR VALADARES, 360, BAIRRO SÃO SEBASTIÃO, BARBACENA, PROCESSO 085/2014, CONTRATO 157/2014, QUE ABRIGARÁ A CASA DE ACOLHIMENTO INSTITUCIONAL DE BARBACENA EM ATENDIMENTO AO OFÍCIO 023/2026/CAIB/SEMAS.;02/01/26 00:00;21.675,10;0,00;0,00;0,00;0,00;0,00;0,00;0,00;0,00;0,00;0,00;0,00;1543492;HELDER MARCIO MOREIRA;47066;1;441;58;2310;8;244;3.3.90.36.14.00.00.00;1.660.000.0000;33903600000000;0,00;0,00;21.675,10;MANUTENÇÃO DA CASA DE ACOLHIMENTO INSTITUCIONAL CRIANÇA E ADOLESCENTE;OUTROS SERVIÇOS DE TERCEIROS - PESSOA FÍSICA
Especificação: ;;EMPENHO PARA COBRIR DESPESAS COM ALUGUEL DO IMÓVEL SITUADO NA AVENIDA GOVERNADOR VALADARES, 360, BAIRRO SÃO SEBASTIÃO, BARBACENA, PROCESSO 085/2014, CONTRATO 157/2014, QUE ABRIGARÁ A CASA DE ACOLHIMENTO INSTITUCIONAL DE BARBACENA EM ATENDIMENTO AO OFÍCIO 023/2026/CAIB/SEMAS.;;;;;;;;;;;;;;;;;;;;;;;;;;;;;;;;;;;;;
668;PREFEITURA MUNICIPAL DE BARBACENA;;31041402;719;2026;ESTIMATIVO;0;0;EMPENHO PARA COBRIR DESPESA COM  1º  ADITIVO AO TERMO DE COMPROMISSO SEJUSP/NUPAR Nº 64872431/2023-SECRETARIA DE ESTADO E SEGURANÇA PÚBLICA CUJO OBJETO É A VIABILIZAÇÃO DE PROCEDIMENTOS DESTINADOS A PROFISSIONALIZAÇÃO DE PRESOS DO SISTEMA PRISIONAL DE MINAS GERAIS,CONFORME OFICIO Nº 012/2026-SEPLAN.(FOLHA DE PAGAMENTO SENTENCIADOS);02/01/26 00:00;60.000,00;0,00;0,00;0,00;0,00;0,00;0,00;0,00;0,00;0,00;0,00;0,00;1543349;SECRETARIA DE ESTADO DE FAZENDA DE MINAS GERAIS;;;692;18;2161;17;452;3.3.90.93.03.00.00.00;1.500.000.0000;33909300000000;0,00;0,00;60.000,00;MANUTENÇAO DAS ATIVIDADES DE LIMPEZA URBANA E DESTINAÇAO FINAL DE RESIDUOS;INDENIZAÇÕES E RESTITUIÇÕES
Especificação: ;;EMPENHO PARA COBRIR DESPESA COM  1º  ADITIVO AO TERMO DE COMPROMISSO SEJUSP/NUPAR Nº 64872431/2023-SECRETARIA DE ESTADO E SEGURANÇA PÚBLICA CUJO OBJETO É A VIABILIZAÇÃO DE PROCEDIMENTOS DESTINADOS A PROFISSIONALIZAÇÃO DE PRESOS DO SISTEMA PRISIONAL DE MINAS GERAIS,CONFORME OFICIO Nº 012/2026-SEPLAN.(FOLHA DE PAGAMENTO SENTENCIADOS);;;;;;;;;;;;;;;;;;;;;;;;;;;;;;;;;;;;;
668;PREFEITURA MUNICIPAL DE BARBACENA;;30391230;72;2026;GLOBAL;201;2023;EMPENHO PARA COBRIR DESPESA COM LOCAÇÃO DE SISTEMA DIGITAL DE BANDA LARGA (3G/4G/LTE E WI-FI0 ATRAVÉS DE ESTAÇÕES TERMINAIS DE ACESSO(ETA) EM ATENDIMENTO A SECRETARIA DE TRÂNSITO E MOBILIDADE URBANA,CONFORME  PROCESSO 201/2023,CONTRATO 3/2024 E SOLICITAÇÃO DE FORNECIMENTO Nº 53/2026.;02/01/26 00:00;83.732,04;0,00;0,00;0,00;0,00;0,00;0,00;0,00;0,00;0,00;0,00;0,00;3162943;INOVAPTT TECNOLOGIA LTDA;57599;7;1015;27;2156;15;451;3.3.90.40.01.00.00.00;1.752.000.0000;33904000000000;0,00;0,00;83.732,04;GESTAO OPERACIONAL DO TRANSITO MUNICIPAL;SERVIÇOS DE TECNOLOGIA DA INFORMAÇÃO E COMUNICAÇ
Especificação: ;;EMPENHO PARA COBRIR DESPESA COM LOCAÇÃO DE SISTEMA DIGITAL DE BANDA LARGA (3G/4G/LTE E WI-FI0 ATRAVÉS DE ESTAÇÕES TERMINAIS DE ACESSO(ETA) EM ATENDIMENTO A SECRETARIA DE TRÂNSITO E MOBILIDADE URBANA,CONFORME  PROCESSO 201/2023,CONTRATO 3/2024 E SOLICITAÇÃO DE FORNECIMENTO Nº 53/2026.;;;;;;;;;;;;;;;;;;;;;;;;;;;;;;;;;;;;;
668;PREFEITURA MUNICIPAL DE BARBACENA;;31042745;720;2026;ESTIMATIVO;0;0;EMPENHO PARA COBRIR DESPESA COM  1º  ADITIVO AO TERMO DE COMPROMISSO SEJUSP/NUPAR Nº 64872431/2023-SECRETARIA DE ESTADO E SEGURANÇA PÚBLICA CUJO OBJETO É A VIABILIZAÇÃO DE PROCEDIMENTOS DESTINADOS A PROFISSIONALIZAÇÃO DE PRESOS DO SISTEMA PRISIONAL DE MINAS GERAIS,CONFORME OFICIO Nº 012/2026-SEPLAN.( PECÚLIO DE SENTENCIADOS);02/01/26 00:00;50.000,00;0,00;0,00;0,00;0,00;0,00;0,00;0,00;0,00;0,00;0,00;0,00;1543349;SECRETARIA DE ESTADO DE FAZENDA DE MINAS GERAIS;;;692;18;2161;17;452;3.3.90.93.03.00.00.00;1.500.000.0000;33909300000000;0,00;0,00;50.000,00;MANUTENÇAO DAS ATIVIDADES DE LIMPEZA URBANA E DESTINAÇAO FINAL DE RESIDUOS;INDENIZAÇÕES E RESTITUIÇÕES
Especificação: ;;EMPENHO PARA COBRIR DESPESA COM  1º  ADITIVO AO TERMO DE COMPROMISSO SEJUSP/NUPAR Nº 64872431/2023-SECRETARIA DE ESTADO E SEGURANÇA PÚBLICA CUJO OBJETO É A VIABILIZAÇÃO DE PROCEDIMENTOS DESTINADOS A PROFISSIONALIZAÇÃO DE PRESOS DO SISTEMA PRISIONAL DE MINAS GERAIS,CONFORME OFICIO Nº 012/2026-SEPLAN.( PECÚLIO DE SENTENCIADOS);;;;;;;;;;;;;;;;;;;;;;;;;;;;;;;;;;;;;
668;PREFEITURA MUNICIPAL DE BARBACENA;;31042899;721;2026;ESTIMATIVO;0;0;EMPENHO PARA COBRIR DESPESA COM  1º  ADITIVO AO TERMO DE COMPROMISSO SEJUSP/NUPAR Nº 64872431/2023-SECRETARIA DE ESTADO E SEGURANÇA PÚBLICA CUJO OBJETO É A VIABILIZAÇÃO DE PROCEDIMENTOS DESTINADOS A PROFISSIONALIZAÇÃO DE PRESOS DO SISTEMA PRISIONAL DE MINAS GERAIS,CONFORME OFICIO Nº 012/2026-SEPLAN.( RESSARCIMENTO DE SENTENCIADOS);02/01/26 00:00;40.000,00;0,00;0,00;0,00;0,00;0,00;0,00;0,00;0,00;0,00;0,00;0,00;1543349;SECRETARIA DE ESTADO DE FAZENDA DE MINAS GERAIS;;;692;18;2161;17;452;3.3.90.93.03.00.00.00;1.500.000.0000;33909300000000;0,00;0,00;40.000,00;MANUTENÇAO DAS ATIVIDADES DE LIMPEZA URBANA E DESTINAÇAO FINAL DE RESIDUOS;INDENIZAÇÕES E RESTITUIÇÕES
Especificação: ;;EMPENHO PARA COBRIR DESPESA COM  1º  ADITIVO AO TERMO DE COMPROMISSO SEJUSP/NUPAR Nº 64872431/2023-SECRETARIA DE ESTADO E SEGURANÇA PÚBLICA CUJO OBJETO É A VIABILIZAÇÃO DE PROCEDIMENTOS DESTINADOS A PROFISSIONALIZAÇÃO DE PRESOS DO SISTEMA PRISIONAL DE MINAS GERAIS,CONFORME OFICIO Nº 012/2026-SEPLAN.( RESSARCIMENTO DE SENTENCIADOS);;;;;;;;;;;;;;;;;;;;;;;;;;;;;;;;;;;;;
668;PREFEITURA MUNICIPAL DE BARBACENA;;30295823;73;2026;ESTIMATIVO;66;2022;EMPENHO PARA COBRIR DESPESA COM SERVIÇO DE  IMPLANTAÇÃO E MANUTENÇÃO DE EQUIPAMENTOS E SISTEMA DE PROCESSAMENTOS DE DADOS A SEREM UTILIZADOS PARA A FISCALIZAÇÃO DE TRÂNSITO,CONFORME PROCESSO 66/2022,CONTRATO 46/2022 E SOLICITAÇÃO DE FORNECIMENTO Nº 19/2026.;02/01/26 00:00;590.379,66;0,00;0,00;0,00;0,00;0,00;0,00;0,00;0,00;0,00;0,00;0,00;2510697;SITRAN SINALIZACAO DE TRANSITO INDUSTRIAL LTDA;;;1014;27;2156;15;451;3.3.90.39.12.00.00.00;1.752.000.0000;33903900000000;0,00;0,00;590.379,66;GESTAO OPERACIONAL DO TRANSITO MUNICIPAL;OUTROS SERVIÇOS DE TERCEIROS - PESSOA JURÍDICA
Especificação: ;;EMPENHO PARA COBRIR DESPESA COM SERVIÇO DE  IMPLANTAÇÃO E MANUTENÇÃO DE EQUIPAMENTOS E SISTEMA DE PROCESSAMENTOS DE DADOS A SEREM UTILIZADOS PARA A FISCALIZAÇÃO DE TRÂNSITO,CONFORME PROCESSO 66/2022,CONTRATO 46/2022 E SOLICITAÇÃO DE FORNECIMENTO Nº 19/2026.;;;;;;;;;;;;;;;;;;;;;;;;;;;;;;;;;;;;;
668;PREFEITURA MUNICIPAL DE BARBACENA;;30735725;733;2026;ESTIMATIVO;99;2021;EMPENHO PARA COBRIR DESPESA COM PRESTAÇÃO DE SERVIÇOS DE OUTSORCING DE IMPRESSÃO,COM ASSISTÊNCIA TÉCNICA E MANUTENÇÃO CORRETIVA,PREVENTIVA E ESPECIALIZADA,REPOSIÇÃO DE PEÇAS E INSUMOS,EM ATENDIMENTO A  SECULT, CONFORME PROCESSO 99/2021,CONTRATO 78/2021 E SOLICITAÇÃO DE FORNECIMENTO Nº 93/2026.;02/01/26 00:00;10.551,78;0,00;0,00;0,00;0,00;0,00;0,00;0,00;0,00;0,00;0,00;0,00;1543536;SIMPRESS COMERCIO, LOCACAO E SERVICOS S/A;105457;0;1028;11;2277;13;122;3.3.90.39.12.00.00.00;1.500.000.0000;33903900000000;0,00;0,00;10.551,78;MANUTENÇÃO DA SECULT;OUTROS SERVIÇOS DE TERCEIROS - PESSOA JURÍDICA
Especificação: ;;EMPENHO PARA COBRIR DESPESA COM PRESTAÇÃO DE SERVIÇOS DE OUTSORCING DE IMPRESSÃO,COM ASSISTÊNCIA TÉCNICA E MANUTENÇÃO CORRETIVA,PREVENTIVA E ESPECIALIZADA,REPOSIÇÃO DE PEÇAS E INSUMOS,EM ATENDIMENTO A  SECULT, CONFORME PROCESSO 99/2021,CONTRATO 78/2021 E SOLICITAÇÃO DE FORNECIMENTO Nº 93/2026.;;;;;;;;;;;;;;;;;;;;;;;;;;;;;;;;;;;;;
668;PREFEITURA MUNICIPAL DE BARBACENA;;30294898;74;2026;GLOBAL;66;2022;EMPENHO PARA COBRIR DESPESA COM SERVIÇO DE  IMPLANTAÇÃO E MANUTENÇÃO DE EQUIPAMENTOS E SISTEMA DE PROCESSAMENTOS DE DADOS A SEREM UTILIZADOS PARA A FISCALIZAÇÃO DE TRÂNSITO,CONFORME PROCESSO 66/2022,CONTRATO 114/2022 E SOLICITAÇÃO DE FORNECIMENTO Nº 17/2026.;02/01/26 00:00;304.624,00;0,00;0,00;0,00;0,00;0,00;0,00;0,00;0,00;0,00;0,00;0,00;2510697;SITRAN SINALIZACAO DE TRANSITO INDUSTRIAL LTDA;;;1014;27;2156;15;451;3.3.90.39.12.00.00.00;1.752.000.0000;33903900000000;0,00;0,00;304.624,00;GESTAO OPERACIONAL DO TRANSITO MUNICIPAL;OUTROS SERVIÇOS DE TERCEIROS - PESSOA JURÍDICA
Especificação: ;;EMPENHO PARA COBRIR DESPESA COM SERVIÇO DE  IMPLANTAÇÃO E MANUTENÇÃO DE EQUIPAMENTOS E SISTEMA DE PROCESSAMENTOS DE DADOS A SEREM UTILIZADOS PARA A FISCALIZAÇÃO DE TRÂNSITO,CONFORME PROCESSO 66/2022,CONTRATO 114/2022 E SOLICITAÇÃO DE FORNECIMENTO Nº 17/2026.;;;;;;;;;;;;;;;;;;;;;;;;;;;;;;;;;;;;;
668;PREFEITURA MUNICIPAL DE BARBACENA;;30399281;75;2026;ESTIMATIVO;83;2022;EMPENHO PARA COBRIR DESPESA COM  SERVIÇOS DE TELECOMUNICAÇÕES PARA IMPLEMENTAÇÃO,OPERAÇÃO E MANUTENÇÃO DE UM LINK DE ACESSO SÍNCRONO DEDICADO A INTERNET,MEDIANTE IMPLANTAÇÃO DE LINK DE COMUNICAÇÃO DE DADOS,COM FORNECIMENTO  DE EQUIPAMENTOS NECESSÁRIOS A EXECUÇÃO DO SERVIÇO E SUPORTE TÉCNICO,SERVIDOR WEB E SERVIDOR DE EMAIL - EM ATENDIMENTO A SEDUC - CONFORME  PROCESSO 83/2022,CONTRATO 101/2022 E SOLICITAÇÃO DE FORNECIMENTO 56/2026.;02/01/26 00:00;29.465,10;0,00;0,00;0,00;0,00;0,00;0,00;0,00;0,00;0,00;0,00;0,00;2548969;GMAES TELECOM LTDA;378265;6;749;11;2125;12;122;3.3.90.40.99.00.00.00;1.500.000.1001;33904000000000;0,00;0,00;29.465,10;MANUTENÇÃO DA SEDUC;SERVIÇOS DE TECNOLOGIA DA INFORMAÇÃO E COMUNICAÇ
Especificação: ;;EMPENHO PARA COBRIR DESPESA COM  SERVIÇOS DE TELECOMUNICAÇÕES PARA IMPLEMENTAÇÃO,OPERAÇÃO E MANUTENÇÃO DE UM LINK DE ACESSO SÍNCRONO DEDICADO A INTERNET,MEDIANTE IMPLANTAÇÃO DE LINK DE COMUNICAÇÃO DE DADOS,COM FORNECIMENTO  DE EQUIPAMENTOS NECESSÁRIOS A EXECUÇÃO DO SERVIÇO E SUPORTE TÉCNICO,SERVIDOR WEB E SERVIDOR DE EMAIL - EM ATENDIMENTO A SEDUC - CONFORME  PROCESSO 83/2022,CONTRATO 101/2022 E SOLICITAÇÃO DE FORNECIMENTO 56/2026.;;;;;;;;;;;;;;;;;;;;;;;;;;;;;;;;;;;;;
668;PREFEITURA MUNICIPAL DE BARBACENA;;30266890;76;2026;GLOBAL;120;2021;MPENHO PARA COBRIR DESPESA  COM CONTRATAÇÃO DE PRESTADOR(A) DE SERVIÇOS, DE FORMA CONTINUADA, ESPECIALIZADO EM TECNOLOGIA DA INFORMAÇÃO E PROCESSAMENTO DE DADOS REFERENTES ÀS NOTIFICAÇÕES ELETRÔNICAS DE TRÂNSITO ATRAVÉS DO SISTEMA DE NOTIFICAÇÃO ELETRÔNICA - SNE DO DEPARTAMENTO NACIONAL DE TRÂNSITO- DENATRAN, EM ATENDIMENTOA SETRAM,CONFORME PROCESSO 120/2021,CONTRATO 109392/2022 E SOLICITAÇÃO DE FORNECIMENTO Nº 17/2025.;02/01/26 00:00;28.440,00;0,00;0,00;0,00;0,00;0,00;0,00;0,00;0,00;0,00;0,00;0,00;2970744;SERVICO FEDERAL DE PROCESSAMENTO DE DADOS (SERPRO);;;1014;27;2156;15;451;3.3.90.39.99.00.00.00;1.752.000.0000;33903900000000;0,00;0,00;28.440,00;GESTAO OPERACIONAL DO TRANSITO MUNICIPAL;OUTROS SERVIÇOS DE TERCEIROS - PESSOA JURÍDICA
Especificação: ;;MPENHO PARA COBRIR DESPESA  COM CONTRATAÇÃO DE PRESTADOR(A) DE SERVIÇOS, DE FORMA CONTINUADA, ESPECIALIZADO EM TECNOLOGIA DA INFORMAÇÃO E PROCESSAMENTO DE DADOS REFERENTES ÀS NOTIFICAÇÕES ELETRÔNICAS DE TRÂNSITO ATRAVÉS DO SISTEMA DE NOTIFICAÇÃO ELETRÔNICA - SNE DO DEPARTAMENTO NACIONAL DE TRÂNSITO- DENATRAN, EM ATENDIMENTOA SETRAM,CONFORME PROCESSO 120/2021,CONTRATO 109392/2022 E SOLICITAÇÃO DE FORNECIMENTO Nº 17/2025.;;;;;;;;;;;;;;;;;;;;;;;;;;;;;;;;;;;;;
668;PREFEITURA MUNICIPAL DE BARBACENA;;30735781;792;2026;ESTIMATIVO;99;2021;EMPENHO PARA COBRIR DESPESA COM PRESTAÇÃO DE SERVIÇOS DE OUTSORCING DE IMPRESSÃO,COM ASSISTÊNCIA TÉCNICA E MANUTENÇÃO CORRETIVA,PREVENTIVA E ESPECIALIZADA,REPOSIÇÃO DE PEÇAS E INSUMOS,EM ATENDIMENTO A SECRETARIA MUN. ASSISTÊNCIA SOCIAL, CONFORME PROCESSO 99/2021,  CONTRATO Nº 078/2021 E  SOLICITAÇÃO DE FORNECIMENTO Nº 94/2026.;02/01/26 00:00;38.691,18;0,00;0,00;0,00;0,00;0,00;0,00;0,00;0,00;0,00;0,00;0,00;1543536;SIMPRESS COMERCIO, LOCACAO E SERVICOS S/A;105457;0;299;11;2309;8;122;3.3.90.39.12.00.00.00;1.500.000.0000;33903900000000;0,00;0,00;38.691,18;MANUTENÇAO DE AÇÕES DA ASSISTÊNCIA SOCIAL;OUTROS SERVIÇOS DE TERCEIROS - PESSOA JURÍDICA
Especificação: ;;EMPENHO PARA COBRIR DESPESA COM PRESTAÇÃO DE SERVIÇOS DE OUTSORCING DE IMPRESSÃO,COM ASSISTÊNCIA TÉCNICA E MANUTENÇÃO CORRETIVA,PREVENTIVA E ESPECIALIZADA,REPOSIÇÃO DE PEÇAS E INSUMOS,EM ATENDIMENTO A SECRETARIA MUN. ASSISTÊNCIA SOCIAL, CONFORME PROCESSO 99/2021,  CONTRATO Nº 078/2021 E  SOLICITAÇÃO DE FORNECIMENTO Nº 94/2026.;;;;;;;;;;;;;;;;;;;;;;;;;;;;;;;;;;;;;
668;PREFEITURA MUNICIPAL DE BARBACENA;;30735912;793;2026;ESTIMATIVO;99;2021;EMPENHO PARA COBRIR DESPESA COM PRESTAÇÃO DE SERVIÇOS DE OUTSORCING DE IMPRESSÃO,COM ASSISTÊNCIA TÉCNICA E MANUTENÇÃO CORRETIVA,PREVENTIVA E ESPECIALIZADA,REPOSIÇÃO DE PEÇAS E INSUMOS,EM ATENDIMENTO A DIR. TRÂNSITO, DURANTE O EXERCICIO 2026, CONFORME PROCESSO 99/2021, CONTRATO Nº 078/2021 E  SOLICITAÇÃO DE FORNECIMENTO Nº 95/2026.;02/01/26 00:00;14.069,52;0,00;0,00;0,00;0,00;0,00;0,00;0,00;0,00;0,00;0,00;0,00;1543536;SIMPRESS COMERCIO, LOCACAO E SERVICOS S/A;105457;0;1014;27;2156;15;451;3.3.90.39.12.00.00.00;1.752.000.0000;33903900000000;0,00;0,00;14.069,52;GESTAO OPERACIONAL DO TRANSITO MUNICIPAL;OUTROS SERVIÇOS DE TERCEIROS - PESSOA JURÍDICA
Especificação: ;;EMPENHO PARA COBRIR DESPESA COM PRESTAÇÃO DE SERVIÇOS DE OUTSORCING DE IMPRESSÃO,COM ASSISTÊNCIA TÉCNICA E MANUTENÇÃO CORRETIVA,PREVENTIVA E ESPECIALIZADA,REPOSIÇÃO DE PEÇAS E INSUMOS,EM ATENDIMENTO A DIR. TRÂNSITO, DURANTE O EXERCICIO 2026, CONFORME PROCESSO 99/2021, CONTRATO Nº 078/2021 E  SOLICITAÇÃO DE FORNECIMENTO Nº 95/2026.;;;;;;;;;;;;;;;;;;;;;;;;;;;;;;;;;;;;;
668;PREFEITURA MUNICIPAL DE BARBACENA;;31082072;795;2026;GLOBAL;0;0;"EMPENHO PARA COBRIR DESPESA COM ""CONCESSÃO ADMINISTRATIVA DOS SERVIÇOS DE EFICIENTIZAÇÃO,OPERAÇÃO E MANUTENÇÃO DA ILUMINAÇÃO PÚBLICA E DA IMPLANTAÇÃO,OPERAÇÃO E MANUTENÇÃO DA INFRAESTRUTURA DE TELECOMUNICAÇÕS E USINA FOTOVOLTAICA MUNICIPAL,DURANTE O EXERCICIO DE 2026,CONFORME CONTRATO Nº 209/2022,PROCESSO 042/2022 E OFICIO Nº 028/2026-SECULT.REF. A ENTREGA DO 2º MARCO DO REFERIDO CONTRATO-INFRAESTRUTURA DE COMUNICAÇÕES.";02/01/26 00:00;197.917,56;0,00;0,00;0,00;0,00;0,00;0,00;0,00;0,00;0,00;0,00;0,00;4698476;BARBACENA ILUMINACAO PUBLICA LTDA;;;1203;11;2277;13;122;3.3.67.83.00.00.00.00;1.500.000.0000;33678300000000;0,00;0,00;197.917,56;;
Especificação: ;;"EMPENHO PARA COBRIR DESPESA COM ""CONCESSÃO ADMINISTRATIVA DOS SERVIÇOS DE EFICIENTIZAÇÃO,OPERAÇÃO E MANUTENÇÃO DA ILUMINAÇÃO PÚBLICA E DA IMPLANTAÇÃO,OPERAÇÃO E MANUTENÇÃO DA INFRAESTRUTURA DE TELECOMUNICAÇÕS E USINA FOTOVOLTAICA MUNICIPAL,DURANTE O EXERCICIO DE 2026,CONFORME CONTRATO Nº 209/2022,PROCESSO 042/2022 E OFICIO Nº 028/2026-SECULT.REF. A ENTREGA DO 2º MARCO DO REFERIDO CONTRATO-INFRAESTRUTURA DE COMUNICAÇÕES.";;;;;;;;;;;;;;;;;;;;;;;;;;;;;;;;;;;;;
668;PREFEITURA MUNICIPAL DE BARBACENA;;31082311;796;2026;GLOBAL;0;0;"EMPENHO PARA COBRIR DESPESA COM ""CONCESSÃO ADMINISTRATIVA DOS SERVIÇOS DE EFICIENTIZAÇÃO,OPERAÇÃO E MANUTENÇÃO DA ILUMINAÇÃO PÚBLICA E DA IMPLANTAÇÃO,OPERAÇÃO E MANUTENÇÃO DA INFRAESTRUTURA DE TELECOMUNICAÇÕS E USINA FOTOVOLTAICA MUNICIPAL,DURANTE O EXERCICIO DE 2026,CONFORME CONTRATO Nº 209/2022,PROCESSO 042/2022 E OFICIO Nº 034/2026-SEAPA.REF. A ENTREGA DO 2º MARCO DO REFERIDO CONTRATO-INFRAESTRUTURA DE COMUNICAÇÕES.";02/01/26 00:00;16.184,76;0,00;0,00;0,00;0,00;0,00;0,00;0,00;0,00;0,00;0,00;0,00;4698476;BARBACENA ILUMINACAO PUBLICA LTDA;;;1204;11;2173;20;122;3.3.67.83.00.00.00.00;1.500.000.0000;33678300000000;0,00;0,00;16.184,76;;
Especificação: ;;"EMPENHO PARA COBRIR DESPESA COM ""CONCESSÃO ADMINISTRATIVA DOS SERVIÇOS DE EFICIENTIZAÇÃO,OPERAÇÃO E MANUTENÇÃO DA ILUMINAÇÃO PÚBLICA E DA IMPLANTAÇÃO,OPERAÇÃO E MANUTENÇÃO DA INFRAESTRUTURA DE TELECOMUNICAÇÕS E USINA FOTOVOLTAICA MUNICIPAL,DURANTE O EXERCICIO DE 2026,CONFORME CONTRATO Nº 209/2022,PROCESSO 042/2022 E OFICIO Nº 034/2026-SEAPA.REF. A ENTREGA DO 2º MARCO DO REFERIDO CONTRATO-INFRAESTRUTURA DE COMUNICAÇÕES.";;;;;;;;;;;;;;;;;;;;;;;;;;;;;;;;;;;;;
668;PREFEITURA MUNICIPAL DE BARBACENA;;31066727;797;2026;ORDINARIO;54;2024;"EMPENHO PARA COBRIR DESPESA COM  AQUISIÇÃO DE UMA (01) MOTONIVELADORA EM ATENDIMENTO A SECRETARIA MUNICIPAL DE AGRICULTURA PECUÁRIA E ABASTECIMENTO,CONFORME PROCESSO 54/2024,CONTRATO
 49/2025 E SOLICITAÇÃO DE FORNECIMENTO Nº 18/2026.";02/01/26 00:00;9.387,92;0,00;0,00;0,00;0,00;0,00;0,00;0,00;0,00;0,00;0,00;0,00;3816913;TRIAMA NORTE TRATORES IMPLEMENTOS AGRICOLAS E MAQUINAS LTDA;00900502;6;99;35;2178;20;122;4.4.90.52.23.00.00.00;1.500.000.0000;44905200000000;0,00;0,00;9.387,92;APOIO E FOMENTO A PRODUÇÃO RURAL;EQUIPAMENTOS E MATERIAL PERMANENTE
Especificação: ;;"EMPENHO PARA COBRIR DESPESA COM  AQUISIÇÃO DE UMA (01) MOTONIVELADORA EM ATENDIMENTO A SECRETARIA MUNICIPAL DE AGRICULTURA PECUÁRIA E ABASTECIMENTO,CONFORME PROCESSO 54/2024,CONTRATO
 49/2025 E SOLICITAÇÃO DE FORNECIMENTO Nº 18/2026.";;;;;;;;;;;;;;;;;;;;;;;;;;;;;;;;;;;;;
668;PREFEITURA MUNICIPAL DE BARBACENA;;31066725;798;2026;ORDINARIO;54;2024;"EMPENHO PARA COBRIR DESPESA COM  AQUISIÇÃO DE UMA (01) MOTONIVELADORA EM ATENDIMENTO A SECRETARIA MUNICIPAL DE AGRICULTURA PECUÁRIA E ABASTECIMENTO,CONFORME PROCESSO 54/2024,CONTRATO
 49/2025 E SOLICITAÇÃO DE FORNECIMENTO Nº 18/2026.";02/01/26 00:00;840.512,08;0,00;0,00;0,00;0,00;0,00;0,00;0,00;0,00;0,00;0,00;0,00;3816913;TRIAMA NORTE TRATORES IMPLEMENTOS AGRICOLAS E MAQUINAS LTDA;00900502;6;99;35;2178;20;122;4.4.90.52.23.00.00.00;2.700.000.0000;44905200000000;0,00;0,00;840.512,08;APOIO E FOMENTO A PRODUÇÃO RURAL;EQUIPAMENTOS E MATERIAL PERMANENTE
Especificação: ;;EMPENHO PARA COBRIR DESPESA COM  AQUISIÇÃO DE UMA (01) MOTONIVELADORA EM ATENDIMENTO A SECRETARIA MUNICIPAL DE AGRICULTURA PECUÁRIA E ABASTECIMENTO,CONFORME PROCESSO 54/2024,;;;;;;;;;;;;;;;;;;;;;;;;;;;;;;;;;;;;;
668;PREFEITURA MUNICIPAL DE BARBACENA;;31096590;799;2026;GLOBAL;0;0;EMPENHO PARA COBRIR DESPESA COM CONTRATAÇÃO DE EMPRESA ESPECIALIZADA PARA SERVIÇO DE GERENCIAMENTO E GESTÃO DE COMBUSTÍVEL DA FROTA POR SISTEMA INFORMATIZADO E INTEGRADO VIA CARTÃO MAGNÉTICO E/OU SIMILAR,PERMITINDO A TRANSMISSÃO DE DADOS E A MOVIMENTAÇÃO DIÁRIA POR SOFTWARE VIA INTERNET,EM ATENDIMENTO A MANUTENÇÃO DA SEMESP,CONFORME PROCESSO 81/2023, 2º TERMO ADITIVO AO CONTRATO 113/2023  E OFICIO Nº 004/2026-SESP.DURANTE O EXERCÍCIO DE 2026.;02/01/26 00:00;5.008,41;0,00;0,00;0,00;0,00;0,00;0,00;0,00;0,00;0,00;0,00;0,00;3148931;PRIME CONSULTORIA E ASSESSORIA EMPRESARIAL LTDA;86151;0;1170;63;2223;27;812;3.3.90.39.99.00.00.00;1.500.000.0000;33903900000000;0,00;0,00;5.008,41;MANUTENÇÃO  DO CALENDÁRIO ANUAL DE  ATIVIDADES DE ESPORTE E LAZER PARTICIPATIVO;OUTROS SERVIÇOS DE TERCEIROS - PESSOA JURÍDICA
Especificação: ;;EMPENHO PARA COBRIR DESPESA COM CONTRATAÇÃO DE EMPRESA ESPECIALIZADA PARA SERVIÇO DE GERENCIAMENTO E GESTÃO DE COMBUSTÍVEL DA FROTA POR SISTEMA INFORMATIZADO E INTEGRADO VIA CARTÃO MAGNÉTICO E/OU SIMILAR,PERMITINDO A TRANSMISSÃO DE DADOS E A MOVIMENTAÇÃO DIÁRIA POR SOFTWARE VIA INTERNET,EM ATENDIMENTO A MANUTENÇÃO DA SEMESP,CONFORME PROCESSO 81/2023, 2º TERMO ADITIVO AO CONTRATO 113/2023  E OFICIO Nº 004/2026-SESP.DURANTE O EXERCÍCIO DE 2026.;;;;;;;;;;;;;;;;;;;;;;;;;;;;;;;;;;;;;
668;PREFEITURA MUNICIPAL DE BARBACENA;;30265608;8;2026;ORDINARIO;0;0;"EMPENHO PARA COBRIR DESPESA COM  PAGAMENTO  AO  GANHADOR  DO 4º SORTEIO DO PROGRAMA "" NOTA FISCAL PREMIADA"" REALIZADO EM 22/11/2025,CONFORME OFICIO Nº 002/2026-GAB/SEFAZ.";02/01/26 00:00;1.000,00;0,00;1.000,00;0,00;1.000,00;0,00;0,00;0,00;0,00;0,00;0,00;0,00;8260686;DIEGO ZANFORLIN MIRANDA;;;235;23;2106;4;123;3.3.90.31.00.00.00.00;1.500.000.0000;33903100000000;1.000,00;0,00;0,00;MELHORIA DO PROGRAMA NOTA FISCAL PREMIADA;PREMIAÇÕES CULTURAIS, ARTÍSTICAS, CIENT., DESPORT
Especificação: ;;"EMPENHO PARA COBRIR DESPESA COM  PAGAMENTO  AO  GANHADOR  DO 4º SORTEIO DO PROGRAMA "" NOTA FISCAL PREMIADA"" REALIZADO EM 22/11/2025,CONFORME OFICIO Nº 002/2026-GAB/SEFAZ.";;;;;;;;;;;;;;;;;;;;;;;;;;;;;;;;;;;;;
668;PREFEITURA MUNICIPAL DE BARBACENA;;31096743;800;2026;GLOBAL;0;0;EMPENHO PARA COBRIR DESPESA COM CONTRATAÇÃO DE EMPRESA ESPECIALIZADA PARA SERVIÇO DE GERENCIAMENTO E GESTÃO DE COMBUSTÍVEL DA FROTA POR SISTEMA INFORMATIZADO E INTEGRADO VIA CARTÃO MAGNÉTICO E/OU SIMILAR,PERMITINDO A TRANSMISSÃO DE DADOS E A MOVIMENTAÇÃO DIÁRIA POR SOFTWARE VIA INTERNET,EM ATENDIMENTO A MANUTENÇÃO DA SEMOP,CONFORME PROCESSO 81/2023, 2º TERMO ADITIVO AO CONTRATO 113/2023  E OFICIO Nº 004/2026-SESP.DURANTE O EXERCÍCIO DE 2026.;02/01/26 00:00;456.308,49;0,00;0,00;0,00;0,00;0,00;0,00;0,00;0,00;0,00;0,00;0,00;3148931;PRIME CONSULTORIA E ASSESSORIA EMPRESARIAL LTDA;86151;0;690;18;2161;17;452;3.3.90.39.99.00.00.00;1.753.000.0000;33903900000000;0,00;0,00;456.308,49;MANUTENÇAO DAS ATIVIDADES DE LIMPEZA URBANA E DESTINAÇAO FINAL DE RESIDUOS;OUTROS SERVIÇOS DE TERCEIROS - PESSOA JURÍDICA
Especificação: ;;EMPENHO PARA COBRIR DESPESA COM CONTRATAÇÃO DE EMPRESA ESPECIALIZADA PARA SERVIÇO DE GERENCIAMENTO E GESTÃO DE COMBUSTÍVEL DA FROTA POR SISTEMA INFORMATIZADO E INTEGRADO VIA CARTÃO MAGNÉTICO E/OU SIMILAR,PERMITINDO A TRANSMISSÃO DE DADOS E A MOVIMENTAÇÃO DIÁRIA POR SOFTWARE VIA INTERNET,EM ATENDIMENTO A MANUTENÇÃO DA SEMOP,CONFORME PROCESSO 81/2023, 2º TERMO ADITIVO AO CONTRATO 113/2023  E OFICIO Nº 004/2026-SESP.DURANTE O EXERCÍCIO DE 2026.;;;;;;;;;;;;;;;;;;;;;;;;;;;;;;;;;;;;;
668;PREFEITURA MUNICIPAL DE BARBACENA;;31096839;801;2026;GLOBAL;0;0;EMPENHO PARA COBRIR DESPESA COM CONTRATAÇÃO DE EMPRESA ESPECIALIZADA PARA SERVIÇO DE GERENCIAMENTO E GESTÃO DE COMBUSTÍVEL DA FROTA POR SISTEMA INFORMATIZADO E INTEGRADO VIA CARTÃO MAGNÉTICO E/OU SIMILAR,PERMITINDO A TRANSMISSÃO DE DADOS E A MOVIMENTAÇÃO DIÁRIA POR SOFTWARE VIA INTERNET,EM ATENDIMENTO A MANUTENÇÃO DA SEMOP,CONFORME PROCESSO 81/2023, 2º TERMO ADITIVO AO CONTRATO 113/2023  E OFICIO Nº 004/2026-SESP.DURANTE O EXERCÍCIO DE 2026.;02/01/26 00:00;278.305,04;0,00;0,00;0,00;0,00;0,00;0,00;0,00;0,00;0,00;0,00;0,00;3148931;PRIME CONSULTORIA E ASSESSORIA EMPRESARIAL LTDA;86151;0;140;11;2100;15;451;3.3.90.39.99.00.00.00;1.753.000.0000;33903900000000;0,00;0,00;278.305,04;MANUTENÇAO DA SEMOP;OUTROS SERVIÇOS DE TERCEIROS - PESSOA JURÍDICA
Especificação: ;;EMPENHO PARA COBRIR DESPESA COM CONTRATAÇÃO DE EMPRESA ESPECIALIZADA PARA SERVIÇO DE GERENCIAMENTO E GESTÃO DE COMBUSTÍVEL DA FROTA POR SISTEMA INFORMATIZADO E INTEGRADO VIA CARTÃO MAGNÉTICO E/OU SIMILAR,PERMITINDO A TRANSMISSÃO DE DADOS E A MOVIMENTAÇÃO DIÁRIA POR SOFTWARE VIA INTERNET,EM ATENDIMENTO A MANUTENÇÃO DA SEMOP,CONFORME PROCESSO 81/2023, 2º TERMO ADITIVO AO CONTRATO 113/2023  E OFICIO Nº 004/2026-SESP.DURANTE O EXERCÍCIO DE 2026.;;;;;;;;;;;;;;;;;;;;;;;;;;;;;;;;;;;;;
668;PREFEITURA MUNICIPAL DE BARBACENA;;31097070;802;2026;GLOBAL;0;0;EMPENHO PARA COBRIR DESPESA COM CONTRATAÇÃO DE EMPRESA ESPECIALIZADA PARA SERVIÇO DE GERENCIAMENTO E GESTÃO DE COMBUSTÍVEL DA FROTA POR SISTEMA INFORMATIZADO E INTEGRADO VIA CARTÃO MAGNÉTICO E/OU SIMILAR,PERMITINDO A TRANSMISSÃO DE DADOS E A MOVIMENTAÇÃO DIÁRIA POR SOFTWARE VIA INTERNET,EM ATENDIMENTO A MANUTENÇÃO DA GCM,CONFORME PROCESSO 81/2023, 2º TERMO ADITIVO AO CONTRATO 113/2023  E OFICIO Nº 004/2026-SESP.DURANTE O EXERCÍCIO DE 2026.;02/01/26 00:00;95.574,53;0,00;0,00;0,00;0,00;0,00;0,00;0,00;0,00;0,00;0,00;0,00;3148931;PRIME CONSULTORIA E ASSESSORIA EMPRESARIAL LTDA;86151;0;940;11;2145;6;122;3.3.90.39.99.00.00.00;1.500.000.0000;33903900000000;0,00;0,00;95.574,53;MANUTENÇAO DA GCM;OUTROS SERVIÇOS DE TERCEIROS - PESSOA JURÍDICA
Especificação: ;;EMPENHO PARA COBRIR DESPESA COM CONTRATAÇÃO DE EMPRESA ESPECIALIZADA PARA SERVIÇO DE GERENCIAMENTO E GESTÃO DE COMBUSTÍVEL DA FROTA POR SISTEMA INFORMATIZADO E INTEGRADO VIA CARTÃO MAGNÉTICO E/OU SIMILAR,PERMITINDO A TRANSMISSÃO DE DADOS E A MOVIMENTAÇÃO DIÁRIA POR SOFTWARE VIA INTERNET,EM ATENDIMENTO A MANUTENÇÃO DA GCM,CONFORME PROCESSO 81/2023, 2º TERMO ADITIVO AO CONTRATO 113/2023  E OFICIO Nº 004/2026-SESP.DURANTE O EXERCÍCIO DE 2026.;;;;;;;;;;;;;;;;;;;;;;;;;;;;;;;;;;;;;
668;PREFEITURA MUNICIPAL DE BARBACENA;;31097155;803;2026;GLOBAL;0;0;EMPENHO PARA COBRIR DESPESA COM CONTRATAÇÃO DE EMPRESA ESPECIALIZADA PARA SERVIÇO DE GERENCIAMENTO E GESTÃO DE COMBUSTÍVEL DA FROTA POR SISTEMA INFORMATIZADO E INTEGRADO VIA CARTÃO MAGNÉTICO E/OU SIMILAR,PERMITINDO A TRANSMISSÃO DE DADOS E A MOVIMENTAÇÃO DIÁRIA POR SOFTWARE VIA INTERNET,EM ATENDIMENTO A MANUTENÇÃO DA SEGAB,CONFORME PROCESSO 81/2023, 2º TERMO ADITIVO AO CONTRATO 113/2023  E OFICIO Nº 004/2026-SESP.DURANTE O EXERCÍCIO DE 2026.;02/01/26 00:00;28.375,02;0,00;0,00;0,00;0,00;0,00;0,00;0,00;0,00;0,00;0,00;0,00;3148931;PRIME CONSULTORIA E ASSESSORIA EMPRESARIAL LTDA;86151;0;32;11;2150;4;122;3.3.90.39.99.00.00.00;1.500.000.0000;33903900000000;0,00;0,00;28.375,02;MANUTENÇAO DA SEGAB;OUTROS SERVIÇOS DE TERCEIROS - PESSOA JURÍDICA
Especificação: ;;EMPENHO PARA COBRIR DESPESA COM CONTRATAÇÃO DE EMPRESA ESPECIALIZADA PARA SERVIÇO DE GERENCIAMENTO E GESTÃO DE COMBUSTÍVEL DA FROTA POR SISTEMA INFORMATIZADO E INTEGRADO VIA CARTÃO MAGNÉTICO E/OU SIMILAR,PERMITINDO A TRANSMISSÃO DE DADOS E A MOVIMENTAÇÃO DIÁRIA POR SOFTWARE VIA INTERNET,EM ATENDIMENTO A MANUTENÇÃO DA SEGAB,CONFORME PROCESSO 81/2023, 2º TERMO ADITIVO AO CONTRATO 113/2023  E OFICIO Nº 004/2026-SESP.DURANTE O EXERCÍCIO DE 2026.;;;;;;;;;;;;;;;;;;;;;;;;;;;;;;;;;;;;;
668;PREFEITURA MUNICIPAL DE BARBACENA;;31097193;804;2026;GLOBAL;0;0;EMPENHO PARA COBRIR DESPESA COM CONTRATAÇÃO DE EMPRESA ESPECIALIZADA PARA SERVIÇO DE GERENCIAMENTO E GESTÃO DE COMBUSTÍVEL DA FROTA POR SISTEMA INFORMATIZADO E INTEGRADO VIA CARTÃO MAGNÉTICO E/OU SIMILAR,PERMITINDO A TRANSMISSÃO DE DADOS E A MOVIMENTAÇÃO DIÁRIA POR SOFTWARE VIA INTERNET,EM ATENDIMENTO A MANUTENÇÃO DA SEGOV,CONFORME PROCESSO 81/2023, 2º TERMO ADITIVO AO CONTRATO 113/2023  E OFICIO Nº 004/2026-SESP.DURANTE O EXERCÍCIO DE 2026.;02/01/26 00:00;11.099,27;0,00;0,00;0,00;0,00;0,00;0,00;0,00;0,00;0,00;0,00;0,00;3148931;PRIME CONSULTORIA E ASSESSORIA EMPRESARIAL LTDA;86151;0;125;11;2181;4;122;3.3.90.39.99.00.00.00;1.500.000.0000;33903900000000;0,00;0,00;11.099,27;MANUTENÇAO DA SEGOV;OUTROS SERVIÇOS DE TERCEIROS - PESSOA JURÍDICA
Especificação: ;;EMPENHO PARA COBRIR DESPESA COM CONTRATAÇÃO DE EMPRESA ESPECIALIZADA PARA SERVIÇO DE GERENCIAMENTO E GESTÃO DE COMBUSTÍVEL DA FROTA POR SISTEMA INFORMATIZADO E INTEGRADO VIA ;;;;;;;;;;;;;;;;;;;;;;;;;;;;;;;;;;;;;
;;CARTÃO MAGNÉTICO E/OU SIMILAR,PERMITINDO A TRANSMISSÃO DE DADOS E A MOVIMENTAÇÃO DIÁRIA POR SOFTWARE VIA INTERNET,EM ATENDIMENTO A MANUTENÇÃO DA SEGOV,CONFORME PROCESSO 81/2023, 2º TERMO ADITIVO AO CONTRATO 113/2023  E OFICIO Nº 004/2026-SESP.DURANTE O EXERCÍCIO DE 2026.;;;;;;;;;;;;;;;;;;;;;;;;;;;;;;;;;;;;;
668;PREFEITURA MUNICIPAL DE BARBACENA;;31097239;805;2026;GLOBAL;0;0;EMPENHO PARA COBRIR DESPESA COM CONTRATAÇÃO DE EMPRESA ESPECIALIZADA PARA SERVIÇO DE GERENCIAMENTO E GESTÃO DE COMBUSTÍVEL DA FROTA POR SISTEMA INFORMATIZADO E INTEGRADO VIA CARTÃO MAGNÉTICO E/OU SIMILAR,PERMITINDO A TRANSMISSÃO DE DADOS E A MOVIMENTAÇÃO DIÁRIA POR SOFTWARE VIA INTERNET,EM ATENDIMENTO A MANUTENÇÃO DA SEAPA,CONFORME PROCESSO 81/2023, 2º TERMO ADITIVO AO CONTRATO 113/2023  E OFICIO Nº 004/2026-SESP.DURANTE O EXERCÍCIO DE 2026.;02/01/26 00:00;28.750,22;0,00;0,00;0,00;0,00;0,00;0,00;0,00;0,00;0,00;0,00;0,00;3148931;PRIME CONSULTORIA E ASSESSORIA EMPRESARIAL LTDA;86151;0;80;11;2173;20;122;3.3.90.39.99.00.00.00;1.500.000.0000;33903900000000;0,00;0,00;28.750,22;MANUTENÇAO DA SEAPA;OUTROS SERVIÇOS DE TERCEIROS - PESSOA JURÍDICA
Especificação: ;;EMPENHO PARA COBRIR DESPESA COM CONTRATAÇÃO DE EMPRESA ESPECIALIZADA PARA SERVIÇO DE GERENCIAMENTO E GESTÃO DE COMBUSTÍVEL DA FROTA POR SISTEMA INFORMATIZADO E INTEGRADO VIA CARTÃO MAGNÉTICO E/OU SIMILAR,PERMITINDO A TRANSMISSÃO DE DADOS E A MOVIMENTAÇÃO DIÁRIA POR SOFTWARE VIA INTERNET,EM ATENDIMENTO A MANUTENÇÃO DA SEAPA,CONFORME PROCESSO 81/2023, 2º TERMO ADITIVO AO CONTRATO 113/2023  E OFICIO Nº 004/2026-SESP.DURANTE O EXERCÍCIO DE 2026.;;;;;;;;;;;;;;;;;;;;;;;;;;;;;;;;;;;;;
668;PREFEITURA MUNICIPAL DE BARBACENA;;31100854;809;2026;GLOBAL;0;0;EMPENHO PARA COBRIR DESPESA COM CONTRATAÇÃO DE EMPRESA ESPECIALIZADA PARA SERVIÇO DE GERENCIAMENTO E GESTÃO DE COMBUSTÍVEL DA FROTA POR SISTEMA INFORMATIZADO E INTEGRADO VIA CARTÃO MAGNÉTICO E/OU SIMILAR,PERMITINDO A TRANSMISSÃO DE DADOS E A MOVIMENTAÇÃO DIÁRIA POR SOFTWARE VIA INTERNET.CONFORME PROCESSO 81/2023, 2º TERMO ADITIVO AO CONTRATO 113/2023  E OFICIO Nº 004/2026-SESP.DURANTE O EXERCÍCIO DE 2026 ,EM ATENDIMENTO A SEDUC.;02/01/26 00:00;25.761,87;0,00;0,00;0,00;0,00;0,00;0,00;0,00;0,00;0,00;0,00;0,00;3148931;PRIME CONSULTORIA E ASSESSORIA EMPRESARIAL LTDA;86151;0;748;11;2125;12;122;3.3.90.39.99.00.00.00;1.500.000.1001;33903900000000;0,00;0,00;25.761,87;MANUTENÇÃO DA SEDUC;OUTROS SERVIÇOS DE TERCEIROS - PESSOA JURÍDICA
Especificação: ;;EMPENHO PARA COBRIR DESPESA COM CONTRATAÇÃO DE EMPRESA ESPECIALIZADA PARA SERVIÇO DE GERENCIAMENTO E GESTÃO DE COMBUSTÍVEL DA FROTA POR SISTEMA INFORMATIZADO E INTEGRADO VIA CARTÃO MAGNÉTICO E/OU SIMILAR,PERMITINDO A TRANSMISSÃO DE DADOS E A MOVIMENTAÇÃO DIÁRIA POR SOFTWARE VIA INTERNET.CONFORME PROCESSO 81/2023, 2º TERMO ADITIVO AO CONTRATO 113/2023  E OFICIO Nº 004/2026-SESP.DURANTE O EXERCÍCIO DE 2026 ,EM ATENDIMENTO A SEDUC.;;;;;;;;;;;;;;;;;;;;;;;;;;;;;;;;;;;;;
668;PREFEITURA MUNICIPAL DE BARBACENA;;31100861;810;2026;GLOBAL;0;0;EMPENHO PARA COBRIR DESPESA COM CONTRATAÇÃO DE EMPRESA ESPECIALIZADA PARA SERVIÇO DE GERENCIAMENTO E GESTÃO DE COMBUSTÍVEL DA FROTA POR SISTEMA INFORMATIZADO E INTEGRADO VIA CARTÃO MAGNÉTICO E/OU SIMILAR,PERMITINDO A TRANSMISSÃO DE DADOS E A MOVIMENTAÇÃO DIÁRIA POR SOFTWARE VIA INTERNET.CONFORME PROCESSO 81/2023, 2º TERMO ADITIVO AO CONTRATO 113/2023  E OFICIO Nº 004/2026-SESP.DURANTE O EXERCÍCIO DE 2026 ,EM ATENDIMENTO A SEDUC.;02/01/26 00:00;311.492,86;0,00;0,00;0,00;0,00;0,00;0,00;0,00;0,00;0,00;0,00;0,00;3148931;PRIME CONSULTORIA E ASSESSORIA EMPRESARIAL LTDA;86151;0;780;15;2202;12;361;3.3.90.39.99.00.00.00;1.500.000.1001;33903900000000;0,00;0,00;311.492,86;TRANSPORTE ESCOLAR DO ENSINO FUNDAMENTAL;OUTROS SERVIÇOS DE TERCEIROS - PESSOA JURÍDICA
Especificação: ;;EMPENHO PARA COBRIR DESPESA COM CONTRATAÇÃO DE EMPRESA ESPECIALIZADA PARA SERVIÇO DE GERENCIAMENTO E GESTÃO DE COMBUSTÍVEL DA FROTA POR SISTEMA INFORMATIZADO E INTEGRADO VIA CARTÃO MAGNÉTICO E/OU SIMILAR,PERMITINDO A TRANSMISSÃO DE DADOS E A MOVIMENTAÇÃO DIÁRIA POR SOFTWARE VIA INTERNET.CONFORME PROCESSO 81/2023, 2º TERMO ADITIVO AO CONTRATO 113/2023  E OFICIO Nº 004/2026-SESP.DURANTE O EXERCÍCIO DE 2026 ,EM ATENDIMENTO A SEDUC.;;;;;;;;;;;;;;;;;;;;;;;;;;;;;;;;;;;;;
668;PREFEITURA MUNICIPAL DE BARBACENA;;31101615;811;2026;ESTIMATIVO;0;0;EMPENHO COMPLEMENTAR AO EMPENHO 6921/2025 PARA COBRIR DESPESA COM CONTRATAÇÃO DE EMPRESA PARA PRESTAÇÃO DE SERVIÇO DE TELEFONIA FIXACORPORATIVA BASEADA NA TECNOLOGIA VOZ SOBRE IP (VOIP), EM ATENDIMENTO A SEMAD, CONFORME MEMO N° 063/2026 - DIRTI. DURANTE O EXERCÍCIO DE 2026.;02/01/26 00:00;21.046,43;0,00;0,00;0,00;0,00;0,00;0,00;0,00;0,00;0,00;0,00;0,00;3662797;3CORP SERVICOS DE TECNOLOGIA LTDA.;64361;0;511;11;2055;4;122;3.3.90.39.43.00.00.00;1.501.000.0000;33903900000000;0,00;0,00;21.046,43;MANUTENÇÃO DA SEMAD;OUTROS SERVIÇOS DE TERCEIROS - PESSOA JURÍDICA
Especificação: ;;EMPENHO COMPLEMENTAR AO EMPENHO 6921/2025 PARA COBRIR DESPESA COM CONTRATAÇÃO DE EMPRESA PARA PRESTAÇÃO DE SERVIÇO DE TELEFONIA FIXACORPORATIVA BASEADA NA TECNOLOGIA VOZ SOBRE IP (VOIP), EM ATENDIMENTO A SEMAD, CONFORME MEMO N° 063/2026 - DIRTI. DURANTE O EXERCÍCIO DE 2026.;;;;;;;;;;;;;;;;;;;;;;;;;;;;;;;;;;;;;
668;PREFEITURA MUNICIPAL DE BARBACENA;;31107325;815;2026;ESTIMATIVO;0;0;EMPENHO PARA COBRIR DESPESA COM CONTRATAÇÃO DE EMPRESA ESPECIALIZADA PARA SERVIÇO DE GERENCIAMENTO E GESTÃO DE COMBUSTÍVEL DA FROTA POR SISTEMA INFORMATIZADO E INTEGRADO VIA CARTÃO MAGNÉTICO E/OU SIMILAR,PERMITINDO A TRANSMISSÃO DE DADOS E A MOVIMENTAÇÃO DIÁRIA POR SOFTWARE VIA INTERNET,EM ATENDIMENTO A MANUTENÇÃO DA SEC. MUN. TRÂNSITO ,CONFORME PROCESSO 81/2023, 2º TERMO ADITIVO AO CONTRATO 113/2023  E OFICIO Nº 004/2026-SESP.DURANTE O EXERCÍCIO DE 2026.;02/01/26 00:00;36.347,39;0,00;0,00;0,00;0,00;0,00;0,00;0,00;0,00;0,00;0,00;0,00;3148931;PRIME CONSULTORIA E ASSESSORIA EMPRESARIAL LTDA;86151;0;1014;27;2156;15;451;3.3.90.39.99.00.00.00;1.752.000.0000;33903900000000;0,00;0,00;36.347,39;GESTAO OPERACIONAL DO TRANSITO MUNICIPAL;OUTROS SERVIÇOS DE TERCEIROS - PESSOA JURÍDICA
Especificação: ;;EMPENHO PARA COBRIR DESPESA COM CONTRATAÇÃO DE EMPRESA ESPECIALIZADA PARA SERVIÇO DE GERENCIAMENTO E GESTÃO DE COMBUSTÍVEL DA FROTA POR SISTEMA INFORMATIZADO E INTEGRADO VIA CARTÃO MAGNÉTICO E/OU SIMILAR,PERMITINDO A TRANSMISSÃO DE DADOS E A MOVIMENTAÇÃO DIÁRIA POR SOFTWARE VIA INTERNET,EM ATENDIMENTO A MANUTENÇÃO DA SEC. MUN. TRÂNSITO ,CONFORME PROCESSO 81/2023, 2º TERMO ADITIVO AO CONTRATO 113/2023  E OFICIO Nº 004/2026-SESP.DURANTE O EXERCÍCIO DE 2026.;;;;;;;;;;;;;;;;;;;;;;;;;;;;;;;;;;;;;
668;PREFEITURA MUNICIPAL DE BARBACENA;;31109320;816;2026;ESTIMATIVO;0;0;EMPENHO COMPLEMENTAR AO EMPENHO 6921/2025 PARA COBRIR DESPESA COM CONTRATAÇÃO DE EMPRESA PARA PRESTAÇÃO DE SERVIÇO DE TELEFONIA FIXACORPORATIVA BASEADA NA TECNOLOGIA VOZ SOBRE IP (VOIP), CONFORME MEMO N° 063/2026 - DIRTI. DURANTE O EXERCÍCIO DE 2026. - SEDUC.;02/01/26 00:00;6.633,15;0,00;0,00;0,00;0,00;0,00;0,00;0,00;0,00;0,00;0,00;0,00;3662797;3CORP SERVICOS DE TECNOLOGIA LTDA.;64361;0;748;11;2125;12;122;3.3.90.39.43.00.00.00;1.500.000.1001;33903900000000;0,00;0,00;6.633,15;MANUTENÇÃO DA SEDUC;OUTROS SERVIÇOS DE TERCEIROS - PESSOA JURÍDICA
Especificação: ;;EMPENHO COMPLEMENTAR AO EMPENHO 6921/2025 PARA COBRIR DESPESA COM CONTRATAÇÃO DE EMPRESA PARA PRESTAÇÃO DE SERVIÇO DE TELEFONIA FIXACORPORATIVA BASEADA NA TECNOLOGIA VOZ SOBRE IP (VOIP), CONFORME MEMO N° 063/2026 - DIRTI. DURANTE O EXERCÍCIO DE 2026. - SEDUC.;;;;;;;;;;;;;;;;;;;;;;;;;;;;;;;;;;;;;
668;PREFEITURA MUNICIPAL DE BARBACENA;;31078022;817;2026;GLOBAL;149;2021;EMPENHO PARA COBRIR DESPESA COM  PRESTAÇÃO DE SERVIÇOS DE LOCAÇÃO, FORNECIMENTO DE LICENÇA DE USO, IMPLANTAÇÃO, MIGRAÇÃO DE DADOS, TREINAMENTO E MANUTENÇÃO CORRETIVA, PREVENTIVA E EVOLUTIVA DE SOFTWARE DE GESTÃO DE EMISSÃO DE ALVARÁS EM ATENDIMENTO A SECRETARIA MUNICIPAL DE FAZENDA,CONFORME PROCESSO 149/2021, CONTRATO 71/2022 E SOLICITAÇÃO DE FORNECIMENTO Nº 107/2026.;02/01/26 00:00;150.592,99;0,00;0,00;0,00;0,00;0,00;0,00;0,00;0,00;0,00;0,00;0,00;2617254;QUASAR DESENVOLVIMENTO DE SISTEMAS INTELIGENTES DE GESTAO LTDA.;;;213;11;2108;4;123;3.3.90.40.02.00.00.00;1.500.000.0000;33904000000000;0,00;0,00;150.592,99;MANUTENÇAO DA SEFAZ;SERVIÇOS DE TECNOLOGIA DA INFORMAÇÃO E COMUNICAÇ
Especificação: ;;EMPENHO PARA COBRIR DESPESA COM  PRESTAÇÃO DE SERVIÇOS DE LOCAÇÃO, FORNECIMENTO DE LICENÇA DE USO, IMPLANTAÇÃO, MIGRAÇÃO DE DADOS, TREINAMENTO E MANUTENÇÃO CORRETIVA, PREVENTIVA E EVOLUTIVA DE SOFTWARE DE GESTÃO DE EMISSÃO DE ALVARÁS EM ATENDIMENTO A SECRETARIA MUNICIPAL DE FAZENDA,CONFORME PROCESSO 149/2021, CONTRATO 71/2022 E SOLICITAÇÃO DE FORNECIMENTO Nº 107/2026.;;;;;;;;;;;;;;;;;;;;;;;;;;;;;;;;;;;;;
668;PREFEITURA MUNICIPAL DE BARBACENA;;31078264;818;2026;GLOBAL;103;2021;EMPENHO PARA COBRIR DESPESA COM CONTRATAÇÃO DE EMPRESA PARA PRESTAÇÃO DE SERVIÇO DE CESSÃO DE USO,NA MODALIDAE DE LICENCIAMENTO DE SOFTWARE COMO SERVIÇO(SAAS),DE SISTEMA DE GERENCIAMENTO DAS INFORMAÇÕES UTILIZADAS PARA APURAÇÃO VALOR ADICIONADO FISCAL-VAF,QUE IMPACTA NA COTA PARTE DO IMPOSTO SOBRE A CIRCULAÇÃO DE MERCADORIAS E SERVIÇOS(ICMS)RECEBIDA PELO MUNICÍPIO,DURANTE O EXERCÍCIO DE 2026,CONFORME  PROCESSO 103/2021, CONTRATO Nº 112/2021 E SOLICITAÇÃO DE FORNECIMENTO Nº 109/2026.;02/01/26 00:00;211.200,00;0,00;0,00;0,00;0,00;0,00;0,00;0,00;0,00;0,00;0,00;0,00;1543495;SIGMA TECNOLOGIA E ASSESSORIA LTDA;;;240;23;2107;4;123;3.3.90.40.99.00.00.00;1.500.000.0000;33904000000000;0,00;0,00;211.200,00;MELHORIA DA ARRECADAÇAO MUNICIPAL;SERVIÇOS DE TECNOLOGIA DA INFORMAÇÃO E COMUNICAÇ
Especificação: ;;EMPENHO PARA COBRIR DESPESA COM CONTRATAÇÃO DE EMPRESA PARA PRESTAÇÃO DE SERVIÇO DE CESSÃO DE USO,NA MODALIDAE DE LICENCIAMENTO DE SOFTWARE COMO SERVIÇO(SAAS),DE SISTEMA DE GERENCIAMENTO DAS INFORMAÇÕES UTILIZADAS PARA APURAÇÃO VALOR ADICIONADO FISCAL-VAF,QUE IMPACTA NA COTA PARTE DO IMPOSTO SOBRE A CIRCULAÇÃO DE MERCADORIAS E SERVIÇOS(ICMS)RECEBIDA PELO MUNICÍPIO,DURANTE O EXERCÍCIO DE 2026,CONFORME  PROCESSO 103/2021, CONTRATO Nº 112/2021 E SOLICITAÇÃO DE FORNECIMENTO Nº 109/2026.;;;;;;;;;;;;;;;;;;;;;;;;;;;;;;;;;;;;;
668;PREFEITURA MUNICIPAL DE BARBACENA;;31011812;819;2026;ESTIMATIVO;42;2025;EMPENHO PARA COBRIR DESPESA COM SERVIÇO DE TRANSPORTE, MONTAGEM E DESMONTAGEM DE BARRACAS PARA REALIZAÇÃO DA FEIRA DE ORIGEM PROMOVIDA PELA SEC. MUNICIPAL DE AGRICULTURA PEC. E ABASTECIMENTO,CONFORME PROCESSO 42/2025,CONTRATO 54/2025 E SOLICITAÇÃO DE FORNECIMENTO Nº 101/2026.;02/01/26 00:00;47.700,00;0,00;0,00;0,00;0,00;0,00;0,00;0,00;0,00;0,00;0,00;0,00;4779995;48.567.130 JOSIANE ROSA LOPES;;;97;35;2178;20;122;3.3.90.39.99.00.00.00;1.500.000.0000;33903900000000;0,00;0,00;47.700,00;APOIO E FOMENTO A PRODUÇÃO RURAL;OUTROS SERVIÇOS DE TERCEIROS - PESSOA JURÍDICA
Especificação: ;;EMPENHO PARA COBRIR DESPESA COM SERVIÇO DE TRANSPORTE, MONTAGEM E DESMONTAGEM DE BARRACAS PARA REALIZAÇÃO DA FEIRA DE ORIGEM PROMOVIDA PELA SEC. MUNICIPAL DE AGRICULTURA PEC. E ABASTECIMENTO,CONFORME PROCESSO 42/2025,CONTRATO 54/2025 E SOLICITAÇÃO DE FORNECIMENTO Nº 101/2026.;;;;;;;;;;;;;;;;;;;;;;;;;;;;;;;;;;;;;
668;PREFEITURA MUNICIPAL DE BARBACENA;;31112578;820;2026;ESTIMATIVO;0;0;EMPENHO PARA COBRIR DESPESA COM CONTRATAÇÃO DE EMPRESA ESPECIALIZADA PARA SERVIÇO DE GERENCIAMENTO E GESTÃO DE COMBUSTÍVEL DA FROTA POR SISTEMA INFORMATIZADO E INTEGRADO VIA CARTÃO MAGNÉTICO E/OU SIMILAR,PERMITINDO A TRANSMISSÃO DE DADOS E A MOVIMENTAÇÃO DIÁRIA POR SOFTWARE VIA INTERNET,EM ATENDIMENTO A MANUTENÇÃO DA SEC. MUN.OBRAS-LIMPEZA URBANA,CONFORME PROCESSO 81/2023, 2º TERMO ADITIVO AO CONTRATO 113/2023  E OFICIO Nº 0022/2026-DILOT/SESP.DURANTE O EXERCÍCIO DE 2026.;02/01/26 00:00;30.330,22;0,00;0,00;0,00;0,00;0,00;0,00;0,00;0,00;0,00;0,00;0,00;3148931;PRIME CONSULTORIA E ASSESSORIA EMPRESARIAL LTDA;86151;0;690;18;2161;17;452;3.3.90.39.99.00.00.00;1.753.000.0000;33903900000000;0,00;0,00;30.330,22;MANUTENÇAO DAS ATIVIDADES DE LIMPEZA URBANA E DESTINAÇAO FINAL DE RESIDUOS;OUTROS SERVIÇOS DE TERCEIROS - PESSOA JURÍDICA
Especificação: ;;EMPENHO PARA COBRIR DESPESA COM CONTRATAÇÃO DE EMPRESA ESPECIALIZADA PARA SERVIÇO DE GERENCIAMENTO E GESTÃO DE COMBUSTÍVEL DA FROTA POR SISTEMA INFORMATIZADO E INTEGRADO VIA CARTÃO MAGNÉTICO E/OU SIMILAR,PERMITINDO A TRANSMISSÃO DE DADOS E A MOVIMENTAÇÃO DIÁRIA POR SOFTWARE VIA INTERNET,EM ATENDIMENTO A MANUTENÇÃO DA SEC. MUN.OBRAS-LIMPEZA URBANA,CONFORME PROCESSO 81/2023, 2º TERMO ADITIVO AO CONTRATO 113/2023  E OFICIO Nº 0022/2026-DILOT/SESP.DURANTE O EXERCÍCIO DE 2026.;;;;;;;;;;;;;;;;;;;;;;;;;;;;;;;;;;;;;
668;PREFEITURA MUNICIPAL DE BARBACENA;;31113743;822;2026;GLOBAL;0;0;EMPENHO PARA COBRIR DESPESA COM CONTRATAÇÃO DE EMPRESA ESPECIALIZADA PARA PRESTAÇÃO DE SERVIÇO DE GERENCIAMENTO, GESTÃO E MANUTENÇÃO DE FROTA. CONFORME 2º TERMO ADITIVO AO CONTRATO Nº 142/2024 E OFICIO Nº 003/2026-SESP. MATERIAL DE CONSUMO - SEDUC.;02/01/26 00:00;100.000,00;0,00;0,00;0,00;0,00;0,00;0,00;0,00;0,00;0,00;0,00;0,00;5444283;CEGONHA SOLUCOES LTDA;29046;7;777;15;2202;12;361;3.3.90.30.99.00.00.00;1.500.000.1001;33903000000000;0,00;0,00;100.000,00;TRANSPORTE ESCOLAR DO ENSINO FUNDAMENTAL;MATERIAL DE CONSUMO
Especificação: ;;EMPENHO PARA COBRIR DESPESA COM CONTRATAÇÃO DE EMPRESA ESPECIALIZADA PARA PRESTAÇÃO DE SERVIÇO DE GERENCIAMENTO, GESTÃO E MANUTENÇÃO DE FROTA. CONFORME 2º TERMO ADITIVO AO CONTRATO Nº 142/2024 E OFICIO Nº 003/2026-SESP. MATERIAL DE CONSUMO - SEDUC.;;;;;;;;;;;;;;;;;;;;;;;;;;;;;;;;;;;;;
668;PREFEITURA MUNICIPAL DE BARBACENA;;31113767;823;2026;GLOBAL;0;0;EMPENHO PARA COBRIR DESPESA COM CONTRATAÇÃO DE EMPRESA ESPECIALIZADA PARA PRESTAÇÃO DE SERVIÇO DE GERENCIAMENTO, GESTÃO E MANUTENÇÃO DE FROTA. CONFORME 2º TERMO ADITIVO AO CONTRATO Nº 142/2024 E OFICIO Nº 003/2026-SESP. MATERIAL DE CONSUMO - SEDUC.;02/01/26 00:00;20.000,00;0,00;0,00;0,00;0,00;0,00;0,00;0,00;0,00;0,00;0,00;0,00;5444283;CEGONHA SOLUCOES LTDA;29046;7;744;11;2125;12;122;3.3.90.30.99.00.00.00;1.500.000.1001;33903000000000;0,00;0,00;20.000,00;MANUTENÇÃO DA SEDUC;MATERIAL DE CONSUMO
Especificação: ;;EMPENHO PARA COBRIR DESPESA COM CONTRATAÇÃO DE EMPRESA ESPECIALIZADA PARA PRESTAÇÃO DE SERVIÇO DE GERENCIAMENTO, GESTÃO E MANUTENÇÃO DE FROTA. CONFORME 2º TERMO ADITIVO AO CONTRATO Nº 142/2024 E OFICIO Nº 003/2026-SESP. MATERIAL DE CONSUMO - SEDUC.;;;;;;;;;;;;;;;;;;;;;;;;;;;;;;;;;;;;;
668;PREFEITURA MUNICIPAL DE BARBACENA;;31113777;824;2026;GLOBAL;0;0;EMPENHO PARA COBRIR DESPESA COM CONTRATAÇÃO DE EMPRESA ESPECIALIZADA PARA PRESTAÇÃO DE SERVIÇO DE GERENCIAMENTO, GESTÃO E MANUTENÇÃO DE FROTA POR SISTEMA INFORMATIZADO E INTEGRADO VIA CARTÃO MAGNÉTICO E/OU SIMILAR PERMITINDO A TRANSMISSÃO DE DADOS E MOVIMENTAÇÃO DIÁRIA POR SOFTWARE VIA INTERNET,EM ATENDIMENTO A MANUTENÇÃO DA SESP, CONFORME PROCESSO 139/2023,2º TERMO ADITIVO AO CONTRATO Nº 142/2024 E OFICIO Nº 003/2026-SESP.;02/01/26 00:00;180.000,00;0,00;0,00;0,00;0,00;0,00;0,00;0,00;0,00;0,00;0,00;0,00;5444283;CEGONHA SOLUCOES LTDA;29046;7;625;11;2063;15;452;3.3.90.30.99.00.00.00;1.500.000.0000;33903000000000;0,00;0,00;180.000,00;MANUTENÇÃO DA SESP;MATERIAL DE CONSUMO
Especificação: ;;EMPENHO PARA COBRIR DESPESA COM CONTRATAÇÃO DE EMPRESA ESPECIALIZADA PARA PRESTAÇÃO DE SERVIÇO DE GERENCIAMENTO, GESTÃO E MANUTENÇÃO DE FROTA POR SISTEMA INFORMATIZADO E INTEGRADO VIA CARTÃO MAGNÉTICO E/OU SIMILAR PERMITINDO A TRANSMISSÃO DE DADOS E MOVIMENTAÇÃO DIÁRIA POR SOFTWARE VIA INTERNET,EM ATENDIMENTO A MANUTENÇÃO DA SESP, CONFORME PROCESSO 139/2023,2º TERMO ADITIVO AO CONTRATO Nº 142/2024 E OFICIO Nº 003/2026-SESP.;;;;;;;;;;;;;;;;;;;;;;;;;;;;;;;;;;;;;
668;PREFEITURA MUNICIPAL DE BARBACENA;;31113795;825;2026;GLOBAL;0;0;EMPENHO PARA COBRIR DESPESA COM CONTRATAÇÃO DE EMPRESA ESPECIALIZADA PARA PRESTAÇÃO DE SERVIÇO DE GERENCIAMENTO, GESTÃO E MANUTENÇÃO DE FROTA. CONFORME 2º TERMO ADITIVO AO CONTRATO Nº 142/2024 E OFICIO Nº 003/2026-SESP. OUTROS SERV. DE TERCEIROS - SEDUC.;02/01/26 00:00;70.000,00;0,00;0,00;0,00;0,00;0,00;0,00;0,00;0,00;0,00;0,00;0,00;5444283;CEGONHA SOLUCOES LTDA;29046;7;780;15;2202;12;361;3.3.90.39.99.00.00.00;1.500.000.1001;33903900000000;0,00;0,00;70.000,00;TRANSPORTE ESCOLAR DO ENSINO FUNDAMENTAL;OUTROS SERVIÇOS DE TERCEIROS - PESSOA JURÍDICA
Especificação: ;;EMPENHO PARA COBRIR DESPESA COM CONTRATAÇÃO DE EMPRESA ESPECIALIZADA PARA PRESTAÇÃO DE SERVIÇO DE GERENCIAMENTO, GESTÃO E MANUTENÇÃO DE FROTA. CONFORME 2º TERMO ADITIVO AO CONTRATO Nº 142/2024 E OFICIO Nº 003/2026-SESP. OUTROS SERV. DE TERCEIROS - SEDUC.;;;;;;;;;;;;;;;;;;;;;;;;;;;;;;;;;;;;;
668;PREFEITURA MUNICIPAL DE BARBACENA;;31113828;826;2026;GLOBAL;0;0;EMPENHO PARA COBRIR DESPESA COM CONTRATAÇÃO DE EMPRESA ESPECIALIZADA PARA PRESTAÇÃO DE SERVIÇO DE GERENCIAMENTO, GESTÃO E MANUTENÇÃO DE FROTA. CONFORME 2º TERMO ADITIVO AO CONTRATO Nº 142/2024 E OFICIO Nº 003/2026-SESP. OUTROS SERV. DE TERCEIROS - SEDUC.;02/01/26 00:00;10.000,00;0,00;0,00;0,00;0,00;0,00;0,00;0,00;0,00;0,00;0,00;0,00;5444283;CEGONHA SOLUCOES LTDA;29046;7;748;11;2125;12;122;3.3.90.39.99.00.00.00;1.500.000.1001;33903900000000;0,00;0,00;10.000,00;MANUTENÇÃO DA SEDUC;OUTROS SERVIÇOS DE TERCEIROS - PESSOA JURÍDICA
Especificação: ;;EMPENHO PARA COBRIR DESPESA COM CONTRATAÇÃO DE EMPRESA ESPECIALIZADA PARA PRESTAÇÃO DE SERVIÇO DE GERENCIAMENTO, GESTÃO E MANUTENÇÃO DE FROTA. CONFORME 2º TERMO ADITIVO AO CONTRATO Nº 142/2024 E OFICIO Nº 003/2026-SESP. OUTROS SERV. DE TERCEIROS - SEDUC.;;;;;;;;;;;;;;;;;;;;;;;;;;;;;;;;;;;;;
668;PREFEITURA MUNICIPAL DE BARBACENA;;31114056;827;2026;GLOBAL;0;0;EMPENHO PARA COBRIR DESPESAS COM TERMO DE COLABORAÇÃO Nº.: 003/2025, VISANDO CONJUGAÇÃO DE ESFORÇOS PARA IMPLANTAR O CENTRO DE CONVIVÊNCIA PARA CRIANÇAS E ADOLESCENTES, CUSTEADO COM RECURSOS PRÓPRIOS DO TESOURO MUNICÍPAL, CONFORME OFÍCIO Nº.: 001/2026/SEMAS.;02/01/26 00:00;250.000,00;0,00;0,00;0,00;0,00;0,00;0,00;0,00;0,00;0,00;0,00;0,00;1601254;OBRAS SOCIAIS SANTO ANTONIO;103426;X;488;55;2305;8;243;3.3.50.43.00.00.00.00;1.500.000.0000;33504300000000;0,00;0,00;250.000,00;IMPLANTAÇÃO E PROMOÇAO DAS POLITICAS DOS DIREITOS DA CRIANÇA E DO ADOLESCENTE;SUBVENÇÕES SOCIAIS
Especificação: ;;EMPENHO PARA COBRIR DESPESAS COM TERMO DE COLABORAÇÃO Nº.: 003/2025, VISANDO CONJUGAÇÃO DE ESFORÇOS PARA IMPLANTAR O CENTRO DE CONVIVÊNCIA PARA CRIANÇAS E ADOLESCENTES, CUSTEADO COM RECURSOS PRÓPRIOS DO TESOURO MUNICÍPAL, CONFORME OFÍCIO Nº.: 001/2026/SEMAS.;;;;;;;;;;;;;;;;;;;;;;;;;;;;;;;;;;;;;
668;PREFEITURA MUNICIPAL DE BARBACENA;;31114299;828;2026;GLOBAL;0;0;EMPENHO PARA COBRIR DESPESA COM CONTRATAÇÃO DE EMPRESA ESPECIALIZADA PARA PRESTAÇÃO DE SERVIÇO DE GERENCIAMENTO, GESTÃO E MANUTENÇÃO DE FROTA POR SISTEMA INFORMATIZADO E INTEGRADO VIA CARTÃO MAGNÉTICO E/OU SIMILAR PERMITINDO A TRANSMISSÃO DE DADOS E MOVIMENTAÇÃO DIÁRIA POR SOFTWARE VIA INTERNET,EM ATENDIMENTO A MANUTENÇÃO DA SESP,CONFORME PROCESSO 139/2023,2º TERMO ADITIVO AO CONTRATO Nº 142/2024 E OFICIO Nº 003/2025-SESP.;02/01/26 00:00;120.000,00;0,00;0,00;0,00;0,00;0,00;0,00;0,00;0,00;0,00;0,00;0,00;5444283;CEGONHA SOLUCOES LTDA;29046;7;629;11;2063;15;452;3.3.90.39.99.00.00.00;1.500.000.0000;33903900000000;0,00;0,00;120.000,00;MANUTENÇÃO DA SESP;OUTROS SERVIÇOS DE TERCEIROS - PESSOA JURÍDICA
Especificação: ;;EMPENHO PARA COBRIR DESPESA COM CONTRATAÇÃO DE EMPRESA ESPECIALIZADA PARA PRESTAÇÃO DE SERVIÇO DE GERENCIAMENTO, GESTÃO E MANUTENÇÃO DE FROTA POR SISTEMA INFORMATIZADO E INTEGRADO VIA CARTÃO MAGNÉTICO E/OU SIMILAR PERMITINDO A TRANSMISSÃO DE DADOS E MOVIMENTAÇÃO DIÁRIA POR SOFTWARE VIA INTERNET,EM ATENDIMENTO A MANUTENÇÃO DA SESP,CONFORME PROCESSO 139/2023,2º TERMO ADITIVO AO CONTRATO Nº 142/2024 E OFICIO Nº 003/2025-SESP.;;;;;;;;;;;;;;;;;;;;;;;;;;;;;;;;;;;;;
668;PREFEITURA MUNICIPAL DE BARBACENA;;31114467;829;2026;GLOBAL;0;0;EMPENHO PARA COBRIR DESPESA COM CONTRATAÇÃO DE EMPRESA ESPECIALIZADA PARA PRESTAÇÃO DE SERVIÇO DE GERENCIAMENTO, GESTÃO E MANUTENÇÃO DE FROTA POR SISTEMA INFORMATIZADO E INTEGRADO VIA CARTÃO MAGNÉTICO E/OU SIMILAR PERMITINDO A TRANSMISSÃO DE DADOS E MOVIMENTAÇÃO DIÁRIA POR SOFTWARE VIA INTERNET,EM ATENDIMENTO A MANUTENÇÃO DA SESP-TRÂNSITO, CONFORME PROCESSO 139/2023,2º TERMO ADITIVO AO CONTRATO Nº 142/2024 E OFICIO Nº 003/2026-SESP.;02/01/26 00:00;15.000,00;0,00;0,00;0,00;0,00;0,00;0,00;0,00;0,00;0,00;0,00;0,00;5444283;CEGONHA SOLUCOES LTDA;29046;7;1013;27;2156;15;451;3.3.90.30.99.00.00.00;1.752.000.0000;33903000000000;0,00;0,00;15.000,00;GESTAO OPERACIONAL DO TRANSITO MUNICIPAL;MATERIAL DE CONSUMO
Especificação: ;;EMPENHO PARA COBRIR DESPESA COM CONTRATAÇÃO DE EMPRESA ESPECIALIZADA PARA PRESTAÇÃO DE SERVIÇO DE GERENCIAMENTO, GESTÃO E MANUTENÇÃO DE FROTA POR SISTEMA INFORMATIZADO E INTEGRADO VIA CARTÃO MAGNÉTICO E/OU SIMILAR PERMITINDO A TRANSMISSÃO DE DADOS E MOVIMENTAÇÃO DIÁRIA POR SOFTWARE VIA INTERNET,EM ATENDIMENTO A MANUTENÇÃO DA SESP-TRÂNSITO, CONFORME PROCESSO 139/2023,2º TERMO ADITIVO AO CONTRATO Nº 142/2024 E OFICIO Nº 003/2026-SESP.;;;;;;;;;;;;;;;;;;;;;;;;;;;;;;;;;;;;;
668;PREFEITURA MUNICIPAL DE BARBACENA;;31114650;830;2026;GLOBAL;0;0;EMPENHO PARA COBRIR DESPESA COM CONTRATAÇÃO DE EMPRESA ESPECIALIZADA PARA PRESTAÇÃO DE SERVIÇO DE GERENCIAMENTO, GESTÃO E MANUTENÇÃO DE FROTA POR SISTEMA INFORMATIZADO E INTEGRADO VIA CARTÃO MAGNÉTICO E/OU SIMILAR PERMITINDO A TRANSMISSÃO DE DADOS E MOVIMENTAÇÃO DIÁRIA POR SOFTWARE VIA INTERNET,EM ATENDIMENTO A MANUTENÇÃO DA SESP-TRÂNSITO, CONFORME PROCESSO 139/2023,2º TERMO ADITIVO AO CONTRATO Nº 142/2024 E OFICIO Nº 003/2026-SESP.;02/01/26 00:00;14.000,00;0,00;0,00;0,00;0,00;0,00;0,00;0,00;0,00;0,00;0,00;0,00;5444283;CEGONHA SOLUCOES LTDA;29046;7;1014;27;2156;15;451;3.3.90.39.99.00.00.00;1.752.000.0000;33903900000000;0,00;0,00;14.000,00;GESTAO OPERACIONAL DO TRANSITO MUNICIPAL;OUTROS SERVIÇOS DE TERCEIROS - PESSOA JURÍDICA
Especificação: ;;EMPENHO PARA COBRIR DESPESA COM CONTRATAÇÃO DE EMPRESA ESPECIALIZADA PARA PRESTAÇÃO DE SERVIÇO DE GERENCIAMENTO, GESTÃO E MANUTENÇÃO DE FROTA POR SISTEMA INFORMATIZADO E INTEGRADO VIA CARTÃO MAGNÉTICO E/OU SIMILAR PERMITINDO A TRANSMISSÃO DE DADOS E MOVIMENTAÇÃO DIÁRIA POR SOFTWARE VIA INTERNET,EM ATENDIMENTO A MANUTENÇÃO DA SESP-TRÂNSITO, CONFORME PROCESSO 139/2023,2º TERMO ADITIVO AO CONTRATO Nº 142/2024 E OFICIO Nº 003/2026-SESP.;;;;;;;;;;;;;;;;;;;;;;;;;;;;;;;;;;;;;
668;PREFEITURA MUNICIPAL DE BARBACENA;;31160762;831;2026;GLOBAL;0;0;EMPENHO PARA COBRIR DESPESA COM CONTRATAÇÃO DE EMPRESA ESPECIALIZADA PARA PRESTAÇÃO DE SERVIÇO DE GERENCIAMENTO, GESTÃO E MANUTENÇÃO DE FROTA POR SISTEMA INFORMATIZADO E INTEGRADO VIA CARTÃO MAGNÉTICO E/OU SIMILAR PERMITINDO A TRANSMISSÃO DE DADOS E MOVIMENTAÇÃO DIÁRIA POR SOFTWARE VIA INTERNET,EM ATENDIMENTO A MANUTENÇÃO DA SESP, CONFORME PROCESSO 139/2023, CONTRATO Nº 142/2024 E OFICIO Nº 002/2026-SESP.;02/01/26 00:00;78.557,92;0,00;0,00;0,00;0,00;0,00;0,00;0,00;0,00;0,00;0,00;0,00;5444283;CEGONHA SOLUCOES LTDA;29046;7;1205;11;2063;15;452;3.3.90.92.99.00.00.00;1.500.000.0000;33909200000000;0,00;0,00;78.557,92;;
Especificação: ;;EMPENHO PARA COBRIR DESPESA COM CONTRATAÇÃO DE EMPRESA ESPECIALIZADA PARA PRESTAÇÃO DE SERVIÇO DE GERENCIAMENTO, GESTÃO E MANUTENÇÃO DE FROTA POR SISTEMA INFORMATIZADO E INTEGRADO VIA CARTÃO MAGNÉTICO E/OU SIMILAR PERMITINDO A TRANSMISSÃO DE DADOS E MOVIMENTAÇÃO DIÁRIA POR SOFTWARE VIA INTERNET,EM ATENDIMENTO A MANUTENÇÃO DA SESP, CONFORME ;;;;;;;;;;;;;;;;;;;;;;;;;;;;;;;;;;;;;
;;PROCESSO 139/2023, CONTRATO Nº 142/2024 E OFICIO Nº 002/2026-SESP.;;;;;;;;;;;;;;;;;;;;;;;;;;;;;;;;;;;;;
668;PREFEITURA MUNICIPAL DE BARBACENA;;31072877;834;2026;ESTIMATIVO;116;2025;EMPENHO PARA COBRIR DESPESA COM PRESTAÇÃO DE SERVIÇOS DE LOCAÇÃO, FORNECIMENTO DE LICENÇA DE USO, IMPLANTAÇÃO, MIGRAÇÃO DE DADOS, TREINAMENTO E MANUTENÇÃO CORRETIVA, PREVENTIVA E EVOLUTIVA DE SOFTWARES DE GESTÃO ADMINISTRATIVA E FINANCEIRA CONFORME PROCESSO 116/2025, CONTRATO 159/2025 E SOLICITAÇÃO DE FORNECIMENTO Nº 31/2026.;02/01/26 00:00;74.618,90;0,00;0,00;0,00;0,00;0,00;0,00;0,00;0,00;0,00;0,00;0,00;1543347;CMM SISTEMAS DE INFORMACAO E SERVICOS LTDA;120345;2;512;11;2055;4;122;3.3.90.40.99.00.00.00;1.500.000.0000;33904000000000;0,00;0,00;74.618,90;MANUTENÇÃO DA SEMAD;SERVIÇOS DE TECNOLOGIA DA INFORMAÇÃO E COMUNICAÇ
Especificação: ;;EMPENHO PARA COBRIR DESPESA COM PRESTAÇÃO DE SERVIÇOS DE LOCAÇÃO, FORNECIMENTO DE LICENÇA DE USO, IMPLANTAÇÃO, MIGRAÇÃO DE DADOS, TREINAMENTO E MANUTENÇÃO CORRETIVA, PREVENTIVA E EVOLUTIVA DE SOFTWARES DE GESTÃO ADMINISTRATIVA E FINANCEIRA CONFORME PROCESSO 116/2025, CONTRATO 159/2025 E SOLICITAÇÃO DE FORNECIMENTO Nº 31/2026.;;;;;;;;;;;;;;;;;;;;;;;;;;;;;;;;;;;;;
668;PREFEITURA MUNICIPAL DE BARBACENA;;31072937;835;2026;ESTIMATIVO;116;2025;EMPENHO PARA COBRIR DESPESA COM PRESTAÇÃO DE SERVIÇOS DE LOCAÇÃO, FORNECIMENTO DE LICENÇA DE USO, IMPLANTAÇÃO, MIGRAÇÃO DE DADOS, TREINAMENTO E MANUTENÇÃO CORRETIVA, PREVENTIVA E EVOLUTIVA DE SOFTWARES DE GESTÃO ADMINISTRATIVA E FINANCEIRA CONFORME PROCESSO 116/2025, CONTRATO 159/2025 E SOLICITAÇÃO DE FORNECIMENTO Nº 54/2026.;02/01/26 00:00;845.065,74;0,00;0,00;0,00;0,00;0,00;0,00;0,00;0,00;0,00;0,00;0,00;1543347;CMM SISTEMAS DE INFORMACAO E SERVICOS LTDA;120345;2;512;11;2055;4;122;3.3.90.40.99.00.00.00;1.500.000.0000;33904000000000;0,00;0,00;845.065,74;MANUTENÇÃO DA SEMAD;SERVIÇOS DE TECNOLOGIA DA INFORMAÇÃO E COMUNICAÇ
Especificação: ;;EMPENHO PARA COBRIR DESPESA COM PRESTAÇÃO DE SERVIÇOS DE LOCAÇÃO, FORNECIMENTO DE LICENÇA DE USO, IMPLANTAÇÃO, MIGRAÇÃO DE DADOS, TREINAMENTO E MANUTENÇÃO CORRETIVA, PREVENTIVA E EVOLUTIVA DE SOFTWARES DE GESTÃO ADMINISTRATIVA E FINANCEIRA CONFORME PROCESSO 116/2025, CONTRATO 159/2025 E SOLICITAÇÃO DE FORNECIMENTO Nº 54/2026.;;;;;;;;;;;;;;;;;;;;;;;;;;;;;;;;;;;;;
668;PREFEITURA MUNICIPAL DE BARBACENA;;30531955;84;2026;GLOBAL;0;0;EMPENHO PARA COBRIR DESPESA COM CONTRATAÇÃO DE EMPRESA PARA PRESTAÇÃO DE SERVIÇOS PÚBLICOS DE NATUREZA CONTÍNUA E ESSENCIAL, ENVOLVENDO COLETA, TRANSPORTE,TRATAMENTO E DESTINAÇÃO FINAL DE RESÍDUOS DE SAÚDE E  URBANOS PARA O ATERRO SANITÁRIO, CONFORME  SÉTIMO TERMO ADITIVO AO CONTRATO N° 48/2020 E OFICIO N° 005/2026-SESP;02/01/26 00:00;2.505.946,69;0,00;0,00;0,00;0,00;0,00;0,00;0,00;0,00;0,00;0,00;0,00;1543470;TRANSPORTADORA & LOGISTICA CANAA ABP LTDA;;;690;18;2161;17;452;3.3.90.39.61.00.00.00;1.753.000.0000;33903900000000;0,00;0,00;2.505.946,69;MANUTENÇAO DAS ATIVIDADES DE LIMPEZA URBANA E DESTINAÇAO FINAL DE RESIDUOS;OUTROS SERVIÇOS DE TERCEIROS - PESSOA JURÍDICA
Especificação: ;;EMPENHO PARA COBRIR DESPESA COM CONTRATAÇÃO DE EMPRESA PARA PRESTAÇÃO DE SERVIÇOS PÚBLICOS DE NATUREZA CONTÍNUA E ESSENCIAL, ENVOLVENDO COLETA, TRANSPORTE,TRATAMENTO E DESTINAÇÃO FINAL DE RESÍDUOS DE SAÚDE E  URBANOS PARA O ATERRO SANITÁRIO, CONFORME  SÉTIMO TERMO ADITIVO AO CONTRATO N° 48/2020 E OFICIO N° 005/2026-SESP;;;;;;;;;;;;;;;;;;;;;;;;;;;;;;;;;;;;;
668;PREFEITURA MUNICIPAL DE BARBACENA;;30303403;85;2026;GLOBAL;109;2025;EMPENHO PARA COBRIR DESPESA COM LOCAÇÃO DE  CAMINHÕES COMPACTADORES DE RESÍDUOS SÓLIDOS URBANOS DE ORIGEM DOMICILIAR,INDUSTRIAL E DE VARRIÇÃO EM ATENDIMENTO A SEMOP/LIMPEZA URBANA,CONFORME PROCESSO 109/2025,CONTRATO 98/2025 E  SOLICITAÇÃO DE FORNECIMENTO Nº 20/2025.;02/01/26 00:00;2.341.010,00;0,00;0,00;0,00;0,00;0,00;0,00;0,00;0,00;0,00;0,00;0,00;1543470;TRANSPORTADORA & LOGISTICA CANAA ABP LTDA;;;690;18;2161;17;452;3.3.90.39.73.00.00.00;1.704.000.0000;33903900000000;0,00;0,00;2.341.010,00;MANUTENÇAO DAS ATIVIDADES DE LIMPEZA URBANA E DESTINAÇAO FINAL DE RESIDUOS;OUTROS SERVIÇOS DE TERCEIROS - PESSOA JURÍDICA
Especificação: ;;EMPENHO PARA COBRIR DESPESA COM LOCAÇÃO DE  CAMINHÕES COMPACTADORES DE RESÍDUOS SÓLIDOS URBANOS DE ORIGEM DOMICILIAR,INDUSTRIAL E DE VARRIÇÃO EM ATENDIMENTO A SEMOP/LIMPEZA URBANA,CONFORME PROCESSO 109/2025,CONTRATO 98/2025 E  SOLICITAÇÃO DE FORNECIMENTO Nº 20/2025.;;;;;;;;;;;;;;;;;;;;;;;;;;;;;;;;;;;;;
668;PREFEITURA MUNICIPAL DE BARBACENA;;30390859;86;2026;GLOBAL;61;2022;EMPENHO PARA COBRIR DESPES COM PRESTAÇÃO DE SERVIÇOS ESPECIALIZADOS CONTÍNUOS DE CONSULTORIA E GESTÃO PREVIDENCIÁRIA EM REGIME PRÓPRIO DE PREVIDÊNCIA SOCIAL-RPPS,PARA AS ÁREAS PREVIDECIÁRIA E  E JURÍDICA,SENDO REESTRUTURAÇÃO LEGISLATIVA,CONFORME PROCESSO 61/2022,  CONTRATO Nº 79/2022 E SOLICITAÇÃO DE FORNECIMENTO Nº 51/2026.;02/01/26 00:00;16.223,50;0,00;0,00;0,00;0,00;0,00;0,00;0,00;0,00;0,00;0,00;0,00;1547275;RTM CONSULTORES ASSOCIADOS LTDA;50329;0;532;26;2741;4;122;3.3.90.39.05.00.00.00;1.500.000.0000;33903900000000;0,00;0,00;16.223,50;MANUTENÇÃO DE ATIVIDADES DA GESTÃO DE RECURSOS HUMANOS;OUTROS SERVIÇOS DE TERCEIROS - PESSOA JURÍDICA
Especificação: ;;EMPENHO PARA COBRIR DESPES COM PRESTAÇÃO DE SERVIÇOS ESPECIALIZADOS CONTÍNUOS DE CONSULTORIA E GESTÃO PREVIDENCIÁRIA EM REGIME PRÓPRIO DE PREVIDÊNCIA SOCIAL-RPPS,PARA AS ÁREAS PREVIDECIÁRIA E  E JURÍDICA,SENDO REESTRUTURAÇÃO LEGISLATIVA,CONFORME PROCESSO 61/2022,  CONTRATO Nº 79/2022 E SOLICITAÇÃO DE FORNECIMENTO Nº 51/2026.;;;;;;;;;;;;;;;;;;;;;;;;;;;;;;;;;;;;;
668;PREFEITURA MUNICIPAL DE BARBACENA;;30390960;87;2026;GLOBAL;41;2021;EMPENHO PARA COBRIR DESPESA COM CONTRATAÇÃO DE EMPRESA PARA A ELABORAÇÃO DE CONSULTORIA E CÁLCULO ATUARIAL NO SISTEMA MUNICIPAL DE PREVIDÊNCIAS E ASSISTÊNCIA AO SERVIDOR - SIMPAS, À LUZ DA PORTARIA Nº464 DE 19 DE NOVEMBRO DE 2018,CONFORME  PROCESSO 41/2021,CONTRATO 71/2021 E SOLICITAÇÃO DE FORNECIMENTO Nº 22/2026.;02/01/26 00:00;16.439,60;0,00;0,00;0,00;0,00;0,00;0,00;0,00;0,00;0,00;0,00;0,00;1544023;BRASILIS CONSULTORIA ATUARIAL LTDA;;;532;26;2741;4;122;3.3.90.39.05.00.00.00;1.500.000.0000;33903900000000;0,00;0,00;16.439,60;MANUTENÇÃO DE ATIVIDADES DA GESTÃO DE RECURSOS HUMANOS;OUTROS SERVIÇOS DE TERCEIROS - PESSOA JURÍDICA
Especificação: ;;EMPENHO PARA COBRIR DESPESA COM CONTRATAÇÃO DE EMPRESA PARA A ELABORAÇÃO DE CONSULTORIA E CÁLCULO ATUARIAL NO SISTEMA MUNICIPAL DE PREVIDÊNCIAS E ASSISTÊNCIA AO SERVIDOR - SIMPAS, À LUZ DA PORTARIA Nº464 DE 19 DE NOVEMBRO DE 2018,CONFORME  PROCESSO 41/2021,CONTRATO 71/2021 E SOLICITAÇÃO DE FORNECIMENTO Nº 22/2026.;;;;;;;;;;;;;;;;;;;;;;;;;;;;;;;;;;;;;
668;PREFEITURA MUNICIPAL DE BARBACENA;;30399222;88;2026;ESTIMATIVO;83;2022;EMPENHO PARA COBRIR DESPESA COM  SERVIÇOS DE TELECOMUNICAÇÕES PARA IMPLEMENTAÇÃO,OPERAÇÃO E MANUTENÇÃO DE UM LINK DE ACESSO SÍNCRONO DEDICADO A INTERNET,MEDIANTE IMPLANTAÇÃO DE LINK DE COMUNICAÇÃO DE DADOS,COM FORNECIMENTO  DE EQUIPAMENTOS NECESSÁRIOS A EXECUÇÃO DO SERVIÇO E SUPORTE TÉCNICO,SERVIDOR WEB E SERVIDOR DE EMAIL, EM ATENDIMENTO A SEMAD, CONFORME PROCESSO 83/2022 CONTRATO Nº 101/2022 E SOLICITAÇÃO DE FORNECIMENTO Nº 55/2026.;02/01/26 00:00;4.442,56;0,00;0,00;0,00;0,00;0,00;0,00;0,00;0,00;0,00;0,00;0,00;2548969;GMAES TELECOM LTDA;378265;6;512;11;2055;4;122;3.3.90.40.99.00.00.00;1.500.000.0000;33904000000000;0,00;0,00;4.442,56;MANUTENÇÃO DA SEMAD;SERVIÇOS DE TECNOLOGIA DA INFORMAÇÃO E COMUNICAÇ
Especificação: ;;EMPENHO PARA COBRIR DESPESA COM  SERVIÇOS DE TELECOMUNICAÇÕES PARA IMPLEMENTAÇÃO,OPERAÇÃO E MANUTENÇÃO DE UM LINK DE ACESSO SÍNCRONO DEDICADO A INTERNET,MEDIANTE IMPLANTAÇÃO DE LINK DE COMUNICAÇÃO DE DADOS,COM FORNECIMENTO  DE EQUIPAMENTOS NECESSÁRIOS A EXECUÇÃO DO SERVIÇO E SUPORTE TÉCNICO,SERVIDOR WEB E SERVIDOR DE EMAIL, EM ATENDIMENTO A SEMAD, CONFORME PROCESSO 83/2022 CONTRATO Nº 101/2022 E SOLICITAÇÃO DE FORNECIMENTO Nº 55/2026.;;;;;;;;;;;;;;;;;;;;;;;;;;;;;;;;;;;;;
668;PREFEITURA MUNICIPAL DE BARBACENA;;30290695;89;2026;GLOBAL;87;2020;EMPENHO PARA COBRIR DESPESA COM LOCAÇÃO DE COMPLEXO DE IMOVEIS LOCALIZADO NAS RUAS BARONESA MARIA ROSA N°378 PARA INSTALAÇÃO DE DIVERSAS SECRETARIAS DA PMB, DURANTE O EXERCÍCIO DE 2026, CONFORME  PROCESSO 87/2020,CONTRATO 61/2020 E SOLICITAÇÃO DE FORNECIMENTO Nº 14/2026;02/01/26 00:00;168.821,80;0,00;24.117,40;0,00;0,00;0,00;0,00;0,00;0,00;0,00;0,00;0,00;1543377;SINDICATO RURAL DE BARBACENA;3995;0;511;11;2055;4;122;3.3.90.39.10.00.00.00;1.500.000.0000;33903900000000;0,00;0,00;168.821,80;MANUTENÇÃO DA SEMAD;OUTROS SERVIÇOS DE TERCEIROS - PESSOA JURÍDICA
Especificação: ;;EMPENHO PARA COBRIR DESPESA COM LOCAÇÃO DE COMPLEXO DE IMOVEIS LOCALIZADO NAS RUAS BARONESA MARIA ROSA N°378 PARA INSTALAÇÃO DE DIVERSAS SECRETARIAS DA PMB, DURANTE O EXERCÍCIO DE 2026, CONFORME  PROCESSO 87/2020,CONTRATO 61/2020 E SOLICITAÇÃO DE FORNECIMENTO Nº 14/2026;;;;;;;;;;;;;;;;;;;;;;;;;;;;;;;;;;;;;
668;PREFEITURA MUNICIPAL DE BARBACENA;;30265827;9;2026;ESTIMATIVO;0;0;MPENHO PARA COBRIR DESPESA COM FORNECIMENTO DE ÁGUA E TRATAMENTO  DE ESGOTO JUNTO AO POSTO POLICIAL-RUA DEMÉTRIO RIBEIRO Nº 06,BAIRRO SANTO ANTÔNIO,DURANTE O EXERCÍCIO DE 2026,CONFORME OFICIO Nº 002/2026-SEMAD.;02/01/26 00:00;5.500,00;0,00;0,00;0,00;0,00;0,00;0,00;0,00;0,00;0,00;0,00;0,00;1556325;COPASA - COMPANHIA DE SANEAMENTO DE MINAS GERAIS;;;511;11;2055;4;122;3.3.90.39.30.00.00.00;1.500.000.0000;33903900000000;0,00;0,00;5.500,00;MANUTENÇÃO DA SEMAD;OUTROS SERVIÇOS DE TERCEIROS - PESSOA JURÍDICA
Especificação: ;;MPENHO PARA COBRIR DESPESA COM FORNECIMENTO DE ÁGUA E TRATAMENTO  DE ESGOTO JUNTO AO POSTO POLICIAL-RUA DEMÉTRIO RIBEIRO Nº 06,BAIRRO SANTO ANTÔNIO,DURANTE O EXERCÍCIO DE 2026,CONFORME OFICIO Nº 002/2026-SEMAD.;;;;;;;;;;;;;;;;;;;;;;;;;;;;;;;;;;;;;
668;PREFEITURA MUNICIPAL DE BARBACENA;;30250702;90;2026;GLOBAL;213;2023;EMPENHO  PARA COBRIR DESPESA COM PRESTAÇÃO DE SERVIÇOS DE USO DO SISTEMA WEB,OPERAÇÃO E MANUTENÇÃO DO SITE DA PREFEITURA MUNICIPAL DE BARBACENA,COM FORNECIMENTO DE ESTRUTUTRA DE PUBLICAÇÕES DE INFORMA PARA ÓRGÃOS PÚBLICOS,CONFORME PROCESSO 14/2023,CONTRATO 86/2023 E SOLICITAÇÃO DE FORNECIMENTO Nº 2/2026.;02/01/26 00:00;93.250,00;0,00;0,00;0,00;0,00;0,00;0,00;0,00;0,00;0,00;0,00;0,00;4966984;CENTRO DE ESPECIALIZACAO EM ADMINISTRACAO E FINANCAS PUBLICAS LTDA.;39407;6;32;11;2150;4;122;3.3.90.39.99.00.00.00;1.500.000.0000;33903900000000;0,00;0,00;93.250,00;MANUTENÇAO DA SEGAB;OUTROS SERVIÇOS DE TERCEIROS - PESSOA JURÍDICA
Especificação: ;;EMPENHO  PARA COBRIR DESPESA COM PRESTAÇÃO DE SERVIÇOS DE USO DO SISTEMA WEB,OPERAÇÃO E MANUTENÇÃO DO SITE DA PREFEITURA MUNICIPAL DE BARBACENA,COM FORNECIMENTO DE ESTRUTUTRA DE PUBLICAÇÕES DE INFORMA PARA ÓRGÃOS PÚBLICOS,CONFORME PROCESSO 14/2023,CONTRATO 86/2023 E SOLICITAÇÃO DE FORNECIMENTO Nº 2/2026.;;;;;;;;;;;;;;;;;;;;;;;;;;;;;;;;;;;;;
668;PREFEITURA MUNICIPAL DE BARBACENA;;30541987;92;2026;ESTIMATIVO;0;0;EMPENHO PARA COBRIR DESPESA COM  SERVIÇOS DE TELECOMUNICAÇÕES PARA IMPLEMENTAÇÃO,OPERAÇÃO E MANUTENÇÃO DE UM LINK DE ACESSO SÍNCRONO DEDICADO A INTERNET,MEDIANTE IMPLANTAÇÃO DE LINK DE COMUNICAÇÃO DE DADOS,COM FORNECIMENTO  DE EQUIPAMENTOS NECESSÁRIOS A EXECUÇÃO DO SERVIÇO E SUPORTE TÉCNICO,SERVIDOR WEB E SERVIDOR DE EMAIL, EM ATENDIMENTO A SEMAS, CONFORME SEGUNDO TERMO ADITIVO AO CONTRATO Nº 100/2022 E MEMORANDO Nº 019/2026- DIRTI;02/01/26 00:00;6.740,00;0,00;0,00;0,00;0,00;0,00;0,00;0,00;0,00;0,00;0,00;0,00;1543812;VERO S.A.;;;300;11;2309;8;122;3.3.90.40.99.00.00.00;1.500.000.0000;33904000000000;0,00;0,00;6.740,00;MANUTENÇAO DE AÇÕES DA ASSISTÊNCIA SOCIAL;SERVIÇOS DE TECNOLOGIA DA INFORMAÇÃO E COMUNICAÇ
Especificação: ;;EMPENHO PARA COBRIR DESPESA COM  SERVIÇOS DE TELECOMUNICAÇÕES PARA IMPLEMENTAÇÃO,OPERAÇÃO E MANUTENÇÃO DE UM LINK DE ACESSO SÍNCRONO DEDICADO A INTERNET,MEDIANTE IMPLANTAÇÃO DE LINK DE COMUNICAÇÃO DE DADOS,COM FORNECIMENTO  DE EQUIPAMENTOS NECESSÁRIOS A EXECUÇÃO DO SERVIÇO E SUPORTE TÉCNICO,SERVIDOR WEB E SERVIDOR DE EMAIL, EM ATENDIMENTO A SEMAS, CONFORME SEGUNDO TERMO ADITIVO AO CONTRATO Nº 100/2022 E MEMORANDO Nº 019/2026- DIRTI;;;;;;;;;;;;;;;;;;;;;;;;;;;;;;;;;;;;;
668;PREFEITURA MUNICIPAL DE BARBACENA;;30542255;93;2026;ESTIMATIVO;0;0;EMPENHO  PARA COBRIR DESPESA COM  SERVIÇOS DE TELECOMUNICAÇÕES PARA IMPLEMENTAÇÃO,OPERAÇÃO E MANUTENÇÃO DE UM LINK DE ACESSO SÍNCRONO DEDICADO A INTERNET,MEDIANTE IMPLANTAÇÃO DE LINK DE COMUNICAÇÃO DE DADOS,COM FORNECIMENTO  DE EQUIPAMENTOS NECESSÁRIOS A EXECUÇÃO DO SERVIÇO E SUPORTE TÉCNICO,SERVIDOR WEB E SERVIDOR DE EMAIL, EM ATENDIMENTO A SECULT, CONFORME CONTRATO Nº 100/2022 E  MEMORANDO Nº 019/2026-DIRTI.;02/01/26 00:00;2.760,00;0,00;0,00;0,00;0,00;0,00;0,00;0,00;0,00;0,00;0,00;0,00;1543812;VERO S.A.;;;1029;11;2277;13;122;3.3.90.40.99.00.00.00;1.500.000.0000;33904000000000;0,00;0,00;2.760,00;MANUTENÇÃO DA SECULT;SERVIÇOS DE TECNOLOGIA DA INFORMAÇÃO E COMUNICAÇ
Especificação: ;;EMPENHO  PARA COBRIR DESPESA COM  SERVIÇOS DE TELECOMUNICAÇÕES PARA IMPLEMENTAÇÃO,OPERAÇÃO E MANUTENÇÃO DE UM LINK DE ACESSO SÍNCRONO DEDICADO A INTERNET,MEDIANTE IMPLANTAÇÃO DE LINK DE COMUNICAÇÃO DE DADOS,COM FORNECIMENTO  DE EQUIPAMENTOS NECESSÁRIOS A EXECUÇÃO DO SERVIÇO E SUPORTE TÉCNICO,SERVIDOR WEB E SERVIDOR DE EMAIL, EM ATENDIMENTO A SECULT, CONFORME CONTRATO Nº 100/2022 E  MEMORANDO Nº 019/2026-DIRTI.;;;;;;;;;;;;;;;;;;;;;;;;;;;;;;;;;;;;;
668;PREFEITURA MUNICIPAL DE BARBACENA;;30542310;94;2026;ESTIMATIVO;0;0;EMPENHO  PARA COBRIR DESPESA COM  SERVIÇOS DE TELECOMUNICAÇÕES PARA IMPLEMENTAÇÃO,OPERAÇÃO E MANUTENÇÃO DE UM LINK DE ACESSO SÍNCRONO DEDICADO A INTERNET,MEDIANTE IMPLANTAÇÃO DE LINK DE COMUNICAÇÃO DE DADOS,COM FORNECIMENTO  DE EQUIPAMENTOS NECESSÁRIOS A EXECUÇÃO DO SERVIÇO E SUPORTE TÉCNICO,SERVIDOR WEB E SERVIDOR DE EMAIL, EM ATENDIMENTO A SEMAD, CONFORME CONTRATO Nº 100/2022 E  MEMORANDO Nº 019/2026-DIRTI.;02/01/26 00:00;9.360,00;0,00;0,00;0,00;0,00;0,00;0,00;0,00;0,00;0,00;0,00;0,00;1543812;VERO S.A.;;;512;11;2055;4;122;3.3.90.40.99.00.00.00;1.500.000.0000;33904000000000;0,00;0,00;9.360,00;MANUTENÇÃO DA SEMAD;SERVIÇOS DE TECNOLOGIA DA INFORMAÇÃO E COMUNICAÇ
Especificação: ;;EMPENHO  PARA COBRIR DESPESA COM  SERVIÇOS DE TELECOMUNICAÇÕES PARA IMPLEMENTAÇÃO,OPERAÇÃO E MANUTENÇÃO DE UM LINK DE ACESSO SÍNCRONO DEDICADO A INTERNET,MEDIANTE IMPLANTAÇÃO DE LINK DE COMUNICAÇÃO DE DADOS,COM FORNECIMENTO  DE EQUIPAMENTOS NECESSÁRIOS A EXECUÇÃO DO SERVIÇO E SUPORTE TÉCNICO,SERVIDOR WEB E SERVIDOR DE EMAIL, EM ATENDIMENTO A SEMAD, CONFORME CONTRATO Nº 100/2022 E  MEMORANDO Nº 019/2026-DIRTI.;;;;;;;;;;;;;;;;;;;;;;;;;;;;;;;;;;;;;
668;PREFEITURA MUNICIPAL DE BARBACENA;;30542409;95;2026;ESTIMATIVO;0;0;EMPENHO  PARA COBRIR DESPESA COM  SERVIÇOS DE TELECOMUNICAÇÕES PARA IMPLEMENTAÇÃO,OPERAÇÃO E MANUTENÇÃO DE UM LINK DE ACESSO SÍNCRONO DEDICADO A INTERNET,MEDIANTE IMPLANTAÇÃO DE LINK DE COMUNICAÇÃO DE DADOS,COM FORNECIMENTO  DE EQUIPAMENTOS NECESSÁRIOS A EXECUÇÃO DO SERVIÇO E SUPORTE TÉCNICO,SERVIDOR WEB E SERVIDOR DE EMAIL, EM ATENDIMENTO A DIR.TRÂNSITO, CONFORME CONTRATO Nº 100/2022 E  MEMORANDO Nº 019/2026-DIRTI.;02/01/26 00:00;2.880,00;0,00;0,00;0,00;0,00;0,00;0,00;0,00;0,00;0,00;0,00;0,00;1543812;VERO S.A.;;;1015;27;2156;15;451;3.3.90.40.99.00.00.00;1.752.000.0000;33904000000000;0,00;0,00;2.880,00;GESTAO OPERACIONAL DO TRANSITO MUNICIPAL;SERVIÇOS DE TECNOLOGIA DA INFORMAÇÃO E COMUNICAÇ
Especificação: ;;EMPENHO  PARA COBRIR DESPESA COM  SERVIÇOS DE TELECOMUNICAÇÕES PARA IMPLEMENTAÇÃO,OPERAÇÃO E MANUTENÇÃO DE UM LINK DE ACESSO SÍNCRONO DEDICADO A INTERNET,MEDIANTE IMPLANTAÇÃO DE LINK DE COMUNICAÇÃO DE DADOS,COM FORNECIMENTO  DE EQUIPAMENTOS NECESSÁRIOS A EXECUÇÃO DO SERVIÇO E SUPORTE TÉCNICO,SERVIDOR WEB E SERVIDOR DE EMAIL, EM ATENDIMENTO A DIR.TRÂNSITO, ;;;;;;;;;;;;;;;;;;;;;;;;;;;;;;;;;;;;;
;;CONFORME CONTRATO Nº 100/2022 E  MEMORANDO Nº 019/2026-DIRTI.;;;;;;;;;;;;;;;;;;;;;;;;;;;;;;;;;;;;;
668;PREFEITURA MUNICIPAL DE BARBACENA;;30365297;97;2026;GLOBAL;81;2025;EMPENHO PARA COBRIR DESPESA COM LOCAÇÃO DO IMÓVEL LOCALIZADO NA RUA CRUZ DAS ALMAS Nº 1568,BAIRRO SÃO JOSÉ-FRAÇÃO-1, QUE ABRIGA INSTALAÇÕES DA SECRETARIA MUNICIPAL DE OBRAS  PUBLICAS, CONFORME  PROCESSO 81/2025, CONTRATO 50/2025, SOLICITAÇÃO DE FORNECIMENTO Nº 35/2026;02/01/26 00:00;33.000,00;0,00;0,00;0,00;0,00;0,00;0,00;0,00;0,00;0,00;0,00;0,00;7118809;RIBEIRO PARTICIPACOES E INVESTIMENTOS LTDA;577099635;4;140;11;2100;15;451;3.3.90.39.10.00.00.00;1.500.000.0000;33903900000000;0,00;0,00;33.000,00;MANUTENÇAO DA SEMOP;OUTROS SERVIÇOS DE TERCEIROS - PESSOA JURÍDICA
Especificação: ;;EMPENHO PARA COBRIR DESPESA COM LOCAÇÃO DO IMÓVEL LOCALIZADO NA RUA CRUZ DAS ALMAS Nº 1568,BAIRRO SÃO JOSÉ-FRAÇÃO-1, QUE ABRIGA INSTALAÇÕES DA SECRETARIA MUNICIPAL DE OBRAS  PUBLICAS, CONFORME  PROCESSO 81/2025, CONTRATO 50/2025, SOLICITAÇÃO DE FORNECIMENTO Nº 35/2026;;;;;;;;;;;;;;;;;;;;;;;;;;;;;;;;;;;;;
668;PREFEITURA MUNICIPAL DE BARBACENA;;30368194;98;2026;GLOBAL;81;2025;EMPENHO PARA COBRIR DESPESA COM LOCAÇÃO DO IMÓVEL LOCALIZADO NA RUA CRUZ DAS ALMAS Nº 1568,BAIRRO SÃO JOSÉ-FRAÇÃO-3, QUE ABRIGA INSTALAÇÕES DA SECRETARIA MUNICIPAL DE OBRAS PUBLICAS,CONFORME  PROCESSO 81/2025,CONTRATO 52/2025,SOLICITAÇÃO DE FORNECIMENTO Nº 42/2026 .;02/01/26 00:00;33.000,00;0,00;0,00;0,00;0,00;0,00;0,00;0,00;0,00;0,00;0,00;0,00;7184583;ISAMAR PARTICIPACOES E INVESTIMENTOS LTDA;11833;8;140;11;2100;15;451;3.3.90.39.10.00.00.00;1.500.000.0000;33903900000000;0,00;0,00;33.000,00;MANUTENÇAO DA SEMOP;OUTROS SERVIÇOS DE TERCEIROS - PESSOA JURÍDICA
Especificação: ;;EMPENHO PARA COBRIR DESPESA COM LOCAÇÃO DO IMÓVEL LOCALIZADO NA RUA CRUZ DAS ALMAS Nº 1568,BAIRRO SÃO JOSÉ-FRAÇÃO-3, QUE ABRIGA INSTALAÇÕES DA SECRETARIA MUNICIPAL DE OBRAS PUBLICAS,CONFORME  PROCESSO 81/2025,CONTRATO 52/2025,SOLICITAÇÃO DE FORNECIMENTO Nº 42/2026 .;;;;;;;;;;;;;;;;;;;;;;;;;;;;;;;;;;;;;
668;PREFEITURA MUNICIPAL DE BARBACENA;;30365922;99;2026;GLOBAL;81;2025;EMPENHO PARA COBRIR DESPESA COM LOCAÇÃO DO IMÓVEL LOCALIZADO NA RUA CRUZ DAS ALMAS Nº 1568,BAIRRO SÃO JOSÉ-FRAÇÃO-2, QUE ABRIGA INSTALAÇÕES DA SECRETARIA MUNICIPAL DE OBRAS PÚBLICAS,CONFORME  PROCESSO 81/2025, CONTRATO 51/2025 E  SOLICITAÇÃO DE FORNECIMENTO Nº 39/2026.;02/01/26 00:00;33.000,00;0,00;0,00;0,00;0,00;0,00;0,00;0,00;0,00;0,00;0,00;0,00;7118715;JR PARTICIPACOES E INVESTIMENTOS LTDA;577099634;6;140;11;2100;15;451;3.3.90.39.10.00.00.00;1.500.000.0000;33903900000000;0,00;0,00;33.000,00;MANUTENÇAO DA SEMOP;OUTROS SERVIÇOS DE TERCEIROS - PESSOA JURÍDICA
Especificação: ;;EMPENHO PARA COBRIR DESPESA COM LOCAÇÃO DO IMÓVEL LOCALIZADO NA RUA CRUZ DAS ALMAS Nº 1568,BAIRRO SÃO JOSÉ-FRAÇÃO-2, QUE ABRIGA INSTALAÇÕES DA SECRETARIA MUNICIPAL DE OBRAS PÚBLICAS,CONFORME  PROCESSO 81/2025, CONTRATO 51/2025 E  SOLICITAÇÃO DE FORNECIMENTO Nº 39/2026.;;;;;;;;;;;;;;;;;;;;;;;;;;;;;;;;;;;;;
668;PREFEITURA MUNICIPAL DE BARBACENA;;30441382;54;2026;ORDINARIO;0;0;EMPENHO PARA COBRIR DESPESA COM PAGAMENTO DE RESSARCIMENTO AO SECRETÁRIO MUNICIPAL DE SEGURANÇA PÚBLICA POR DESPESAS REALIZADAS COM ABASTECIMENTO DE VEÍCULO OFICIAL DURANTE  VIAGEM A SÃO PAULO-SP EM NOVEMBRO/2025, TENDO EM VISTA QUE O CARTÃO PRIME NÃO FOI ACEITO EM DIVERSOS  POSTOS DA REFERIDA CIDADE,CONFORME  OFICIO Nº 02/2026-SSP.;05/01/26 00:00;317,35;0,00;317,35;0,00;317,35;0,00;0,00;0,00;0,00;0,00;0,00;0,00;3714188;ÂNGELO AUGUSTO DE PÁDUA E SILVA;;;958;11;2266;6;122;3.3.90.93.03.00.00.00;1.500.000.0000;33909300000000;317,35;0,00;0,00;MANUTENÇÃO DA SSP;INDENIZAÇÕES E RESTITUIÇÕES
Especificação: ;;EMPENHO PARA COBRIR DESPESA COM PAGAMENTO DE RESSARCIMENTO AO SECRETÁRIO MUNICIPAL DE SEGURANÇA PÚBLICA POR DESPESAS REALIZADAS COM ABASTECIMENTO DE VEÍCULO OFICIAL DURANTE  VIAGEM A SÃO PAULO-SP EM NOVEMBRO/2025, TENDO EM VISTA QUE O CARTÃO PRIME NÃO FOI ACEITO EM DIVERSOS  POSTOS DA REFERIDA CIDADE,CONFORME  OFICIO Nº 02/2026-SSP.;;;;;;;;;;;;;;;;;;;;;;;;;;;;;;;;;;;;;
668;PREFEITURA MUNICIPAL DE BARBACENA;;30236310;2;2026;ORDINARIO;0;0;EMPENHO PARA COBRIR DESPESA COM PAGAMENTO A TITULO DE INDENIZAÇÃO DO SALDO REMANESCENTE DE FÉRIAS/FRACIONADAS NÃO GOZADAS,CONFORME OFICIO Nº 433/2025-DRH/SEMAD.;06/01/26 00:00;1.966,96;0,00;1.966,96;0,00;1.966,96;0,00;0,00;0,00;0,00;0,00;0,00;0,00;4921422;CAROLINE NOGUEIRA MARCHETTI SANDIN;;;520;11;2056;4;122;3.1.90.11.42.00.00.00;1.500.000.0000;31901100000000;1.966,96;0,00;0,00;PESSOAL E ENCARGOS SOCIAIS DA SEMAD;VENCIMENTOS E VANTAGENS FIXAS - PESSOAL CIVIL
Especificação: ;;EMPENHO PARA COBRIR DESPESA COM PAGAMENTO A TITULO DE INDENIZAÇÃO DO SALDO REMANESCENTE DE FÉRIAS/FRACIONADAS NÃO GOZADAS,CONFORME OFICIO Nº 433/2025-DRH/SEMAD.;;;;;;;;;;;;;;;;;;;;;;;;;;;;;;;;;;;;;
668;PREFEITURA MUNICIPAL DE BARBACENA;;30767087;252;2026;ORDINARIO;0;0;EMPENHO PARA COBRIR DESPESA COM  PAGAMENTO DE COMPENSAÇÃO TRIBUTÁRIA AO COMANDO DA AERONÁUTICA,CONFORME OFICIO Nº 008/2026-DICONT/SEFAZ.;06/01/26 00:00;10.195,20;0,00;10.195,20;0,00;10.195,20;0,00;0,00;0,00;0,00;0,00;0,00;0,00;1567609;MINISTERIO DA FAZENDA;;;214;11;2108;4;123;3.3.90.47.00.00.00.00;1.500.000.0000;33904700000000;10.195,20;0,00;0,00;MANUTENÇAO DA SEFAZ;OBRIGAÇÕES TRIBUTÁRIAS E CONTRIBUTIVAS
Especificação: ;;EMPENHO PARA COBRIR DESPESA COM  PAGAMENTO DE COMPENSAÇÃO TRIBUTÁRIA AO COMANDO DA AERONÁUTICA,CONFORME OFICIO Nº 008/2026-DICONT/SEFAZ.;;;;;;;;;;;;;;;;;;;;;;;;;;;;;;;;;;;;;
668;PREFEITURA MUNICIPAL DE BARBACENA;;30236461;4;2026;ORDINARIO;0;0;EMPENHO PARA COBRIR DESPESA COM PAGAMENTO A TITULO DE INDENIZAÇÃO DO SALDO REMANESCENTE DE FÉRIAS/FRACIONADAS NÃO GOZADAS,CONFORME OFICIO Nº 433/2025-DRH/SEMAD.;06/01/26 00:00;2.731,89;0,00;2.731,89;0,00;2.731,89;0,00;0,00;0,00;0,00;0,00;0,00;0,00;5290693;CARLOS ANDRÉ RESENDE BELO;;;520;11;2056;4;122;3.1.90.11.42.00.00.00;1.500.000.0000;31901100000000;2.731,89;0,00;0,00;PESSOAL E ENCARGOS SOCIAIS DA SEMAD;VENCIMENTOS E VANTAGENS FIXAS - PESSOAL CIVIL
Especificação: ;;EMPENHO PARA COBRIR DESPESA COM PAGAMENTO A TITULO DE INDENIZAÇÃO DO SALDO REMANESCENTE DE FÉRIAS/FRACIONADAS NÃO GOZADAS,CONFORME OFICIO Nº 433/2025-DRH/SEMAD.;;;;;;;;;;;;;;;;;;;;;;;;;;;;;;;;;;;;;
668;PREFEITURA MUNICIPAL DE BARBACENA;;30237767;5;2026;ORDINARIO;0;0;"EMPENHO PARA COBRIR DESPESA COM  PAGAMENTO REFERENTE AO 3º SORTEIO DO PROGRAMA "" NOTA FISCAL PREMIADA"" REALIZADO EM 14/11/2025,CONFORME OFICIO Nº 005/2026-GAB/SEFAZ.";12/01/26 00:00;1.000,00;0,00;1.000,00;0,00;1.000,00;0,00;0,00;0,00;0,00;0,00;0,00;0,00;8255871;MAICON RANGEL CRISPINIANO;;;235;23;2106;4;123;3.3.90.31.00.00.00.00;1.500.000.0000;33903100000000;1.000,00;0,00;0,00;MELHORIA DO PROGRAMA NOTA FISCAL PREMIADA;PREMIAÇÕES CULTURAIS, ARTÍSTICAS, CIENT., DESPORT
Especificação: ;;"EMPENHO PARA COBRIR DESPESA COM  PAGAMENTO REFERENTE AO 3º SORTEIO DO PROGRAMA "" NOTA FISCAL PREMIADA"" REALIZADO EM 14/11/2025,CONFORME OFICIO Nº 005/2026-GAB/SEFAZ.";;;;;;;;;;;;;;;;;;;;;;;;;;;;;;;;;;;;;
668;PREFEITURA MUNICIPAL DE BARBACENA;;30238655;6;2026;GLOBAL;0;0;EMPENHO PARA COBRIR DESPESA COM 2º ADITIVO AO TERMO DE COLABORAÇÃO Nº 018/2024 FIRMADO ENTRE O MUNICÍPIO E A REFERIDA ENTIDADE, VISANDO O SERVIÇO DE RESGATE DE CÃES EM  ÁREA URBANA E RURAL COM TRANSPORTE,ACOLHIMENTO,CUIDADOS VETERINÁRIOS,BANHO/TOSA,ALIMENTAÇÃO E POSTERIOR ENCAMINHAMENTO PARA ADOÇÃO,CONFORME OFICIO nº 11/2026-SEMMA.;12/01/26 00:00;17.450,00;0,00;17.450,00;0,00;17.450,00;0,00;0,00;0,00;0,00;0,00;0,00;0,00;6127861;ASSOCIACAO AUMIGOS DO ABRIGO DA MADALENA TAVARES;;;725;19;2435;18;541;3.3.90.39.99.00.00.00;1.500.000.0000;33903900000000;17.450,00;0,00;0,00;MANUTENÇÃO DE AÇÕES DE CUIDADOS AOS ANIMAIS;OUTROS SERVIÇOS DE TERCEIROS - PESSOA JURÍDICA
Especificação: ;;EMPENHO PARA COBRIR DESPESA COM 2º ADITIVO AO TERMO DE COLABORAÇÃO Nº 018/2024 FIRMADO ENTRE O MUNICÍPIO E A REFERIDA ENTIDADE, VISANDO O SERVIÇO DE RESGATE DE CÃES EM  ÁREA URBANA E RURAL COM TRANSPORTE,ACOLHIMENTO,CUIDADOS VETERINÁRIOS,BANHO/TOSA,ALIMENTAÇÃO E POSTERIOR ENCAMINHAMENTO PARA ADOÇÃO,CONFORME OFICIO nº 11/2026-SEMMA.;;;;;;;;;;;;;;;;;;;;;;;;;;;;;;;;;;;;;
668;PREFEITURA MUNICIPAL DE BARBACENA;;30767835;253;2026;ORDINARIO;0;0;EMPENHO PARA COBRIR DESPESA COM INSCRIÇÃO DOS SERVIDORES CRISTIANO, MARKID E POLYANA, LOTADOS NA SEPLAN NO TREINAMENTO ONLINE , REFERENTE AO INSTRUMENTO   DE PLANEJAMENTO 2026,CONFORME  OFICIO Nº 002/2026-SEPLAN.;13/01/26 00:00;1.770,00;0,00;0,00;0,00;0,00;0,00;0,00;0,00;0,00;0,00;0,00;0,00;1543347;CMM SISTEMAS DE INFORMACAO E SERVICOS LTDA;120345;2;538;11;2057;4;121;3.3.90.39.05.00.00.00;1.500.000.0000;33903900000000;0,00;0,00;1.770,00;MANUTENÇÃO DA SEPLAN;OUTROS SERVIÇOS DE TERCEIROS - PESSOA JURÍDICA
Especificação: ;;EMPENHO PARA COBRIR DESPESA COM INSCRIÇÃO DOS SERVIDORES CRISTIANO, MARKID E POLYANA, LOTADOS NA SEPLAN NO TREINAMENTO ONLINE , REFERENTE AO INSTRUMENTO   DE PLANEJAMENTO 2026,CONFORME  OFICIO Nº 002/2026-SEPLAN.;;;;;;;;;;;;;;;;;;;;;;;;;;;;;;;;;;;;;
668;PREFEITURA MUNICIPAL DE BARBACENA;;30294077;37;2026;ORDINARIO;0;0;EMPENHO PARA COBRIR DESPESA COM DIÁRIA PARA BELO HORIZONTE/MG NO DIA 22/01/2026 A FIM DE PARTICIPAR DO FÓRUM FAZENDÁRIO - ENCONTRO EXECUTIVO PARA ALINHAMENTO ESTRATÉGICO DA ÁREA FAZENDÁRIA COM FOCO EM TRIBUTOS, GESTÃO FISCAL, PROCURADORIA, CIDADÃO WEB E ITBI WEB. CONFORME  DECRETO Nº 9.882/2025.;13/01/26 00:00;252,63;0,00;252,63;0,00;252,63;0,00;0,00;0,00;0,00;0,00;0,00;0,00;1543459;JOÃO PAULO TONI;2703107;1;207;11;2108;4;123;3.3.90.14.04.00.00.00;1.500.000.0000;33901400000000;252,63;0,00;0,00;MANUTENÇAO DA SEFAZ;DIÁRIAS - PESSOAL CIVIL
Especificação: ;;EMPENHO PARA COBRIR DESPESA COM DIÁRIA PARA BELO HORIZONTE/MG NO DIA 22/01/2026 A FIM DE PARTICIPAR DO FÓRUM FAZENDÁRIO - ENCONTRO EXECUTIVO PARA ALINHAMENTO ESTRATÉGICO DA ÁREA FAZENDÁRIA COM FOCO EM TRIBUTOS, GESTÃO FISCAL, PROCURADORIA, CIDADÃO WEB E ITBI WEB. CONFORME  DECRETO Nº 9.882/2025.;;;;;;;;;;;;;;;;;;;;;;;;;;;;;;;;;;;;;
668;PREFEITURA MUNICIPAL DE BARBACENA;;30294305;38;2026;ORDINARIO;0;0;EMPENHO PARA COBRIR DESPESA COM DIÁRIA PARA BELO HORIZONTE/MG NO DIA 22/01/2026 A FIM DE PARTICIPAR DO FÓRUM FAZENDÁRIO - ENCONTRO EXECUTIVO PARA ALINHAMENTO ESTRATÉGICO DA ÁREA FAZENDÁRIA COM FOCO EM TRIBUTOS, GESTÃO FISCAL, PROCURADORIA, CIDADÃO WEB E ITBI WEB. CONFORME  DECRETO Nº 9.882/2025.;14/01/26 00:00;168,42;0,00;168,42;0,00;168,42;0,00;0,00;0,00;0,00;0,00;0,00;0,00;1543502;LEONARDO BAGETO VÉSPOLI;;;207;11;2108;4;123;3.3.90.14.05.00.00.00;1.500.000.0000;33901400000000;168,42;0,00;0,00;MANUTENÇAO DA SEFAZ;DIÁRIAS - PESSOAL CIVIL
Especificação: ;;EMPENHO PARA COBRIR DESPESA COM DIÁRIA PARA BELO HORIZONTE/MG NO DIA 22/01/2026 A FIM DE PARTICIPAR DO FÓRUM FAZENDÁRIO - ENCONTRO EXECUTIVO PARA ALINHAMENTO ESTRATÉGICO DA ÁREA FAZENDÁRIA COM FOCO EM TRIBUTOS, GESTÃO FISCAL, PROCURADORIA, CIDADÃO WEB E ITBI WEB. CONFORME  DECRETO Nº 9.882/2025.;;;;;;;;;;;;;;;;;;;;;;;;;;;;;;;;;;;;;
668;PREFEITURA MUNICIPAL DE BARBACENA;;30294411;39;2026;ORDINARIO;0;0;EMPENHO PARA COBRIR DESPESA COM DIÁRIA PARA BELO HORIZONTE/MG NO DIA 22/01/2026 A FIM DE PARTICIPAR DO FÓRUM FAZENDÁRIO - ENCONTRO EXECUTIVO PARA ALINHAMENTO ESTRATÉGICO DA ÁREA FAZENDÁRIA COM FOCO EM TRIBUTOS, GESTÃO FISCAL, PROCURADORIA, CIDADÃO WEB E ITBI WEB. CONFORME  DECRETO Nº 9.882/2025.;14/01/26 00:00;168,42;0,00;168,42;0,00;168,42;0,00;0,00;0,00;0,00;0,00;0,00;0,00;1543527;JONATHAN WANDER PUIATI;;;207;11;2108;4;123;3.3.90.14.05.00.00.00;1.500.000.0000;33901400000000;168,42;0,00;0,00;MANUTENÇAO DA SEFAZ;DIÁRIAS - PESSOAL CIVIL
Especificação: ;;EMPENHO PARA COBRIR DESPESA COM DIÁRIA PARA BELO HORIZONTE/MG NO DIA 22/01/2026 A FIM DE PARTICIPAR DO FÓRUM FAZENDÁRIO - ENCONTRO EXECUTIVO PARA ALINHAMENTO ESTRATÉGICO DA ÁREA FAZENDÁRIA COM FOCO EM TRIBUTOS, GESTÃO FISCAL, PROCURADORIA, CIDADÃO WEB E ITBI WEB. CONFORME  DECRETO Nº 9.882/2025.;;;;;;;;;;;;;;;;;;;;;;;;;;;;;;;;;;;;;
668;PREFEITURA MUNICIPAL DE BARBACENA;;30311379;43;2026;ORDINARIO;0;0;DESPESA COM DIÁRIA PARA A CIDADE DE BELO HORIZONTE PARA CAPACITAÇÃO GESTÃO DE SECRETARIOS, INSTITUTO PLENUM BRASIL NOS 20/01 E 21/01 DE 2026. CONFORME DECRETO 9882/2025.;14/01/26 00:00;926,31;0,00;926,31;0,00;926,31;0,00;0,00;0,00;0,00;0,00;0,00;0,00;2337994;ANDRE RAIMUNDO GUEDES;;;294;11;2309;8;122;3.3.90.14.04.00.00.00;1.500.000.0000;33901400000000;926,31;0,00;0,00;MANUTENÇAO DE AÇÕES DA ASSISTÊNCIA SOCIAL;DIÁRIAS - PESSOAL CIVIL
Especificação: ;;DESPESA COM DIÁRIA PARA A CIDADE DE BELO HORIZONTE PARA CAPACITAÇÃO GESTÃO DE SECRETARIOS, INSTITUTO PLENUM BRASIL NOS 20/01 E 21/01 DE 2026. CONFORME DECRETO 9882/2025.;;;;;;;;;;;;;;;;;;;;;;;;;;;;;;;;;;;;;
668;PREFEITURA MUNICIPAL DE BARBACENA;;30268145;22;2026;ORDINARIO;0;0;EMPENHO PARA COBRIR DESPESA COM TARIFA DE TERMO ADITIVO (ALTERAÇÃO DE CRONOGRAMA/PRORROGAÇÃO DE VIGÊNCIA) CONTRATO DE REPASSE Nº 912918/2021/MCIDADES,CONFORME OFICIO Nº 019/2026-SEMOP.;15/01/26 00:00;1.700,00;0,00;1.700,00;0,00;1.700,00;0,00;0,00;0,00;0,00;0,00;0,00;0,00;1543396;CAIXA ECONOMICA FEDERAL;;;197;27;1027;15;451;3.3.90.39.99.00.00.00;1.500.000.0000;33903900000000;1.700,00;0,00;0,00;CONSTRUÇAO, AMPLIAÇAO, RECUPERAÇÃO E MELHORIA DE VIAS PUBLICAS;OUTROS SERVIÇOS DE TERCEIROS - PESSOA JURÍDICA
Especificação: ;;EMPENHO PARA COBRIR DESPESA COM TARIFA DE TERMO ADITIVO (ALTERAÇÃO DE CRONOGRAMA/PRORROGAÇÃO DE VIGÊNCIA) CONTRATO DE REPASSE Nº 912918/2021/MCIDADES,CONFORME OFICIO Nº 019/2026-SEMOP.;;;;;;;;;;;;;;;;;;;;;;;;;;;;;;;;;;;;;
668;PREFEITURA MUNICIPAL DE BARBACENA;;30279346;29;2026;ORDINARIO;0;0;"EMPENHO PARA COBRIR DESPESA COM  PAGAMENTO  A  GANHADORA  DO 5º SORTEIO DO PROGRAMA "" NOTA FISCAL PREMIADA"" REALIZADO EM 29/11/2025,CONFORME OFICIO Nº 011/2026-GAB/SEFAZ.";16/01/26 00:00;1.000,00;0,00;1.000,00;0,00;1.000,00;0,00;0,00;0,00;0,00;0,00;0,00;0,00;8262415;MARIANA CAMPOS FERREIRA;;;235;23;2106;4;123;3.3.90.31.00.00.00.00;1.500.000.0000;33903100000000;1.000,00;0,00;0,00;MELHORIA DO PROGRAMA NOTA FISCAL PREMIADA;PREMIAÇÕES CULTURAIS, ARTÍSTICAS, CIENT., DESPORT
Especificação: ;;"EMPENHO PARA COBRIR DESPESA COM  PAGAMENTO  A  GANHADORA  DO 5º SORTEIO DO PROGRAMA "" NOTA FISCAL PREMIADA"" REALIZADO EM 29/11/2025,CONFORME OFICIO Nº 011/2026-GAB/SEFAZ.";;;;;;;;;;;;;;;;;;;;;;;;;;;;;;;;;;;;;
668;PREFEITURA MUNICIPAL DE BARBACENA;;30292542;35;2026;ORDINARIO;0;0;"EMPENHO PARA COBRIR DESPESA COM  PAGAMENTO  A  GANHADORA  DO 6º SORTEIO DO PROGRAMA "" NOTA FISCAL PREMIADA"" REALIZADO EM 06/12/2025,CONFORME OFICIO Nº 012/2026-GAB/SEFAZ.";16/01/26 00:00;1.000,00;0,00;1.000,00;0,00;1.000,00;0,00;0,00;0,00;0,00;0,00;0,00;0,00;8264005;CLERIA MENDES FONTES;;;235;23;2106;4;123;3.3.90.31.00.00.00.00;1.500.000.0000;33903100000000;1.000,00;0,00;0,00;MELHORIA DO PROGRAMA NOTA FISCAL PREMIADA;PREMIAÇÕES CULTURAIS, ARTÍSTICAS, CIENT., DESPORT
Especificação: ;;"EMPENHO PARA COBRIR DESPESA COM  PAGAMENTO  A  GANHADORA  DO 6º SORTEIO DO PROGRAMA "" NOTA FISCAL PREMIADA"" REALIZADO EM 06/12/2025,CONFORME OFICIO Nº 012/2026-GAB/SEFAZ.";;;;;;;;;;;;;;;;;;;;;;;;;;;;;;;;;;;;;
668;PREFEITURA MUNICIPAL DE BARBACENA;;30476322;56;2026;ORDINARIO;0;0;EMPENHO PARA COBRIR DESPESA COM DIÁRIA PARA  BELO HORIZONTE NOS DIAS 20 E 21/01/2026 A FIM DE PARTICIPAR DO CURSO DE  CAPACITAÇÃO  EM GESTÃO  PÚBLICA, CONFORME DECRETO 9.882/2025.;16/01/26 00:00;926,31;0,00;926,31;0,00;926,31;0,00;0,00;0,00;0,00;0,00;0,00;0,00;1543917;DANIEL MARTINS DE MELLO NETO;;;624;11;2063;15;452;3.3.90.14.04.00.00.00;1.500.000.0000;33901400000000;926,31;0,00;0,00;MANUTENÇÃO DA SESP;DIÁRIAS - PESSOAL CIVIL
Especificação: ;;EMPENHO PARA COBRIR DESPESA COM DIÁRIA PARA  BELO HORIZONTE NOS DIAS 20 E 21/01/2026 A FIM DE PARTICIPAR DO CURSO DE  CAPACITAÇÃO  EM GESTÃO  PÚBLICA, CONFORME DECRETO 9.882/2025.;;;;;;;;;;;;;;;;;;;;;;;;;;;;;;;;;;;;;
668;PREFEITURA MUNICIPAL DE BARBACENA;;30358070;45;2026;ORDINARIO;0;0;EMPENHO PARA COBRIR DESPESA COM PAGAMENTO REFERENTE A DIFEENÇA DE INSS APURADA NA COMPETÊNCIA 13/2025,CONFORME OFICIO Nº 017/2026-DRH/SEMAD.;20/01/26 00:00;22.374,60;0,00;22.374,60;0,00;22.374,60;0,00;0,00;0,00;0,00;0,00;0,00;0,00;1544068;INSS-INSTITUTO NACIONAL DO SEGURO SOCIAL;0;;513;11;2055;4;122;3.3.90.47.00.00.00.00;1.500.000.0000;33904700000000;22.374,60;0,00;0,00;MANUTENÇÃO DA SEMAD;OBRIGAÇÕES TRIBUTÁRIAS E CONTRIBUTIVAS
Especificação: ;;EMPENHO PARA COBRIR DESPESA COM PAGAMENTO REFERENTE A DIFEENÇA DE INSS APURADA NA COMPETÊNCIA 13/2025,CONFORME OFICIO Nº 017/2026-DRH/SEMAD.;;;;;;;;;;;;;;;;;;;;;;;;;;;;;;;;;;;;;
668;PREFEITURA MUNICIPAL DE BARBACENA;;30297386;40;2026;ORDINARIO;0;0;EMPENHO PARA COBRIR DESPESA COM DIÁRIA PARA A CIDADE DE PARACATU PARA PARTICIPAÇÃO DO IV ENCONTRO ESTADUAL DA ASSOCIAÇÃO DAS CIDADES HISTÓRICAS DE MINAS GERAIS NOS DIAS 26 E 27/01/2026. INGRESSO DO MUNICÍPIO NA ASSOCIAÇÃO. CONFORME DECRETO 9882/2025.;22/01/26 00:00;3.536,82;0,00;3.536,82;0,00;3.536,82;0,00;0,00;0,00;0,00;0,00;0,00;0,00;1543932;CARLOS AUGUSTO SOARES DO NASCIMENTO;;;26;11;2150;4;122;3.3.90.14.03.00.00.00;1.500.000.0000;33901400000000;3.536,82;0,00;0,00;MANUTENÇAO DA SEGAB;DIÁRIAS - PESSOAL CIVIL
Especificação: ;;EMPENHO PARA COBRIR DESPESA COM DIÁRIA PARA A CIDADE DE PARACATU PARA PARTICIPAÇÃO DO IV ENCONTRO ESTADUAL DA ASSOCIAÇÃO DAS CIDADES HISTÓRICAS DE MINAS GERAIS NOS DIAS 26 E 27/01/2026. INGRESSO DO MUNICÍPIO NA ASSOCIAÇÃO. CONFORME DECRETO 9882/2025.;;;;;;;;;;;;;;;;;;;;;;;;;;;;;;;;;;;;;
668;PREFEITURA MUNICIPAL DE BARBACENA;;31104840;812;2026;ORDINARIO;0;0;EMPENHO PARA COBRIR DESPESA COM DIÁRIA PARA BETIM EM 28/01/2026 PARA VISITA TÉCNICA AO SECRETÁRIO DE SEGURANÇA PÚBLICA DESTE MUNICÍPIO, VISITA AO GRUPAMENTO DE PROTEÇÃO À MULHER, PARA CONHECER BOAS PRÁTICAS, TROCA DE EXPERIÊNCIAS, FORTALECIMENTO DE AÇÕES VOLTADAS A SEGURANÇA PÚBLICA. CONFORME DECRETO 9882/2025.;22/01/26 00:00;168,42;0,00;168,42;0,00;0,00;0,00;0,00;0,00;0,00;0,00;0,00;0,00;6208296;CARLOS HENRIQUE MUNIZ CONDE;40347930;3;935;11;2145;6;122;3.3.90.14.05.00.00.00;1.500.000.0000;33901400000000;0,00;0,00;168,42;MANUTENÇAO DA GCM;DIÁRIAS - PESSOAL CIVIL
Especificação: ;;EMPENHO PARA COBRIR DESPESA COM DIÁRIA PARA BETIM EM 28/01/2026 PARA VISITA TÉCNICA AO SECRETÁRIO DE SEGURANÇA PÚBLICA DESTE MUNICÍPIO, VISITA AO GRUPAMENTO DE PROTEÇÃO À MULHER, PARA ;;;;;;;;;;;;;;;;;;;;;;;;;;;;;;;;;;;;;
;;CONHECER BOAS PRÁTICAS, TROCA DE EXPERIÊNCIAS, FORTALECIMENTO DE AÇÕES VOLTADAS A SEGURANÇA PÚBLICA. CONFORME DECRETO 9882/2025.;;;;;;;;;;;;;;;;;;;;;;;;;;;;;;;;;;;;;
668;PREFEITURA MUNICIPAL DE BARBACENA;;31105602;813;2026;ORDINARIO;0;0;EMPENHO PARA COBRIR DESPESA COM DIÁRIA PARA BETIM EM 28/01/2026 PARA VISITA TÉCNICA AO SECRETÁRIO DE SEGURANÇA PÚBLICA DESTE MUNICÍPIO, VISITA AO GRUPAMENTO DE PROTEÇÃO À MULHER, PARA CONHECER BOAS PRÁTICAS, TROCA DE EXPERIÊNCIAS, FORTALECIMENTO DE AÇÕES VOLTADAS A SEGURANÇA PÚBLICA. CONFORME DECRETO 9882/2025.;22/01/26 00:00;168,42;0,00;168,42;0,00;0,00;0,00;0,00;0,00;0,00;0,00;0,00;0,00;2928300;ELAINE ALVES VIANA DE OLIVEIRA;74096;8;935;11;2145;6;122;3.3.90.14.05.00.00.00;1.500.000.0000;33901400000000;0,00;0,00;168,42;MANUTENÇAO DA GCM;DIÁRIAS - PESSOAL CIVIL
Especificação: ;;EMPENHO PARA COBRIR DESPESA COM DIÁRIA PARA BETIM EM 28/01/2026 PARA VISITA TÉCNICA AO SECRETÁRIO DE SEGURANÇA PÚBLICA DESTE MUNICÍPIO, VISITA AO GRUPAMENTO DE PROTEÇÃO À MULHER, PARA CONHECER BOAS PRÁTICAS, TROCA DE EXPERIÊNCIAS, FORTALECIMENTO DE AÇÕES VOLTADAS A SEGURANÇA PÚBLICA. CONFORME DECRETO 9882/2025.;;;;;;;;;;;;;;;;;;;;;;;;;;;;;;;;;;;;;
668;PREFEITURA MUNICIPAL DE BARBACENA;;31106234;814;2026;ORDINARIO;0;0;EMPENHO PARA COBRIR DESPESA COM DIÁRIA PARA BETIM EM 28/01/2026 PARA VISITA TÉCNICA AO SECRETÁRIO DE SEGURANÇA PÚBLICA DESTE MUNICÍPIO, VISITA AO GRUPAMENTO DE PROTEÇÃO À MULHER, PARA CONHECER BOAS PRÁTICAS, TROCA DE EXPERIÊNCIAS, FORTALECIMENTO DE AÇÕES VOLTADAS A SEGURANÇA PÚBLICA. CONFORME DECRETO 9882/2025.;22/01/26 00:00;168,42;0,00;168,42;0,00;0,00;0,00;0,00;0,00;0,00;0,00;0,00;0,00;2831054;ITAMAR JOSÉ DE SOUZA JUNIOR;59652223;4;935;11;2145;6;122;3.3.90.14.05.00.00.00;1.500.000.0000;33901400000000;0,00;0,00;168,42;MANUTENÇAO DA GCM;DIÁRIAS - PESSOAL CIVIL
Especificação: ;;EMPENHO PARA COBRIR DESPESA COM DIÁRIA PARA BETIM EM 28/01/2026 PARA VISITA TÉCNICA AO SECRETÁRIO DE SEGURANÇA PÚBLICA DESTE MUNICÍPIO, VISITA AO GRUPAMENTO DE PROTEÇÃO À MULHER, PARA CONHECER BOAS PRÁTICAS, TROCA DE EXPERIÊNCIAS, FORTALECIMENTO DE AÇÕES VOLTADAS A SEGURANÇA PÚBLICA. CONFORME DECRETO 9882/2025.;;;;;;;;;;;;;;;;;;;;;;;;;;;;;;;;;;;;;
668;PREFEITURA MUNICIPAL DE BARBACENA;;30552220;96;2026;ORDINARIO;0;0;EMPENHO PARA COBRIR DESPESA COM DEVOLUÇÃO DE SALDO REMANESCENTE COTA ÚNICA REFERENE AO TERMO  DE CONVÊNIO Nº 900350/2020,CONFORME  OFICIO Nº 43/2026-SEMOP.;23/01/26 00:00;16.096,69;0,00;16.096,69;0,00;0,00;0,00;0,00;0,00;0,00;0,00;0,00;0,00;1567609;MINISTERIO DA FAZENDA;;;145;11;2100;15;451;3.3.90.93.03.00.00.00;2.700.000.0000;33909300000000;0,00;0,00;16.096,69;MANUTENÇAO DA SEMOP;INDENIZAÇÕES E RESTITUIÇÕES
Especificação: ;;EMPENHO PARA COBRIR DESPESA COM DEVOLUÇÃO DE SALDO REMANESCENTE COTA ÚNICA REFERENE AO TERMO  DE CONVÊNIO Nº 900350/2020,CONFORME  OFICIO Nº 43/2026-SEMOP.;;;;;;;;;;;;;;;;;;;;;;;;;;;;;;;;;;;;;
668;PREFEITURA MUNICIPAL DE BARBACENA;;30547778;254;2026;GLOBAL;119;2025;EMPENHO PARA COBRIR DESPESA COM GENEROS ALIMENTICIOS -  PROCESSO ADMINISTRATIVO 119/2025 - CONTRATO 121/2025 - SOLICITAÇÃO DE FORNECIMENTO 64/2026 - OFICIO N°  003/2026 SETOR DE MERENDA ESCOLAR - DRO N° 111/2026.;26/01/26 00:00;748,80;0,00;0,00;0,00;0,00;0,00;0,00;0,00;0,00;0,00;0,00;0,00;7433415;BSR TRANSPORTE E LOGISTICA LTDA;;;787;15;2203;12;361;3.3.90.30.07.00.00.00;1.550.000.0000;33903000000000;0,00;0,00;748,80;MANUTENÇAO DAS UNIDADES DE ENSINO FUNDAMENTAL;MATERIAL DE CONSUMO
Especificação: ;;EMPENHO PARA COBRIR DESPESA COM GENEROS ALIMENTICIOS -  PROCESSO ADMINISTRATIVO 119/2025 - CONTRATO 121/2025 - SOLICITAÇÃO DE FORNECIMENTO 64/2026 - OFICIO N°  003/2026 SETOR DE MERENDA ESCOLAR - DRO N° 111/2026.;;;;;;;;;;;;;;;;;;;;;;;;;;;;;;;;;;;;;
668;PREFEITURA MUNICIPAL DE BARBACENA;;30547837;255;2026;GLOBAL;119;2025;EMPENHO PARA COBRIR DESPESA COM GENEROS ALIMENTICIOS -  PROCESSO ADMINISTRATIVO 119/2025 - CONTRATO 121/2025 - SOLICITAÇÃO DE FORNECIMENTO 65/2026 - OFICIO N°  003/2026 SETOR DE MERENDA ESCOLAR - DRO N° 111/2026.;26/01/26 00:00;345,60;0,00;0,00;0,00;0,00;0,00;0,00;0,00;0,00;0,00;0,00;0,00;7433415;BSR TRANSPORTE E LOGISTICA LTDA;;;819;14;2080;12;365;3.3.90.30.07.00.00.00;1.550.000.0000;33903000000000;0,00;0,00;345,60;MANUTENCAO DAS UNIDADES DE ENSINO DA EDUCACAO INFANTIL;MATERIAL DE CONSUMO
Especificação: ;;EMPENHO PARA COBRIR DESPESA COM GENEROS ALIMENTICIOS -  PROCESSO ADMINISTRATIVO 119/2025 - CONTRATO 121/2025 - SOLICITAÇÃO DE FORNECIMENTO 65/2026 - OFICIO N°  003/2026 SETOR DE MERENDA ESCOLAR - DRO N° 111/2026.;;;;;;;;;;;;;;;;;;;;;;;;;;;;;;;;;;;;;
668;PREFEITURA MUNICIPAL DE BARBACENA;;30547973;256;2026;GLOBAL;119;2025;EMPENHO PARA COBRIR DESPESA COM GENEROS ALIMENTICIOS -  PROCESSO ADMINISTRATIVO 119/2025 - CONTRATO 121/2025 - SOLICITAÇÃO DE FORNECIMENTO 66/2026 - OFICIO N°  003/2026 SETOR DE MERENDA ESCOLAR - DRO N° 111/2026.;26/01/26 00:00;158,40;0,00;0,00;0,00;0,00;0,00;0,00;0,00;0,00;0,00;0,00;0,00;7433415;BSR TRANSPORTE E LOGISTICA LTDA;;;835;14;2135;12;365;3.3.90.30.07.00.00.00;1.550.000.0000;33903000000000;0,00;0,00;158,40;MANUTENÇÃO DE CRECHES;MATERIAL DE CONSUMO
Especificação: ;;EMPENHO PARA COBRIR DESPESA COM GENEROS ALIMENTICIOS -  PROCESSO ADMINISTRATIVO 119/2025 - CONTRATO 121/2025 - SOLICITAÇÃO DE FORNECIMENTO 66/2026 - OFICIO N°  003/2026 SETOR DE MERENDA ESCOLAR - DRO N° 111/2026.;;;;;;;;;;;;;;;;;;;;;;;;;;;;;;;;;;;;;
668;PREFEITURA MUNICIPAL DE BARBACENA;;30548094;257;2026;GLOBAL;119;2025;EMPENHO PARA COBRIR DESPESA COM GENEROS ALIMENTICIOS -  PROCESSO ADMINISTRATIVO 119/2025 - CONTRATO 121/2025 - SOLICITAÇÃO DE FORNECIMENTO 67/2026 - OFICIO N°  003/2026 SETOR DE MERENDA ESCOLAR - DRO N° 111/2026.;26/01/26 00:00;14,40;0,00;0,00;0,00;0,00;0,00;0,00;0,00;0,00;0,00;0,00;0,00;7433415;BSR TRANSPORTE E LOGISTICA LTDA;;;872;16;2081;12;366;3.3.90.30.07.00.00.00;1.550.000.0000;33903000000000;0,00;0,00;14,40;MANUTENÇÃO DA EDUCAÇÃO DE JOVENS E ADULTOS;MATERIAL DE CONSUMO
Especificação: ;;EMPENHO PARA COBRIR DESPESA COM GENEROS ALIMENTICIOS -  PROCESSO ADMINISTRATIVO 119/2025 - CONTRATO 121/2025 - SOLICITAÇÃO DE FORNECIMENTO 67/2026 - OFICIO N°  003/2026 SETOR DE MERENDA ;;;;;;;;;;;;;;;;;;;;;;;;;;;;;;;;;;;;;
;;ESCOLAR - DRO N° 111/2026.;;;;;;;;;;;;;;;;;;;;;;;;;;;;;;;;;;;;;
668;PREFEITURA MUNICIPAL DE BARBACENA;;30548203;258;2026;GLOBAL;119;2025;EMPENHO PARA COBRIR DESPESA COM GENEROS ALIMENTICIOS -  PROCESSO ADMINISTRATIVO 119/2025 - CONTRATO 121/2025 - SOLICITAÇÃO DE FORNECIMENTO 68/2026 - OFICIO N°  003/2026 SETOR DE MERENDA ESCOLAR - DRO N° 111/2026.;26/01/26 00:00;172,80;0,00;0,00;0,00;0,00;0,00;0,00;0,00;0,00;0,00;0,00;0,00;7433415;BSR TRANSPORTE E LOGISTICA LTDA;;;884;38;2221;12;367;3.3.90.30.07.00.00.00;1.550.000.0000;33903000000000;0,00;0,00;172,80;MANUTENÇÃO DO ATENDIMENTO EDUCACIONAL ESPECIALIZADO;MATERIAL DE CONSUMO
Especificação: ;;EMPENHO PARA COBRIR DESPESA COM GENEROS ALIMENTICIOS -  PROCESSO ADMINISTRATIVO 119/2025 - CONTRATO 121/2025 - SOLICITAÇÃO DE FORNECIMENTO 68/2026 - OFICIO N°  003/2026 SETOR DE MERENDA ESCOLAR - DRO N° 111/2026.;;;;;;;;;;;;;;;;;;;;;;;;;;;;;;;;;;;;;
668;PREFEITURA MUNICIPAL DE BARBACENA;;30303732;55;2026;ESTIMATIVO;148;2025;EMPENHO PARA COBRIR DESPESAS COM CONTRATAÇÃO DE EMPRESA ESPECIALIZADA PARA A EXECUÇÃO DE SERVIÇOS DE RECOMPOSIÇÃO LOCALIZADA DE PAVIMENTO ASFÁLTICO DO TIPO CONCRETO BETUMINOSO USINADO A QUENTE (CBUQ), FAIXA C, COM PINTURA DE LIGAÇÃO, INCLUINDO FORNECIMENTO INTEGRAL DE MATERIAIS, MÃO DE OBRA E EQUIPAMENTOS NECESSÁRIOS, DESTINADOS À MANUTENÇÃO CORRETIVA DE VIAS PÚBLICAS URBANAS DO MUNICÍPIO DE BARBACENA/MG,CONFORME PROCESSO  148/2025, CONTRATO 122/2025 E SOLICITAÇÃO DE FORNECIMENTO 21/2026.;26/01/26 00:00;200.000,00;0,00;0,00;0,00;0,00;0,00;0,00;0,00;0,00;0,00;0,00;0,00;1543438;PAVEL PAVIMENTADORA VERTENTES LTDA;;;660;17;1036;15;452;4.4.90.51.01.00.00.00;1.753.000.0000;44905100000000;0,00;0,00;200.000,00;MANUTENÇÃO NA INFRAESTRUTURA URBANA;OBRAS E INSTALAÇÕES
Especificação: ;;EMPENHO PARA COBRIR DESPESAS COM CONTRATAÇÃO DE EMPRESA ESPECIALIZADA PARA A EXECUÇÃO DE SERVIÇOS DE RECOMPOSIÇÃO LOCALIZADA DE PAVIMENTO ASFÁLTICO DO TIPO CONCRETO BETUMINOSO USINADO A QUENTE (CBUQ), FAIXA C, COM PINTURA DE LIGAÇÃO, INCLUINDO FORNECIMENTO INTEGRAL DE MATERIAIS, MÃO DE OBRA E EQUIPAMENTOS NECESSÁRIOS, DESTINADOS À MANUTENÇÃO CORRETIVA DE VIAS PÚBLICAS URBANAS DO MUNICÍPIO DE BARBACENA/MG,CONFORME PROCESSO  148/2025, CONTRATO 122/2025 E SOLICITAÇÃO DE FORNECIMENTO 21/2026.;;;;;;;;;;;;;;;;;;;;;;;;;;;;;;;;;;;;;
668;PREFEITURA MUNICIPAL DE BARBACENA;;30264668;77;2026;GLOBAL;134;2025;"EMPENHO PARA COBRIR DESPESA COM AQUISIÇÃO DE  RECARGA DE  GÁS GLP -P13 E P45 EM ATENDIMENTO A SECRETARIA MUNICIPAL DE EDUCAÇÃO-AT. EDUC. ESPECIALIZADO,CONFORME PROCESSO 134/2025,CONTRATO 128/2025 E SOLICITAÇÃO DE FORNECIMENTO Nº 8/2026; DRO N° 081/2026.";26/01/26 00:00;37.684,91;0,00;5.800,30;0,00;0,00;0,00;0,00;0,00;0,00;0,00;0,00;0,00;2825712;LUIZ DO NASCIMENTO AMARAL & CIA LTDA;48162;9;787;15;2203;12;361;3.3.90.30.04.00.00.00;1.500.000.1001;33903000000000;0,00;0,00;37.684,91;MANUTENÇAO DAS UNIDADES DE ENSINO FUNDAMENTAL;MATERIAL DE CONSUMO
Especificação: ;;"EMPENHO PARA COBRIR DESPESA COM AQUISIÇÃO DE  RECARGA DE  GÁS GLP -P13 E P45 EM ATENDIMENTO A SECRETARIA MUNICIPAL DE EDUCAÇÃO-AT. EDUC. ESPECIALIZADO,CONFORME PROCESSO 134/2025,CONTRATO 128/2025 E SOLICITAÇÃO DE FORNECIMENTO Nº 8/2026; DRO N° 081/2026.";;;;;;;;;;;;;;;;;;;;;;;;;;;;;;;;;;;;;
668;PREFEITURA MUNICIPAL DE BARBACENA;;30264669;78;2026;GLOBAL;134;2025;"EMPENHO PARA COBRIR DESPESA COM AQUISIÇÃO DE  RECARGA DE  GÁS GLP -P13 E P45 EM ATENDIMENTO A SECRETARIA MUNICIPAL DE EDUCAÇÃO-AT. EDUC. ESPECIALIZADO,CONFORME PROCESSO 134/2025,CONTRATO 128/2025 E SOLICITAÇÃO DE FORNECIMENTO Nº 9/2026; DRO N° 081/2026.";26/01/26 00:00;17.428,93;0,00;2.488,44;0,00;0,00;0,00;0,00;0,00;0,00;0,00;0,00;0,00;2825712;LUIZ DO NASCIMENTO AMARAL & CIA LTDA;48162;9;819;14;2080;12;365;3.3.90.30.04.00.00.00;1.500.000.1001;33903000000000;0,00;0,00;17.428,93;MANUTENCAO DAS UNIDADES DE ENSINO DA EDUCACAO INFANTIL;MATERIAL DE CONSUMO
Especificação: ;;"EMPENHO PARA COBRIR DESPESA COM AQUISIÇÃO DE  RECARGA DE  GÁS GLP -P13 E P45 EM ATENDIMENTO A SECRETARIA MUNICIPAL DE EDUCAÇÃO-AT. EDUC. ESPECIALIZADO,CONFORME PROCESSO 134/2025,CONTRATO 128/2025 E SOLICITAÇÃO DE FORNECIMENTO Nº 9/2026; DRO N° 081/2026.";;;;;;;;;;;;;;;;;;;;;;;;;;;;;;;;;;;;;
668;PREFEITURA MUNICIPAL DE BARBACENA;;30264670;79;2026;GLOBAL;134;2025;"EMPENHO PARA COBRIR DESPESA COM AQUISIÇÃO DE  RECARGA DE  GÁS GLP -P13 E P45 EM ATENDIMENTO A SECRETARIA MUNICIPAL DE EDUCAÇÃO-AT. EDUC. ESPECIALIZADO,CONFORME PROCESSO 134/2025,CONTRATO 128/2025 E SOLICITAÇÃO DE FORNECIMENTO Nº 10/2026; DRO N° 081/2026.";26/01/26 00:00;8.124,36;0,00;1.418,07;0,00;0,00;0,00;0,00;0,00;0,00;0,00;0,00;0,00;2825712;LUIZ DO NASCIMENTO AMARAL & CIA LTDA;48162;9;835;14;2135;12;365;3.3.90.30.04.00.00.00;1.500.000.1001;33903000000000;0,00;0,00;8.124,36;MANUTENÇÃO DE CRECHES;MATERIAL DE CONSUMO
Especificação: ;;"EMPENHO PARA COBRIR DESPESA COM AQUISIÇÃO DE  RECARGA DE  GÁS GLP -P13 E P45 EM ATENDIMENTO A SECRETARIA MUNICIPAL DE EDUCAÇÃO-AT. EDUC. ESPECIALIZADO,CONFORME PROCESSO 134/2025,CONTRATO 128/2025 E SOLICITAÇÃO DE FORNECIMENTO Nº 10/2026; DRO N° 081/2026.";;;;;;;;;;;;;;;;;;;;;;;;;;;;;;;;;;;;;
668;PREFEITURA MUNICIPAL DE BARBACENA;;30264672;80;2026;GLOBAL;134;2025;"EMPENHO PARA COBRIR DESPESA COM AQUISIÇÃO DE  RECARGA DE  GÁS GLP -P13 E P45 EM ATENDIMENTO A SECRETARIA MUNICIPAL DE EDUCAÇÃO-AT. EDUC. ESPECIALIZADO,CONFORME PROCESSO 134/2025,CONTRATO 128/2025 E SOLICITAÇÃO DE FORNECIMENTO Nº 11/2026; DRO N° 081/2026.";26/01/26 00:00;823,42;0,00;0,00;0,00;0,00;0,00;0,00;0,00;0,00;0,00;0,00;0,00;2825712;LUIZ DO NASCIMENTO AMARAL & CIA LTDA;48162;9;872;16;2081;12;366;3.3.90.30.04.00.00.00;1.500.000.1001;33903000000000;0,00;0,00;823,42;MANUTENÇÃO DA EDUCAÇÃO DE JOVENS E ADULTOS;MATERIAL DE CONSUMO
Especificação: ;;"EMPENHO PARA COBRIR DESPESA COM AQUISIÇÃO DE  RECARGA DE  GÁS GLP -P13 E P45 EM ATENDIMENTO A SECRETARIA MUNICIPAL DE EDUCAÇÃO-AT. EDUC. ESPECIALIZADO,CONFORME PROCESSO 134/2025,CONTRATO 128/2025 E SOLICITAÇÃO DE FORNECIMENTO Nº 11/2026; DRO N° 081/2026.";;;;;;;;;;;;;;;;;;;;;;;;;;;;;;;;;;;;;
668;PREFEITURA MUNICIPAL DE BARBACENA;;30264674;81;2026;GLOBAL;134;2025;"EMPENHO PARA COBRIR DESPESA COM AQUISIÇÃO DE  RECARGA DE  GÁS GLP -P13 E P45 EM ATENDIMENTO A SECRETARIA MUNICIPAL DE EDUCAÇÃO-AT. EDUC. ESPECIALIZADO,CONFORME PROCESSO 134/2025,CONTRATO 128/2025 E SOLICITAÇÃO DE FORNECIMENTO Nº 12/2026; DRO N° 081/2026.";26/01/26 00:00;8.014,52;0,00;1.537,00;0,00;0,00;0,00;0,00;0,00;0,00;0,00;0,00;0,00;2825712;LUIZ DO NASCIMENTO AMARAL & CIA LTDA;48162;9;884;38;2221;12;367;3.3.90.30.04.00.00.00;1.500.000.1001;33903000000000;0,00;0,00;8.014,52;MANUTENÇÃO DO ATENDIMENTO EDUCACIONAL ESPECIALIZADO;MATERIAL DE CONSUMO
Especificação: ;;"EMPENHO PARA COBRIR DESPESA COM AQUISIÇÃO DE  RECARGA DE  GÁS GLP -P13 E P45 EM ATENDIMENTO A SECRETARIA MUNICIPAL DE EDUCAÇÃO-AT. EDUC. ESPECIALIZADO,CONFORME PROCESSO 134/2025,CONTRATO 128/2025 E SOLICITAÇÃO DE FORNECIMENTO Nº 12/2026; DRO N° 081/2026.";;;;;;;;;;;;;;;;;;;;;;;;;;;;;;;;;;;;;
668;PREFEITURA MUNICIPAL DE BARBACENA;;30535849;91;2026;GLOBAL;0;0;EMPENHO PARA COBRIR DESPESA COM CONCESSÃO DE BENEFÍCIO EVENTUAL NA FORMA DE AUXÍLIO MORADIA/ALUGUEL SOCIAL,CONFORME  LEI MUNICIPAL Nº 4.826/17 REGULAMENTADA PELO DECRETO Nº 8.244/27  E OFICIO Nº 001/2026-SEMAS.;26/01/26 00:00;6.564,00;0,00;500,00;0,00;0,00;0,00;0,00;0,00;0,00;0,00;0,00;0,00;8286892;RAISSA DOS SANTOS GONÇALVES;;;393;56;2312;8;244;3.3.90.48.00.00.00.00;1.661.000.0000;33904800000000;0,00;0,00;6.564,00;MANUTENÇÃO DE BENEFICIOS EVENTUAIS;OUTROS AUXÍLIOS FINANCEIROS A PESSOAS FÍSICAS
Especificação: ;;EMPENHO PARA COBRIR DESPESA COM CONCESSÃO DE BENEFÍCIO EVENTUAL NA FORMA DE AUXÍLIO MORADIA/ALUGUEL SOCIAL,CONFORME  LEI MUNICIPAL Nº 4.826/17 REGULAMENTADA PELO DECRETO Nº 8.244/27  E OFICIO Nº 001/2026-SEMAS.;;;;;;;;;;;;;;;;;;;;;;;;;;;;;;;;;;;;;
668;PREFEITURA MUNICIPAL DE BARBACENA;;30700606;196;2026;ORDINARIO;0;0;EMPENHO PARA COBRIR DESPESA COM PAGAMENTO DE AUXILIO FUNERAL DO EX SERVIDOR CAETANO DA SILVA COELHO,FALECIDO EM 24 DE DEZEMBRO DE 2025, CONFORME FOLHA EXTRA DE PAGAMENTO.;27/01/26 00:00;3.011,52;0,00;3.011,52;0,00;3.011,52;0,00;0,00;0,00;0,00;0,00;0,00;0,00;8315619;ROSENETE FERNANDES COELHO;;;527;11;2056;4;122;3.3.90.08.01.00.00.00;1.500.000.0000;33900800000000;3.011,52;0,00;0,00;PESSOAL E ENCARGOS SOCIAIS DA SEMAD;OUTROS BENEFÍCIOS ASSISTENCIAIS-SERVIDOR/MILITAR
Especificação: ;;EMPENHO PARA COBRIR DESPESA COM PAGAMENTO DE AUXILIO FUNERAL DO EX SERVIDOR CAETANO DA SILVA COELHO,FALECIDO EM 24 DE DEZEMBRO DE 2025, CONFORME FOLHA EXTRA DE PAGAMENTO.;;;;;;;;;;;;;;;;;;;;;;;;;;;;;;;;;;;;;
668;PREFEITURA MUNICIPAL DE BARBACENA;;30716138;239;2026;ORDINARIO;0;0;EMPENHO PARA COBRIR DESPESA COM DIARIA PARA BELO HORIZONTE/MG NO DIA 03/02/2026 A FIM DE PARTICIPAR DE REUNIÃO NA SECRETARIA DE ESTADO DE CULTURA E TURISMO PARA TRATATIVAS SOBRE O TEATRO MUNICIPAL,FESTA DAS ROSAS E SONHO DE NATAL,CONFORME  DECRETO Nº 9.882/2025;27/01/26 00:00;252,63;0,00;252,63;0,00;0,00;0,00;0,00;0,00;0,00;0,00;0,00;0,00;1601325;ALEXANDRE BRAGA SOARES;;;1023;11;2277;13;122;3.3.90.14.04.00.00.00;1.500.000.0000;33901400000000;0,00;0,00;252,63;MANUTENÇÃO DA SECULT;DIÁRIAS - PESSOAL CIVIL
Especificação: ;;EMPENHO PARA COBRIR DESPESA COM DIARIA PARA BELO HORIZONTE/MG NO DIA 03/02/2026 A FIM DE PARTICIPAR DE REUNIÃO NA SECRETARIA DE ESTADO DE CULTURA E TURISMO PARA TRATATIVAS SOBRE O TEATRO MUNICIPAL,FESTA DAS ROSAS E SONHO DE NATAL,CONFORME  DECRETO Nº 9.882/2025;;;;;;;;;;;;;;;;;;;;;;;;;;;;;;;;;;;;;
668;PREFEITURA MUNICIPAL DE BARBACENA;;30716228;240;2026;ORDINARIO;0;0;EMPENHO PARA COBRIR DESPESA COM DIARIA PARABELO HORIZONTE/MG NO DIA 03/02/2026 A FIM DE PARTICIPAR DE REUNIÃO NA SECRETARIA DE ESTADO DE CULTURA E TURISMO PARA TRATATIVAS SOBRE O TEATRO MUNICIPAL,FESTA DAS ROSAS E SONHO DE NATAL,CONFORME  DECRETO Nº 9.882/2025;27/01/26 00:00;168,42;0,00;168,42;0,00;0,00;0,00;0,00;0,00;0,00;0,00;0,00;0,00;2830831;GIOVANE LEONEL TAVARES;;;1023;11;2277;13;122;3.3.90.14.05.00.00.00;1.500.000.0000;33901400000000;0,00;0,00;168,42;MANUTENÇÃO DA SECULT;DIÁRIAS - PESSOAL CIVIL
Especificação: ;;EMPENHO PARA COBRIR DESPESA COM DIARIA PARABELO HORIZONTE/MG NO DIA 03/02/2026 A FIM DE PARTICIPAR DE REUNIÃO NA SECRETARIA DE ESTADO DE CULTURA E TURISMO PARA TRATATIVAS SOBRE O TEATRO MUNICIPAL,FESTA DAS ROSAS E SONHO DE NATAL,CONFORME  DECRETO Nº 9.882/2025;;;;;;;;;;;;;;;;;;;;;;;;;;;;;;;;;;;;;
668;PREFEITURA MUNICIPAL DE BARBACENA;;30414359;49;2026;ORDINARIO;0;0;"EMPENHO PARA COBRIR DESPESA COM  INSCRIÇÃO DOS SERVIDORES DA DIRETORIA DE COMUNICAÇÃO NO "" MINAS SUMMIT"" QUE OCORRERÁ NOS DIAS 17 E 18 DE JUNHO EM BELO HORIZONTE/MG,CONFORME  OFICIO Nº 040/2026-SEGOV.";27/01/26 00:00;1.259,70;0,00;0,00;0,00;0,00;0,00;0,00;0,00;0,00;0,00;0,00;0,00;8282584;ZOOP TECNOLOGIA & INSTITUIÇÃO DE PAGAMENTO S.A;;;32;11;2150;4;122;3.3.90.39.05.00.00.00;1.500.000.0000;33903900000000;0,00;0,00;1.259,70;MANUTENÇAO DA SEGAB;OUTROS SERVIÇOS DE TERCEIROS - PESSOA JURÍDICA
Especificação: ;;"EMPENHO PARA COBRIR DESPESA COM  INSCRIÇÃO DOS SERVIDORES DA DIRETORIA DE COMUNICAÇÃO NO "" MINAS SUMMIT"" QUE OCORRERÁ NOS DIAS 17 E 18 DE JUNHO EM BELO HORIZONTE/MG,CONFORME  OFICIO Nº 040/2026-SEGOV.";;;;;;;;;;;;;;;;;;;;;;;;;;;;;;;;;;;;;
668;PREFEITURA MUNICIPAL DE BARBACENA;;30675418;563;2026;ORDINARIO;57;2025;EMPENHO PARA COBRIR DESPESA COM AQUISIÇÃO DE CARIMBOS EM ATENDIMENTO A SECRETARIA MUNICIPAL DE SEGURANÇA PUBLICA,CONFORME  PROCESSO 57/2025,CONTRATO Nº 50/2025 E SOLICITAÇÃO DE FORNECIMENTO Nº 73/2026.;28/01/26 00:00;121,60;0,00;0,00;0,00;0,00;0,00;0,00;0,00;0,00;0,00;0,00;0,00;7348544;STAMP PRODUTOS E SERVICOS LTDA;4709;0;954;11;2266;6;122;3.3.90.39.48.00.00.00;1.500.000.0000;33903900000000;0,00;0,00;121,60;MANUTENÇÃO DA SSP;OUTROS SERVIÇOS DE TERCEIROS - PESSOA JURÍDICA
Especificação: ;;EMPENHO PARA COBRIR DESPESA COM AQUISIÇÃO DE CARIMBOS EM ATENDIMENTO A SECRETARIA MUNICIPAL DE SEGURANÇA PUBLICA,CONFORME  PROCESSO 57/2025,CONTRATO Nº 50/2025 E SOLICITAÇÃO DE FORNECIMENTO Nº 73/2026.;;;;;;;;;;;;;;;;;;;;;;;;;;;;;;;;;;;;;
668;PREFEITURA MUNICIPAL DE BARBACENA;;30671829;125;2026;GLOBAL;0;0;"EMPENHO PARA COBRIR DESPESA COM PAGAMENTO DE BENEFÍCIO EVENTUAL ""AUXILIO ALIMENTAÇÃO"" NA MODALIDADE PECÚNIA, EM RAZÃO DA RESCISÃO CONTRATUAL COM A EMPRESA ANTERIORMENTE RESPONSÁEL PELA OPERACIONALIZAÇÃO VIA CARTÃO ALIMENTAÇÃO. CONFORME DRO 093/2026, DELIBERAÇÃO 344/2025 E OFÍCIO 014/2026 - SEMAS.";29/01/26 00:00;300,00;0,00;150,00;0,00;0,00;0,00;0,00;0,00;0,00;0,00;0,00;0,00;8297266;ANGELA APARECIDA DE JESUS;;;393;56;2312;8;244;3.3.90.48.00.00.00.00;1.661.000.0000;33904800000000;0,00;0,00;300,00;MANUTENÇÃO DE BENEFICIOS EVENTUAIS;OUTROS AUXÍLIOS FINANCEIROS A PESSOAS FÍSICAS
Especificação: ;;"EMPENHO PARA COBRIR DESPESA COM PAGAMENTO DE BENEFÍCIO EVENTUAL ""AUXILIO ALIMENTAÇÃO"" NA MODALIDADE PECÚNIA, EM RAZÃO DA RESCISÃO CONTRATUAL COM A EMPRESA ANTERIORMENTE ";;;;;;;;;;;;;;;;;;;;;;;;;;;;;;;;;;;;;
;;RESPONSÁEL PELA OPERACIONALIZAÇÃO VIA CARTÃO ALIMENTAÇÃO. CONFORME DRO 093/2026, DELIBERAÇÃO 344/2025 E OFÍCIO 014/2026 - SEMAS.;;;;;;;;;;;;;;;;;;;;;;;;;;;;;;;;;;;;;
668;PREFEITURA MUNICIPAL DE BARBACENA;;30671853;126;2026;GLOBAL;0;0;"EMPENHO PARA COBRIR DESPESA COM PAGAMENTO DE BENEFÍCIO EVENTUAL ""AUXILIO ALIMENTAÇÃO"" NA MODALIDADE PECÚNIA, EM RAZÃO DA RESCISÃO CONTRATUAL COM A EMPRESA ANTERIORMENTE RESPONSÁEL PELA OPERACIONALIZAÇÃO VIA CARTÃO ALIMENTAÇÃO. CONFORME DRO 093/2026, DELIBERAÇÃO 344/2025 E OFÍCIO 014/2026 - SEMAS.";29/01/26 00:00;900,00;0,00;150,00;0,00;0,00;0,00;0,00;0,00;0,00;0,00;0,00;0,00;8297279;ALESSANDRA CRISTINA ROCHA;;;393;56;2312;8;244;3.3.90.48.00.00.00.00;1.661.000.0000;33904800000000;0,00;0,00;900,00;MANUTENÇÃO DE BENEFICIOS EVENTUAIS;OUTROS AUXÍLIOS FINANCEIROS A PESSOAS FÍSICAS
Especificação: ;;"EMPENHO PARA COBRIR DESPESA COM PAGAMENTO DE BENEFÍCIO EVENTUAL ""AUXILIO ALIMENTAÇÃO"" NA MODALIDADE PECÚNIA, EM RAZÃO DA RESCISÃO CONTRATUAL COM A EMPRESA ANTERIORMENTE RESPONSÁEL PELA OPERACIONALIZAÇÃO VIA CARTÃO ALIMENTAÇÃO. CONFORME DRO 093/2026, DELIBERAÇÃO 344/2025 E OFÍCIO 014/2026 - SEMAS.";;;;;;;;;;;;;;;;;;;;;;;;;;;;;;;;;;;;;
668;PREFEITURA MUNICIPAL DE BARBACENA;;30671878;127;2026;GLOBAL;0;0;"EMPENHO PARA COBRIR DESPESA COM PAGAMENTO DE BENEFÍCIO EVENTUAL ""AUXILIO ALIMENTAÇÃO"" NA MODALIDADE PECÚNIA, EM RAZÃO DA RESCISÃO CONTRATUAL COM A EMPRESA ANTERIORMENTE RESPONSÁEL PELA OPERACIONALIZAÇÃO VIA CARTÃO ALIMENTAÇÃO. CONFORME DRO 093/2026, DELIBERAÇÃO 344/2025 E OFÍCIO 014/2026 - SEMAS.";29/01/26 00:00;900,00;0,00;150,00;0,00;0,00;0,00;0,00;0,00;0,00;0,00;0,00;0,00;8297284;ANDERSON FERNANDO DA SILVA;;;393;56;2312;8;244;3.3.90.48.00.00.00.00;1.661.000.0000;33904800000000;0,00;0,00;900,00;MANUTENÇÃO DE BENEFICIOS EVENTUAIS;OUTROS AUXÍLIOS FINANCEIROS A PESSOAS FÍSICAS
Especificação: ;;"EMPENHO PARA COBRIR DESPESA COM PAGAMENTO DE BENEFÍCIO EVENTUAL ""AUXILIO ALIMENTAÇÃO"" NA MODALIDADE PECÚNIA, EM RAZÃO DA RESCISÃO CONTRATUAL COM A EMPRESA ANTERIORMENTE RESPONSÁEL PELA OPERACIONALIZAÇÃO VIA CARTÃO ALIMENTAÇÃO. CONFORME DRO 093/2026, DELIBERAÇÃO 344/2025 E OFÍCIO 014/2026 - SEMAS.";;;;;;;;;;;;;;;;;;;;;;;;;;;;;;;;;;;;;
668;PREFEITURA MUNICIPAL DE BARBACENA;;30671976;128;2026;GLOBAL;0;0;"EMPENHO PARA COBRIR DESPESA COM PAGAMENTO DE BENEFÍCIO EVENTUAL ""AUXILIO ALIMENTAÇÃO"" NA MODALIDADE PECÚNIA, EM RAZÃO DA RESCISÃO CONTRATUAL COM A EMPRESA ANTERIORMENTE RESPONSÁEL PELA OPERACIONALIZAÇÃO VIA CARTÃO ALIMENTAÇÃO. CONFORME DRO 093/2026, DELIBERAÇÃO 344/2025 E OFÍCIO 014/2026 - SEMAS.";29/01/26 00:00;900,00;0,00;150,00;0,00;0,00;0,00;0,00;0,00;0,00;0,00;0,00;0,00;8297295;CHISTINE CLEIDE MACHADO;;;393;56;2312;8;244;3.3.90.48.00.00.00.00;1.661.000.0000;33904800000000;0,00;0,00;900,00;MANUTENÇÃO DE BENEFICIOS EVENTUAIS;OUTROS AUXÍLIOS FINANCEIROS A PESSOAS FÍSICAS
Especificação: ;;"EMPENHO PARA COBRIR DESPESA COM PAGAMENTO DE BENEFÍCIO EVENTUAL ""AUXILIO ALIMENTAÇÃO"" NA MODALIDADE PECÚNIA, EM RAZÃO DA RESCISÃO CONTRATUAL COM A EMPRESA ANTERIORMENTE RESPONSÁEL PELA OPERACIONALIZAÇÃO VIA CARTÃO ALIMENTAÇÃO. CONFORME DRO 093/2026, DELIBERAÇÃO 344/2025 E OFÍCIO 014/2026 - SEMAS.";;;;;;;;;;;;;;;;;;;;;;;;;;;;;;;;;;;;;
668;PREFEITURA MUNICIPAL DE BARBACENA;;30671985;129;2026;GLOBAL;0;0;"EMPENHO PARA COBRIR DESPESA COM PAGAMENTO DE BENEFÍCIO EVENTUAL ""AUXILIO ALIMENTAÇÃO"" NA MODALIDADE PECÚNIA, EM RAZÃO DA RESCISÃO CONTRATUAL COM A EMPRESA ANTERIORMENTE RESPONSÁEL PELA OPERACIONALIZAÇÃO VIA CARTÃO ALIMENTAÇÃO. CONFORME DRO 093/2026, DELIBERAÇÃO 344/2025 E OFÍCIO 014/2026 - SEMAS.";29/01/26 00:00;900,00;0,00;150,00;0,00;0,00;0,00;0,00;0,00;0,00;0,00;0,00;0,00;8297297;DAIANA CRISTINA RAMALHO DOS SANTOS;;;393;56;2312;8;244;3.3.90.48.00.00.00.00;1.661.000.0000;33904800000000;0,00;0,00;900,00;MANUTENÇÃO DE BENEFICIOS EVENTUAIS;OUTROS AUXÍLIOS FINANCEIROS A PESSOAS FÍSICAS
Especificação: ;;"EMPENHO PARA COBRIR DESPESA COM PAGAMENTO DE BENEFÍCIO EVENTUAL ""AUXILIO ALIMENTAÇÃO"" NA MODALIDADE PECÚNIA, EM RAZÃO DA RESCISÃO CONTRATUAL COM A EMPRESA ANTERIORMENTE RESPONSÁEL PELA OPERACIONALIZAÇÃO VIA CARTÃO ALIMENTAÇÃO. CONFORME DRO 093/2026, DELIBERAÇÃO 344/2025 E OFÍCIO 014/2026 - SEMAS.";;;;;;;;;;;;;;;;;;;;;;;;;;;;;;;;;;;;;
668;PREFEITURA MUNICIPAL DE BARBACENA;;30672001;130;2026;GLOBAL;0;0;"EMPENHO PARA COBRIR DESPESA COM PAGAMENTO DE BENEFÍCIO EVENTUAL ""AUXILIO ALIMENTAÇÃO"" NA MODALIDADE PECÚNIA, EM RAZÃO DA RESCISÃO CONTRATUAL COM A EMPRESA ANTERIORMENTE RESPONSÁEL PELA OPERACIONALIZAÇÃO VIA CARTÃO ALIMENTAÇÃO. CONFORME DRO 093/2026, DELIBERAÇÃO 344/2025 E OFÍCIO 014/2026 - SEMAS.";29/01/26 00:00;900,00;0,00;150,00;0,00;0,00;0,00;0,00;0,00;0,00;0,00;0,00;0,00;8297299;ELIZABETE MARIA MACEDO;;;393;56;2312;8;244;3.3.90.48.00.00.00.00;1.661.000.0000;33904800000000;0,00;0,00;900,00;MANUTENÇÃO DE BENEFICIOS EVENTUAIS;OUTROS AUXÍLIOS FINANCEIROS A PESSOAS FÍSICAS
Especificação: ;;"EMPENHO PARA COBRIR DESPESA COM PAGAMENTO DE BENEFÍCIO EVENTUAL ""AUXILIO ALIMENTAÇÃO"" NA MODALIDADE PECÚNIA, EM RAZÃO DA RESCISÃO CONTRATUAL COM A EMPRESA ANTERIORMENTE RESPONSÁEL PELA OPERACIONALIZAÇÃO VIA CARTÃO ALIMENTAÇÃO. CONFORME DRO 093/2026, DELIBERAÇÃO 344/2025 E OFÍCIO 014/2026 - SEMAS.";;;;;;;;;;;;;;;;;;;;;;;;;;;;;;;;;;;;;
668;PREFEITURA MUNICIPAL DE BARBACENA;;30672016;131;2026;GLOBAL;0;0;"EMPENHO PARA COBRIR DESPESA COM PAGAMENTO DE BENEFÍCIO EVENTUAL ""AUXILIO ALIMENTAÇÃO"" NA MODALIDADE PECÚNIA, EM RAZÃO DA RESCISÃO CONTRATUAL COM A EMPRESA ANTERIORMENTE RESPONSÁEL PELA OPERACIONALIZAÇÃO VIA CARTÃO ALIMENTAÇÃO. CONFORME DRO 093/2026, DELIBERAÇÃO 344/2025 E OFÍCIO 014/2026 - SEMAS.";29/01/26 00:00;900,00;0,00;150,00;0,00;0,00;0,00;0,00;0,00;0,00;0,00;0,00;0,00;8297300;ESTEFANIA DA CONCEIÇÃO MOREITA;;;393;56;2312;8;244;3.3.90.48.00.00.00.00;1.661.000.0000;33904800000000;0,00;0,00;900,00;MANUTENÇÃO DE BENEFICIOS EVENTUAIS;OUTROS AUXÍLIOS FINANCEIROS A PESSOAS FÍSICAS
Especificação: ;;"EMPENHO PARA COBRIR DESPESA COM PAGAMENTO DE BENEFÍCIO EVENTUAL ""AUXILIO ALIMENTAÇÃO"" NA MODALIDADE PECÚNIA, EM RAZÃO DA RESCISÃO CONTRATUAL COM A EMPRESA ANTERIORMENTE RESPONSÁEL PELA OPERACIONALIZAÇÃO VIA CARTÃO ALIMENTAÇÃO. CONFORME DRO 093/2026, DELIBERAÇÃO 344/2025 E OFÍCIO 014/2026 - SEMAS.";;;;;;;;;;;;;;;;;;;;;;;;;;;;;;;;;;;;;
668;PREFEITURA MUNICIPAL DE BARBACENA;;30672030;132;2026;GLOBAL;0;0;"EMPENHO PARA COBRIR DESPESA COM PAGAMENTO DE BENEFÍCIO EVENTUAL ""AUXILIO ALIMENTAÇÃO"" NA MODALIDADE PECÚNIA, EM RAZÃO DA RESCISÃO CONTRATUAL COM A EMPRESA ANTERIORMENTE RESPONSÁEL PELA OPERACIONALIZAÇÃO VIA CARTÃO ALIMENTAÇÃO. CONFORME DRO 093/2026, DELIBERAÇÃO 344/2025 E OFÍCIO 014/2026 - SEMAS.";29/01/26 00:00;900,00;0,00;150,00;0,00;0,00;0,00;0,00;0,00;0,00;0,00;0,00;0,00;8297303;IARONI DAS GRAÇAS BARRETO;;;393;56;2312;8;244;3.3.90.48.00.00.00.00;1.661.000.0000;33904800000000;0,00;0,00;900,00;MANUTENÇÃO DE BENEFICIOS EVENTUAIS;OUTROS AUXÍLIOS FINANCEIROS A PESSOAS FÍSICAS
Especificação: ;;"EMPENHO PARA COBRIR DESPESA COM PAGAMENTO DE BENEFÍCIO EVENTUAL ""AUXILIO ALIMENTAÇÃO"" NA MODALIDADE PECÚNIA, EM RAZÃO DA RESCISÃO CONTRATUAL COM A EMPRESA ANTERIORMENTE RESPONSÁEL PELA OPERACIONALIZAÇÃO VIA CARTÃO ALIMENTAÇÃO. CONFORME DRO 093/2026, DELIBERAÇÃO 344/2025 E OFÍCIO 014/2026 - SEMAS.";;;;;;;;;;;;;;;;;;;;;;;;;;;;;;;;;;;;;
668;PREFEITURA MUNICIPAL DE BARBACENA;;30672049;133;2026;GLOBAL;0;0;"EMPENHO PARA COBRIR DESPESA COM PAGAMENTO DE BENEFÍCIO EVENTUAL ""AUXILIO ALIMENTAÇÃO"" NA MODALIDADE PECÚNIA, EM RAZÃO DA RESCISÃO CONTRATUAL COM A EMPRESA ANTERIORMENTE RESPONSÁEL PELA OPERACIONALIZAÇÃO VIA CARTÃO ALIMENTAÇÃO. CONFORME DRO 093/2026, DELIBERAÇÃO 344/2025 E OFÍCIO 014/2026 - SEMAS.";29/01/26 00:00;900,00;0,00;150,00;0,00;0,00;0,00;0,00;0,00;0,00;0,00;0,00;0,00;4171176;JESUS DE OLIVEIRA;;;393;56;2312;8;244;3.3.90.48.00.00.00.00;1.661.000.0000;33904800000000;0,00;0,00;900,00;MANUTENÇÃO DE BENEFICIOS EVENTUAIS;OUTROS AUXÍLIOS FINANCEIROS A PESSOAS FÍSICAS
Especificação: ;;"EMPENHO PARA COBRIR DESPESA COM PAGAMENTO DE BENEFÍCIO EVENTUAL ""AUXILIO ALIMENTAÇÃO"" NA MODALIDADE PECÚNIA, EM RAZÃO DA RESCISÃO CONTRATUAL COM A EMPRESA ANTERIORMENTE RESPONSÁEL PELA OPERACIONALIZAÇÃO VIA CARTÃO ALIMENTAÇÃO. CONFORME DRO 093/2026, DELIBERAÇÃO 344/2025 E OFÍCIO 014/2026 - SEMAS.";;;;;;;;;;;;;;;;;;;;;;;;;;;;;;;;;;;;;
668;PREFEITURA MUNICIPAL DE BARBACENA;;30672065;134;2026;GLOBAL;0;0;"EMPENHO PARA COBRIR DESPESA COM PAGAMENTO DE BENEFÍCIO EVENTUAL ""AUXILIO ALIMENTAÇÃO"" NA MODALIDADE PECÚNIA, EM RAZÃO DA RESCISÃO CONTRATUAL COM A EMPRESA ANTERIORMENTE RESPONSÁEL PELA OPERACIONALIZAÇÃO VIA CARTÃO ALIMENTAÇÃO. CONFORME DRO 093/2026, DELIBERAÇÃO 344/2025 E OFÍCIO 014/2026 - SEMAS.";29/01/26 00:00;900,00;0,00;150,00;0,00;0,00;0,00;0,00;0,00;0,00;0,00;0,00;0,00;8297308;JOCASTA PATRICIA RAPOSO PASSA;;;393;56;2312;8;244;3.3.90.48.00.00.00.00;1.661.000.0000;33904800000000;0,00;0,00;900,00;MANUTENÇÃO DE BENEFICIOS EVENTUAIS;OUTROS AUXÍLIOS FINANCEIROS A PESSOAS FÍSICAS
Especificação: ;;"EMPENHO PARA COBRIR DESPESA COM PAGAMENTO DE BENEFÍCIO EVENTUAL ""AUXILIO ALIMENTAÇÃO"" NA MODALIDADE PECÚNIA, EM RAZÃO DA RESCISÃO CONTRATUAL COM A EMPRESA ANTERIORMENTE RESPONSÁEL PELA OPERACIONALIZAÇÃO VIA CARTÃO ALIMENTAÇÃO. CONFORME DRO 093/2026, DELIBERAÇÃO 344/2025 E OFÍCIO 014/2026 - SEMAS.";;;;;;;;;;;;;;;;;;;;;;;;;;;;;;;;;;;;;
668;PREFEITURA MUNICIPAL DE BARBACENA;;30672083;135;2026;GLOBAL;0;0;"EMPENHO PARA COBRIR DESPESA COM PAGAMENTO DE BENEFÍCIO EVENTUAL ""AUXILIO ALIMENTAÇÃO"" NA MODALIDADE PECÚNIA, EM RAZÃO DA RESCISÃO CONTRATUAL COM A EMPRESA ANTERIORMENTE RESPONSÁEL PELA OPERACIONALIZAÇÃO VIA CARTÃO ALIMENTAÇÃO. CONFORME DRO 093/2026, DELIBERAÇÃO 344/2025 E OFÍCIO 014/2026 - SEMAS.";29/01/26 00:00;900,00;0,00;150,00;0,00;0,00;0,00;0,00;0,00;0,00;0,00;0,00;0,00;8297310;JULIO CEZAR APARECIDO GARCIA;;;393;56;2312;8;244;3.3.90.48.00.00.00.00;1.661.000.0000;33904800000000;0,00;0,00;900,00;MANUTENÇÃO DE BENEFICIOS EVENTUAIS;OUTROS AUXÍLIOS FINANCEIROS A PESSOAS FÍSICAS
Especificação: ;;"EMPENHO PARA COBRIR DESPESA COM PAGAMENTO DE BENEFÍCIO EVENTUAL ""AUXILIO ALIMENTAÇÃO"" NA MODALIDADE PECÚNIA, EM RAZÃO DA RESCISÃO CONTRATUAL COM A EMPRESA ANTERIORMENTE RESPONSÁEL PELA OPERACIONALIZAÇÃO VIA CARTÃO ALIMENTAÇÃO. CONFORME DRO 093/2026, DELIBERAÇÃO 344/2025 E OFÍCIO 014/2026 - SEMAS.";;;;;;;;;;;;;;;;;;;;;;;;;;;;;;;;;;;;;
668;PREFEITURA MUNICIPAL DE BARBACENA;;30672088;136;2026;GLOBAL;0;0;"EMPENHO PARA COBRIR DESPESA COM PAGAMENTO DE BENEFÍCIO EVENTUAL ""AUXILIO ALIMENTAÇÃO"" NA MODALIDADE PECÚNIA, EM RAZÃO DA RESCISÃO CONTRATUAL COM A EMPRESA ANTERIORMENTE RESPONSÁEL PELA OPERACIONALIZAÇÃO VIA CARTÃO ALIMENTAÇÃO. CONFORME DRO 093/2026, DELIBERAÇÃO 344/2025 E OFÍCIO 014/2026 - SEMAS.";29/01/26 00:00;900,00;0,00;150,00;0,00;0,00;0,00;0,00;0,00;0,00;0,00;0,00;0,00;8297313;LUCILENE DE OLIVEIRA LOURENÇO;;;393;56;2312;8;244;3.3.90.48.00.00.00.00;1.661.000.0000;33904800000000;0,00;0,00;900,00;MANUTENÇÃO DE BENEFICIOS EVENTUAIS;OUTROS AUXÍLIOS FINANCEIROS A PESSOAS FÍSICAS
Especificação: ;;"EMPENHO PARA COBRIR DESPESA COM PAGAMENTO DE BENEFÍCIO EVENTUAL ""AUXILIO ALIMENTAÇÃO"" NA MODALIDADE PECÚNIA, EM RAZÃO DA RESCISÃO CONTRATUAL COM A EMPRESA ANTERIORMENTE RESPONSÁEL PELA OPERACIONALIZAÇÃO VIA CARTÃO ALIMENTAÇÃO. CONFORME DRO 093/2026, DELIBERAÇÃO 344/2025 E OFÍCIO 014/2026 - SEMAS.";;;;;;;;;;;;;;;;;;;;;;;;;;;;;;;;;;;;;
668;PREFEITURA MUNICIPAL DE BARBACENA;;30672103;137;2026;GLOBAL;0;0;"EMPENHO PARA COBRIR DESPESA COM PAGAMENTO DE BENEFÍCIO EVENTUAL ""AUXILIO ALIMENTAÇÃO"" NA MODALIDADE PECÚNIA, EM RAZÃO DA RESCISÃO CONTRATUAL COM A EMPRESA ANTERIORMENTE RESPONSÁEL PELA OPERACIONALIZAÇÃO VIA CARTÃO ALIMENTAÇÃO. CONFORME DRO 093/2026, DELIBERAÇÃO 344/2025 E OFÍCIO 014/2026 - SEMAS.";29/01/26 00:00;900,00;0,00;150,00;0,00;0,00;0,00;0,00;0,00;0,00;0,00;0,00;0,00;8297316;MARIANA APARECIDA MARTINS SANTOS;;;393;56;2312;8;244;3.3.90.48.00.00.00.00;1.661.000.0000;33904800000000;0,00;0,00;900,00;MANUTENÇÃO DE BENEFICIOS EVENTUAIS;OUTROS AUXÍLIOS FINANCEIROS A PESSOAS FÍSICAS
Especificação: ;;"EMPENHO PARA COBRIR DESPESA COM PAGAMENTO DE BENEFÍCIO EVENTUAL ""AUXILIO ALIMENTAÇÃO"" NA MODALIDADE PECÚNIA, EM RAZÃO DA RESCISÃO CONTRATUAL COM A EMPRESA ANTERIORMENTE RESPONSÁEL PELA OPERACIONALIZAÇÃO VIA CARTÃO ALIMENTAÇÃO. CONFORME DRO 093/2026, DELIBERAÇÃO 344/2025 E OFÍCIO 014/2026 - SEMAS.";;;;;;;;;;;;;;;;;;;;;;;;;;;;;;;;;;;;;
668;PREFEITURA MUNICIPAL DE BARBACENA;;30672119;138;2026;GLOBAL;0;0;"EMPENHO PARA COBRIR DESPESA COM PAGAMENTO DE BENEFÍCIO EVENTUAL ""AUXILIO ALIMENTAÇÃO"" NA MODALIDADE PECÚNIA, EM RAZÃO DA RESCISÃO CONTRATUAL COM A EMPRESA ANTERIORMENTE RESPONSÁEL PELA OPERACIONALIZAÇÃO VIA CARTÃO ALIMENTAÇÃO. CONFORME DRO 093/2026, DELIBERAÇÃO 344/2025 E OFÍCIO 014/2026 - SEMAS.";29/01/26 00:00;900,00;0,00;150,00;0,00;0,00;0,00;0,00;0,00;0,00;0,00;0,00;0,00;8297317;NATHALIA CRISTINA COIMBRA;;;393;56;2312;8;244;3.3.90.48.00.00.00.00;1.661.000.0000;33904800000000;0,00;0,00;900,00;MANUTENÇÃO DE BENEFICIOS EVENTUAIS;OUTROS AUXÍLIOS FINANCEIROS A PESSOAS FÍSICAS
Especificação: ;;"EMPENHO PARA COBRIR DESPESA COM PAGAMENTO DE BENEFÍCIO EVENTUAL ""AUXILIO ALIMENTAÇÃO"" NA MODALIDADE PECÚNIA, EM RAZÃO DA RESCISÃO CONTRATUAL COM A EMPRESA ANTERIORMENTE RESPONSÁEL PELA OPERACIONALIZAÇÃO VIA CARTÃO ALIMENTAÇÃO. CONFORME DRO 093/2026, DELIBERAÇÃO 344/2025 E OFÍCIO 014/2026 - SEMAS.";;;;;;;;;;;;;;;;;;;;;;;;;;;;;;;;;;;;;
668;PREFEITURA MUNICIPAL DE BARBACENA;;30672136;139;2026;GLOBAL;0;0;"EMPENHO PARA COBRIR DESPESA COM PAGAMENTO DE BENEFÍCIO EVENTUAL ""AUXILIO ALIMENTAÇÃO"" NA MODALIDADE PECÚNIA, EM RAZÃO DA RESCISÃO CONTRATUAL COM A EMPRESA ANTERIORMENTE RESPONSÁEL PELA OPERACIONALIZAÇÃO VIA CARTÃO ALIMENTAÇÃO. CONFORME DRO 093/2026, DELIBERAÇÃO 344/2025 E OFÍCIO 014/2026 - SEMAS.";29/01/26 00:00;450,00;0,00;150,00;0,00;0,00;0,00;0,00;0,00;0,00;0,00;0,00;0,00;8297318;PAMELA DE CASTRO SILVA;;;393;56;2312;8;244;3.3.90.48.00.00.00.00;1.661.000.0000;33904800000000;0,00;0,00;450,00;MANUTENÇÃO DE BENEFICIOS EVENTUAIS;OUTROS AUXÍLIOS FINANCEIROS A PESSOAS FÍSICAS
Especificação: ;;"EMPENHO PARA COBRIR DESPESA COM PAGAMENTO DE BENEFÍCIO EVENTUAL ""AUXILIO ALIMENTAÇÃO"" NA MODALIDADE PECÚNIA, EM RAZÃO DA RESCISÃO CONTRATUAL COM A EMPRESA ANTERIORMENTE RESPONSÁEL PELA OPERACIONALIZAÇÃO VIA CARTÃO ALIMENTAÇÃO. CONFORME DRO 093/2026, DELIBERAÇÃO 344/2025 E OFÍCIO 014/2026 - SEMAS.";;;;;;;;;;;;;;;;;;;;;;;;;;;;;;;;;;;;;
668;PREFEITURA MUNICIPAL DE BARBACENA;;30672150;140;2026;GLOBAL;0;0;"EMPENHO PARA COBRIR DESPESA COM PAGAMENTO DE BENEFÍCIO EVENTUAL ""AUXILIO ALIMENTAÇÃO"" NA MODALIDADE PECÚNIA, EM RAZÃO DA RESCISÃO CONTRATUAL COM A EMPRESA ANTERIORMENTE RESPONSÁEL PELA OPERACIONALIZAÇÃO VIA CARTÃO ALIMENTAÇÃO. CONFORME DRO 093/2026, DELIBERAÇÃO 344/2025 E OFÍCIO 014/2026 - SEMAS.";29/01/26 00:00;900,00;0,00;150,00;0,00;0,00;0,00;0,00;0,00;0,00;0,00;0,00;0,00;8297320;REGISLEI FERREIRA DA COSTA;;;393;56;2312;8;244;3.3.90.48.00.00.00.00;1.661.000.0000;33904800000000;0,00;0,00;900,00;MANUTENÇÃO DE BENEFICIOS EVENTUAIS;OUTROS AUXÍLIOS FINANCEIROS A PESSOAS FÍSICAS
Especificação: ;;"EMPENHO PARA COBRIR DESPESA COM PAGAMENTO DE BENEFÍCIO EVENTUAL ""AUXILIO ALIMENTAÇÃO"" NA MODALIDADE PECÚNIA, EM RAZÃO DA RESCISÃO CONTRATUAL COM A EMPRESA ANTERIORMENTE RESPONSÁEL PELA OPERACIONALIZAÇÃO VIA CARTÃO ALIMENTAÇÃO. CONFORME DRO 093/2026, DELIBERAÇÃO 344/2025 E OFÍCIO 014/2026 - SEMAS.";;;;;;;;;;;;;;;;;;;;;;;;;;;;;;;;;;;;;
668;PREFEITURA MUNICIPAL DE BARBACENA;;30672165;141;2026;GLOBAL;0;0;"EMPENHO PARA COBRIR DESPESA COM PAGAMENTO DE BENEFÍCIO EVENTUAL ""AUXILIO ALIMENTAÇÃO"" NA MODALIDADE PECÚNIA, EM RAZÃO DA RESCISÃO CONTRATUAL COM A EMPRESA ANTERIORMENTE RESPONSÁEL PELA OPERACIONALIZAÇÃO VIA CARTÃO ALIMENTAÇÃO. CONFORME DRO 093/2026, DELIBERAÇÃO 344/2025 E OFÍCIO 014/2026 - SEMAS.";29/01/26 00:00;300,00;0,00;150,00;0,00;0,00;0,00;0,00;0,00;0,00;0,00;0,00;0,00;8297326;SEBASTIÃO BATISTA NETO;;;393;56;2312;8;244;3.3.90.48.00.00.00.00;1.661.000.0000;33904800000000;0,00;0,00;300,00;MANUTENÇÃO DE BENEFICIOS EVENTUAIS;OUTROS AUXÍLIOS FINANCEIROS A PESSOAS FÍSICAS
Especificação: ;;"EMPENHO PARA COBRIR DESPESA COM PAGAMENTO DE BENEFÍCIO EVENTUAL ""AUXILIO ALIMENTAÇÃO"" NA MODALIDADE PECÚNIA, EM RAZÃO DA RESCISÃO CONTRATUAL COM A EMPRESA ANTERIORMENTE RESPONSÁEL PELA OPERACIONALIZAÇÃO VIA CARTÃO ALIMENTAÇÃO. CONFORME DRO 093/2026, DELIBERAÇÃO 344/2025 E OFÍCIO 014/2026 - SEMAS.";;;;;;;;;;;;;;;;;;;;;;;;;;;;;;;;;;;;;
668;PREFEITURA MUNICIPAL DE BARBACENA;;30672182;142;2026;GLOBAL;0;0;"EMPENHO PARA COBRIR DESPESA COM PAGAMENTO DE BENEFÍCIO EVENTUAL ""AUXILIO ALIMENTAÇÃO"" NA MODALIDADE PECÚNIA, EM RAZÃO DA RESCISÃO CONTRATUAL COM A EMPRESA ANTERIORMENTE RESPONSÁEL PELA OPERACIONALIZAÇÃO VIA CARTÃO ALIMENTAÇÃO. CONFORME DRO 093/2026, DELIBERAÇÃO 344/2025 E OFÍCIO 014/2026 - SEMAS.";29/01/26 00:00;300,00;0,00;150,00;0,00;0,00;0,00;0,00;0,00;0,00;0,00;0,00;0,00;8297330;SILVIA AMELIA PINTO;;;393;56;2312;8;244;3.3.90.48.00.00.00.00;1.661.000.0000;33904800000000;0,00;0,00;300,00;MANUTENÇÃO DE BENEFICIOS EVENTUAIS;OUTROS AUXÍLIOS FINANCEIROS A PESSOAS FÍSICAS
Especificação: ;;"EMPENHO PARA COBRIR DESPESA COM PAGAMENTO DE BENEFÍCIO EVENTUAL ""AUXILIO ALIMENTAÇÃO"" NA MODALIDADE PECÚNIA, EM RAZÃO DA RESCISÃO CONTRATUAL COM A EMPRESA ANTERIORMENTE RESPONSÁEL PELA OPERACIONALIZAÇÃO VIA CARTÃO ALIMENTAÇÃO. CONFORME DRO 093/2026, DELIBERAÇÃO 344/2025 E OFÍCIO 014/2026 - SEMAS.";;;;;;;;;;;;;;;;;;;;;;;;;;;;;;;;;;;;;
668;PREFEITURA MUNICIPAL DE BARBACENA;;30672194;143;2026;GLOBAL;0;0;"EMPENHO PARA COBRIR DESPESA COM PAGAMENTO DE BENEFÍCIO EVENTUAL ""AUXILIO ALIMENTAÇÃO"" NA MODALIDADE PECÚNIA, EM RAZÃO DA RESCISÃO CONTRATUAL COM A EMPRESA ANTERIORMENTE RESPONSÁEL PELA OPERACIONALIZAÇÃO VIA CARTÃO ALIMENTAÇÃO. CONFORME DRO 093/2026, DELIBERAÇÃO 344/2025 E OFÍCIO 014/2026 - SEMAS.";29/01/26 00:00;450,00;0,00;150,00;0,00;0,00;0,00;0,00;0,00;0,00;0,00;0,00;0,00;8297342;SUELI CONCEICAO DA SILVA;;;393;56;2312;8;244;3.3.90.48.00.00.00.00;1.661.000.0000;33904800000000;0,00;0,00;450,00;MANUTENÇÃO DE BENEFICIOS EVENTUAIS;OUTROS AUXÍLIOS FINANCEIROS A PESSOAS FÍSICAS
Especificação: ;;"EMPENHO PARA COBRIR DESPESA COM PAGAMENTO DE BENEFÍCIO EVENTUAL ""AUXILIO ALIMENTAÇÃO"" NA MODALIDADE PECÚNIA, EM RAZÃO DA RESCISÃO CONTRATUAL COM A EMPRESA ANTERIORMENTE RESPONSÁEL PELA OPERACIONALIZAÇÃO VIA CARTÃO ALIMENTAÇÃO. CONFORME DRO 093/2026, DELIBERAÇÃO 344/2025 E OFÍCIO 014/2026 - SEMAS.";;;;;;;;;;;;;;;;;;;;;;;;;;;;;;;;;;;;;
668;PREFEITURA MUNICIPAL DE BARBACENA;;30672220;144;2026;GLOBAL;0;0;"EMPENHO PARA COBRIR DESPESA COM PAGAMENTO DE BENEFÍCIO EVENTUAL ""AUXILIO ALIMENTAÇÃO"" NA MODALIDADE PECÚNIA, EM RAZÃO DA RESCISÃO CONTRATUAL COM A EMPRESA ANTERIORMENTE RESPONSÁEL PELA OPERACIONALIZAÇÃO VIA CARTÃO ALIMENTAÇÃO. CONFORME DRO 093/2026, DELIBERAÇÃO 344/2025 E OFÍCIO 014/2026 - SEMAS.";29/01/26 00:00;900,00;0,00;150,00;0,00;0,00;0,00;0,00;0,00;0,00;0,00;0,00;0,00;8297344;TARCISIO JOSE DA COSTA;;;393;56;2312;8;244;3.3.90.48.00.00.00.00;1.661.000.0000;33904800000000;0,00;0,00;900,00;MANUTENÇÃO DE BENEFICIOS EVENTUAIS;OUTROS AUXÍLIOS FINANCEIROS A PESSOAS FÍSICAS
Especificação: ;;"EMPENHO PARA COBRIR DESPESA COM PAGAMENTO DE BENEFÍCIO EVENTUAL ""AUXILIO ALIMENTAÇÃO"" NA MODALIDADE PECÚNIA, EM RAZÃO DA RESCISÃO CONTRATUAL COM A EMPRESA ANTERIORMENTE RESPONSÁEL PELA OPERACIONALIZAÇÃO VIA CARTÃO ALIMENTAÇÃO. CONFORME DRO 093/2026, DELIBERAÇÃO 344/2025 E OFÍCIO 014/2026 - SEMAS.";;;;;;;;;;;;;;;;;;;;;;;;;;;;;;;;;;;;;
668;PREFEITURA MUNICIPAL DE BARBACENA;;30672231;145;2026;GLOBAL;0;0;"EMPENHO PARA COBRIR DESPESA COM PAGAMENTO DE BENEFÍCIO EVENTUAL ""AUXILIO ALIMENTAÇÃO"" NA MODALIDADE PECÚNIA, EM RAZÃO DA RESCISÃO CONTRATUAL COM A EMPRESA ANTERIORMENTE RESPONSÁEL PELA OPERACIONALIZAÇÃO VIA CARTÃO ALIMENTAÇÃO. CONFORME DRO 093/2026, DELIBERAÇÃO 344/2025 E OFÍCIO 014/2026 - SEMAS.";29/01/26 00:00;900,00;0,00;150,00;0,00;0,00;0,00;0,00;0,00;0,00;0,00;0,00;0,00;8297348;VANESSA FRADICO DE LIMA;;;393;56;2312;8;244;3.3.90.48.00.00.00.00;1.661.000.0000;33904800000000;0,00;0,00;900,00;MANUTENÇÃO DE BENEFICIOS EVENTUAIS;OUTROS AUXÍLIOS FINANCEIROS A PESSOAS FÍSICAS
Especificação: ;;"EMPENHO PARA COBRIR DESPESA COM PAGAMENTO DE BENEFÍCIO EVENTUAL ""AUXILIO ALIMENTAÇÃO"" NA MODALIDADE PECÚNIA, EM RAZÃO DA RESCISÃO CONTRATUAL COM A EMPRESA ANTERIORMENTE RESPONSÁEL PELA OPERACIONALIZAÇÃO VIA CARTÃO ALIMENTAÇÃO. CONFORME DRO 093/2026, DELIBERAÇÃO 344/2025 E OFÍCIO 014/2026 - SEMAS.";;;;;;;;;;;;;;;;;;;;;;;;;;;;;;;;;;;;;
668;PREFEITURA MUNICIPAL DE BARBACENA;;30672399;146;2026;GLOBAL;0;0;"EMPENHO PARA COBRIR DESPESA COM PAGAMENTO DE BENEFÍCIO EVENTUAL ""AUXILIO ALIMENTAÇÃO"" NA MODALIDADE PECÚNIA, EM RAZÃO DA RESCISÃO CONTRATUAL COM A EMPRESA ANTERIORMENTE RESPONSÁEL PELA OPERACIONALIZAÇÃO VIA CARTÃO ALIMENTAÇÃO. CONFORME DRO 093/2026, DELIBERAÇÃO 344/2025 E OFÍCIO 001/2026/CRAS NOVA CIDADE - SEMAS.";29/01/26 00:00;900,00;0,00;150,00;0,00;0,00;0,00;0,00;0,00;0,00;0,00;0,00;0,00;8297354;JÉSSICA CAROLINE ROSA;;;393;56;2312;8;244;3.3.90.48.00.00.00.00;1.661.000.0000;33904800000000;0,00;0,00;900,00;MANUTENÇÃO DE BENEFICIOS EVENTUAIS;OUTROS AUXÍLIOS FINANCEIROS A PESSOAS FÍSICAS
Especificação: ;;"EMPENHO PARA COBRIR DESPESA COM PAGAMENTO DE BENEFÍCIO EVENTUAL ""AUXILIO ALIMENTAÇÃO"" NA MODALIDADE PECÚNIA, EM RAZÃO DA RESCISÃO CONTRATUAL COM A EMPRESA ANTERIORMENTE RESPONSÁEL PELA OPERACIONALIZAÇÃO VIA CARTÃO ALIMENTAÇÃO. CONFORME DRO 093/2026, DELIBERAÇÃO 344/2025 E OFÍCIO 001/2026/CRAS NOVA CIDADE - SEMAS.";;;;;;;;;;;;;;;;;;;;;;;;;;;;;;;;;;;;;
668;PREFEITURA MUNICIPAL DE BARBACENA;;30672454;147;2026;GLOBAL;0;0;"EMPENHO PARA COBRIR DESPESA COM PAGAMENTO DE BENEFÍCIO EVENTUAL ""AUXILIO ALIMENTAÇÃO"" NA MODALIDADE PECÚNIA, EM RAZÃO DA RESCISÃO CONTRATUAL COM A EMPRESA ANTERIORMENTE RESPONSÁEL PELA OPERACIONALIZAÇÃO VIA CARTÃO ALIMENTAÇÃO. CONFORME DRO 093/2026, DELIBERAÇÃO 344/2025 E OFÍCIO 01/2026/CRAS NOVA CIDADE - SEMAS.";29/01/26 00:00;300,00;0,00;150,00;0,00;0,00;0,00;0,00;0,00;0,00;0,00;0,00;0,00;8297356;BIANCA EUSTAQUIO MENDES CAMILO;;;393;56;2312;8;244;3.3.90.48.00.00.00.00;1.661.000.0000;33904800000000;0,00;0,00;300,00;MANUTENÇÃO DE BENEFICIOS EVENTUAIS;OUTROS AUXÍLIOS FINANCEIROS A PESSOAS FÍSICAS
Especificação: ;;"EMPENHO PARA COBRIR DESPESA COM PAGAMENTO DE BENEFÍCIO EVENTUAL ""AUXILIO ALIMENTAÇÃO"" NA MODALIDADE PECÚNIA, EM RAZÃO DA RESCISÃO CONTRATUAL COM A EMPRESA ANTERIORMENTE ";;;;;;;;;;;;;;;;;;;;;;;;;;;;;;;;;;;;;
;;RESPONSÁEL PELA OPERACIONALIZAÇÃO VIA CARTÃO ALIMENTAÇÃO. CONFORME DRO 093/2026, DELIBERAÇÃO 344/2025 E OFÍCIO 01/2026/CRAS NOVA CIDADE - SEMAS.;;;;;;;;;;;;;;;;;;;;;;;;;;;;;;;;;;;;;
668;PREFEITURA MUNICIPAL DE BARBACENA;;30672647;148;2026;GLOBAL;0;0;"EMPENHO PARA COBRIR DESPESA COM PAGAMENTO DE BENEFÍCIO EVENTUAL ""AUXILIO ALIMENTAÇÃO"" NA MODALIDADE PECÚNIA, EM RAZÃO DA RESCISÃO CONTRATUAL COM A EMPRESA ANTERIORMENTE RESPONSÁEL PELA OPERACIONALIZAÇÃO VIA CARTÃO ALIMENTAÇÃO. CONFORME DRO 093/2026, DELIBERAÇÃO 344/2025 E OFÍCIO 01/2026/CRAS NOVA CIDADE - SEMAS.";29/01/26 00:00;900,00;0,00;150,00;0,00;0,00;0,00;0,00;0,00;0,00;0,00;0,00;0,00;8297358;MAIARA CRISTINA DIAS;;;393;56;2312;8;244;3.3.90.48.00.00.00.00;1.661.000.0000;33904800000000;0,00;0,00;900,00;MANUTENÇÃO DE BENEFICIOS EVENTUAIS;OUTROS AUXÍLIOS FINANCEIROS A PESSOAS FÍSICAS
Especificação: ;;"EMPENHO PARA COBRIR DESPESA COM PAGAMENTO DE BENEFÍCIO EVENTUAL ""AUXILIO ALIMENTAÇÃO"" NA MODALIDADE PECÚNIA, EM RAZÃO DA RESCISÃO CONTRATUAL COM A EMPRESA ANTERIORMENTE RESPONSÁEL PELA OPERACIONALIZAÇÃO VIA CARTÃO ALIMENTAÇÃO. CONFORME DRO 093/2026, DELIBERAÇÃO 344/2025 E OFÍCIO 01/2026/CRAS NOVA CIDADE - SEMAS.";;;;;;;;;;;;;;;;;;;;;;;;;;;;;;;;;;;;;
668;PREFEITURA MUNICIPAL DE BARBACENA;;30672690;149;2026;GLOBAL;0;0;"EMPENHO PARA COBRIR DESPESA COM PAGAMENTO DE BENEFÍCIO EVENTUAL ""AUXILIO ALIMENTAÇÃO"" NA MODALIDADE PECÚNIA, EM RAZÃO DA RESCISÃO CONTRATUAL COM A EMPRESA ANTERIORMENTE RESPONSÁEL PELA OPERACIONALIZAÇÃO VIA CARTÃO ALIMENTAÇÃO. CONFORME DRO 093/2026, DELIBERAÇÃO 344/2025 E OFÍCIO 01/2026/CRAS NOVA CIDADE - SEMAS.";29/01/26 00:00;900,00;0,00;150,00;0,00;0,00;0,00;0,00;0,00;0,00;0,00;0,00;0,00;8297359;ANA PAULA MENDES PAIVA;;;393;56;2312;8;244;3.3.90.48.00.00.00.00;1.661.000.0000;33904800000000;0,00;0,00;900,00;MANUTENÇÃO DE BENEFICIOS EVENTUAIS;OUTROS AUXÍLIOS FINANCEIROS A PESSOAS FÍSICAS
Especificação: ;;"EMPENHO PARA COBRIR DESPESA COM PAGAMENTO DE BENEFÍCIO EVENTUAL ""AUXILIO ALIMENTAÇÃO"" NA MODALIDADE PECÚNIA, EM RAZÃO DA RESCISÃO CONTRATUAL COM A EMPRESA ANTERIORMENTE RESPONSÁEL PELA OPERACIONALIZAÇÃO VIA CARTÃO ALIMENTAÇÃO. CONFORME DRO 093/2026, DELIBERAÇÃO 344/2025 E OFÍCIO 01/2026/CRAS NOVA CIDADE - SEMAS.";;;;;;;;;;;;;;;;;;;;;;;;;;;;;;;;;;;;;
668;PREFEITURA MUNICIPAL DE BARBACENA;;30672723;150;2026;GLOBAL;0;0;"EMPENHO PARA COBRIR DESPESA COM PAGAMENTO DE BENEFÍCIO EVENTUAL ""AUXILIO ALIMENTAÇÃO"" NA MODALIDADE PECÚNIA, EM RAZÃO DA RESCISÃO CONTRATUAL COM A EMPRESA ANTERIORMENTE RESPONSÁEL PELA OPERACIONALIZAÇÃO VIA CARTÃO ALIMENTAÇÃO. CONFORME DRO 093/2026, DELIBERAÇÃO 344/2025 E OFÍCIO 01/2026/CRAS NOVA CIDADE - SEMAS.";29/01/26 00:00;900,00;0,00;150,00;0,00;0,00;0,00;0,00;0,00;0,00;0,00;0,00;0,00;8297363;EDNEA SILVA BARROS;;;393;56;2312;8;244;3.3.90.48.00.00.00.00;1.661.000.0000;33904800000000;0,00;0,00;900,00;MANUTENÇÃO DE BENEFICIOS EVENTUAIS;OUTROS AUXÍLIOS FINANCEIROS A PESSOAS FÍSICAS
Especificação: ;;"EMPENHO PARA COBRIR DESPESA COM PAGAMENTO DE BENEFÍCIO EVENTUAL ""AUXILIO ALIMENTAÇÃO"" NA MODALIDADE PECÚNIA, EM RAZÃO DA RESCISÃO CONTRATUAL COM A EMPRESA ANTERIORMENTE RESPONSÁEL PELA OPERACIONALIZAÇÃO VIA CARTÃO ALIMENTAÇÃO. CONFORME DRO 093/2026, DELIBERAÇÃO 344/2025 E OFÍCIO 01/2026/CRAS NOVA CIDADE - SEMAS.";;;;;;;;;;;;;;;;;;;;;;;;;;;;;;;;;;;;;
668;PREFEITURA MUNICIPAL DE BARBACENA;;30672741;151;2026;GLOBAL;0;0;"EMPENHO PARA COBRIR DESPESA COM PAGAMENTO DE BENEFÍCIO EVENTUAL ""AUXILIO ALIMENTAÇÃO"" NA MODALIDADE PECÚNIA, EM RAZÃO DA RESCISÃO CONTRATUAL COM A EMPRESA ANTERIORMENTE RESPONSÁEL PELA OPERACIONALIZAÇÃO VIA CARTÃO ALIMENTAÇÃO. CONFORME DRO 093/2026, DELIBERAÇÃO 344/2025 E OFÍCIO 01/2026/CRAS NOVA CIDADE - SEMAS.";29/01/26 00:00;900,00;0,00;150,00;0,00;0,00;0,00;0,00;0,00;0,00;0,00;0,00;0,00;8297371;LAYSA LINO SALGADO;;;393;56;2312;8;244;3.3.90.48.00.00.00.00;1.661.000.0000;33904800000000;0,00;0,00;900,00;MANUTENÇÃO DE BENEFICIOS EVENTUAIS;OUTROS AUXÍLIOS FINANCEIROS A PESSOAS FÍSICAS
Especificação: ;;"EMPENHO PARA COBRIR DESPESA COM PAGAMENTO DE BENEFÍCIO EVENTUAL ""AUXILIO ALIMENTAÇÃO"" NA MODALIDADE PECÚNIA, EM RAZÃO DA RESCISÃO CONTRATUAL COM A EMPRESA ANTERIORMENTE RESPONSÁEL PELA OPERACIONALIZAÇÃO VIA CARTÃO ALIMENTAÇÃO. CONFORME DRO 093/2026, DELIBERAÇÃO 344/2025 E OFÍCIO 01/2026/CRAS NOVA CIDADE - SEMAS.";;;;;;;;;;;;;;;;;;;;;;;;;;;;;;;;;;;;;
668;PREFEITURA MUNICIPAL DE BARBACENA;;30672781;152;2026;GLOBAL;0;0;"EMPENHO PARA COBRIR DESPESA COM PAGAMENTO DE BENEFÍCIO EVENTUAL ""AUXILIO ALIMENTAÇÃO"" NA MODALIDADE PECÚNIA, EM RAZÃO DA RESCISÃO CONTRATUAL COM A EMPRESA ANTERIORMENTE RESPONSÁEL PELA OPERACIONALIZAÇÃO VIA CARTÃO ALIMENTAÇÃO. CONFORME DRO 093/2026, DELIBERAÇÃO 344/2025 E OFÍCIO 001/2026/CRAS NOVA CIDADE - SEMAS.";29/01/26 00:00;900,00;0,00;150,00;0,00;0,00;0,00;0,00;0,00;0,00;0,00;0,00;0,00;8297374;MARIA DO PILAR ANDRADE;;;393;56;2312;8;244;3.3.90.48.00.00.00.00;1.661.000.0000;33904800000000;0,00;0,00;900,00;MANUTENÇÃO DE BENEFICIOS EVENTUAIS;OUTROS AUXÍLIOS FINANCEIROS A PESSOAS FÍSICAS
Especificação: ;;"EMPENHO PARA COBRIR DESPESA COM PAGAMENTO DE BENEFÍCIO EVENTUAL ""AUXILIO ALIMENTAÇÃO"" NA MODALIDADE PECÚNIA, EM RAZÃO DA RESCISÃO CONTRATUAL COM A EMPRESA ANTERIORMENTE RESPONSÁEL PELA OPERACIONALIZAÇÃO VIA CARTÃO ALIMENTAÇÃO. CONFORME DRO 093/2026, DELIBERAÇÃO 344/2025 E OFÍCIO 001/2026/CRAS NOVA CIDADE - SEMAS.";;;;;;;;;;;;;;;;;;;;;;;;;;;;;;;;;;;;;
668;PREFEITURA MUNICIPAL DE BARBACENA;;30673369;153;2026;GLOBAL;0;0;"EMPENHO PARA COBRIR DESPESA COM PAGAMENTO DE BENEFÍCIO EVENTUAL ""AUXILIO ALIMENTAÇÃO"" NA MODALIDADE PECÚNIA, EM RAZÃO DA RESCISÃO CONTRATUAL COM A EMPRESA ANTERIORMENTE RESPONSÁEL PELA OPERACIONALIZAÇÃO VIA CARTÃO ALIMENTAÇÃO. CONFORME DRO 093/2026, DELIBERAÇÃO 344/2025 E OFÍCIO 018/2026/CREAS - SEMAS.";29/01/26 00:00;900,00;0,00;150,00;0,00;0,00;0,00;0,00;0,00;0,00;0,00;0,00;0,00;8297411;TATIANA DE SOUZA RIBEIRO;;;393;56;2312;8;244;3.3.90.48.00.00.00.00;1.661.000.0000;33904800000000;0,00;0,00;900,00;MANUTENÇÃO DE BENEFICIOS EVENTUAIS;OUTROS AUXÍLIOS FINANCEIROS A PESSOAS FÍSICAS
Especificação: ;;"EMPENHO PARA COBRIR DESPESA COM PAGAMENTO DE BENEFÍCIO EVENTUAL ""AUXILIO ALIMENTAÇÃO"" NA MODALIDADE PECÚNIA, EM RAZÃO DA RESCISÃO CONTRATUAL COM A EMPRESA ANTERIORMENTE RESPONSÁEL PELA OPERACIONALIZAÇÃO VIA CARTÃO ALIMENTAÇÃO. CONFORME DRO 093/2026, DELIBERAÇÃO 344/2025 E OFÍCIO 018/2026/CREAS - SEMAS.";;;;;;;;;;;;;;;;;;;;;;;;;;;;;;;;;;;;;
668;PREFEITURA MUNICIPAL DE BARBACENA;;30673411;154;2026;GLOBAL;0;0;"EMPENHO PARA COBRIR DESPESA COM PAGAMENTO DE BENEFÍCIO EVENTUAL ""AUXILIO ALIMENTAÇÃO"" NA MODALIDADE PECÚNIA, EM RAZÃO DA RESCISÃO CONTRATUAL COM A EMPRESA ANTERIORMENTE RESPONSÁEL PELA OPERACIONALIZAÇÃO VIA CARTÃO ALIMENTAÇÃO. CONFORME DRO 093/2026, DELIBERAÇÃO 344/2025 E OFÍCIO 018/2026/CREAS - SEMAS.";29/01/26 00:00;150,00;0,00;0,00;0,00;0,00;0,00;0,00;0,00;0,00;0,00;0,00;0,00;8297414;RAIMUNDA ISABEL CHAVES;;;393;56;2312;8;244;3.3.90.48.00.00.00.00;1.661.000.0000;33904800000000;0,00;0,00;150,00;MANUTENÇÃO DE BENEFICIOS EVENTUAIS;OUTROS AUXÍLIOS FINANCEIROS A PESSOAS FÍSICAS
Especificação: ;;"EMPENHO PARA COBRIR DESPESA COM PAGAMENTO DE BENEFÍCIO EVENTUAL ""AUXILIO ALIMENTAÇÃO"" NA MODALIDADE PECÚNIA, EM RAZÃO DA RESCISÃO CONTRATUAL COM A EMPRESA ANTERIORMENTE RESPONSÁEL PELA OPERACIONALIZAÇÃO VIA CARTÃO ALIMENTAÇÃO. CONFORME DRO 093/2026, DELIBERAÇÃO 344/2025 E OFÍCIO 018/2026/CREAS - SEMAS.";;;;;;;;;;;;;;;;;;;;;;;;;;;;;;;;;;;;;
668;PREFEITURA MUNICIPAL DE BARBACENA;;30673472;155;2026;GLOBAL;0;0;"EMPENHO PARA COBRIR DESPESA COM PAGAMENTO DE BENEFÍCIO EVENTUAL ""AUXILIO ALIMENTAÇÃO"" NA MODALIDADE PECÚNIA, EM RAZÃO DA RESCISÃO CONTRATUAL COM A EMPRESA ANTERIORMENTE RESPONSÁEL PELA OPERACIONALIZAÇÃO VIA CARTÃO ALIMENTAÇÃO. CONFORME DRO 093/2026, DELIBERAÇÃO 344/2025 E OFÍCIO 018/2026/CREAS - SEMAS.";29/01/26 00:00;900,00;0,00;0,00;0,00;0,00;0,00;0,00;0,00;0,00;0,00;0,00;0,00;8297420;ANA CAROLINA NASCIMENTO GUEDES;;;393;56;2312;8;244;3.3.90.48.00.00.00.00;1.661.000.0000;33904800000000;0,00;0,00;900,00;MANUTENÇÃO DE BENEFICIOS EVENTUAIS;OUTROS AUXÍLIOS FINANCEIROS A PESSOAS FÍSICAS
Especificação: ;;"EMPENHO PARA COBRIR DESPESA COM PAGAMENTO DE BENEFÍCIO EVENTUAL ""AUXILIO ALIMENTAÇÃO"" NA MODALIDADE PECÚNIA, EM RAZÃO DA RESCISÃO CONTRATUAL COM A EMPRESA ANTERIORMENTE RESPONSÁEL PELA OPERACIONALIZAÇÃO VIA CARTÃO ALIMENTAÇÃO. CONFORME DRO 093/2026, DELIBERAÇÃO 344/2025 E OFÍCIO 018/2026/CREAS - SEMAS.";;;;;;;;;;;;;;;;;;;;;;;;;;;;;;;;;;;;;
668;PREFEITURA MUNICIPAL DE BARBACENA;;30673506;156;2026;GLOBAL;0;0;"EMPENHO PARA COBRIR DESPESA COM PAGAMENTO DE BENEFÍCIO EVENTUAL ""AUXILIO ALIMENTAÇÃO"" NA MODALIDADE PECÚNIA, EM RAZÃO DA RESCISÃO CONTRATUAL COM A EMPRESA ANTERIORMENTE RESPONSÁEL PELA OPERACIONALIZAÇÃO VIA CARTÃO ALIMENTAÇÃO. CONFORME DRO 093/2026, DELIBERAÇÃO 344/2025 E OFÍCIO 018/2026/CREAS - SEMAS.";29/01/26 00:00;300,00;0,00;0,00;0,00;0,00;0,00;0,00;0,00;0,00;0,00;0,00;0,00;6879002;GREICE MARIA DA SILVA;;;393;56;2312;8;244;3.3.90.48.00.00.00.00;1.661.000.0000;33904800000000;0,00;0,00;300,00;MANUTENÇÃO DE BENEFICIOS EVENTUAIS;OUTROS AUXÍLIOS FINANCEIROS A PESSOAS FÍSICAS
Especificação: ;;"EMPENHO PARA COBRIR DESPESA COM PAGAMENTO DE BENEFÍCIO EVENTUAL ""AUXILIO ALIMENTAÇÃO"" NA MODALIDADE PECÚNIA, EM RAZÃO DA RESCISÃO CONTRATUAL COM A EMPRESA ANTERIORMENTE RESPONSÁEL PELA OPERACIONALIZAÇÃO VIA CARTÃO ALIMENTAÇÃO. CONFORME DRO 093/2026, DELIBERAÇÃO 344/2025 E OFÍCIO 018/2026/CREAS - SEMAS.";;;;;;;;;;;;;;;;;;;;;;;;;;;;;;;;;;;;;
668;PREFEITURA MUNICIPAL DE BARBACENA;;30673579;157;2026;GLOBAL;0;0;"EMPENHO PARA COBRIR DESPESA COM PAGAMENTO DE BENEFÍCIO EVENTUAL ""AUXILIO ALIMENTAÇÃO"" NA MODALIDADE PECÚNIA, EM RAZÃO DA RESCISÃO CONTRATUAL COM A EMPRESA ANTERIORMENTE RESPONSÁEL PELA OPERACIONALIZAÇÃO VIA CARTÃO ALIMENTAÇÃO. CONFORME DRO 093/2026, DELIBERAÇÃO 344/2025 E OFÍCIO 018/2026/CREAS - SEMAS.";29/01/26 00:00;900,00;0,00;0,00;0,00;0,00;0,00;0,00;0,00;0,00;0,00;0,00;0,00;8297422;DELIANE CRISTINA ARAÚJO DE PAULA;;;393;56;2312;8;244;3.3.90.48.00.00.00.00;1.661.000.0000;33904800000000;0,00;0,00;900,00;MANUTENÇÃO DE BENEFICIOS EVENTUAIS;OUTROS AUXÍLIOS FINANCEIROS A PESSOAS FÍSICAS
Especificação: ;;"EMPENHO PARA COBRIR DESPESA COM PAGAMENTO DE BENEFÍCIO EVENTUAL ""AUXILIO ALIMENTAÇÃO"" NA MODALIDADE PECÚNIA, EM RAZÃO DA RESCISÃO CONTRATUAL COM A EMPRESA ANTERIORMENTE RESPONSÁEL PELA OPERACIONALIZAÇÃO VIA CARTÃO ALIMENTAÇÃO. CONFORME DRO 093/2026, DELIBERAÇÃO 344/2025 E OFÍCIO 018/2026/CREAS - SEMAS.";;;;;;;;;;;;;;;;;;;;;;;;;;;;;;;;;;;;;
668;PREFEITURA MUNICIPAL DE BARBACENA;;30673621;158;2026;GLOBAL;0;0;"EMPENHO PARA COBRIR DESPESA COM PAGAMENTO DE BENEFÍCIO EVENTUAL ""AUXILIO ALIMENTAÇÃO"" NA MODALIDADE PECÚNIA, EM RAZÃO DA RESCISÃO CONTRATUAL COM A EMPRESA ANTERIORMENTE RESPONSÁEL PELA OPERACIONALIZAÇÃO VIA CARTÃO ALIMENTAÇÃO. CONFORME DRO 093/2026, DELIBERAÇÃO 344/2025 E OFÍCIO 018/2026/CREAS - SEMAS.";29/01/26 00:00;900,00;0,00;0,00;0,00;0,00;0,00;0,00;0,00;0,00;0,00;0,00;0,00;8297426;JOSIANE MOREITA ROSA;;;393;56;2312;8;244;3.3.90.48.00.00.00.00;1.661.000.0000;33904800000000;0,00;0,00;900,00;MANUTENÇÃO DE BENEFICIOS EVENTUAIS;OUTROS AUXÍLIOS FINANCEIROS A PESSOAS FÍSICAS
Especificação: ;;"EMPENHO PARA COBRIR DESPESA COM PAGAMENTO DE BENEFÍCIO EVENTUAL ""AUXILIO ALIMENTAÇÃO"" NA MODALIDADE PECÚNIA, EM RAZÃO DA RESCISÃO CONTRATUAL COM A EMPRESA ANTERIORMENTE RESPONSÁEL PELA OPERACIONALIZAÇÃO VIA CARTÃO ALIMENTAÇÃO. CONFORME DRO 093/2026, DELIBERAÇÃO 344/2025 E OFÍCIO 018/2026/CREAS - SEMAS.";;;;;;;;;;;;;;;;;;;;;;;;;;;;;;;;;;;;;
668;PREFEITURA MUNICIPAL DE BARBACENA;;30673724;159;2026;GLOBAL;0;0;"EMPENHO PARA COBRIR DESPESA COM PAGAMENTO DE BENEFÍCIO EVENTUAL ""AUXILIO ALIMENTAÇÃO"" NA MODALIDADE PECÚNIA, EM RAZÃO DA RESCISÃO CONTRATUAL COM A EMPRESA ANTERIORMENTE RESPONSÁEL PELA OPERACIONALIZAÇÃO VIA CARTÃO ALIMENTAÇÃO. CONFORME DRO 093/2026, DELIBERAÇÃO 344/2025 E OFÍCIO 018/2026/CREAS - SEMAS.";29/01/26 00:00;900,00;0,00;0,00;0,00;0,00;0,00;0,00;0,00;0,00;0,00;0,00;0,00;8286892;RAISSA DOS SANTOS GONÇALVES;;;393;56;2312;8;244;3.3.90.48.00.00.00.00;1.661.000.0000;33904800000000;0,00;0,00;900,00;MANUTENÇÃO DE BENEFICIOS EVENTUAIS;OUTROS AUXÍLIOS FINANCEIROS A PESSOAS FÍSICAS
Especificação: ;;"EMPENHO PARA COBRIR DESPESA COM PAGAMENTO DE BENEFÍCIO EVENTUAL ""AUXILIO ALIMENTAÇÃO"" NA MODALIDADE PECÚNIA, EM RAZÃO DA RESCISÃO CONTRATUAL COM A EMPRESA ANTERIORMENTE RESPONSÁEL PELA OPERACIONALIZAÇÃO VIA CARTÃO ALIMENTAÇÃO. CONFORME DRO 093/2026, DELIBERAÇÃO 344/2025 E OFÍCIO 018/2026/CREAS - SEMAS.";;;;;;;;;;;;;;;;;;;;;;;;;;;;;;;;;;;;;
668;PREFEITURA MUNICIPAL DE BARBACENA;;30673903;160;2026;GLOBAL;0;0;"EMPENHO PARA COBRIR DESPESA COM PAGAMENTO DE BENEFÍCIO EVENTUAL ""AUXILIO ALIMENTAÇÃO"" NA MODALIDADE PECÚNIA, EM RAZÃO DA RESCISÃO CONTRATUAL COM A EMPRESA ANTERIORMENTE RESPONSÁEL PELA OPERACIONALIZAÇÃO VIA CARTÃO ALIMENTAÇÃO. CONFORME DRO 093/2026, DELIBERAÇÃO 344/2025 E OFÍCIO 018/2026/CREAS - SEMAS.";29/01/26 00:00;900,00;0,00;0,00;0,00;0,00;0,00;0,00;0,00;0,00;0,00;0,00;0,00;8297438;SELENA DOS SANTOS AZEVEDO;;;393;56;2312;8;244;3.3.90.48.00.00.00.00;1.661.000.0000;33904800000000;0,00;0,00;900,00;MANUTENÇÃO DE BENEFICIOS EVENTUAIS;OUTROS AUXÍLIOS FINANCEIROS A PESSOAS FÍSICAS
Especificação: ;;"EMPENHO PARA COBRIR DESPESA COM PAGAMENTO DE BENEFÍCIO EVENTUAL ""AUXILIO ALIMENTAÇÃO"" NA MODALIDADE PECÚNIA, EM RAZÃO DA RESCISÃO CONTRATUAL COM A EMPRESA ANTERIORMENTE RESPONSÁEL PELA OPERACIONALIZAÇÃO VIA CARTÃO ALIMENTAÇÃO. CONFORME DRO 093/2026, DELIBERAÇÃO 344/2025 E OFÍCIO 018/2026/CREAS - SEMAS.";;;;;;;;;;;;;;;;;;;;;;;;;;;;;;;;;;;;;
668;PREFEITURA MUNICIPAL DE BARBACENA;;30691936;166;2026;GLOBAL;0;0;"EMPENHO PARA COBRIR DESPESA COM PAGAMENTO DE BENEFÍCIO EVENTUAL ""AUXILIO ALIMENTAÇÃO"" NA MODALIDADE PECÚNIA, EM RAZÃO DA RESCISÃO CONTRATUAL COM A EMPRESA ANTERIORMENTE RESPONSÁEL PELA OPERACIONALIZAÇÃO VIA CARTÃO ALIMENTAÇÃO. CONFORME DRO 093/2026, DELIBERAÇÃO 344/2025 E OFÍCIO 015/2026/CRAS SANTA MARIA - SEMAS.";29/01/26 00:00;450,00;0,00;150,00;0,00;0,00;0,00;0,00;0,00;0,00;0,00;0,00;0,00;8298589;MARIA JOSÉ SANTIAGO;;;393;56;2312;8;244;3.3.90.48.00.00.00.00;1.661.000.0000;33904800000000;0,00;0,00;450,00;MANUTENÇÃO DE BENEFICIOS EVENTUAIS;OUTROS AUXÍLIOS FINANCEIROS A PESSOAS FÍSICAS
Especificação: ;;"EMPENHO PARA COBRIR DESPESA COM PAGAMENTO DE BENEFÍCIO EVENTUAL ""AUXILIO ALIMENTAÇÃO"" NA MODALIDADE PECÚNIA, EM RAZÃO DA RESCISÃO CONTRATUAL COM A EMPRESA ANTERIORMENTE RESPONSÁEL PELA OPERACIONALIZAÇÃO VIA CARTÃO ALIMENTAÇÃO. CONFORME DRO 093/2026, DELIBERAÇÃO 344/2025 E OFÍCIO 015/2026/CRAS SANTA MARIA - SEMAS.";;;;;;;;;;;;;;;;;;;;;;;;;;;;;;;;;;;;;
668;PREFEITURA MUNICIPAL DE BARBACENA;;30691942;167;2026;GLOBAL;0;0;"EMPENHO PARA COBRIR DESPESA COM PAGAMENTO DE BENEFÍCIO EVENTUAL ""AUXILIO ALIMENTAÇÃO"" NA MODALIDADE PECÚNIA, EM RAZÃO DA RESCISÃO CONTRATUAL COM A EMPRESA ANTERIORMENTE RESPONSÁEL PELA OPERACIONALIZAÇÃO VIA CARTÃO ALIMENTAÇÃO. CONFORME DRO 093/2026, DELIBERAÇÃO 344/2025 E OFÍCIO 015/2026/CRAS SANTA MARIA - SEMAS.";29/01/26 00:00;450,00;0,00;150,00;0,00;0,00;0,00;0,00;0,00;0,00;0,00;0,00;0,00;8298591;LUCIMAR FERNANDES DE OLIVEIRA;;;393;56;2312;8;244;3.3.90.48.00.00.00.00;1.661.000.0000;33904800000000;0,00;0,00;450,00;MANUTENÇÃO DE BENEFICIOS EVENTUAIS;OUTROS AUXÍLIOS FINANCEIROS A PESSOAS FÍSICAS
Especificação: ;;"EMPENHO PARA COBRIR DESPESA COM PAGAMENTO DE BENEFÍCIO EVENTUAL ""AUXILIO ALIMENTAÇÃO"" NA MODALIDADE PECÚNIA, EM RAZÃO DA RESCISÃO CONTRATUAL COM A EMPRESA ANTERIORMENTE RESPONSÁEL PELA OPERACIONALIZAÇÃO VIA CARTÃO ALIMENTAÇÃO. CONFORME DRO 093/2026, DELIBERAÇÃO 344/2025 E OFÍCIO 015/2026/CRAS SANTA MARIA - SEMAS.";;;;;;;;;;;;;;;;;;;;;;;;;;;;;;;;;;;;;
668;PREFEITURA MUNICIPAL DE BARBACENA;;30691943;168;2026;GLOBAL;0;0;"EMPENHO PARA COBRIR DESPESA COM PAGAMENTO DE BENEFÍCIO EVENTUAL ""AUXILIO ALIMENTAÇÃO"" NA MODALIDADE PECÚNIA, EM RAZÃO DA RESCISÃO CONTRATUAL COM A EMPRESA ANTERIORMENTE RESPONSÁEL PELA OPERACIONALIZAÇÃO VIA CARTÃO ALIMENTAÇÃO. CONFORME DRO 093/2026, DELIBERAÇÃO 344/2025 E OFÍCIO 015/2026/CRAS SANTA MARIA - SEMAS.";29/01/26 00:00;450,00;0,00;150,00;0,00;0,00;0,00;0,00;0,00;0,00;0,00;0,00;0,00;8298592;BRUNO PEREIRA CHAGAS;;;393;56;2312;8;244;3.3.90.48.00.00.00.00;1.661.000.0000;33904800000000;0,00;0,00;450,00;MANUTENÇÃO DE BENEFICIOS EVENTUAIS;OUTROS AUXÍLIOS FINANCEIROS A PESSOAS FÍSICAS
Especificação: ;;"EMPENHO PARA COBRIR DESPESA COM PAGAMENTO DE BENEFÍCIO EVENTUAL ""AUXILIO ALIMENTAÇÃO"" NA MODALIDADE PECÚNIA, EM RAZÃO DA RESCISÃO CONTRATUAL COM A EMPRESA ANTERIORMENTE RESPONSÁEL PELA OPERACIONALIZAÇÃO VIA CARTÃO ALIMENTAÇÃO. CONFORME DRO 093/2026, DELIBERAÇÃO 344/2025 E OFÍCIO 015/2026/CRAS SANTA MARIA - SEMAS.";;;;;;;;;;;;;;;;;;;;;;;;;;;;;;;;;;;;;
668;PREFEITURA MUNICIPAL DE BARBACENA;;30691945;169;2026;GLOBAL;0;0;"EMPENHO PARA COBRIR DESPESA COM PAGAMENTO DE BENEFÍCIO EVENTUAL ""AUXILIO ALIMENTAÇÃO"" NA MODALIDADE PECÚNIA, EM RAZÃO DA RESCISÃO CONTRATUAL COM A EMPRESA ANTERIORMENTE RESPONSÁEL PELA OPERACIONALIZAÇÃO VIA CARTÃO ALIMENTAÇÃO. CONFORME DRO 093/2026, DELIBERAÇÃO 344/2025 E OFÍCIO 015/2026/CRAS SANTA MARIA - SEMAS.";29/01/26 00:00;450,00;0,00;150,00;0,00;0,00;0,00;0,00;0,00;0,00;0,00;0,00;0,00;8298593;ADRIANA MARÇAL;;;393;56;2312;8;244;3.3.90.48.00.00.00.00;1.661.000.0000;33904800000000;0,00;0,00;450,00;MANUTENÇÃO DE BENEFICIOS EVENTUAIS;OUTROS AUXÍLIOS FINANCEIROS A PESSOAS FÍSICAS
Especificação: ;;"EMPENHO PARA COBRIR DESPESA COM PAGAMENTO DE BENEFÍCIO EVENTUAL ""AUXILIO ALIMENTAÇÃO"" NA MODALIDADE PECÚNIA, EM RAZÃO DA RESCISÃO CONTRATUAL COM A EMPRESA ANTERIORMENTE RESPONSÁEL PELA OPERACIONALIZAÇÃO VIA CARTÃO ALIMENTAÇÃO. CONFORME DRO 093/2026, DELIBERAÇÃO 344/2025 E OFÍCIO 015/2026/CRAS SANTA MARIA - SEMAS.";;;;;;;;;;;;;;;;;;;;;;;;;;;;;;;;;;;;;
668;PREFEITURA MUNICIPAL DE BARBACENA;;30691948;170;2026;GLOBAL;0;0;"EMPENHO PARA COBRIR DESPESA COM PAGAMENTO DE BENEFÍCIO EVENTUAL ""AUXILIO ALIMENTAÇÃO"" NA MODALIDADE PECÚNIA, EM RAZÃO DA RESCISÃO CONTRATUAL COM A EMPRESA ANTERIORMENTE RESPONSÁEL PELA OPERACIONALIZAÇÃO VIA CARTÃO ALIMENTAÇÃO. CONFORME DRO 093/2026, DELIBERAÇÃO 344/2025 E OFÍCIO 015/2026/CRAS SANTA MARIA - SEMAS.";29/01/26 00:00;450,00;0,00;150,00;0,00;0,00;0,00;0,00;0,00;0,00;0,00;0,00;0,00;8298594;CARLA ALESSANDRA DE ASSIS;;;393;56;2312;8;244;3.3.90.48.00.00.00.00;1.661.000.0000;33904800000000;0,00;0,00;450,00;MANUTENÇÃO DE BENEFICIOS EVENTUAIS;OUTROS AUXÍLIOS FINANCEIROS A PESSOAS FÍSICAS
Especificação: ;;"EMPENHO PARA COBRIR DESPESA COM PAGAMENTO DE BENEFÍCIO EVENTUAL ""AUXILIO ALIMENTAÇÃO"" NA MODALIDADE PECÚNIA, EM RAZÃO DA RESCISÃO CONTRATUAL COM A EMPRESA ANTERIORMENTE RESPONSÁEL PELA OPERACIONALIZAÇÃO VIA CARTÃO ALIMENTAÇÃO. CONFORME DRO 093/2026, DELIBERAÇÃO 344/2025 E OFÍCIO 015/2026/CRAS SANTA MARIA - SEMAS.";;;;;;;;;;;;;;;;;;;;;;;;;;;;;;;;;;;;;
668;PREFEITURA MUNICIPAL DE BARBACENA;;30691955;171;2026;GLOBAL;0;0;"EMPENHO PARA COBRIR DESPESA COM PAGAMENTO DE BENEFÍCIO EVENTUAL ""AUXILIO ALIMENTAÇÃO"" NA MODALIDADE PECÚNIA, EM RAZÃO DA RESCISÃO CONTRATUAL COM A EMPRESA ANTERIORMENTE RESPONSÁEL PELA OPERACIONALIZAÇÃO VIA CARTÃO ALIMENTAÇÃO. CONFORME DRO 093/2026, DELIBERAÇÃO 344/2025 E OFÍCIO 015/2026/CRAS SANTA MARIA - SEMAS.";29/01/26 00:00;450,00;0,00;150,00;0,00;0,00;0,00;0,00;0,00;0,00;0,00;0,00;0,00;8298596;GILMARA DO NASCIMENT;;;393;56;2312;8;244;3.3.90.48.00.00.00.00;1.661.000.0000;33904800000000;0,00;0,00;450,00;MANUTENÇÃO DE BENEFICIOS EVENTUAIS;OUTROS AUXÍLIOS FINANCEIROS A PESSOAS FÍSICAS
Especificação: ;;"EMPENHO PARA COBRIR DESPESA COM PAGAMENTO DE BENEFÍCIO EVENTUAL ""AUXILIO ALIMENTAÇÃO"" NA MODALIDADE PECÚNIA, EM RAZÃO DA RESCISÃO CONTRATUAL COM A EMPRESA ANTERIORMENTE RESPONSÁEL PELA OPERACIONALIZAÇÃO VIA CARTÃO ALIMENTAÇÃO. CONFORME DRO 093/2026, DELIBERAÇÃO 344/2025 E OFÍCIO 015/2026/CRAS SANTA MARIA - SEMAS.";;;;;;;;;;;;;;;;;;;;;;;;;;;;;;;;;;;;;
668;PREFEITURA MUNICIPAL DE BARBACENA;;30691957;172;2026;GLOBAL;0;0;"EMPENHO PARA COBRIR DESPESA COM PAGAMENTO DE BENEFÍCIO EVENTUAL ""AUXILIO ALIMENTAÇÃO"" NA MODALIDADE PECÚNIA, EM RAZÃO DA RESCISÃO CONTRATUAL COM A EMPRESA ANTERIORMENTE RESPONSÁEL PELA OPERACIONALIZAÇÃO VIA CARTÃO ALIMENTAÇÃO. CONFORME DRO 093/2026, DELIBERAÇÃO 344/2025 E OFÍCIO 015/2026/CRAS SANTA MARIA - SEMAS.";29/01/26 00:00;450,00;0,00;150,00;0,00;0,00;0,00;0,00;0,00;0,00;0,00;0,00;0,00;2179753;VÂNIA DE FÁTIMA DAMAS DE OLIVEIRA;;;393;56;2312;8;244;3.3.90.48.00.00.00.00;1.661.000.0000;33904800000000;0,00;0,00;450,00;MANUTENÇÃO DE BENEFICIOS EVENTUAIS;OUTROS AUXÍLIOS FINANCEIROS A PESSOAS FÍSICAS
Especificação: ;;"EMPENHO PARA COBRIR DESPESA COM PAGAMENTO DE BENEFÍCIO EVENTUAL ""AUXILIO ALIMENTAÇÃO"" NA MODALIDADE PECÚNIA, EM RAZÃO DA RESCISÃO CONTRATUAL COM A EMPRESA ANTERIORMENTE RESPONSÁEL PELA OPERACIONALIZAÇÃO VIA CARTÃO ALIMENTAÇÃO. CONFORME DRO 093/2026, DELIBERAÇÃO 344/2025 E OFÍCIO 015/2026/CRAS SANTA MARIA - SEMAS.";;;;;;;;;;;;;;;;;;;;;;;;;;;;;;;;;;;;;
668;PREFEITURA MUNICIPAL DE BARBACENA;;30691959;173;2026;GLOBAL;0;0;"EMPENHO PARA COBRIR DESPESA COM PAGAMENTO DE BENEFÍCIO EVENTUAL ""AUXILIO ALIMENTAÇÃO"" NA MODALIDADE PECÚNIA, EM RAZÃO DA RESCISÃO CONTRATUAL COM A EMPRESA ANTERIORMENTE RESPONSÁEL PELA OPERACIONALIZAÇÃO VIA CARTÃO ALIMENTAÇÃO. CONFORME DRO 093/2026, DELIBERAÇÃO 344/2025 E OFÍCIO 015/2026/CRAS SANTA MARIA - SEMAS.";29/01/26 00:00;450,00;0,00;150,00;0,00;0,00;0,00;0,00;0,00;0,00;0,00;0,00;0,00;8298597;ELISANGELA CRISTINA DA SILVA;;;393;56;2312;8;244;3.3.90.48.00.00.00.00;1.661.000.0000;33904800000000;0,00;0,00;450,00;MANUTENÇÃO DE BENEFICIOS EVENTUAIS;OUTROS AUXÍLIOS FINANCEIROS A PESSOAS FÍSICAS
Especificação: ;;"EMPENHO PARA COBRIR DESPESA COM PAGAMENTO DE BENEFÍCIO EVENTUAL ""AUXILIO ALIMENTAÇÃO"" NA MODALIDADE PECÚNIA, EM RAZÃO DA RESCISÃO CONTRATUAL COM A EMPRESA ANTERIORMENTE RESPONSÁEL PELA OPERACIONALIZAÇÃO VIA CARTÃO ALIMENTAÇÃO. CONFORME DRO 093/2026, DELIBERAÇÃO 344/2025 E OFÍCIO 015/2026/CRAS SANTA MARIA - SEMAS.";;;;;;;;;;;;;;;;;;;;;;;;;;;;;;;;;;;;;
668;PREFEITURA MUNICIPAL DE BARBACENA;;30691968;174;2026;GLOBAL;0;0;"EMPENHO PARA COBRIR DESPESA COM PAGAMENTO DE BENEFÍCIO EVENTUAL ""AUXILIO ALIMENTAÇÃO"" NA MODALIDADE PECÚNIA, EM RAZÃO DA RESCISÃO CONTRATUAL COM A EMPRESA ANTERIORMENTE RESPONSÁEL PELA OPERACIONALIZAÇÃO VIA CARTÃO ALIMENTAÇÃO. CONFORME DRO 093/2026, DELIBERAÇÃO 344/2025 E OFÍCIO 015/2026/CRAS SANTA MARIA - SEMAS.";29/01/26 00:00;450,00;0,00;150,00;0,00;0,00;0,00;0,00;0,00;0,00;0,00;0,00;0,00;8298598;GLEICIANE DIAS JOANA;;;393;56;2312;8;244;3.3.90.48.00.00.00.00;1.661.000.0000;33904800000000;0,00;0,00;450,00;MANUTENÇÃO DE BENEFICIOS EVENTUAIS;OUTROS AUXÍLIOS FINANCEIROS A PESSOAS FÍSICAS
Especificação: ;;"EMPENHO PARA COBRIR DESPESA COM PAGAMENTO DE BENEFÍCIO EVENTUAL ""AUXILIO ALIMENTAÇÃO"" NA MODALIDADE PECÚNIA, EM RAZÃO DA RESCISÃO CONTRATUAL COM A EMPRESA ANTERIORMENTE ";;;;;;;;;;;;;;;;;;;;;;;;;;;;;;;;;;;;;
668;PREFEITURA MUNICIPAL DE BARBACENA;;30691974;175;2026;GLOBAL;0;0;"EMPENHO PARA COBRIR DESPESA COM PAGAMENTO DE BENEFÍCIO EVENTUAL ""AUXILIO ALIMENTAÇÃO"" NA MODALIDADE PECÚNIA, EM RAZÃO DA RESCISÃO CONTRATUAL COM A EMPRESA ANTERIORMENTE RESPONSÁEL PELA OPERACIONALIZAÇÃO VIA CARTÃO ALIMENTAÇÃO. CONFORME DRO 093/2026, DELIBERAÇÃO 344/2025 E OFÍCIO 015/2026/CRAS SANTA MARIA - SEMAS.";29/01/26 00:00;450,00;0,00;150,00;0,00;0,00;0,00;0,00;0,00;0,00;0,00;0,00;0,00;8298599;JOZIANE ROSARIA SILVA DAS GRACAS;;;393;56;2312;8;244;3.3.90.48.00.00.00.00;1.661.000.0000;33904800000000;0,00;0,00;450,00;MANUTENÇÃO DE BENEFICIOS EVENTUAIS;OUTROS AUXÍLIOS FINANCEIROS A PESSOAS FÍSICAS
Especificação: ;;"EMPENHO PARA COBRIR DESPESA COM PAGAMENTO DE BENEFÍCIO EVENTUAL ""AUXILIO ALIMENTAÇÃO"" NA MODALIDADE PECÚNIA, EM RAZÃO DA RESCISÃO CONTRATUAL COM A EMPRESA ANTERIORMENTE RESPONSÁEL PELA OPERACIONALIZAÇÃO VIA CARTÃO ALIMENTAÇÃO. CONFORME DRO 093/2026, DELIBERAÇÃO 344/2025 E OFÍCIO 015/2026/CRAS SANTA MARIA - SEMAS.";;;;;;;;;;;;;;;;;;;;;;;;;;;;;;;;;;;;;
668;PREFEITURA MUNICIPAL DE BARBACENA;;30691981;176;2026;GLOBAL;0;0;"EMPENHO PARA COBRIR DESPESA COM PAGAMENTO DE BENEFÍCIO EVENTUAL ""AUXILIO ALIMENTAÇÃO"" NA MODALIDADE PECÚNIA, EM RAZÃO DA RESCISÃO CONTRATUAL COM A EMPRESA ANTERIORMENTE RESPONSÁEL PELA OPERACIONALIZAÇÃO VIA CARTÃO ALIMENTAÇÃO. CONFORME DRO 093/2026, DELIBERAÇÃO 344/2025 E OFÍCIO 015/2026/CRAS SANTA MARIA - SEMAS.";29/01/26 00:00;450,00;0,00;150,00;0,00;0,00;0,00;0,00;0,00;0,00;0,00;0,00;0,00;8298600;VERA LUCIA DE SOUZA;;;393;56;2312;8;244;3.3.90.48.00.00.00.00;1.661.000.0000;33904800000000;0,00;0,00;450,00;MANUTENÇÃO DE BENEFICIOS EVENTUAIS;OUTROS AUXÍLIOS FINANCEIROS A PESSOAS FÍSICAS
Especificação: ;;"EMPENHO PARA COBRIR DESPESA COM PAGAMENTO DE BENEFÍCIO EVENTUAL ""AUXILIO ALIMENTAÇÃO"" NA MODALIDADE PECÚNIA, EM RAZÃO DA RESCISÃO CONTRATUAL COM A EMPRESA ANTERIORMENTE RESPONSÁEL PELA OPERACIONALIZAÇÃO VIA CARTÃO ALIMENTAÇÃO. CONFORME DRO 093/2026, DELIBERAÇÃO 344/2025 E OFÍCIO 015/2026/CRAS SANTA MARIA - SEMAS.";;;;;;;;;;;;;;;;;;;;;;;;;;;;;;;;;;;;;
668;PREFEITURA MUNICIPAL DE BARBACENA;;30691988;177;2026;GLOBAL;0;0;"EMPENHO PARA COBRIR DESPESA COM PAGAMENTO DE BENEFÍCIO EVENTUAL ""AUXILIO ALIMENTAÇÃO"" NA MODALIDADE PECÚNIA, EM RAZÃO DA RESCISÃO CONTRATUAL COM A EMPRESA ANTERIORMENTE RESPONSÁEL PELA OPERACIONALIZAÇÃO VIA CARTÃO ALIMENTAÇÃO. CONFORME DRO 093/2026, DELIBERAÇÃO 344/2025 E OFÍCIO 015/2026/CRAS SANTA MARIA - SEMAS.";29/01/26 00:00;300,00;0,00;150,00;0,00;0,00;0,00;0,00;0,00;0,00;0,00;0,00;0,00;8298601;LIVIA RIOS;;;393;56;2312;8;244;3.3.90.48.00.00.00.00;1.661.000.0000;33904800000000;0,00;0,00;300,00;MANUTENÇÃO DE BENEFICIOS EVENTUAIS;OUTROS AUXÍLIOS FINANCEIROS A PESSOAS FÍSICAS
Especificação: ;;"EMPENHO PARA COBRIR DESPESA COM PAGAMENTO DE BENEFÍCIO EVENTUAL ""AUXILIO ALIMENTAÇÃO"" NA MODALIDADE PECÚNIA, EM RAZÃO DA RESCISÃO CONTRATUAL COM A EMPRESA ANTERIORMENTE RESPONSÁEL PELA OPERACIONALIZAÇÃO VIA CARTÃO ALIMENTAÇÃO. CONFORME DRO 093/2026, DELIBERAÇÃO 344/2025 E OFÍCIO 015/2026/CRAS SANTA MARIA - SEMAS.";;;;;;;;;;;;;;;;;;;;;;;;;;;;;;;;;;;;;
668;PREFEITURA MUNICIPAL DE BARBACENA;;30692014;178;2026;GLOBAL;0;0;"EMPENHO PARA COBRIR DESPESA COM PAGAMENTO DE BENEFÍCIO EVENTUAL ""AUXILIO ALIMENTAÇÃO"" NA MODALIDADE PECÚNIA, EM RAZÃO DA RESCISÃO CONTRATUAL COM A EMPRESA ANTERIORMENTE RESPONSÁEL PELA OPERACIONALIZAÇÃO VIA CARTÃO ALIMENTAÇÃO. CONFORME DRO 093/2026, DELIBERAÇÃO 344/2025 E OFÍCIO 015/2026/CRAS SANTA MARIA - SEMAS.";29/01/26 00:00;450,00;0,00;150,00;0,00;0,00;0,00;0,00;0,00;0,00;0,00;0,00;0,00;8298602;SADY NATALINA DA SILVA PINTO;;;393;56;2312;8;244;3.3.90.48.00.00.00.00;1.661.000.0000;33904800000000;0,00;0,00;450,00;MANUTENÇÃO DE BENEFICIOS EVENTUAIS;OUTROS AUXÍLIOS FINANCEIROS A PESSOAS FÍSICAS
Especificação: ;;"EMPENHO PARA COBRIR DESPESA COM PAGAMENTO DE BENEFÍCIO EVENTUAL ""AUXILIO ALIMENTAÇÃO"" NA MODALIDADE PECÚNIA, EM RAZÃO DA RESCISÃO CONTRATUAL COM A EMPRESA ANTERIORMENTE RESPONSÁEL PELA OPERACIONALIZAÇÃO VIA CARTÃO ALIMENTAÇÃO. CONFORME DRO 093/2026, DELIBERAÇÃO 344/2025 E OFÍCIO 015/2026/CRAS SANTA MARIA - SEMAS.";;;;;;;;;;;;;;;;;;;;;;;;;;;;;;;;;;;;;
668;PREFEITURA MUNICIPAL DE BARBACENA;;30692022;179;2026;GLOBAL;0;0;"EMPENHO PARA COBRIR DESPESA COM PAGAMENTO DE BENEFÍCIO EVENTUAL ""AUXILIO ALIMENTAÇÃO"" NA MODALIDADE PECÚNIA, EM RAZÃO DA RESCISÃO CONTRATUAL COM A EMPRESA ANTERIORMENTE RESPONSÁEL PELA OPERACIONALIZAÇÃO VIA CARTÃO ALIMENTAÇÃO. CONFORME DRO 093/2026, DELIBERAÇÃO 344/2025 E OFÍCIO 015/2026/CRAS SANTA MARIA - SEMAS.";29/01/26 00:00;450,00;0,00;150,00;0,00;0,00;0,00;0,00;0,00;0,00;0,00;0,00;0,00;8298605;MARIA JOSÉ DA SILVA;;;393;56;2312;8;244;3.3.90.48.00.00.00.00;1.661.000.0000;33904800000000;0,00;0,00;450,00;MANUTENÇÃO DE BENEFICIOS EVENTUAIS;OUTROS AUXÍLIOS FINANCEIROS A PESSOAS FÍSICAS
Especificação: ;;"EMPENHO PARA COBRIR DESPESA COM PAGAMENTO DE BENEFÍCIO EVENTUAL ""AUXILIO ALIMENTAÇÃO"" NA MODALIDADE PECÚNIA, EM RAZÃO DA RESCISÃO CONTRATUAL COM A EMPRESA ANTERIORMENTE RESPONSÁEL PELA OPERACIONALIZAÇÃO VIA CARTÃO ALIMENTAÇÃO. CONFORME DRO 093/2026, DELIBERAÇÃO 344/2025 E OFÍCIO 015/2026/CRAS SANTA MARIA - SEMAS.";;;;;;;;;;;;;;;;;;;;;;;;;;;;;;;;;;;;;
668;PREFEITURA MUNICIPAL DE BARBACENA;;30692032;180;2026;GLOBAL;0;0;"EMPENHO PARA COBRIR DESPESA COM PAGAMENTO DE BENEFÍCIO EVENTUAL ""AUXILIO ALIMENTAÇÃO"" NA MODALIDADE PECÚNIA, EM RAZÃO DA RESCISÃO CONTRATUAL COM A EMPRESA ANTERIORMENTE RESPONSÁEL PELA OPERACIONALIZAÇÃO VIA CARTÃO ALIMENTAÇÃO. CONFORME DRO 093/2026, DELIBERAÇÃO 344/2025 E OFÍCIO 015/2026/CRAS SANTA MARIA - SEMAS.";29/01/26 00:00;450,00;0,00;150,00;0,00;0,00;0,00;0,00;0,00;0,00;0,00;0,00;0,00;8298606;MANRIQUE JÚNIOR DOS SANTOS;;;393;56;2312;8;244;3.3.90.48.00.00.00.00;1.661.000.0000;33904800000000;0,00;0,00;450,00;MANUTENÇÃO DE BENEFICIOS EVENTUAIS;OUTROS AUXÍLIOS FINANCEIROS A PESSOAS FÍSICAS
Especificação: ;;"EMPENHO PARA COBRIR DESPESA COM PAGAMENTO DE BENEFÍCIO EVENTUAL ""AUXILIO ALIMENTAÇÃO"" NA MODALIDADE PECÚNIA, EM RAZÃO DA RESCISÃO CONTRATUAL COM A EMPRESA ANTERIORMENTE RESPONSÁEL PELA OPERACIONALIZAÇÃO VIA CARTÃO ALIMENTAÇÃO. CONFORME DRO 093/2026, DELIBERAÇÃO 344/2025 E OFÍCIO 015/2026/CRAS SANTA MARIA - SEMAS.";;;;;;;;;;;;;;;;;;;;;;;;;;;;;;;;;;;;;
668;PREFEITURA MUNICIPAL DE BARBACENA;;30692042;181;2026;GLOBAL;0;0;"EMPENHO PARA COBRIR DESPESA COM PAGAMENTO DE BENEFÍCIO EVENTUAL ""AUXILIO ALIMENTAÇÃO"" NA MODALIDADE PECÚNIA, EM RAZÃO DA RESCISÃO CONTRATUAL COM A EMPRESA ANTERIORMENTE RESPONSÁEL PELA OPERACIONALIZAÇÃO VIA CARTÃO ALIMENTAÇÃO. CONFORME DRO 093/2026, DELIBERAÇÃO 344/2025 E OFÍCIO 015/2026/CRAS SANTA MARIA - SEMAS.";29/01/26 00:00;450,00;0,00;150,00;0,00;0,00;0,00;0,00;0,00;0,00;0,00;0,00;0,00;8298612;VANESSA CRISTINA DOS SANTOS MENUCI;;;393;56;2312;8;244;3.3.90.48.00.00.00.00;1.661.000.0000;33904800000000;0,00;0,00;450,00;MANUTENÇÃO DE BENEFICIOS EVENTUAIS;OUTROS AUXÍLIOS FINANCEIROS A PESSOAS FÍSICAS
Especificação: ;;"EMPENHO PARA COBRIR DESPESA COM PAGAMENTO DE BENEFÍCIO EVENTUAL ""AUXILIO ALIMENTAÇÃO"" NA MODALIDADE PECÚNIA, EM RAZÃO DA RESCISÃO CONTRATUAL COM A EMPRESA ANTERIORMENTE RESPONSÁEL PELA OPERACIONALIZAÇÃO VIA CARTÃO ALIMENTAÇÃO. CONFORME DRO 093/2026, DELIBERAÇÃO 344/2025 E OFÍCIO 015/2026/CRAS SANTA MARIA - SEMAS.";;;;;;;;;;;;;;;;;;;;;;;;;;;;;;;;;;;;;
668;PREFEITURA MUNICIPAL DE BARBACENA;;30692047;182;2026;GLOBAL;0;0;"EMPENHO PARA COBRIR DESPESA COM PAGAMENTO DE BENEFÍCIO EVENTUAL ""AUXILIO ALIMENTAÇÃO"" NA MODALIDADE PECÚNIA, EM RAZÃO DA RESCISÃO CONTRATUAL COM A EMPRESA ANTERIORMENTE RESPONSÁEL PELA OPERACIONALIZAÇÃO VIA CARTÃO ALIMENTAÇÃO. CONFORME DRO 093/2026, DELIBERAÇÃO 344/2025 E OFÍCIO 015/2026/CRAS SANTA MARIA - SEMAS.";29/01/26 00:00;450,00;0,00;150,00;0,00;0,00;0,00;0,00;0,00;0,00;0,00;0,00;0,00;8298614;JOÃO BATISTA DOS ANJOS SEBASTIÃO;;;393;56;2312;8;244;3.3.90.48.00.00.00.00;1.661.000.0000;33904800000000;0,00;0,00;450,00;MANUTENÇÃO DE BENEFICIOS EVENTUAIS;OUTROS AUXÍLIOS FINANCEIROS A PESSOAS FÍSICAS
Especificação: ;;"EMPENHO PARA COBRIR DESPESA COM PAGAMENTO DE BENEFÍCIO EVENTUAL ""AUXILIO ALIMENTAÇÃO"" NA MODALIDADE PECÚNIA, EM RAZÃO DA RESCISÃO CONTRATUAL COM A EMPRESA ANTERIORMENTE RESPONSÁEL PELA OPERACIONALIZAÇÃO VIA CARTÃO ALIMENTAÇÃO. CONFORME DRO 093/2026, DELIBERAÇÃO 344/2025 E OFÍCIO 015/2026/CRAS SANTA MARIA - SEMAS.";;;;;;;;;;;;;;;;;;;;;;;;;;;;;;;;;;;;;
668;PREFEITURA MUNICIPAL DE BARBACENA;;30692049;183;2026;GLOBAL;0;0;"EMPENHO PARA COBRIR DESPESA COM PAGAMENTO DE BENEFÍCIO EVENTUAL ""AUXILIO ALIMENTAÇÃO"" NA MODALIDADE PECÚNIA, EM RAZÃO DA RESCISÃO CONTRATUAL COM A EMPRESA ANTERIORMENTE RESPONSÁEL PELA OPERACIONALIZAÇÃO VIA CARTÃO ALIMENTAÇÃO. CONFORME DRO 093/2026, DELIBERAÇÃO 344/2025 E OFÍCIO 015/2026/CRAS SANTA MARIA - SEMAS.";29/01/26 00:00;150,00;0,00;150,00;0,00;0,00;0,00;0,00;0,00;0,00;0,00;0,00;0,00;8298615;RAFAELA CRISTINA DE OLIVEIRA;;;393;56;2312;8;244;3.3.90.48.00.00.00.00;1.661.000.0000;33904800000000;0,00;0,00;150,00;MANUTENÇÃO DE BENEFICIOS EVENTUAIS;OUTROS AUXÍLIOS FINANCEIROS A PESSOAS FÍSICAS
Especificação: ;;"EMPENHO PARA COBRIR DESPESA COM PAGAMENTO DE BENEFÍCIO EVENTUAL ""AUXILIO ALIMENTAÇÃO"" NA MODALIDADE PECÚNIA, EM RAZÃO DA RESCISÃO CONTRATUAL COM A EMPRESA ANTERIORMENTE RESPONSÁEL PELA OPERACIONALIZAÇÃO VIA CARTÃO ALIMENTAÇÃO. CONFORME DRO 093/2026, DELIBERAÇÃO 344/2025 E OFÍCIO 015/2026/CRAS SANTA MARIA - SEMAS.";;;;;;;;;;;;;;;;;;;;;;;;;;;;;;;;;;;;;
668;PREFEITURA MUNICIPAL DE BARBACENA;;30692060;184;2026;GLOBAL;0;0;"EMPENHO PARA COBRIR DESPESA COM PAGAMENTO DE BENEFÍCIO EVENTUAL ""AUXILIO ALIMENTAÇÃO"" NA MODALIDADE PECÚNIA, EM RAZÃO DA RESCISÃO CONTRATUAL COM A EMPRESA ANTERIORMENTE RESPONSÁEL PELA OPERACIONALIZAÇÃO VIA CARTÃO ALIMENTAÇÃO. CONFORME DRO 093/2026, DELIBERAÇÃO 344/2025 E OFÍCIO 015/2026/CRAS SANTA MARIA - SEMAS.";29/01/26 00:00;300,00;0,00;150,00;0,00;0,00;0,00;0,00;0,00;0,00;0,00;0,00;0,00;6634000;KELLY APARECIDA GROSSI DE SOUZA;;;393;56;2312;8;244;3.3.90.48.00.00.00.00;1.661.000.0000;33904800000000;0,00;0,00;300,00;MANUTENÇÃO DE BENEFICIOS EVENTUAIS;OUTROS AUXÍLIOS FINANCEIROS A PESSOAS FÍSICAS
Especificação: ;;"EMPENHO PARA COBRIR DESPESA COM PAGAMENTO DE BENEFÍCIO EVENTUAL ""AUXILIO ALIMENTAÇÃO"" NA MODALIDADE PECÚNIA, EM RAZÃO DA RESCISÃO CONTRATUAL COM A EMPRESA ANTERIORMENTE RESPONSÁEL PELA OPERACIONALIZAÇÃO VIA CARTÃO ALIMENTAÇÃO. CONFORME DRO 093/2026, DELIBERAÇÃO 344/2025 E OFÍCIO 015/2026/CRAS SANTA MARIA - SEMAS.";;;;;;;;;;;;;;;;;;;;;;;;;;;;;;;;;;;;;
668;PREFEITURA MUNICIPAL DE BARBACENA;;30692073;185;2026;GLOBAL;0;0;"EMPENHO PARA COBRIR DESPESA COM PAGAMENTO DE BENEFÍCIO EVENTUAL ""AUXILIO ALIMENTAÇÃO"" NA MODALIDADE PECÚNIA, EM RAZÃO DA RESCISÃO CONTRATUAL COM A EMPRESA ANTERIORMENTE RESPONSÁEL PELA OPERACIONALIZAÇÃO VIA CARTÃO ALIMENTAÇÃO. CONFORME DRO 093/2026, DELIBERAÇÃO 344/2025 E OFÍCIO 015/2026/CRAS SANTA MARIA - SEMAS.";29/01/26 00:00;300,00;0,00;150,00;0,00;0,00;0,00;0,00;0,00;0,00;0,00;0,00;0,00;8298619;TAMIRES GABRIELLE DOS SANTOS;;;393;56;2312;8;244;3.3.90.48.00.00.00.00;1.661.000.0000;33904800000000;0,00;0,00;300,00;MANUTENÇÃO DE BENEFICIOS EVENTUAIS;OUTROS AUXÍLIOS FINANCEIROS A PESSOAS FÍSICAS
Especificação: ;;"EMPENHO PARA COBRIR DESPESA COM PAGAMENTO DE BENEFÍCIO EVENTUAL ""AUXILIO ALIMENTAÇÃO"" NA MODALIDADE PECÚNIA, EM RAZÃO DA RESCISÃO CONTRATUAL COM A EMPRESA ANTERIORMENTE RESPONSÁEL PELA OPERACIONALIZAÇÃO VIA CARTÃO ALIMENTAÇÃO. CONFORME DRO 093/2026, DELIBERAÇÃO 344/2025 E OFÍCIO 015/2026/CRAS SANTA MARIA - SEMAS.";;;;;;;;;;;;;;;;;;;;;;;;;;;;;;;;;;;;;
668;PREFEITURA MUNICIPAL DE BARBACENA;;30829616;320;2026;ORDINARIO;0;0;DESPESA COM DIÁRIA PARA BELO HORIZONTE NO DIA 04/02/2025 A FIM DE PRIMEIRO ENCONTRO DE GESTORES DOS MUNICÍPIOS 2026 CONFORME DECRETO 9.882/2025.;29/01/26 00:00;168,42;0,00;168,42;0,00;0,00;0,00;0,00;0,00;0,00;0,00;0,00;0,00;7270335;ANA CAROLINA PEDROSA TAVARES;;;294;11;2309;8;122;3.3.90.14.05.00.00.00;1.500.000.0000;33901400000000;0,00;0,00;168,42;MANUTENÇAO DE AÇÕES DA ASSISTÊNCIA SOCIAL;DIÁRIAS - PESSOAL CIVIL
Especificação: ;;DESPESA COM DIÁRIA PARA BELO HORIZONTE NO DIA 04/02/2025 A FIM DE PRIMEIRO ENCONTRO DE GESTORES DOS MUNICÍPIOS 2026 CONFORME DECRETO 9.882/2025.;;;;;;;;;;;;;;;;;;;;;;;;;;;;;;;;;;;;;
668;PREFEITURA MUNICIPAL DE BARBACENA;;30829986;321;2026;ORDINARIO;0;0;DESPESA COM DIÁRIA PARA BELO HORIZONTE NO DIA 04/02/2025 A FIM DE PRIMEIRO ENCONTRO DE GESTORES DOS MUNICÍPIOS 2026, CONFORME DECRETO 9.882/2025.;29/01/26 00:00;168,42;0,00;168,42;0,00;0,00;0,00;0,00;0,00;0,00;0,00;0,00;0,00;2826032;MICHELE BARBOSA GONCALVES DE OLIVEIRA;;;294;11;2309;8;122;3.3.90.14.05.00.00.00;1.500.000.0000;33901400000000;0,00;0,00;168,42;MANUTENÇAO DE AÇÕES DA ASSISTÊNCIA SOCIAL;DIÁRIAS - PESSOAL CIVIL
Especificação: ;;DESPESA COM DIÁRIA PARA BELO HORIZONTE NO DIA 04/02/2025 A FIM DE PRIMEIRO ENCONTRO DE GESTORES DOS MUNICÍPIOS 2026, CONFORME DECRETO 9.882/2025.;;;;;;;;;;;;;;;;;;;;;;;;;;;;;;;;;;;;;
668;PREFEITURA MUNICIPAL DE BARBACENA;;30313472;82;2026;ESTIMATIVO;107;2025;EMPENHO PARA COBRIR DESPESA COM AQUISIÇÃO DE MUDAS,SUBSTRATO,ADUBO E GRAMA PARA O HORTO FLORESTAL DE BARBACENA,CONFORME PROCESSO 107/2025,CONTRATO 123/2025 E SOLICITAÇÃO DE FORNECIMENTO Nº 16/2026.;29/01/26 00:00;11.327,50;0,00;0,00;0,00;0,00;0,00;0,00;0,00;0,00;0,00;0,00;0,00;2964837;ESPACO PLANTAS E SERVICOS LTDA;17660;5;89;11;2291;20;122;3.3.90.30.31.00.00.00;1.501.000.0000;33903000000000;0,00;0,00;11.327,50;MANUTENÇÃO DO HORTO FLORESTAL;MATERIAL DE CONSUMO
Especificação: ;;EMPENHO PARA COBRIR DESPESA COM AQUISIÇÃO DE MUDAS,SUBSTRATO,ADUBO E GRAMA PARA O HORTO FLORESTAL DE BARBACENA,CONFORME PROCESSO 107/2025,CONTRATO 123/2025 E SOLICITAÇÃO DE FORNECIMENTO Nº 16/2026.;;;;;;;;;;;;;;;;;;;;;;;;;;;;;;;;;;;;;
668;PREFEITURA MUNICIPAL DE BARBACENA;;30726109;821;2026;ORDINARIO;143;2025;EMPENHO PARA COBRIR DESPESA COM  AQUISIÇÃO DE FITA PERFURADA EM ATENDIMENTO A SECRETARIA MUNICIPAL DE SEGURANÇA PÚBLICA,CONFORME  PROCESSO 143/2025, CONTRATO 143/2025 E SOLICITAÇÃO DE FORNECIMENTO Nº 74/2026.;29/01/26 00:00;3.998,00;0,00;0,00;0,00;0,00;0,00;0,00;0,00;0,00;0,00;0,00;0,00;8171582;50.072.400 WESLEY FARLEY MENDES PEREIRA;;;1013;27;2156;15;451;3.3.90.30.42.00.00.00;1.752.000.0000;33903000000000;0,00;0,00;3.998,00;GESTAO OPERACIONAL DO TRANSITO MUNICIPAL;MATERIAL DE CONSUMO
Especificação: ;;EMPENHO PARA COBRIR DESPESA COM  AQUISIÇÃO DE FITA PERFURADA EM ATENDIMENTO A SECRETARIA MUNICIPAL DE SEGURANÇA PÚBLICA,CONFORME  PROCESSO 143/2025, CONTRATO 143/2025 E SOLICITAÇÃO DE FORNECIMENTO Nº 74/2026.;;;;;;;;;;;;;;;;;;;;;;;;;;;;;;;;;;;;;
668;PREFEITURA MUNICIPAL DE BARBACENA;;30314380;83;2026;ESTIMATIVO;107;2025;EMPENHO PARA COBRIR DESPESA COM AQUISIÇÃO DE MUDAS,SUBSTRATO,ADUBO E GRAMA PARA O HORTO FLORESTAL DE BARBACENA,CONFORME  PROCESSO 107/2025,CONTRATO 124/2025 E SOLICITAÇÃO DE FORNECIMENTO Nº 27/2026.;29/01/26 00:00;28.730,00;0,00;0,00;0,00;0,00;0,00;0,00;0,00;0,00;0,00;0,00;0,00;7876140;CHACARA PARAISO COMERCIO DE PLANTAS LTDA;3182042505;;89;11;2291;20;122;3.3.90.30.31.00.00.00;1.501.000.0000;33903000000000;0,00;0,00;28.730,00;MANUTENÇÃO DO HORTO FLORESTAL;MATERIAL DE CONSUMO
Especificação: ;;EMPENHO PARA COBRIR DESPESA COM AQUISIÇÃO DE MUDAS,SUBSTRATO,ADUBO E GRAMA PARA O HORTO FLORESTAL DE BARBACENA,CONFORME  PROCESSO 107/2025,CONTRATO 124/2025 E SOLICITAÇÃO DE FORNECIMENTO Nº 27/2026.;;;;;;;;;;;;;;;;;;;;;;;;;;;;;;;;;;;;;
668;PREFEITURA MUNICIPAL DE BARBACENA;;30804974;309;2026;ORDINARIO;0;0;EMPENHO PARA COBRIR DESPESA COM DIÁRIA PARA JUIZ DE FORA NO DIA 05/02/2026 PARA VISITA ÀS INSTALAÇÕES DO 4º DEPÓSITO DE SUPRIMENTOS MILITAR DO EXÉRCITO BRASILEIRO COM A FINALIDADE DE VISTORIA AO ACERVO BÉLICO TOMBADO (PROVISÓRIO) PELO COMPHA. TRATATIVAS PARA SANAR DEMANDA JUDICIAL. CONFORME DECRETO 9882/2025.;30/01/26 00:00;168,42;0,00;168,42;0,00;0,00;0,00;0,00;0,00;0,00;0,00;0,00;0,00;7489944;FABRÍCIO BARROSO FERREIRA;5527;1;1023;11;2277;13;122;3.3.90.14.05.00.00.00;1.500.000.0000;33901400000000;0,00;0,00;168,42;MANUTENÇÃO DA SECULT;DIÁRIAS - PESSOAL CIVIL
Especificação: ;;EMPENHO PARA COBRIR DESPESA COM DIÁRIA PARA JUIZ DE FORA NO DIA 05/02/2026 PARA VISITA ÀS INSTALAÇÕES DO 4º DEPÓSITO DE SUPRIMENTOS MILITAR DO EXÉRCITO BRASILEIRO COM A FINALIDADE DE VISTORIA AO ACERVO BÉLICO TOMBADO (PROVISÓRIO) PELO COMPHA. TRATATIVAS PARA SANAR DEMANDA JUDICIAL. CONFORME DECRETO 9882/2025.;;;;;;;;;;;;;;;;;;;;;;;;;;;;;;;;;;;;;
668;PREFEITURA MUNICIPAL DE BARBACENA;;30805136;311;2026;ORDINARIO;0;0;EMPENHO PARA COBRIR DESPESA COM DIÁRIA PARA JUIZ DE FORA NO DIA 05/02/2026 PARA VISITA ÀS INSTALAÇÕES DO 4º DEPÓSITO DE SUPRIMENTOS MILITAR DO EXÉRCITO BRASILEIRO COM A FINALIDADE DE VISTORIA AO ACERVO BÉLICO TOMBADO (PROVISÓRIO) PELO COMPHA. TRATATIVAS PARA SANAR DEMANDA JUDICIAL. CONFORME DECRETO 9882/2025.;30/01/26 00:00;168,42;0,00;168,42;0,00;0,00;0,00;0,00;0,00;0,00;0,00;0,00;0,00;1543436;TARCISIO FERREIRA PEREIRA;;;1023;11;2277;13;122;3.3.90.14.05.00.00.00;1.500.000.0000;33901400000000;0,00;0,00;168,42;MANUTENÇÃO DA SECULT;DIÁRIAS - PESSOAL CIVIL
Especificação: ;;EMPENHO PARA COBRIR DESPESA COM DIÁRIA PARA JUIZ DE FORA NO DIA 05/02/2026 PARA VISITA ÀS INSTALAÇÕES DO 4º DEPÓSITO DE SUPRIMENTOS MILITAR DO EXÉRCITO BRASILEIRO COM A FINALIDADE DE VISTORIA AO ACERVO BÉLICO TOMBADO (PROVISÓRIO) PELO COMPHA. TRATATIVAS PARA SANAR DEMANDA JUDICIAL. CONFORME DECRETO 9882/2025.;;;;;;;;;;;;;;;;;;;;;;;;;;;;;;;;;;;;;
668;PREFEITURA MUNICIPAL DE BARBACENA;;30733283;730;2026;ORDINARIO;37;2024;"EMPENHO PARA COBRIR DESPESA COM LOCAÇÃO DE EQUIPAMENTOS E ESTRUTURAS PARA O EVENTO ""26º ENCONTRO DE MOTOCICLISTAS DE BARBACENA!"" QUE ACONTECERÁ NA PRAÇA SANTO ANTÔNIO,BARBACENA/MG, NO PERIODO DE 05 A 08 DE FEVEREIRO DE 2026,CONFORME PROCESSO 37/2024,CONTRATO 59/2025 E SOLICITAÇÃO DE FORNECIMENTO Nº 81/2026.";30/01/26 00:00;54.060,00;0,00;0,00;0,00;0,00;0,00;0,00;0,00;0,00;0,00;0,00;0,00;1543458;JOAO BOSCO DE ABREU LTDA;3701;4;1127;40;2734;13;392;3.3.90.39.20.00.00.00;1.753.000.0000;33903900000000;0,00;0,00;54.060,00;REALIZAÇÃO DE DEMAIS EVENTOS DO CALENDÁRIO OFICIAL DO MUNICÍPIO;OUTROS SERVIÇOS DE TERCEIROS - PESSOA JURÍDICA
Especificação: ;;"EMPENHO PARA COBRIR DESPESA COM LOCAÇÃO DE EQUIPAMENTOS E ESTRUTURAS PARA O EVENTO ""26º ENCONTRO DE MOTOCICLISTAS DE BARBACENA!"" QUE ACONTECERÁ NA PRAÇA SANTO ANTÔNIO,BARBACENA/MG, NO PERIODO DE 05 A 08 DE FEVEREIRO DE 2026,CONFORME PROCESSO 37/2024,CONTRATO 59/2025 E SOLICITAÇÃO DE FORNECIMENTO Nº 81/2026.";;;;;;;;;;;;;;;;;;;;;;;;;;;;;;;;;;;;;
668;PREFEITURA MUNICIPAL DE BARBACENA;;30834714;322;2026;ORDINARIO;0;0;PELA DESPESA DE FOLHA DE PAGAMENTO EMPENHADA REFERENTE MENSAL 1/2026;31/01/26 00:00;3.000,00;0,00;3.000,00;0,00;3.000,00;0,00;0,00;0,00;0,00;0,00;0,00;0,00;1547285;MUNICÍPIO DE BARBACENA;;;1062;62;2071;13;392;3.3.90.46.00.00.00.00;1.500.000.0000;33904600000000;3.000,00;0,00;0,00;MANUTENÇÃO DA BIBLIOTECA PÚBLICA MUNICIPAL E DEMAIS APARELHOS CULTURAIS;AUXÍLIO-ALIMENTAÇÃO
Especificação: ;;PELA DESPESA DE FOLHA DE PAGAMENTO EMPENHADA REFERENTE MENSAL 1/2026;;;;;;;;;;;;;;;;;;;;;;;;;;;;;;;;;;;;;
668;PREFEITURA MUNICIPAL DE BARBACENA;;30834713;323;2026;ORDINARIO;0;0;PELA DESPESA DE FOLHA DE PAGAMENTO EMPENHADA REFERENTE MENSAL 1/2026;31/01/26 00:00;3.432,31;0,00;3.432,31;0,00;3.004,83;0,00;427,48;0,00;0,00;0,00;0,00;0,00;1547285;MUNICÍPIO DE BARBACENA;;;961;11;2267;6;122;3.1.90.11.09.00.00.00;1.500.000.0000;31901100000000;3.432,31;0,00;0,00;PESSOAL E ENCARGOS SOCIAIS DA SSP;VENCIMENTOS E VANTAGENS FIXAS - PESSOAL CIVIL
Especificação: ;;PELA DESPESA DE FOLHA DE PAGAMENTO EMPENHADA REFERENTE MENSAL 1/2026;;;;;;;;;;;;;;;;;;;;;;;;;;;;;;;;;;;;;
668;PREFEITURA MUNICIPAL DE BARBACENA;;30834712;324;2026;ORDINARIO;0;0;PELA DESPESA DE FOLHA DE PAGAMENTO EMPENHADA REFERENTE MENSAL 1/2026;31/01/26 00:00;2.612,06;0,00;2.612,06;0,00;1.920,89;0,00;691,17;0,00;0,00;0,00;0,00;0,00;1547285;MUNICÍPIO DE BARBACENA;;;148;11;2111;15;451;3.1.90.11.45.00.00.00;1.500.000.0000;31901100000000;2.612,06;0,00;0,00;PESSOAL E ENCARGOS SOCIAIS DA SEMOP;VENCIMENTOS E VANTAGENS FIXAS - PESSOAL CIVIL
Especificação: ;;PELA DESPESA DE FOLHA DE PAGAMENTO EMPENHADA REFERENTE MENSAL 1/2026;;;;;;;;;;;;;;;;;;;;;;;;;;;;;;;;;;;;;
668;PREFEITURA MUNICIPAL DE BARBACENA;;30834711;325;2026;ORDINARIO;0;0;PELA DESPESA DE FOLHA DE PAGAMENTO EMPENHADA REFERENTE MENSAL 1/2026;31/01/26 00:00;9.360,84;0,00;9.360,84;0,00;6.978,99;0,00;2.381,85;0,00;0,00;0,00;0,00;0,00;1547285;MUNICÍPIO DE BARBACENA;;;44;11;2152;4;122;3.1.90.11.09.00.00.00;1.500.000.0000;31901100000000;9.360,84;0,00;0,00;PESSOAL E ENCARGOS SOCIAIS DA SEGAB;VENCIMENTOS E VANTAGENS FIXAS - PESSOAL CIVIL
Especificação: ;;PELA DESPESA DE FOLHA DE PAGAMENTO EMPENHADA REFERENTE MENSAL 1/2026;;;;;;;;;;;;;;;;;;;;;;;;;;;;;;;;;;;;;
668;PREFEITURA MUNICIPAL DE BARBACENA;;30834709;326;2026;ORDINARIO;0;0;PELA DESPESA DE FOLHA DE PAGAMENTO EMPENHADA REFERENTE MENSAL 1/2026;31/01/26 00:00;1.458,90;0,00;1.458,90;0,00;1.203,60;0,00;255,30;0,00;0,00;0,00;0,00;0,00;1547285;MUNICÍPIO DE BARBACENA;;;1066;62;2072;13;392;3.1.90.11.45.00.00.00;1.500.000.0000;31901100000000;1.458,90;0,00;0,00;MANUTENÇAO DE MUSEUS;VENCIMENTOS E VANTAGENS FIXAS - PESSOAL CIVIL
Especificação: ;;PELA DESPESA DE FOLHA DE PAGAMENTO EMPENHADA REFERENTE MENSAL 1/2026;;;;;;;;;;;;;;;;;;;;;;;;;;;;;;;;;;;;;
668;PREFEITURA MUNICIPAL DE BARBACENA;;30834705;327;2026;ORDINARIO;0;0;PELA DESPESA DE FOLHA DE PAGAMENTO EMPENHADA REFERENTE MENSAL 1/2026;31/01/26 00:00;57.443,42;0,00;57.443,42;0,00;44.979,68;0,00;12.463,74;0,00;0,00;0,00;0,00;0,00;1547285;MUNICÍPIO DE BARBACENA;;;2;11;2141;4;124;3.1.90.11.01.00.00.00;1.500.000.0000;31901100000000;57.443,42;0,00;0,00;PESSOAL E ENCARGOS SOCIAIS DA CGEM;VENCIMENTOS E VANTAGENS FIXAS - PESSOAL CIVIL
Especificação: ;;PELA DESPESA DE FOLHA DE PAGAMENTO EMPENHADA REFERENTE MENSAL 1/2026;;;;;;;;;;;;;;;;;;;;;;;;;;;;;;;;;;;;;
668;PREFEITURA MUNICIPAL DE BARBACENA;;30834703;328;2026;ORDINARIO;0;0;PELA DESPESA DE FOLHA DE PAGAMENTO EMPENHADA REFERENTE MENSAL 1/2026;31/01/26 00:00;16.200,00;0,00;16.200,00;0,00;16.200,00;0,00;0,00;0,00;0,00;0,00;0,00;0,00;1547285;MUNICÍPIO DE BARBACENA;;;283;11;2132;3;122;3.3.90.46.00.00.00.00;1.500.000.0000;33904600000000;16.200,00;0,00;0,00;PESSOAL E ENCARGOS SOCIAIS DA AGM;AUXÍLIO-ALIMENTAÇÃO
Especificação: ;;PELA DESPESA DE FOLHA DE PAGAMENTO EMPENHADA REFERENTE MENSAL 1/2026;;;;;;;;;;;;;;;;;;;;;;;;;;;;;;;;;;;;;
668;PREFEITURA MUNICIPAL DE BARBACENA;;30834708;329;2026;ORDINARIO;0;0;PELA DESPESA DE FOLHA DE PAGAMENTO EMPENHADA REFERENTE MENSAL 1/2026;31/01/26 00:00;8.342,13;0,00;8.342,13;0,00;6.515,78;0,00;1.826,35;0,00;0,00;0,00;0,00;0,00;1547285;MUNICÍPIO DE BARBACENA;;;546;11;2058;4;121;3.1.90.11.45.00.00.00;1.500.000.0000;31901100000000;8.342,13;0,00;0,00;PESSOAL E ENCARGOS SOCIAIS DA SEPLAN;VENCIMENTOS E VANTAGENS FIXAS - PESSOAL CIVIL
Especificação: ;;PELA DESPESA DE FOLHA DE PAGAMENTO EMPENHADA REFERENTE MENSAL 1/2026;;;;;;;;;;;;;;;;;;;;;;;;;;;;;;;;;;;;;
668;PREFEITURA MUNICIPAL DE BARBACENA;;30834704;330;2026;ORDINARIO;0;0;PELA DESPESA DE FOLHA DE PAGAMENTO EMPENHADA REFERENTE MENSAL 1/2026;31/01/26 00:00;1.870,94;0,00;1.870,94;0,00;1.543,53;0,00;327,41;0,00;0,00;0,00;0,00;0,00;1547285;MUNICÍPIO DE BARBACENA;;;1051;62;2071;13;392;3.1.90.11.45.00.00.00;1.500.000.0000;31901100000000;1.870,94;0,00;0,00;MANUTENÇÃO DA BIBLIOTECA PÚBLICA MUNICIPAL E DEMAIS APARELHOS CULTURAIS;VENCIMENTOS E VANTAGENS FIXAS - PESSOAL CIVIL
Especificação: ;;PELA DESPESA DE FOLHA DE PAGAMENTO EMPENHADA REFERENTE MENSAL 1/2026;;;;;;;;;;;;;;;;;;;;;;;;;;;;;;;;;;;;;
668;PREFEITURA MUNICIPAL DE BARBACENA;;30834701;331;2026;ORDINARIO;0;0;PELA DESPESA DE FOLHA DE PAGAMENTO EMPENHADA REFERENTE MENSAL 1/2026;31/01/26 00:00;9.360,84;0,00;9.360,84;0,00;6.978,99;0,00;2.381,85;0,00;0,00;0,00;0,00;0,00;1547285;MUNICÍPIO DE BARBACENA;;;1036;11;2278;13;122;3.1.90.11.09.00.00.00;1.500.000.0000;31901100000000;9.360,84;0,00;0,00;PESSOAL E ENCARGOS SOCIAIS DA SECULT;VENCIMENTOS E VANTAGENS FIXAS - PESSOAL CIVIL
Especificação: ;;PELA DESPESA DE FOLHA DE PAGAMENTO EMPENHADA REFERENTE MENSAL 1/2026;;;;;;;;;;;;;;;;;;;;;;;;;;;;;;;;;;;;;
668;PREFEITURA MUNICIPAL DE BARBACENA;;30834698;332;2026;ORDINARIO;0;0;PELA DESPESA DE FOLHA DE PAGAMENTO EMPENHADA REFERENTE MENSAL 1/2026;31/01/26 00:00;3.242,00;0,00;3.242,00;0,00;2.998,86;0,00;243,14;0,00;0,00;0,00;0,00;0,00;1547285;MUNICÍPIO DE BARBACENA;;;284;11;2191;3;122;3.1.90.04.01.00.00.00;1.500.000.0000;31900400000000;3.242,00;0,00;0,00;MANUTENÇÃO DO PROCON;CONTRATAÇÃO POR TEMPO DETERMINADO
Especificação: ;;PELA DESPESA DE FOLHA DE PAGAMENTO EMPENHADA REFERENTE MENSAL 1/2026;;;;;;;;;;;;;;;;;;;;;;;;;;;;;;;;;;;;;
668;PREFEITURA MUNICIPAL DE BARBACENA;;30834695;333;2026;ORDINARIO;0;0;PELA DESPESA DE FOLHA DE PAGAMENTO EMPENHADA REFERENTE MENSAL 1/2026;31/01/26 00:00;1.621,00;0,00;1.621,00;0,00;1.499,43;0,00;121,57;0,00;0,00;0,00;0,00;0,00;1547285;MUNICÍPIO DE BARBACENA;;;104;11;2068;4;122;3.1.90.04.01.00.00.00;1.500.000.0000;31900400000000;1.621,00;0,00;0,00;PESSOAL E ENCARGOS SOCIAIS DA SEGOV;CONTRATAÇÃO POR TEMPO DETERMINADO
Especificação: ;;PELA DESPESA DE FOLHA DE PAGAMENTO EMPENHADA REFERENTE MENSAL 1/2026;;;;;;;;;;;;;;;;;;;;;;;;;;;;;;;;;;;;;
668;PREFEITURA MUNICIPAL DE BARBACENA;;30834699;334;2026;ORDINARIO;0;0;PELA DESPESA DE FOLHA DE PAGAMENTO EMPENHADA REFERENTE MENSAL 1/2026;31/01/26 00:00;1.077,96;0,00;1.077,96;0,00;1.077,96;0,00;0,00;0,00;0,00;0,00;0,00;0,00;1547285;MUNICÍPIO DE BARBACENA;;;1051;62;2071;13;392;3.1.90.11.52.00.00.00;1.500.000.0000;31901100000000;1.077,96;0,00;0,00;MANUTENÇÃO DA BIBLIOTECA PÚBLICA MUNICIPAL E DEMAIS APARELHOS CULTURAIS;VENCIMENTOS E VANTAGENS FIXAS - PESSOAL CIVIL
Especificação: ;;PELA DESPESA DE FOLHA DE PAGAMENTO EMPENHADA REFERENTE MENSAL 1/2026;;;;;;;;;;;;;;;;;;;;;;;;;;;;;;;;;;;;;
668;PREFEITURA MUNICIPAL DE BARBACENA;;30834696;335;2026;ORDINARIO;0;0;PELA DESPESA DE FOLHA DE PAGAMENTO EMPENHADA REFERENTE MENSAL 1/2026;31/01/26 00:00;7.800,00;0,00;7.800,00;0,00;7.800,00;0,00;0,00;0,00;0,00;0,00;0,00;0,00;1547285;MUNICÍPIO DE BARBACENA;;;11;11;2141;4;124;3.3.90.46.00.00.00.00;1.500.000.0000;33904600000000;7.800,00;0,00;0,00;PESSOAL E ENCARGOS SOCIAIS DA CGEM;AUXÍLIO-ALIMENTAÇÃO
Especificação: ;;PELA DESPESA DE FOLHA DE PAGAMENTO EMPENHADA REFERENTE MENSAL 1/2026;;;;;;;;;;;;;;;;;;;;;;;;;;;;;;;;;;;;;
668;PREFEITURA MUNICIPAL DE BARBACENA;;30834692;336;2026;ORDINARIO;0;0;PELA DESPESA DE FOLHA DE PAGAMENTO EMPENHADA REFERENTE MENSAL 1/2026;31/01/26 00:00;9.360,84;0,00;9.360,84;0,00;3.919,93;0,00;5.440,91;0,00;0,00;0,00;0,00;0,00;1547285;MUNICÍPIO DE BARBACENA;;;520;11;2056;4;122;3.1.90.11.09.00.00.00;1.500.000.0000;31901100000000;9.360,84;0,00;0,00;PESSOAL E ENCARGOS SOCIAIS DA SEMAD;VENCIMENTOS E VANTAGENS FIXAS - PESSOAL CIVIL
Especificação: ;;PELA DESPESA DE FOLHA DE PAGAMENTO EMPENHADA REFERENTE MENSAL 1/2026;;;;;;;;;;;;;;;;;;;;;;;;;;;;;;;;;;;;;
668;PREFEITURA MUNICIPAL DE BARBACENA;;30834687;337;2026;ORDINARIO;0;0;PELA DESPESA DE FOLHA DE PAGAMENTO EMPENHADA REFERENTE MENSAL 1/2026;31/01/26 00:00;345.187,45;0,00;345.187,45;0,00;231.194,03;0,00;113.993,42;0,00;0,00;0,00;0,00;0,00;1547285;MUNICÍPIO DE BARBACENA;;;924;11;2144;6;122;3.1.90.11.01.00.00.00;1.500.000.0000;31901100000000;345.187,45;0,00;0,00;PESSOAL E ENCARGOS SOCIAIS DA GCM;VENCIMENTOS E VANTAGENS FIXAS - PESSOAL CIVIL
Especificação: ;;PELA DESPESA DE FOLHA DE PAGAMENTO EMPENHADA REFERENTE MENSAL 1/2026;;;;;;;;;;;;;;;;;;;;;;;;;;;;;;;;;;;;;
668;PREFEITURA MUNICIPAL DE BARBACENA;;30834684;338;2026;ORDINARIO;0;0;PELA DESPESA DE FOLHA DE PAGAMENTO EMPENHADA REFERENTE MENSAL 1/2026;31/01/26 00:00;140,49;0,00;140,49;0,00;140,49;0,00;0,00;0,00;0,00;0,00;0,00;0,00;1547285;MUNICÍPIO DE BARBACENA;;;148;11;2111;15;451;3.1.90.11.52.00.00.00;1.500.000.0000;31901100000000;140,49;0,00;0,00;PESSOAL E ENCARGOS SOCIAIS DA SEMOP;VENCIMENTOS E VANTAGENS FIXAS - PESSOAL CIVIL
Especificação: ;;PELA DESPESA DE FOLHA DE PAGAMENTO EMPENHADA REFERENTE MENSAL 1/2026;;;;;;;;;;;;;;;;;;;;;;;;;;;;;;;;;;;;;
668;PREFEITURA MUNICIPAL DE BARBACENA;;30834686;339;2026;ORDINARIO;0;0;PELA DESPESA DE FOLHA DE PAGAMENTO EMPENHADA REFERENTE MENSAL 1/2026;31/01/26 00:00;7.332,24;0,00;7.332,24;0,00;5.984,36;0,00;1.347,88;0,00;0,00;0,00;0,00;0,00;1547285;MUNICÍPIO DE BARBACENA;;;1036;11;2278;13;122;3.1.90.11.45.00.00.00;1.500.000.0000;31901100000000;7.332,24;0,00;0,00;PESSOAL E ENCARGOS SOCIAIS DA SECULT;VENCIMENTOS E VANTAGENS FIXAS - PESSOAL CIVIL
Especificação: ;;PELA DESPESA DE FOLHA DE PAGAMENTO EMPENHADA REFERENTE MENSAL 1/2026;;;;;;;;;;;;;;;;;;;;;;;;;;;;;;;;;;;;;
668;PREFEITURA MUNICIPAL DE BARBACENA;;30834676;340;2026;ORDINARIO;0;0;PELA DESPESA DE FOLHA DE PAGAMENTO EMPENHADA REFERENTE MENSAL 1/2026;31/01/26 00:00;2.612,06;0,00;2.612,06;0,00;2.063,53;0,00;548,53;0,00;0,00;0,00;0,00;0,00;1547285;MUNICÍPIO DE BARBACENA;;;44;11;2152;4;122;3.1.90.11.45.00.00.00;1.500.000.0000;31901100000000;2.612,06;0,00;0,00;PESSOAL E ENCARGOS SOCIAIS DA SEGAB;VENCIMENTOS E VANTAGENS FIXAS - PESSOAL CIVIL
Especificação: ;;PELA DESPESA DE FOLHA DE PAGAMENTO EMPENHADA REFERENTE MENSAL 1/2026;;;;;;;;;;;;;;;;;;;;;;;;;;;;;;;;;;;;;
668;PREFEITURA MUNICIPAL DE BARBACENA;;30834675;341;2026;ORDINARIO;0;0;PELA DESPESA DE FOLHA DE PAGAMENTO EMPENHADA REFERENTE MENSAL 1/2026;31/01/26 00:00;2.979,16;0,00;2.979,16;0,00;2.979,16;0,00;0,00;0,00;0,00;0,00;0,00;0,00;1547285;MUNICÍPIO DE BARBACENA;;;530;11;2056;4;122;3.3.90.93.03.00.00.00;1.500.000.0000;33909300000000;2.979,16;0,00;0,00;PESSOAL E ENCARGOS SOCIAIS DA SEMAD;INDENIZAÇÕES E RESTITUIÇÕES
Especificação: ;;PELA DESPESA DE FOLHA DE PAGAMENTO EMPENHADA REFERENTE MENSAL 1/2026;;;;;;;;;;;;;;;;;;;;;;;;;;;;;;;;;;;;;
668;PREFEITURA MUNICIPAL DE BARBACENA;;30834674;342;2026;ORDINARIO;0;0;PELA DESPESA DE FOLHA DE PAGAMENTO EMPENHADA REFERENTE MENSAL 1/2026;31/01/26 00:00;425,67;0,00;425,67;0,00;425,67;0,00;0,00;0,00;0,00;0,00;0,00;0,00;1547285;MUNICÍPIO DE BARBACENA;;;520;11;2056;4;122;3.1.90.11.52.00.00.00;1.500.000.0000;31901100000000;425,67;0,00;0,00;PESSOAL E ENCARGOS SOCIAIS DA SEMAD;VENCIMENTOS E VANTAGENS FIXAS - PESSOAL CIVIL
Especificação: ;;PELA DESPESA DE FOLHA DE PAGAMENTO EMPENHADA REFERENTE MENSAL 1/2026;;;;;;;;;;;;;;;;;;;;;;;;;;;;;;;;;;;;;
668;PREFEITURA MUNICIPAL DE BARBACENA;;30834673;343;2026;ORDINARIO;0;0;PELA DESPESA DE FOLHA DE PAGAMENTO EMPENHADA REFERENTE MENSAL 1/2026;31/01/26 00:00;219,48;0,00;219,48;0,00;219,48;0,00;0,00;0,00;0,00;0,00;0,00;0,00;1547285;MUNICÍPIO DE BARBACENA;;;961;11;2267;6;122;3.1.90.11.52.00.00.00;1.500.000.0000;31901100000000;219,48;0,00;0,00;PESSOAL E ENCARGOS SOCIAIS DA SSP;VENCIMENTOS E VANTAGENS FIXAS - PESSOAL CIVIL
Especificação: ;;PELA DESPESA DE FOLHA DE PAGAMENTO EMPENHADA REFERENTE MENSAL 1/2026;;;;;;;;;;;;;;;;;;;;;;;;;;;;;;;;;;;;;
668;PREFEITURA MUNICIPAL DE BARBACENA;;30834672;344;2026;ORDINARIO;0;0;PELA DESPESA DE FOLHA DE PAGAMENTO EMPENHADA REFERENTE MENSAL 1/2026;31/01/26 00:00;17.614,87;0,00;17.614,87;0,00;16.370,00;0,00;1.244,87;0,00;0,00;0,00;0,00;0,00;1547285;MUNICÍPIO DE BARBACENA;;;574;11;2060;15;122;3.1.90.04.01.00.00.00;1.500.000.0000;31900400000000;17.614,87;0,00;0,00;PESSOAL E ENCARGOS SOCIAIS DA SEMUR;CONTRATAÇÃO POR TEMPO DETERMINADO
Especificação: ;;PELA DESPESA DE FOLHA DE PAGAMENTO EMPENHADA REFERENTE MENSAL 1/2026;;;;;;;;;;;;;;;;;;;;;;;;;;;;;;;;;;;;;
668;PREFEITURA MUNICIPAL DE BARBACENA;;30834671;345;2026;ORDINARIO;0;0;PELA DESPESA DE FOLHA DE PAGAMENTO EMPENHADA REFERENTE MENSAL 1/2026;31/01/26 00:00;2.194,80;0,00;2.194,80;0,00;1.887,53;0,00;307,27;0,00;0,00;0,00;0,00;0,00;1547285;MUNICÍPIO DE BARBACENA;;;285;11;2191;3;122;3.1.90.11.45.00.00.00;1.500.000.0000;31901100000000;2.194,80;0,00;0,00;MANUTENÇÃO DO PROCON;VENCIMENTOS E VANTAGENS FIXAS - PESSOAL CIVIL
Especificação: ;;PELA DESPESA DE FOLHA DE PAGAMENTO EMPENHADA REFERENTE MENSAL 1/2026;;;;;;;;;;;;;;;;;;;;;;;;;;;;;;;;;;;;;
668;PREFEITURA MUNICIPAL DE BARBACENA;;30834670;346;2026;ORDINARIO;0;0;PELA DESPESA DE FOLHA DE PAGAMENTO EMPENHADA REFERENTE MENSAL 1/2026;31/01/26 00:00;13.230,34;0,00;13.230,34;0,00;12.038,20;0,00;1.192,14;0,00;0,00;0,00;0,00;0,00;1547285;MUNICÍPIO DE BARBACENA;;;710;11;2122;18;122;3.1.90.04.01.00.00.00;1.500.000.0000;31900400000000;13.230,34;0,00;0,00;PESSOAL E ENCARGOS SOCIAIS DA SEMMA;CONTRATAÇÃO POR TEMPO DETERMINADO
Especificação: ;;PELA DESPESA DE FOLHA DE PAGAMENTO EMPENHADA REFERENTE MENSAL 1/2026;;;;;;;;;;;;;;;;;;;;;;;;;;;;;;;;;;;;;
668;PREFEITURA MUNICIPAL DE BARBACENA;;30834669;347;2026;ORDINARIO;0;0;PELA DESPESA DE FOLHA DE PAGAMENTO EMPENHADA REFERENTE MENSAL 1/2026;31/01/26 00:00;68.912,36;0,00;68.912,36;0,00;49.247,65;0,00;19.664,71;0,00;0,00;0,00;0,00;0,00;1547285;MUNICÍPIO DE BARBACENA;;;982;27;2268;15;451;3.1.90.11.01.00.00.00;1.500.000.0000;31901100000000;68.912,36;0,00;0,00;PESSOAL E ENCARGOS SOCIAIS DE TRANSITO;VENCIMENTOS E VANTAGENS FIXAS - PESSOAL CIVIL
Especificação: ;;PELA DESPESA DE FOLHA DE PAGAMENTO EMPENHADA REFERENTE MENSAL 1/2026;;;;;;;;;;;;;;;;;;;;;;;;;;;;;;;;;;;;;
668;PREFEITURA MUNICIPAL DE BARBACENA;;30834668;348;2026;ORDINARIO;0;0;PELA DESPESA DE FOLHA DE PAGAMENTO EMPENHADA REFERENTE MENSAL 1/2026;31/01/26 00:00;9.612,86;0,00;9.612,86;0,00;8.828,05;0,00;784,81;0,00;0,00;0,00;0,00;0,00;1547285;MUNICÍPIO DE BARBACENA;;;64;11;2172;20;122;3.1.90.04.01.00.00.00;1.500.000.0000;31900400000000;9.612,86;0,00;0,00;PESSOAL E ENCARGOS SOCIAIS DA SEAPA;CONTRATAÇÃO POR TEMPO DETERMINADO
Especificação: ;;PELA DESPESA DE FOLHA DE PAGAMENTO EMPENHADA REFERENTE MENSAL 1/2026;;;;;;;;;;;;;;;;;;;;;;;;;;;;;;;;;;;;;
668;PREFEITURA MUNICIPAL DE BARBACENA;;30834664;349;2026;ORDINARIO;0;0;PELA DESPESA DE FOLHA DE PAGAMENTO EMPENHADA REFERENTE MENSAL 1/2026;31/01/26 00:00;96,25;0,00;96,25;0,00;96,25;0,00;0,00;0,00;0,00;0,00;0,00;0,00;1547285;MUNICÍPIO DE BARBACENA;;;575;11;2060;15;122;3.1.90.11.52.00.00.00;1.500.000.0000;31901100000000;96,25;0,00;0,00;PESSOAL E ENCARGOS SOCIAIS DA SEMUR;VENCIMENTOS E VANTAGENS FIXAS - PESSOAL CIVIL
Especificação: ;;PELA DESPESA DE FOLHA DE PAGAMENTO EMPENHADA REFERENTE MENSAL 1/2026;;;;;;;;;;;;;;;;;;;;;;;;;;;;;;;;;;;;;
668;PREFEITURA MUNICIPAL DE BARBACENA;;30834665;350;2026;ORDINARIO;0;0;PELA DESPESA DE FOLHA DE PAGAMENTO EMPENHADA REFERENTE MENSAL 1/2026;31/01/26 00:00;21.000,00;0,00;21.000,00;0,00;21.000,00;0,00;0,00;0,00;0,00;0,00;0,00;0,00;1547285;MUNICÍPIO DE BARBACENA;;;231;11;2109;4;123;3.3.90.46.00.00.00.00;1.500.000.0000;33904600000000;21.000,00;0,00;0,00;PESSOAL E ENCARGOS SOCIAIS DA SEFAZ;AUXÍLIO-ALIMENTAÇÃO
Especificação: ;;PELA DESPESA DE FOLHA DE PAGAMENTO EMPENHADA REFERENTE MENSAL 1/2026;;;;;;;;;;;;;;;;;;;;;;;;;;;;;;;;;;;;;
668;PREFEITURA MUNICIPAL DE BARBACENA;;30834661;351;2026;ORDINARIO;0;0;PELA DESPESA DE FOLHA DE PAGAMENTO EMPENHADA REFERENTE MENSAL 1/2026;31/01/26 00:00;1.024,40;0,00;1.024,40;0,00;1.024,40;0,00;0,00;0,00;0,00;0,00;0,00;0,00;1547285;MUNICÍPIO DE BARBACENA;;;982;27;2268;15;451;3.1.90.11.52.00.00.00;1.500.000.0000;31901100000000;1.024,40;0,00;0,00;PESSOAL E ENCARGOS SOCIAIS DE TRANSITO;VENCIMENTOS E VANTAGENS FIXAS - PESSOAL CIVIL
Especificação: ;;PELA DESPESA DE FOLHA DE PAGAMENTO EMPENHADA REFERENTE MENSAL 1/2026;;;;;;;;;;;;;;;;;;;;;;;;;;;;;;;;;;;;;
668;PREFEITURA MUNICIPAL DE BARBACENA;;30834663;352;2026;ORDINARIO;0;0;PELA DESPESA DE FOLHA DE PAGAMENTO EMPENHADA REFERENTE MENSAL 1/2026;31/01/26 00:00;204.829,68;0,00;204.829,68;0,00;167.539,00;0,00;37.290,68;0,00;0,00;0,00;0,00;0,00;1547285;MUNICÍPIO DE BARBACENA;;;520;11;2056;4;122;3.1.90.11.01.00.00.00;1.500.000.0000;31901100000000;204.829,68;0,00;0,00;PESSOAL E ENCARGOS SOCIAIS DA SEMAD;VENCIMENTOS E VANTAGENS FIXAS - PESSOAL CIVIL
Especificação: ;;PELA DESPESA DE FOLHA DE PAGAMENTO EMPENHADA REFERENTE MENSAL 1/2026;;;;;;;;;;;;;;;;;;;;;;;;;;;;;;;;;;;;;
668;PREFEITURA MUNICIPAL DE BARBACENA;;30834659;353;2026;ORDINARIO;0;0;PELA DESPESA DE FOLHA DE PAGAMENTO EMPENHADA REFERENTE MENSAL 1/2026;31/01/26 00:00;181,94;0,00;181,94;0,00;181,94;0,00;0,00;0,00;0,00;0,00;0,00;0,00;1547285;MUNICÍPIO DE BARBACENA;;;221;11;2109;4;123;3.1.90.11.52.00.00.00;1.500.000.0000;31901100000000;181,94;0,00;0,00;PESSOAL E ENCARGOS SOCIAIS DA SEFAZ;VENCIMENTOS E VANTAGENS FIXAS - PESSOAL CIVIL
Especificação: ;;PELA DESPESA DE FOLHA DE PAGAMENTO EMPENHADA REFERENTE MENSAL 1/2026;;;;;;;;;;;;;;;;;;;;;;;;;;;;;;;;;;;;;
668;PREFEITURA MUNICIPAL DE BARBACENA;;30834660;354;2026;ORDINARIO;0;0;PELA DESPESA DE FOLHA DE PAGAMENTO EMPENHADA REFERENTE MENSAL 1/2026;31/01/26 00:00;125.026,44;0,00;125.026,44;0,00;113.223,02;0,00;11.803,42;0,00;0,00;0,00;0,00;0,00;1547285;MUNICÍPIO DE BARBACENA;;;147;11;2111;15;451;3.1.90.04.01.00.00.00;1.500.000.0000;31900400000000;125.026,44;0,00;0,00;PESSOAL E ENCARGOS SOCIAIS DA SEMOP;CONTRATAÇÃO POR TEMPO DETERMINADO
Especificação: ;;PELA DESPESA DE FOLHA DE PAGAMENTO EMPENHADA REFERENTE MENSAL 1/2026;;;;;;;;;;;;;;;;;;;;;;;;;;;;;;;;;;;;;
668;PREFEITURA MUNICIPAL DE BARBACENA;;30834657;355;2026;ORDINARIO;0;0;PELA DESPESA DE FOLHA DE PAGAMENTO EMPENHADA REFERENTE MENSAL 1/2026;31/01/26 00:00;7.800,70;0,00;7.800,70;0,00;5.418,85;0,00;2.381,85;0,00;0,00;0,00;0,00;0,00;1547285;MUNICÍPIO DE BARBACENA;;;575;11;2060;15;122;3.1.90.11.09.00.00.00;1.500.000.0000;31901100000000;7.800,70;0,00;0,00;PESSOAL E ENCARGOS SOCIAIS DA SEMUR;VENCIMENTOS E VANTAGENS FIXAS - PESSOAL CIVIL
Especificação: ;;PELA DESPESA DE FOLHA DE PAGAMENTO EMPENHADA REFERENTE MENSAL 1/2026;;;;;;;;;;;;;;;;;;;;;;;;;;;;;;;;;;;;;
668;PREFEITURA MUNICIPAL DE BARBACENA;;30834656;356;2026;ORDINARIO;0;0;PELA DESPESA DE FOLHA DE PAGAMENTO EMPENHADA REFERENTE MENSAL 1/2026;31/01/26 00:00;2.985,88;0,00;2.985,88;0,00;2.677,59;0,00;308,29;0,00;0,00;0,00;0,00;0,00;1547285;MUNICÍPIO DE BARBACENA;;;666;17;2117;15;452;3.1.90.04.14.00.00.00;1.500.000.0000;31900400000000;2.985,88;0,00;0,00;MANUTENÇAO E CONSERVAÇAO DE CEMITERIOS;CONTRATAÇÃO POR TEMPO DETERMINADO
Especificação: ;;PELA DESPESA DE FOLHA DE PAGAMENTO EMPENHADA REFERENTE MENSAL 1/2026;;;;;;;;;;;;;;;;;;;;;;;;;;;;;;;;;;;;;
668;PREFEITURA MUNICIPAL DE BARBACENA;;30834654;357;2026;ORDINARIO;0;0;PELA DESPESA DE FOLHA DE PAGAMENTO EMPENHADA REFERENTE MENSAL 1/2026;31/01/26 00:00;9.360,84;0,00;9.360,84;0,00;6.978,99;0,00;2.381,85;0,00;0,00;0,00;0,00;0,00;1547285;MUNICÍPIO DE BARBACENA;;;1151;11;2282;27;122;3.1.90.11.09.00.00.00;1.500.000.0000;31901100000000;9.360,84;0,00;0,00;PESSOAL E ENCARGOS SOCIAIS DA SEMESP;VENCIMENTOS E VANTAGENS FIXAS - PESSOAL CIVIL
Especificação: ;;PELA DESPESA DE FOLHA DE PAGAMENTO EMPENHADA REFERENTE MENSAL 1/2026;;;;;;;;;;;;;;;;;;;;;;;;;;;;;;;;;;;;;
668;PREFEITURA MUNICIPAL DE BARBACENA;;30834652;358;2026;ORDINARIO;0;0;PELA DESPESA DE FOLHA DE PAGAMENTO EMPENHADA REFERENTE MENSAL 1/2026;31/01/26 00:00;29,98;0,00;29,98;0,00;29,98;0,00;0,00;0,00;0,00;0,00;0,00;0,00;1547285;MUNICÍPIO DE BARBACENA;;;583;11;2060;15;122;3.3.90.18.00.00.00.00;1.500.000.0000;33901800000000;29,98;0,00;0,00;PESSOAL E ENCARGOS SOCIAIS DA SEMUR;AUXÍLIO FINANCEIRO A ESTUDANTES
Especificação: ;;PELA DESPESA DE FOLHA DE PAGAMENTO EMPENHADA REFERENTE MENSAL 1/2026;;;;;;;;;;;;;;;;;;;;;;;;;;;;;;;;;;;;;
668;PREFEITURA MUNICIPAL DE BARBACENA;;30834651;359;2026;ORDINARIO;0;0;PELA DESPESA DE FOLHA DE PAGAMENTO EMPENHADA REFERENTE MENSAL 1/2026;31/01/26 00:00;207.472,90;0,00;207.472,90;0,00;150.189,50;0,00;57.283,40;0,00;0,00;0,00;0,00;0,00;1547285;MUNICÍPIO DE BARBACENA;;;274;11;2132;3;122;3.1.90.11.01.00.00.00;1.500.000.0000;31901100000000;207.472,90;0,00;0,00;PESSOAL E ENCARGOS SOCIAIS DA AGM;VENCIMENTOS E VANTAGENS FIXAS - PESSOAL CIVIL
Especificação: ;;PELA DESPESA DE FOLHA DE PAGAMENTO EMPENHADA REFERENTE MENSAL 1/2026;;;;;;;;;;;;;;;;;;;;;;;;;;;;;;;;;;;;;
668;PREFEITURA MUNICIPAL DE BARBACENA;;30834648;360;2026;ORDINARIO;0;0;PELA DESPESA DE FOLHA DE PAGAMENTO EMPENHADA REFERENTE MENSAL 1/2026;31/01/26 00:00;5.900,00;0,00;5.900,00;0,00;5.900,00;0,00;0,00;0,00;0,00;0,00;0,00;0,00;1547285;MUNICÍPIO DE BARBACENA;;;720;11;2122;18;122;3.3.90.46.00.00.00.00;1.500.000.0000;33904600000000;5.900,00;0,00;0,00;PESSOAL E ENCARGOS SOCIAIS DA SEMMA;AUXÍLIO-ALIMENTAÇÃO
Especificação: ;;PELA DESPESA DE FOLHA DE PAGAMENTO EMPENHADA REFERENTE MENSAL 1/2026;;;;;;;;;;;;;;;;;;;;;;;;;;;;;;;;;;;;;
668;PREFEITURA MUNICIPAL DE BARBACENA;;30834645;361;2026;ORDINARIO;0;0;PELA DESPESA DE FOLHA DE PAGAMENTO EMPENHADA REFERENTE MENSAL 1/2026;31/01/26 00:00;11.683,18;0,00;11.683,18;0,00;10.491,32;0,00;1.191,86;0,00;0,00;0,00;0,00;0,00;1547285;MUNICÍPIO DE BARBACENA;;;147;11;2111;15;451;3.1.90.04.14.00.00.00;1.500.000.0000;31900400000000;11.683,18;0,00;0,00;PESSOAL E ENCARGOS SOCIAIS DA SEMOP;CONTRATAÇÃO POR TEMPO DETERMINADO
Especificação: ;;PELA DESPESA DE FOLHA DE PAGAMENTO EMPENHADA REFERENTE MENSAL 1/2026;;;;;;;;;;;;;;;;;;;;;;;;;;;;;;;;;;;;;
668;PREFEITURA MUNICIPAL DE BARBACENA;;30834646;362;2026;ORDINARIO;0;0;PELA DESPESA DE FOLHA DE PAGAMENTO EMPENHADA REFERENTE MENSAL 1/2026;31/01/26 00:00;1.621,00;0,00;1.621,00;0,00;1.499,43;0,00;121,57;0,00;0,00;0,00;0,00;0,00;1547285;MUNICÍPIO DE BARBACENA;;;1150;11;2282;27;122;3.1.90.04.01.00.00.00;1.500.000.0000;31900400000000;1.621,00;0,00;0,00;PESSOAL E ENCARGOS SOCIAIS DA SEMESP;CONTRATAÇÃO POR TEMPO DETERMINADO
Especificação: ;;PELA DESPESA DE FOLHA DE PAGAMENTO EMPENHADA REFERENTE MENSAL 1/2026;;;;;;;;;;;;;;;;;;;;;;;;;;;;;;;;;;;;;
668;PREFEITURA MUNICIPAL DE BARBACENA;;30834644;363;2026;ORDINARIO;0;0;PELA DESPESA DE FOLHA DE PAGAMENTO EMPENHADA REFERENTE MENSAL 1/2026;31/01/26 00:00;16.461,85;0,00;16.461,85;0,00;13.503,30;0,00;2.958,55;0,00;0,00;0,00;0,00;0,00;1547285;MUNICÍPIO DE BARBACENA;;;221;11;2109;4;123;3.1.90.11.45.00.00.00;1.500.000.0000;31901100000000;16.461,85;0,00;0,00;PESSOAL E ENCARGOS SOCIAIS DA SEFAZ;VENCIMENTOS E VANTAGENS FIXAS - PESSOAL CIVIL
Especificação: ;;PELA DESPESA DE FOLHA DE PAGAMENTO EMPENHADA REFERENTE MENSAL 1/2026;;;;;;;;;;;;;;;;;;;;;;;;;;;;;;;;;;;;;
668;PREFEITURA MUNICIPAL DE BARBACENA;;30834641;364;2026;ORDINARIO;0;0;PELA DESPESA DE FOLHA DE PAGAMENTO EMPENHADA REFERENTE MENSAL 1/2026;31/01/26 00:00;55,28;0,00;55,28;0,00;55,28;0,00;0,00;0,00;0,00;0,00;0,00;0,00;1547285;MUNICÍPIO DE BARBACENA;;;932;11;2144;6;122;3.3.90.18.00.00.00.00;1.500.000.0000;33901800000000;55,28;0,00;0,00;PESSOAL E ENCARGOS SOCIAIS DA GCM;AUXÍLIO FINANCEIRO A ESTUDANTES
Especificação: ;;PELA DESPESA DE FOLHA DE PAGAMENTO EMPENHADA REFERENTE MENSAL 1/2026;;;;;;;;;;;;;;;;;;;;;;;;;;;;;;;;;;;;;
668;PREFEITURA MUNICIPAL DE BARBACENA;;30834643;365;2026;ORDINARIO;0;0;PELA DESPESA DE FOLHA DE PAGAMENTO EMPENHADA REFERENTE MENSAL 1/2026;31/01/26 00:00;7.200,00;0,00;7.200,00;0,00;7.200,00;0,00;0,00;0,00;0,00;0,00;0,00;0,00;1547285;MUNICÍPIO DE BARBACENA;;;555;11;2058;4;121;3.3.90.46.00.00.00.00;1.500.000.0000;33904600000000;7.200,00;0,00;0,00;PESSOAL E ENCARGOS SOCIAIS DA SEPLAN;AUXÍLIO-ALIMENTAÇÃO
Especificação: ;;PELA DESPESA DE FOLHA DE PAGAMENTO EMPENHADA REFERENTE MENSAL 1/2026;;;;;;;;;;;;;;;;;;;;;;;;;;;;;;;;;;;;;
668;PREFEITURA MUNICIPAL DE BARBACENA;;30834637;366;2026;ORDINARIO;0;0;PELA DESPESA DE FOLHA DE PAGAMENTO EMPENHADA REFERENTE MENSAL 1/2026;31/01/26 00:00;11.424,28;0,00;11.424,28;0,00;9.830,71;0,00;1.593,57;0,00;0,00;0,00;0,00;0,00;1547285;MUNICÍPIO DE BARBACENA;;;634;11;2064;15;452;3.1.90.04.14.00.00.00;1.500.000.0000;31900400000000;11.424,28;0,00;0,00;PESSOAL E ENCARGOS SOCIAIS DA SESP;CONTRATAÇÃO POR TEMPO DETERMINADO
Especificação: ;;PELA DESPESA DE FOLHA DE PAGAMENTO EMPENHADA REFERENTE MENSAL 1/2026;;;;;;;;;;;;;;;;;;;;;;;;;;;;;;;;;;;;;
668;PREFEITURA MUNICIPAL DE BARBACENA;;30834639;367;2026;ORDINARIO;0;0;PELA DESPESA DE FOLHA DE PAGAMENTO EMPENHADA REFERENTE MENSAL 1/2026;31/01/26 00:00;45.749,14;0,00;45.749,14;0,00;36.889,57;0,00;8.859,57;0,00;0,00;0,00;0,00;0,00;1547285;MUNICÍPIO DE BARBACENA;;;924;11;2144;6;122;3.1.90.11.45.00.00.00;1.500.000.0000;31901100000000;45.749,14;0,00;0,00;PESSOAL E ENCARGOS SOCIAIS DA GCM;VENCIMENTOS E VANTAGENS FIXAS - PESSOAL CIVIL
Especificação: ;;PELA DESPESA DE FOLHA DE PAGAMENTO EMPENHADA REFERENTE MENSAL 1/2026;;;;;;;;;;;;;;;;;;;;;;;;;;;;;;;;;;;;;
668;PREFEITURA MUNICIPAL DE BARBACENA;;30834635;368;2026;ORDINARIO;0;0;PELA DESPESA DE FOLHA DE PAGAMENTO EMPENHADA REFERENTE MENSAL 1/2026;31/01/26 00:00;37.277,70;0,00;37.277,70;0,00;31.734,74;0,00;5.542,96;0,00;0,00;0,00;0,00;0,00;1547285;MUNICÍPIO DE BARBACENA;;;520;11;2056;4;122;3.1.90.11.45.00.00.00;1.500.000.0000;31901100000000;37.277,70;0,00;0,00;PESSOAL E ENCARGOS SOCIAIS DA SEMAD;VENCIMENTOS E VANTAGENS FIXAS - PESSOAL CIVIL
Especificação: ;;PELA DESPESA DE FOLHA DE PAGAMENTO EMPENHADA REFERENTE MENSAL 1/2026;;;;;;;;;;;;;;;;;;;;;;;;;;;;;;;;;;;;;
668;PREFEITURA MUNICIPAL DE BARBACENA;;30834636;369;2026;ORDINARIO;0;0;PELA DESPESA DE FOLHA DE PAGAMENTO EMPENHADA REFERENTE MENSAL 1/2026;31/01/26 00:00;39.000,00;0,00;39.000,00;0,00;39.000,00;0,00;0,00;0,00;0,00;0,00;0,00;0,00;1547285;MUNICÍPIO DE BARBACENA;;;934;11;2144;6;122;3.3.90.46.00.00.00.00;1.500.000.0000;33904600000000;39.000,00;0,00;0,00;PESSOAL E ENCARGOS SOCIAIS DA GCM;AUXÍLIO-ALIMENTAÇÃO
Especificação: ;;PELA DESPESA DE FOLHA DE PAGAMENTO EMPENHADA REFERENTE MENSAL 1/2026;;;;;;;;;;;;;;;;;;;;;;;;;;;;;;;;;;;;;
668;PREFEITURA MUNICIPAL DE BARBACENA;;30834631;370;2026;ORDINARIO;0;0;PELA DESPESA DE FOLHA DE PAGAMENTO EMPENHADA REFERENTE MENSAL 1/2026;31/01/26 00:00;8.148,05;0,00;8.148,05;0,00;7.512,03;0,00;636,02;0,00;0,00;0,00;0,00;0,00;1547285;MUNICÍPIO DE BARBACENA;;;1035;11;2278;13;122;3.1.90.04.01.00.00.00;1.500.000.0000;31900400000000;8.148,05;0,00;0,00;PESSOAL E ENCARGOS SOCIAIS DA SECULT;CONTRATAÇÃO POR TEMPO DETERMINADO
Especificação: ;;PELA DESPESA DE FOLHA DE PAGAMENTO EMPENHADA REFERENTE MENSAL 1/2026;;;;;;;;;;;;;;;;;;;;;;;;;;;;;;;;;;;;;
668;PREFEITURA MUNICIPAL DE BARBACENA;;30834633;371;2026;ORDINARIO;0;0;PELA DESPESA DE FOLHA DE PAGAMENTO EMPENHADA REFERENTE MENSAL 1/2026;31/01/26 00:00;6.481,78;0,00;6.481,78;0,00;5.150,87;0,00;1.330,91;0,00;0,00;0,00;0,00;0,00;1547285;MUNICÍPIO DE BARBACENA;;;982;27;2268;15;451;3.1.90.11.45.00.00.00;1.500.000.0000;31901100000000;6.481,78;0,00;0,00;PESSOAL E ENCARGOS SOCIAIS DE TRANSITO;VENCIMENTOS E VANTAGENS FIXAS - PESSOAL CIVIL
Especificação: ;;PELA DESPESA DE FOLHA DE PAGAMENTO EMPENHADA REFERENTE MENSAL 1/2026;;;;;;;;;;;;;;;;;;;;;;;;;;;;;;;;;;;;;
668;PREFEITURA MUNICIPAL DE BARBACENA;;30834625;372;2026;ORDINARIO;0;0;PELA DESPESA DE FOLHA DE PAGAMENTO EMPENHADA REFERENTE MENSAL 1/2026;31/01/26 00:00;14.653,31;0,00;14.653,31;0,00;12.406,82;0,00;2.246,49;0,00;0,00;0,00;0,00;0,00;1547285;MUNICÍPIO DE BARBACENA;;;1151;11;2282;27;122;3.1.90.11.01.00.00.00;1.500.000.0000;31901100000000;14.653,31;0,00;0,00;PESSOAL E ENCARGOS SOCIAIS DA SEMESP;VENCIMENTOS E VANTAGENS FIXAS - PESSOAL CIVIL
Especificação: ;;PELA DESPESA DE FOLHA DE PAGAMENTO EMPENHADA REFERENTE MENSAL 1/2026;;;;;;;;;;;;;;;;;;;;;;;;;;;;;;;;;;;;;
668;PREFEITURA MUNICIPAL DE BARBACENA;;30834627;373;2026;ORDINARIO;0;0;PELA DESPESA DE FOLHA DE PAGAMENTO EMPENHADA REFERENTE MENSAL 1/2026;31/01/26 00:00;167.138,39;0,00;167.138,39;0,00;151.953,74;0,00;15.184,65;0,00;0,00;0,00;0,00;0,00;1547285;MUNICÍPIO DE BARBACENA;;;634;11;2064;15;452;3.1.90.04.01.00.00.00;1.500.000.0000;31900400000000;167.138,39;0,00;0,00;PESSOAL E ENCARGOS SOCIAIS DA SESP;CONTRATAÇÃO POR TEMPO DETERMINADO
Especificação: ;;PELA DESPESA DE FOLHA DE PAGAMENTO EMPENHADA REFERENTE MENSAL 1/2026;;;;;;;;;;;;;;;;;;;;;;;;;;;;;;;;;;;;;
668;PREFEITURA MUNICIPAL DE BARBACENA;;30834621;374;2026;ORDINARIO;0;0;PELA DESPESA DE FOLHA DE PAGAMENTO EMPENHADA REFERENTE MENSAL 1/2026;31/01/26 00:00;65.435,90;0,00;65.435,90;0,00;51.116,71;0,00;14.319,19;0,00;0,00;0,00;0,00;0,00;1547285;MUNICÍPIO DE BARBACENA;;;105;11;2068;4;122;3.1.90.11.01.00.00.00;1.500.000.0000;31901100000000;65.435,90;0,00;0,00;PESSOAL E ENCARGOS SOCIAIS DA SEGOV;VENCIMENTOS E VANTAGENS FIXAS - PESSOAL CIVIL
Especificação: ;;PELA DESPESA DE FOLHA DE PAGAMENTO EMPENHADA REFERENTE MENSAL 1/2026;;;;;;;;;;;;;;;;;;;;;;;;;;;;;;;;;;;;;
668;PREFEITURA MUNICIPAL DE BARBACENA;;30834623;375;2026;ORDINARIO;0;0;PELA DESPESA DE FOLHA DE PAGAMENTO EMPENHADA REFERENTE MENSAL 1/2026;31/01/26 00:00;9.360,84;0,00;9.360,84;0,00;6.978,99;0,00;2.381,85;0,00;0,00;0,00;0,00;0,00;1547285;MUNICÍPIO DE BARBACENA;;;105;11;2068;4;122;3.1.90.11.09.00.00.00;1.500.000.0000;31901100000000;9.360,84;0,00;0,00;PESSOAL E ENCARGOS SOCIAIS DA SEGOV;VENCIMENTOS E VANTAGENS FIXAS - PESSOAL CIVIL
Especificação: ;;PELA DESPESA DE FOLHA DE PAGAMENTO EMPENHADA REFERENTE MENSAL 1/2026;;;;;;;;;;;;;;;;;;;;;;;;;;;;;;;;;;;;;
668;PREFEITURA MUNICIPAL DE BARBACENA;;30834618;376;2026;ORDINARIO;0;0;PELA DESPESA DE FOLHA DE PAGAMENTO EMPENHADA REFERENTE MENSAL 1/2026;31/01/26 00:00;18.480,17;0,00;18.480,17;0,00;14.825,66;0,00;3.654,51;0,00;0,00;0,00;0,00;0,00;1547285;MUNICÍPIO DE BARBACENA;;;575;11;2060;15;122;3.1.90.11.45.00.00.00;1.500.000.0000;31901100000000;18.480,17;0,00;0,00;PESSOAL E ENCARGOS SOCIAIS DA SEMUR;VENCIMENTOS E VANTAGENS FIXAS - PESSOAL CIVIL
Especificação: ;;PELA DESPESA DE FOLHA DE PAGAMENTO EMPENHADA REFERENTE MENSAL 1/2026;;;;;;;;;;;;;;;;;;;;;;;;;;;;;;;;;;;;;
668;PREFEITURA MUNICIPAL DE BARBACENA;;30834617;377;2026;ORDINARIO;0;0;PELA DESPESA DE FOLHA DE PAGAMENTO EMPENHADA REFERENTE MENSAL 1/2026;31/01/26 00:00;660,43;0,00;660,43;0,00;660,43;0,00;0,00;0,00;0,00;0,00;0,00;0,00;1547285;MUNICÍPIO DE BARBACENA;;;2;11;2141;4;124;3.1.90.11.52.00.00.00;1.500.000.0000;31901100000000;660,43;0,00;0,00;PESSOAL E ENCARGOS SOCIAIS DA CGEM;VENCIMENTOS E VANTAGENS FIXAS - PESSOAL CIVIL
Especificação: ;;PELA DESPESA DE FOLHA DE PAGAMENTO EMPENHADA REFERENTE MENSAL 1/2026;;;;;;;;;;;;;;;;;;;;;;;;;;;;;;;;;;;;;
668;PREFEITURA MUNICIPAL DE BARBACENA;;30834613;378;2026;ORDINARIO;0;0;PELA DESPESA DE FOLHA DE PAGAMENTO EMPENHADA REFERENTE MENSAL 1/2026;31/01/26 00:00;23.400,00;0,00;23.400,00;0,00;23.400,00;0,00;0,00;0,00;0,00;0,00;0,00;0,00;1547285;MUNICÍPIO DE BARBACENA;;;970;11;2267;6;122;3.3.90.46.00.00.00.00;1.500.000.0000;33904600000000;23.400,00;0,00;0,00;PESSOAL E ENCARGOS SOCIAIS DA SSP;AUXÍLIO-ALIMENTAÇÃO
Especificação: ;;PELA DESPESA DE FOLHA DE PAGAMENTO EMPENHADA REFERENTE MENSAL 1/2026;;;;;;;;;;;;;;;;;;;;;;;;;;;;;;;;;;;;;
668;PREFEITURA MUNICIPAL DE BARBACENA;;30834616;379;2026;ORDINARIO;0;0;PELA DESPESA DE FOLHA DE PAGAMENTO EMPENHADA REFERENTE MENSAL 1/2026;31/01/26 00:00;6.600,00;0,00;6.600,00;0,00;6.600,00;0,00;0,00;0,00;0,00;0,00;0,00;0,00;1547285;MUNICÍPIO DE BARBACENA;;;992;27;2268;15;451;3.3.90.46.00.00.00.00;1.500.000.0000;33904600000000;6.600,00;0,00;0,00;PESSOAL E ENCARGOS SOCIAIS DE TRANSITO;AUXÍLIO-ALIMENTAÇÃO
Especificação: ;;PELA DESPESA DE FOLHA DE PAGAMENTO EMPENHADA REFERENTE MENSAL 1/2026;;;;;;;;;;;;;;;;;;;;;;;;;;;;;;;;;;;;;
668;PREFEITURA MUNICIPAL DE BARBACENA;;30834612;380;2026;ORDINARIO;0;0;PELA DESPESA DE FOLHA DE PAGAMENTO EMPENHADA REFERENTE MENSAL 1/2026;31/01/26 00:00;52.860,06;0,00;52.860,06;0,00;43.841,77;0,00;9.018,29;0,00;0,00;0,00;0,00;0,00;1547285;MUNICÍPIO DE BARBACENA;;;44;11;2152;4;122;3.1.90.11.01.00.00.00;1.500.000.0000;31901100000000;52.860,06;0,00;0,00;PESSOAL E ENCARGOS SOCIAIS DA SEGAB;VENCIMENTOS E VANTAGENS FIXAS - PESSOAL CIVIL
Especificação: ;;PELA DESPESA DE FOLHA DE PAGAMENTO EMPENHADA REFERENTE MENSAL 1/2026;;;;;;;;;;;;;;;;;;;;;;;;;;;;;;;;;;;;;
668;PREFEITURA MUNICIPAL DE BARBACENA;;30834611;381;2026;ORDINARIO;0;0;PELA DESPESA DE FOLHA DE PAGAMENTO EMPENHADA REFERENTE MENSAL 1/2026;31/01/26 00:00;7.757,53;0,00;7.757,53;0,00;6.671,48;0,00;1.086,05;0,00;0,00;0,00;0,00;0,00;1547285;MUNICÍPIO DE BARBACENA;;;274;11;2132;3;122;3.1.90.11.45.00.00.00;1.500.000.0000;31901100000000;7.757,53;0,00;0,00;PESSOAL E ENCARGOS SOCIAIS DA AGM;VENCIMENTOS E VANTAGENS FIXAS - PESSOAL CIVIL
Especificação: ;;PELA DESPESA DE FOLHA DE PAGAMENTO EMPENHADA REFERENTE MENSAL 1/2026;;;;;;;;;;;;;;;;;;;;;;;;;;;;;;;;;;;;;
668;PREFEITURA MUNICIPAL DE BARBACENA;;30834610;382;2026;ORDINARIO;0;0;PELA DESPESA DE FOLHA DE PAGAMENTO EMPENHADA REFERENTE MENSAL 1/2026;31/01/26 00:00;24.460,20;0,00;24.460,20;0,00;20.611,08;0,00;3.849,12;0,00;0,00;0,00;0,00;0,00;1547285;MUNICÍPIO DE BARBACENA;;;711;11;2122;18;122;3.1.90.11.01.00.00.00;1.500.000.0000;31901100000000;24.460,20;0,00;0,00;PESSOAL E ENCARGOS SOCIAIS DA SEMMA;VENCIMENTOS E VANTAGENS FIXAS - PESSOAL CIVIL
Especificação: ;;PELA DESPESA DE FOLHA DE PAGAMENTO EMPENHADA REFERENTE MENSAL 1/2026;;;;;;;;;;;;;;;;;;;;;;;;;;;;;;;;;;;;;
668;PREFEITURA MUNICIPAL DE BARBACENA;;30834609;383;2026;ORDINARIO;0;0;PELA DESPESA DE FOLHA DE PAGAMENTO EMPENHADA REFERENTE MENSAL 1/2026;31/01/26 00:00;20.584,73;0,00;20.584,73;0,00;14.637,91;0,00;5.946,82;0,00;0,00;0,00;0,00;0,00;1547285;MUNICÍPIO DE BARBACENA;;;667;17;2117;15;452;3.1.90.11.01.00.00.00;1.500.000.0000;31901100000000;20.584,73;0,00;0,00;MANUTENÇAO E CONSERVAÇAO DE CEMITERIOS;VENCIMENTOS E VANTAGENS FIXAS - PESSOAL CIVIL
Especificação: ;;PELA DESPESA DE FOLHA DE PAGAMENTO EMPENHADA REFERENTE MENSAL 1/2026;;;;;;;;;;;;;;;;;;;;;;;;;;;;;;;;;;;;;
668;PREFEITURA MUNICIPAL DE BARBACENA;;30834608;384;2026;ORDINARIO;0;0;PELA DESPESA DE FOLHA DE PAGAMENTO EMPENHADA REFERENTE MENSAL 1/2026;31/01/26 00:00;46.800,00;0,00;46.800,00;0,00;46.800,00;0,00;0,00;0,00;0,00;0,00;0,00;0,00;1547285;MUNICÍPIO DE BARBACENA;;;157;11;2111;15;451;3.3.90.46.00.00.00.00;1.500.000.0000;33904600000000;46.800,00;0,00;0,00;PESSOAL E ENCARGOS SOCIAIS DA SEMOP;AUXÍLIO-ALIMENTAÇÃO
Especificação: ;;PELA DESPESA DE FOLHA DE PAGAMENTO EMPENHADA REFERENTE MENSAL 1/2026;;;;;;;;;;;;;;;;;;;;;;;;;;;;;;;;;;;;;
668;PREFEITURA MUNICIPAL DE BARBACENA;;30834605;385;2026;ORDINARIO;0;0;PELA DESPESA DE FOLHA DE PAGAMENTO EMPENHADA REFERENTE MENSAL 1/2026;31/01/26 00:00;56.828,89;0,00;56.828,89;0,00;47.478,96;0,00;9.349,93;0,00;0,00;0,00;0,00;0,00;1547285;MUNICÍPIO DE BARBACENA;;;546;11;2058;4;121;3.1.90.11.01.00.00.00;1.500.000.0000;31901100000000;56.828,89;0,00;0,00;PESSOAL E ENCARGOS SOCIAIS DA SEPLAN;VENCIMENTOS E VANTAGENS FIXAS - PESSOAL CIVIL
Especificação: ;;PELA DESPESA DE FOLHA DE PAGAMENTO EMPENHADA REFERENTE MENSAL 1/2026;;;;;;;;;;;;;;;;;;;;;;;;;;;;;;;;;;;;;
668;PREFEITURA MUNICIPAL DE BARBACENA;;30834602;386;2026;ORDINARIO;0;0;PELA DESPESA DE FOLHA DE PAGAMENTO EMPENHADA REFERENTE MENSAL 1/2026;31/01/26 00:00;2.161,33;0,00;2.161,33;0,00;1.918,19;0,00;243,14;0,00;0,00;0,00;0,00;0,00;1547285;MUNICÍPIO DE BARBACENA;;;574;11;2060;15;122;3.1.90.04.14.00.00.00;1.500.000.0000;31900400000000;2.161,33;0,00;0,00;PESSOAL E ENCARGOS SOCIAIS DA SEMUR;CONTRATAÇÃO POR TEMPO DETERMINADO
Especificação: ;;PELA DESPESA DE FOLHA DE PAGAMENTO EMPENHADA REFERENTE MENSAL 1/2026;;;;;;;;;;;;;;;;;;;;;;;;;;;;;;;;;;;;;
668;PREFEITURA MUNICIPAL DE BARBACENA;;30834600;387;2026;ORDINARIO;0;0;PELA DESPESA DE FOLHA DE PAGAMENTO EMPENHADA REFERENTE MENSAL 1/2026;31/01/26 00:00;15.529,18;0,00;15.529,18;0,00;13.009,05;0,00;2.520,13;0,00;0,00;0,00;0,00;0,00;1547285;MUNICÍPIO DE BARBACENA;;;635;11;2064;15;452;3.1.90.11.45.00.00.00;1.500.000.0000;31901100000000;15.529,18;0,00;0,00;PESSOAL E ENCARGOS SOCIAIS DA SESP;VENCIMENTOS E VANTAGENS FIXAS - PESSOAL CIVIL
Especificação: ;;PELA DESPESA DE FOLHA DE PAGAMENTO EMPENHADA REFERENTE MENSAL 1/2026;;;;;;;;;;;;;;;;;;;;;;;;;;;;;;;;;;;;;
668;PREFEITURA MUNICIPAL DE BARBACENA;;30834598;388;2026;ORDINARIO;0;0;PELA DESPESA DE FOLHA DE PAGAMENTO EMPENHADA REFERENTE MENSAL 1/2026;31/01/26 00:00;5.408,04;0,00;5.408,04;0,00;4.757,44;0,00;650,60;0,00;0,00;0,00;0,00;0,00;1547285;MUNICÍPIO DE BARBACENA;;;960;11;2267;6;122;3.1.90.04.14.00.00.00;1.500.000.0000;31900400000000;5.408,04;0,00;0,00;PESSOAL E ENCARGOS SOCIAIS DA SSP;CONTRATAÇÃO POR TEMPO DETERMINADO
Especificação: ;;PELA DESPESA DE FOLHA DE PAGAMENTO EMPENHADA REFERENTE MENSAL 1/2026;;;;;;;;;;;;;;;;;;;;;;;;;;;;;;;;;;;;;
668;PREFEITURA MUNICIPAL DE BARBACENA;;30834596;389;2026;ORDINARIO;0;0;PELA DESPESA DE FOLHA DE PAGAMENTO EMPENHADA REFERENTE MENSAL 1/2026;31/01/26 00:00;9.360,84;0,00;9.360,84;0,00;6.978,99;0,00;2.381,85;0,00;0,00;0,00;0,00;0,00;1547285;MUNICÍPIO DE BARBACENA;;;65;11;2172;20;122;3.1.90.11.09.00.00.00;1.500.000.0000;31901100000000;9.360,84;0,00;0,00;PESSOAL E ENCARGOS SOCIAIS DA SEAPA;VENCIMENTOS E VANTAGENS FIXAS - PESSOAL CIVIL
Especificação: ;;PELA DESPESA DE FOLHA DE PAGAMENTO EMPENHADA REFERENTE MENSAL 1/2026;;;;;;;;;;;;;;;;;;;;;;;;;;;;;;;;;;;;;
668;PREFEITURA MUNICIPAL DE BARBACENA;;30834594;390;2026;ORDINARIO;0;0;PELA DESPESA DE FOLHA DE PAGAMENTO EMPENHADA REFERENTE MENSAL 1/2026;31/01/26 00:00;12.840,97;0,00;12.840,97;0,00;10.472,16;0,00;2.368,81;0,00;0,00;0,00;0,00;0,00;1547285;MUNICÍPIO DE BARBACENA;;;2;11;2141;4;124;3.1.90.11.45.00.00.00;1.500.000.0000;31901100000000;12.840,97;0,00;0,00;PESSOAL E ENCARGOS SOCIAIS DA CGEM;VENCIMENTOS E VANTAGENS FIXAS - PESSOAL CIVIL
Especificação: ;;PELA DESPESA DE FOLHA DE PAGAMENTO EMPENHADA REFERENTE MENSAL 1/2026;;;;;;;;;;;;;;;;;;;;;;;;;;;;;;;;;;;;;
668;PREFEITURA MUNICIPAL DE BARBACENA;;30834590;391;2026;ORDINARIO;0;0;PELA DESPESA DE FOLHA DE PAGAMENTO EMPENHADA REFERENTE MENSAL 1/2026;31/01/26 00:00;9.000,00;0,00;9.000,00;0,00;9.000,00;0,00;0,00;0,00;0,00;0,00;0,00;0,00;1547285;MUNICÍPIO DE BARBACENA;;;56;11;2152;4;122;3.3.90.46.00.00.00.00;1.500.000.0000;33904600000000;9.000,00;0,00;0,00;PESSOAL E ENCARGOS SOCIAIS DA SEGAB;AUXÍLIO-ALIMENTAÇÃO
Especificação: ;;PELA DESPESA DE FOLHA DE PAGAMENTO EMPENHADA REFERENTE MENSAL 1/2026;;;;;;;;;;;;;;;;;;;;;;;;;;;;;;;;;;;;;
668;PREFEITURA MUNICIPAL DE BARBACENA;;30834586;392;2026;ORDINARIO;0;0;PELA DESPESA DE FOLHA DE PAGAMENTO EMPENHADA REFERENTE MENSAL 1/2026;31/01/26 00:00;5.796,13;0,00;5.796,13;0,00;5.049,55;0,00;746,58;0,00;0,00;0,00;0,00;0,00;1547285;MUNICÍPIO DE BARBACENA;;;1050;62;2071;13;392;3.1.90.04.01.00.00.00;1.500.000.0000;31900400000000;5.796,13;0,00;0,00;MANUTENÇÃO DA BIBLIOTECA PÚBLICA MUNICIPAL E DEMAIS APARELHOS CULTURAIS;CONTRATAÇÃO POR TEMPO DETERMINADO
Especificação: ;;PELA DESPESA DE FOLHA DE PAGAMENTO EMPENHADA REFERENTE MENSAL 1/2026;;;;;;;;;;;;;;;;;;;;;;;;;;;;;;;;;;;;;
668;PREFEITURA MUNICIPAL DE BARBACENA;;30834583;393;2026;ORDINARIO;0;0;PELA DESPESA DE FOLHA DE PAGAMENTO EMPENHADA REFERENTE MENSAL 1/2026;31/01/26 00:00;20.211,26;0,00;20.211,26;0,00;20.211,26;0,00;0,00;0,00;0,00;0,00;0,00;0,00;1547285;MUNICÍPIO DE BARBACENA;;;924;11;2144;6;122;3.1.90.11.52.00.00.00;1.500.000.0000;31901100000000;20.211,26;0,00;0,00;PESSOAL E ENCARGOS SOCIAIS DA GCM;VENCIMENTOS E VANTAGENS FIXAS - PESSOAL CIVIL
Especificação: ;;PELA DESPESA DE FOLHA DE PAGAMENTO EMPENHADA REFERENTE MENSAL 1/2026;;;;;;;;;;;;;;;;;;;;;;;;;;;;;;;;;;;;;
668;PREFEITURA MUNICIPAL DE BARBACENA;;30834580;394;2026;ORDINARIO;0;0;PELA DESPESA DE FOLHA DE PAGAMENTO EMPENHADA REFERENTE MENSAL 1/2026;31/01/26 00:00;1.621,00;0,00;1.621,00;0,00;1.470,26;0,00;150,74;0,00;0,00;0,00;0,00;0,00;1547285;MUNICÍPIO DE BARBACENA;;;1050;62;2071;13;392;3.1.90.04.14.00.00.00;1.500.000.0000;31900400000000;1.621,00;0,00;0,00;MANUTENÇÃO DA BIBLIOTECA PÚBLICA MUNICIPAL E DEMAIS APARELHOS CULTURAIS;CONTRATAÇÃO POR TEMPO DETERMINADO
Especificação: ;;PELA DESPESA DE FOLHA DE PAGAMENTO EMPENHADA REFERENTE MENSAL 1/2026;;;;;;;;;;;;;;;;;;;;;;;;;;;;;;;;;;;;;
668;PREFEITURA MUNICIPAL DE BARBACENA;;30834607;395;2026;ORDINARIO;0;0;PELA DESPESA DE FOLHA DE PAGAMENTO EMPENHADA REFERENTE MENSAL 1/2026;31/01/26 00:00;567,35;0,00;567,35;0,00;322,90;0,00;244,45;0,00;0,00;0,00;0,00;0,00;1547285;MUNICÍPIO DE BARBACENA;;;1066;62;2072;13;392;3.1.90.11.01.00.00.00;1.500.000.0000;31901100000000;567,35;0,00;0,00;MANUTENÇAO DE MUSEUS;VENCIMENTOS E VANTAGENS FIXAS - PESSOAL CIVIL
Especificação: ;;PELA DESPESA DE FOLHA DE PAGAMENTO EMPENHADA REFERENTE MENSAL 1/2026;;;;;;;;;;;;;;;;;;;;;;;;;;;;;;;;;;;;;
668;PREFEITURA MUNICIPAL DE BARBACENA;;30834577;396;2026;ORDINARIO;0;0;PELA DESPESA DE FOLHA DE PAGAMENTO EMPENHADA REFERENTE MENSAL 1/2026;31/01/26 00:00;2.962,98;0,00;2.962,98;0,00;2.548,17;0,00;414,81;0,00;0,00;0,00;0,00;0,00;1547285;MUNICÍPIO DE BARBACENA;;;603;11;2062;23;122;3.1.90.11.45.00.00.00;1.500.000.0000;31901100000000;2.962,98;0,00;0,00;PESSOAL E ENCARGOS SOCIAIS DA SEDEC;VENCIMENTOS E VANTAGENS FIXAS - PESSOAL CIVIL
Especificação: ;;PELA DESPESA DE FOLHA DE PAGAMENTO EMPENHADA REFERENTE MENSAL 1/2026;;;;;;;;;;;;;;;;;;;;;;;;;;;;;;;;;;;;;
668;PREFEITURA MUNICIPAL DE BARBACENA;;30834603;397;2026;ORDINARIO;0;0;PELA DESPESA DE FOLHA DE PAGAMENTO EMPENHADA REFERENTE MENSAL 1/2026;31/01/26 00:00;96.206,72;0,00;96.206,72;0,00;79.781,59;0,00;16.425,13;0,00;0,00;0,00;0,00;0,00;1547285;MUNICÍPIO DE BARBACENA;;;575;11;2060;15;122;3.1.90.11.01.00.00.00;1.500.000.0000;31901100000000;96.206,72;0,00;0,00;PESSOAL E ENCARGOS SOCIAIS DA SEMUR;VENCIMENTOS E VANTAGENS FIXAS - PESSOAL CIVIL
Especificação: ;;PELA DESPESA DE FOLHA DE PAGAMENTO EMPENHADA REFERENTE MENSAL 1/2026;;;;;;;;;;;;;;;;;;;;;;;;;;;;;;;;;;;;;
668;PREFEITURA MUNICIPAL DE BARBACENA;;30834601;398;2026;ORDINARIO;0;0;PELA DESPESA DE FOLHA DE PAGAMENTO EMPENHADA REFERENTE MENSAL 1/2026;31/01/26 00:00;10.518,78;0,00;10.518,78;0,00;7.254,46;0,00;3.264,32;0,00;0,00;0,00;0,00;0,00;1547285;MUNICÍPIO DE BARBACENA;;;285;11;2191;3;122;3.1.90.11.01.00.00.00;1.500.000.0000;31901100000000;10.518,78;0,00;0,00;MANUTENÇÃO DO PROCON;VENCIMENTOS E VANTAGENS FIXAS - PESSOAL CIVIL
Especificação: ;;PELA DESPESA DE FOLHA DE PAGAMENTO EMPENHADA REFERENTE MENSAL 1/2026;;;;;;;;;;;;;;;;;;;;;;;;;;;;;;;;;;;;;
668;PREFEITURA MUNICIPAL DE BARBACENA;;30834599;399;2026;ORDINARIO;0;0;PELA DESPESA DE FOLHA DE PAGAMENTO EMPENHADA REFERENTE MENSAL 1/2026;31/01/26 00:00;9.600,00;0,00;9.600,00;0,00;9.600,00;0,00;0,00;0,00;0,00;0,00;0,00;0,00;1547285;MUNICÍPIO DE BARBACENA;;;673;17;2117;15;452;3.3.90.46.00.00.00.00;1.500.000.0000;33904600000000;9.600,00;0,00;0,00;MANUTENÇAO E CONSERVAÇAO DE CEMITERIOS;AUXÍLIO-ALIMENTAÇÃO
Especificação: ;;PELA DESPESA DE FOLHA DE PAGAMENTO EMPENHADA REFERENTE MENSAL 1/2026;;;;;;;;;;;;;;;;;;;;;;;;;;;;;;;;;;;;;
668;PREFEITURA MUNICIPAL DE BARBACENA;;30834597;400;2026;ORDINARIO;0;0;PELA DESPESA DE FOLHA DE PAGAMENTO EMPENHADA REFERENTE MENSAL 1/2026;31/01/26 00:00;3.242,00;0,00;3.242,00;0,00;2.822,71;0,00;419,29;0,00;0,00;0,00;0,00;0,00;1547285;MUNICÍPIO DE BARBACENA;;;645;11;2672;15;452;3.1.90.04.14.00.00.00;1.500.000.0000;31900400000000;3.242,00;0,00;0,00;MANUTENÇÃO DO TERMINAL RODOVIÁRIO DE BARBACENA;CONTRATAÇÃO POR TEMPO DETERMINADO
Especificação: ;;PELA DESPESA DE FOLHA DE PAGAMENTO EMPENHADA REFERENTE MENSAL 1/2026;;;;;;;;;;;;;;;;;;;;;;;;;;;;;;;;;;;;;
668;PREFEITURA MUNICIPAL DE BARBACENA;;30834595;401;2026;ORDINARIO;0;0;PELA DESPESA DE FOLHA DE PAGAMENTO EMPENHADA REFERENTE MENSAL 1/2026;31/01/26 00:00;2.400,00;0,00;2.400,00;0,00;2.400,00;0,00;0,00;0,00;0,00;0,00;0,00;0,00;1547285;MUNICÍPIO DE BARBACENA;;;1160;11;2282;27;122;3.3.90.46.00.00.00.00;1.500.000.0000;33904600000000;2.400,00;0,00;0,00;PESSOAL E ENCARGOS SOCIAIS DA SEMESP;AUXÍLIO-ALIMENTAÇÃO
Especificação: ;;PELA DESPESA DE FOLHA DE PAGAMENTO EMPENHADA REFERENTE MENSAL 1/2026;;;;;;;;;;;;;;;;;;;;;;;;;;;;;;;;;;;;;
668;PREFEITURA MUNICIPAL DE BARBACENA;;30834593;402;2026;ORDINARIO;0;0;PELA DESPESA DE FOLHA DE PAGAMENTO EMPENHADA REFERENTE MENSAL 1/2026;31/01/26 00:00;8.400,00;0,00;8.400,00;0,00;8.400,00;0,00;0,00;0,00;0,00;0,00;0,00;0,00;1547285;MUNICÍPIO DE BARBACENA;;;1045;11;2278;13;122;3.3.90.46.00.00.00.00;1.500.000.0000;33904600000000;8.400,00;0,00;0,00;PESSOAL E ENCARGOS SOCIAIS DA SECULT;AUXÍLIO-ALIMENTAÇÃO
Especificação: ;;PELA DESPESA DE FOLHA DE PAGAMENTO EMPENHADA REFERENTE MENSAL 1/2026;;;;;;;;;;;;;;;;;;;;;;;;;;;;;;;;;;;;;
668;PREFEITURA MUNICIPAL DE BARBACENA;;30834589;403;2026;ORDINARIO;0;0;PELA DESPESA DE FOLHA DE PAGAMENTO EMPENHADA REFERENTE MENSAL 1/2026;31/01/26 00:00;18.616,65;0,00;18.616,65;0,00;17.248,30;0,00;1.368,35;0,00;0,00;0,00;0,00;0,00;1547285;MUNICÍPIO DE BARBACENA;;;666;17;2117;15;452;3.1.90.04.01.00.00.00;1.500.000.0000;31900400000000;18.616,65;0,00;0,00;MANUTENÇAO E CONSERVAÇAO DE CEMITERIOS;CONTRATAÇÃO POR TEMPO DETERMINADO
Especificação: ;;PELA DESPESA DE FOLHA DE PAGAMENTO EMPENHADA REFERENTE MENSAL 1/2026;;;;;;;;;;;;;;;;;;;;;;;;;;;;;;;;;;;;;
668;PREFEITURA MUNICIPAL DE BARBACENA;;30834585;404;2026;ORDINARIO;0;0;PELA DESPESA DE FOLHA DE PAGAMENTO EMPENHADA REFERENTE MENSAL 1/2026;31/01/26 00:00;4.370,10;0,00;4.370,10;0,00;3.621,93;0,00;748,17;0,00;0,00;0,00;0,00;0,00;1547285;MUNICÍPIO DE BARBACENA;;;1051;62;2071;13;392;3.1.90.11.01.00.00.00;1.500.000.0000;31901100000000;4.370,10;0,00;0,00;MANUTENÇÃO DA BIBLIOTECA PÚBLICA MUNICIPAL E DEMAIS APARELHOS CULTURAIS;VENCIMENTOS E VANTAGENS FIXAS - PESSOAL CIVIL
Especificação: ;;PELA DESPESA DE FOLHA DE PAGAMENTO EMPENHADA REFERENTE MENSAL 1/2026;;;;;;;;;;;;;;;;;;;;;;;;;;;;;;;;;;;;;
668;PREFEITURA MUNICIPAL DE BARBACENA;;30834582;405;2026;ORDINARIO;0;0;PELA DESPESA DE FOLHA DE PAGAMENTO EMPENHADA REFERENTE MENSAL 1/2026;31/01/26 00:00;6.754,17;0,00;6.754,17;0,00;6.146,32;0,00;607,85;0,00;0,00;0,00;0,00;0,00;1547285;MUNICÍPIO DE BARBACENA;;;519;11;2056;4;122;3.1.90.04.14.00.00.00;1.500.000.0000;31900400000000;6.754,17;0,00;0,00;PESSOAL E ENCARGOS SOCIAIS DA SEMAD;CONTRATAÇÃO POR TEMPO DETERMINADO
Especificação: ;;PELA DESPESA DE FOLHA DE PAGAMENTO EMPENHADA REFERENTE MENSAL 1/2026;;;;;;;;;;;;;;;;;;;;;;;;;;;;;;;;;;;;;
668;PREFEITURA MUNICIPAL DE BARBACENA;;30834578;406;2026;ORDINARIO;0;0;PELA DESPESA DE FOLHA DE PAGAMENTO EMPENHADA REFERENTE MENSAL 1/2026;31/01/26 00:00;2.848,90;0,00;2.848,90;0,00;2.848,90;0,00;0,00;0,00;0,00;0,00;0,00;0,00;1547285;MUNICÍPIO DE BARBACENA;;;635;11;2064;15;452;3.1.90.11.52.00.00.00;1.500.000.0000;31901100000000;2.848,90;0,00;0,00;PESSOAL E ENCARGOS SOCIAIS DA SESP;VENCIMENTOS E VANTAGENS FIXAS - PESSOAL CIVIL
Especificação: ;;PELA DESPESA DE FOLHA DE PAGAMENTO EMPENHADA REFERENTE MENSAL 1/2026;;;;;;;;;;;;;;;;;;;;;;;;;;;;;;;;;;;;;
668;PREFEITURA MUNICIPAL DE BARBACENA;;30834576;407;2026;ORDINARIO;0;0;PELA DESPESA DE FOLHA DE PAGAMENTO EMPENHADA REFERENTE MENSAL 1/2026;31/01/26 00:00;256,10;0,00;256,10;0,00;256,10;0,00;0,00;0,00;0,00;0,00;0,00;0,00;1547285;MUNICÍPIO DE BARBACENA;;;274;11;2132;3;122;3.1.90.11.52.00.00.00;1.500.000.0000;31901100000000;256,10;0,00;0,00;PESSOAL E ENCARGOS SOCIAIS DA AGM;VENCIMENTOS E VANTAGENS FIXAS - PESSOAL CIVIL
Especificação: ;;PELA DESPESA DE FOLHA DE PAGAMENTO EMPENHADA REFERENTE MENSAL 1/2026;;;;;;;;;;;;;;;;;;;;;;;;;;;;;;;;;;;;;
668;PREFEITURA MUNICIPAL DE BARBACENA;;30834574;408;2026;ORDINARIO;0;0;PELA DESPESA DE FOLHA DE PAGAMENTO EMPENHADA REFERENTE MENSAL 1/2026;31/01/26 00:00;232.264,01;0,00;232.264,01;0,00;149.660,82;0,00;82.603,19;0,00;0,00;0,00;0,00;0,00;1547285;MUNICÍPIO DE BARBACENA;;;221;11;2109;4;123;3.1.90.11.01.00.00.00;1.500.000.0000;31901100000000;232.264,01;0,00;0,00;PESSOAL E ENCARGOS SOCIAIS DA SEFAZ;VENCIMENTOS E VANTAGENS FIXAS - PESSOAL CIVIL
Especificação: ;;PELA DESPESA DE FOLHA DE PAGAMENTO EMPENHADA REFERENTE MENSAL 1/2026;;;;;;;;;;;;;;;;;;;;;;;;;;;;;;;;;;;;;
668;PREFEITURA MUNICIPAL DE BARBACENA;;30834570;409;2026;ORDINARIO;0;0;PELA DESPESA DE FOLHA DE PAGAMENTO EMPENHADA REFERENTE MENSAL 1/2026;31/01/26 00:00;59.260,00;0,00;59.260,00;0,00;59.260,00;0,00;0,00;0,00;0,00;0,00;0,00;0,00;1547285;MUNICÍPIO DE BARBACENA;;;529;11;2056;4;122;3.3.90.46.00.00.00.00;1.500.000.0000;33904600000000;59.260,00;0,00;0,00;PESSOAL E ENCARGOS SOCIAIS DA SEMAD;AUXÍLIO-ALIMENTAÇÃO
Especificação: ;;PELA DESPESA DE FOLHA DE PAGAMENTO EMPENHADA REFERENTE MENSAL 1/2026;;;;;;;;;;;;;;;;;;;;;;;;;;;;;;;;;;;;;
668;PREFEITURA MUNICIPAL DE BARBACENA;;30834567;410;2026;ORDINARIO;0;0;PELA DESPESA DE FOLHA DE PAGAMENTO EMPENHADA REFERENTE MENSAL 1/2026;31/01/26 00:00;58.585,95;0,00;58.585,95;0,00;48.301,17;0,00;10.284,78;0,00;0,00;0,00;0,00;0,00;1547285;MUNICÍPIO DE BARBACENA;;;961;11;2267;6;122;3.1.90.11.01.00.00.00;1.500.000.0000;31901100000000;58.585,95;0,00;0,00;PESSOAL E ENCARGOS SOCIAIS DA SSP;VENCIMENTOS E VANTAGENS FIXAS - PESSOAL CIVIL
Especificação: ;;PELA DESPESA DE FOLHA DE PAGAMENTO EMPENHADA REFERENTE MENSAL 1/2026;;;;;;;;;;;;;;;;;;;;;;;;;;;;;;;;;;;;;
668;PREFEITURA MUNICIPAL DE BARBACENA;;30834575;411;2026;ORDINARIO;0;0;PELA DESPESA DE FOLHA DE PAGAMENTO EMPENHADA REFERENTE MENSAL 1/2026;31/01/26 00:00;5.711,02;0,00;5.711,02;0,00;5.269,99;0,00;441,03;0,00;0,00;0,00;0,00;0,00;1547285;MUNICÍPIO DE BARBACENA;;;602;11;2062;23;122;3.1.90.04.01.00.00.00;1.500.000.0000;31900400000000;5.711,02;0,00;0,00;PESSOAL E ENCARGOS SOCIAIS DA SEDEC;CONTRATAÇÃO POR TEMPO DETERMINADO
Especificação: ;;PELA DESPESA DE FOLHA DE PAGAMENTO EMPENHADA REFERENTE MENSAL 1/2026;;;;;;;;;;;;;;;;;;;;;;;;;;;;;;;;;;;;;
668;PREFEITURA MUNICIPAL DE BARBACENA;;30834565;412;2026;ORDINARIO;0;0;PELA DESPESA DE FOLHA DE PAGAMENTO EMPENHADA REFERENTE MENSAL 1/2026;31/01/26 00:00;44.061,99;0,00;44.061,99;0,00;33.519,23;0,00;10.542,76;0,00;0,00;0,00;0,00;0,00;1547285;MUNICÍPIO DE BARBACENA;;;65;11;2172;20;122;3.1.90.11.01.00.00.00;1.500.000.0000;31901100000000;44.061,99;0,00;0,00;PESSOAL E ENCARGOS SOCIAIS DA SEAPA;VENCIMENTOS E VANTAGENS FIXAS - PESSOAL CIVIL
Especificação: ;;PELA DESPESA DE FOLHA DE PAGAMENTO EMPENHADA REFERENTE MENSAL 1/2026;;;;;;;;;;;;;;;;;;;;;;;;;;;;;;;;;;;;;
668;PREFEITURA MUNICIPAL DE BARBACENA;;30834561;413;2026;ORDINARIO;0;0;PELA DESPESA DE FOLHA DE PAGAMENTO EMPENHADA REFERENTE MENSAL 1/2026;31/01/26 00:00;9.360,84;0,00;9.360,84;0,00;7.150,90;0,00;2.209,94;0,00;0,00;0,00;0,00;0,00;1547285;MUNICÍPIO DE BARBACENA;;;711;11;2122;18;122;3.1.90.11.09.00.00.00;1.500.000.0000;31901100000000;9.360,84;0,00;0,00;PESSOAL E ENCARGOS SOCIAIS DA SEMMA;VENCIMENTOS E VANTAGENS FIXAS - PESSOAL CIVIL
Especificação: ;;PELA DESPESA DE FOLHA DE PAGAMENTO EMPENHADA REFERENTE MENSAL 1/2026;;;;;;;;;;;;;;;;;;;;;;;;;;;;;;;;;;;;;
668;PREFEITURA MUNICIPAL DE BARBACENA;;30834572;414;2026;ORDINARIO;0;0;PELA DESPESA DE FOLHA DE PAGAMENTO EMPENHADA REFERENTE MENSAL 1/2026;31/01/26 00:00;20.400,00;0,00;20.400,00;0,00;20.400,00;0,00;0,00;0,00;0,00;0,00;0,00;0,00;1547285;MUNICÍPIO DE BARBACENA;;;584;11;2060;15;122;3.3.90.46.00.00.00.00;1.500.000.0000;33904600000000;20.400,00;0,00;0,00;PESSOAL E ENCARGOS SOCIAIS DA SEMUR;AUXÍLIO-ALIMENTAÇÃO
Especificação: ;;PELA DESPESA DE FOLHA DE PAGAMENTO EMPENHADA REFERENTE MENSAL 1/2026;;;;;;;;;;;;;;;;;;;;;;;;;;;;;;;;;;;;;
668;PREFEITURA MUNICIPAL DE BARBACENA;;30834569;415;2026;ORDINARIO;0;0;PELA DESPESA DE FOLHA DE PAGAMENTO EMPENHADA REFERENTE MENSAL 1/2026;31/01/26 00:00;9.360,84;0,00;9.360,84;0,00;6.483,91;0,00;2.876,93;0,00;0,00;0,00;0,00;0,00;1547285;MUNICÍPIO DE BARBACENA;;;221;11;2109;4;123;3.1.90.11.09.00.00.00;1.500.000.0000;31901100000000;9.360,84;0,00;0,00;PESSOAL E ENCARGOS SOCIAIS DA SEFAZ;VENCIMENTOS E VANTAGENS FIXAS - PESSOAL CIVIL
Especificação: ;;PELA DESPESA DE FOLHA DE PAGAMENTO EMPENHADA REFERENTE MENSAL 1/2026;;;;;;;;;;;;;;;;;;;;;;;;;;;;;;;;;;;;;
668;PREFEITURA MUNICIPAL DE BARBACENA;;30834566;416;2026;ORDINARIO;0;0;PELA DESPESA DE FOLHA DE PAGAMENTO EMPENHADA REFERENTE MENSAL 1/2026;31/01/26 00:00;4.800,00;0,00;4.800,00;0,00;4.800,00;0,00;0,00;0,00;0,00;0,00;0,00;0,00;1547285;MUNICÍPIO DE BARBACENA;;;612;11;2062;23;122;3.3.90.46.00.00.00.00;1.500.000.0000;33904600000000;4.800,00;0,00;0,00;PESSOAL E ENCARGOS SOCIAIS DA SEDEC;AUXÍLIO-ALIMENTAÇÃO
Especificação: ;;PELA DESPESA DE FOLHA DE PAGAMENTO EMPENHADA REFERENTE MENSAL 1/2026;;;;;;;;;;;;;;;;;;;;;;;;;;;;;;;;;;;;;
668;PREFEITURA MUNICIPAL DE BARBACENA;;30834562;417;2026;ORDINARIO;0;0;PELA DESPESA DE FOLHA DE PAGAMENTO EMPENHADA REFERENTE MENSAL 1/2026;31/01/26 00:00;19.654,09;0,00;19.654,09;0,00;16.265,35;0,00;3.388,74;0,00;0,00;0,00;0,00;0,00;1547285;MUNICÍPIO DE BARBACENA;;;603;11;2062;23;122;3.1.90.11.01.00.00.00;1.500.000.0000;31901100000000;19.654,09;0,00;0,00;PESSOAL E ENCARGOS SOCIAIS DA SEDEC;VENCIMENTOS E VANTAGENS FIXAS - PESSOAL CIVIL
Especificação: ;;PELA DESPESA DE FOLHA DE PAGAMENTO EMPENHADA REFERENTE MENSAL 1/2026;;;;;;;;;;;;;;;;;;;;;;;;;;;;;;;;;;;;;
668;PREFEITURA MUNICIPAL DE BARBACENA;;30834559;418;2026;ORDINARIO;0;0;PELA DESPESA DE FOLHA DE PAGAMENTO EMPENHADA REFERENTE MENSAL 1/2026;31/01/26 00:00;39.615,58;0,00;39.615,58;0,00;36.175,63;0,00;3.439,95;0,00;0,00;0,00;0,00;0,00;1547285;MUNICÍPIO DE BARBACENA;;;960;11;2267;6;122;3.1.90.04.01.00.00.00;1.500.000.0000;31900400000000;39.615,58;0,00;0,00;PESSOAL E ENCARGOS SOCIAIS DA SSP;CONTRATAÇÃO POR TEMPO DETERMINADO
Especificação: ;;PELA DESPESA DE FOLHA DE PAGAMENTO EMPENHADA REFERENTE MENSAL 1/2026;;;;;;;;;;;;;;;;;;;;;;;;;;;;;;;;;;;;;
668;PREFEITURA MUNICIPAL DE BARBACENA;;30834557;419;2026;ORDINARIO;0;0;PELA DESPESA DE FOLHA DE PAGAMENTO EMPENHADA REFERENTE MENSAL 1/2026;31/01/26 00:00;7.800,00;0,00;7.800,00;0,00;7.800,00;0,00;0,00;0,00;0,00;0,00;0,00;0,00;1547285;MUNICÍPIO DE BARBACENA;;;115;11;2068;4;122;3.3.90.46.00.00.00.00;1.500.000.0000;33904600000000;7.800,00;0,00;0,00;PESSOAL E ENCARGOS SOCIAIS DA SEGOV;AUXÍLIO-ALIMENTAÇÃO
Especificação: ;;PELA DESPESA DE FOLHA DE PAGAMENTO EMPENHADA REFERENTE MENSAL 1/2026;;;;;;;;;;;;;;;;;;;;;;;;;;;;;;;;;;;;;
668;PREFEITURA MUNICIPAL DE BARBACENA;;30834554;420;2026;ORDINARIO;0;0;PELA DESPESA DE FOLHA DE PAGAMENTO EMPENHADA REFERENTE MENSAL 1/2026;31/01/26 00:00;600,00;0,00;600,00;0,00;600,00;0,00;0,00;0,00;0,00;0,00;0,00;0,00;1547285;MUNICÍPIO DE BARBACENA;;;1075;62;2072;13;392;3.3.90.46.00.00.00.00;1.500.000.0000;33904600000000;600,00;0,00;0,00;MANUTENÇAO DE MUSEUS;AUXÍLIO-ALIMENTAÇÃO
Especificação: ;;PELA DESPESA DE FOLHA DE PAGAMENTO EMPENHADA REFERENTE MENSAL 1/2026;;;;;;;;;;;;;;;;;;;;;;;;;;;;;;;;;;;;;
668;PREFEITURA MUNICIPAL DE BARBACENA;;30834558;421;2026;ORDINARIO;0;0;PELA DESPESA DE FOLHA DE PAGAMENTO EMPENHADA REFERENTE MENSAL 1/2026;31/01/26 00:00;67.442,69;0,00;67.442,69;0,00;61.736,35;0,00;5.706,34;0,00;0,00;0,00;0,00;0,00;1547285;MUNICÍPIO DE BARBACENA;;;519;11;2056;4;122;3.1.90.04.01.00.00.00;1.500.000.0000;31900400000000;67.442,69;0,00;0,00;PESSOAL E ENCARGOS SOCIAIS DA SEMAD;CONTRATAÇÃO POR TEMPO DETERMINADO
Especificação: ;;PELA DESPESA DE FOLHA DE PAGAMENTO EMPENHADA REFERENTE MENSAL 1/2026;;;;;;;;;;;;;;;;;;;;;;;;;;;;;;;;;;;;;
668;PREFEITURA MUNICIPAL DE BARBACENA;;30834552;422;2026;ORDINARIO;0;0;PELA DESPESA DE FOLHA DE PAGAMENTO EMPENHADA REFERENTE MENSAL 1/2026;31/01/26 00:00;3.000,00;0,00;3.000,00;0,00;3.000,00;0,00;0,00;0,00;0,00;0,00;0,00;0,00;1547285;MUNICÍPIO DE BARBACENA;;;292;11;2191;3;122;3.3.90.46.00.00.00.00;1.500.000.0000;33904600000000;3.000,00;0,00;0,00;MANUTENÇÃO DO PROCON;AUXÍLIO-ALIMENTAÇÃO
Especificação: ;;PELA DESPESA DE FOLHA DE PAGAMENTO EMPENHADA REFERENTE MENSAL 1/2026;;;;;;;;;;;;;;;;;;;;;;;;;;;;;;;;;;;;;
668;PREFEITURA MUNICIPAL DE BARBACENA;;30834555;423;2026;ORDINARIO;0;0;PELA DESPESA DE FOLHA DE PAGAMENTO EMPENHADA REFERENTE MENSAL 1/2026;31/01/26 00:00;298,83;0,00;298,83;0,00;298,83;0,00;0,00;0,00;0,00;0,00;0,00;0,00;1547285;MUNICÍPIO DE BARBACENA;;;528;11;2056;4;122;3.3.90.18.00.00.00.00;1.500.000.0000;33901800000000;298,83;0,00;0,00;PESSOAL E ENCARGOS SOCIAIS DA SEMAD;AUXÍLIO FINANCEIRO A ESTUDANTES
Especificação: ;;PELA DESPESA DE FOLHA DE PAGAMENTO EMPENHADA REFERENTE MENSAL 1/2026;;;;;;;;;;;;;;;;;;;;;;;;;;;;;;;;;;;;;
668;PREFEITURA MUNICIPAL DE BARBACENA;;30834553;424;2026;ORDINARIO;0;0;PELA DESPESA DE FOLHA DE PAGAMENTO EMPENHADA REFERENTE MENSAL 1/2026;31/01/26 00:00;3.414,79;0,00;3.414,79;0,00;3.070,90;0,00;343,89;0,00;0,00;0,00;0,00;0,00;1547285;MUNICÍPIO DE BARBACENA;;;273;11;2132;3;122;3.1.90.04.14.00.00.00;1.500.000.0000;31900400000000;3.414,79;0,00;0,00;PESSOAL E ENCARGOS SOCIAIS DA AGM;CONTRATAÇÃO POR TEMPO DETERMINADO
Especificação: ;;PELA DESPESA DE FOLHA DE PAGAMENTO EMPENHADA REFERENTE MENSAL 1/2026;;;;;;;;;;;;;;;;;;;;;;;;;;;;;;;;;;;;;
668;PREFEITURA MUNICIPAL DE BARBACENA;;30834551;425;2026;ORDINARIO;0;0;PELA DESPESA DE FOLHA DE PAGAMENTO EMPENHADA REFERENTE MENSAL 1/2026;31/01/26 00:00;9.588,84;0,00;9.588,84;0,00;8.779,49;0,00;809,35;0,00;0,00;0,00;0,00;0,00;1547285;MUNICÍPIO DE BARBACENA;;;273;11;2132;3;122;3.1.90.04.01.00.00.00;1.500.000.0000;31900400000000;9.588,84;0,00;0,00;PESSOAL E ENCARGOS SOCIAIS DA AGM;CONTRATAÇÃO POR TEMPO DETERMINADO
Especificação: ;;PELA DESPESA DE FOLHA DE PAGAMENTO EMPENHADA REFERENTE MENSAL 1/2026;;;;;;;;;;;;;;;;;;;;;;;;;;;;;;;;;;;;;
668;PREFEITURA MUNICIPAL DE BARBACENA;;30834548;426;2026;ORDINARIO;0;0;PELA DESPESA DE FOLHA DE PAGAMENTO EMPENHADA REFERENTE MENSAL 1/2026;31/01/26 00:00;154,80;0,00;154,80;0,00;154,80;0,00;0,00;0,00;0,00;0,00;0,00;0,00;1547285;MUNICÍPIO DE BARBACENA;;;969;11;2267;6;122;3.3.90.18.00.00.00.00;1.500.000.0000;33901800000000;154,80;0,00;0,00;PESSOAL E ENCARGOS SOCIAIS DA SSP;AUXÍLIO FINANCEIRO A ESTUDANTES
Especificação: ;;PELA DESPESA DE FOLHA DE PAGAMENTO EMPENHADA REFERENTE MENSAL 1/2026;;;;;;;;;;;;;;;;;;;;;;;;;;;;;;;;;;;;;
668;PREFEITURA MUNICIPAL DE BARBACENA;;30834544;427;2026;ORDINARIO;0;0;PELA DESPESA DE FOLHA DE PAGAMENTO EMPENHADA REFERENTE MENSAL 1/2026;31/01/26 00:00;9.360,84;0,00;9.360,84;0,00;7.083,26;0,00;2.277,58;0,00;0,00;0,00;0,00;0,00;1547285;MUNICÍPIO DE BARBACENA;;;546;11;2058;4;121;3.1.90.11.09.00.00.00;1.500.000.0000;31901100000000;9.360,84;0,00;0,00;PESSOAL E ENCARGOS SOCIAIS DA SEPLAN;VENCIMENTOS E VANTAGENS FIXAS - PESSOAL CIVIL
Especificação: ;;PELA DESPESA DE FOLHA DE PAGAMENTO EMPENHADA REFERENTE MENSAL 1/2026;;;;;;;;;;;;;;;;;;;;;;;;;;;;;;;;;;;;;
668;PREFEITURA MUNICIPAL DE BARBACENA;;30834539;428;2026;ORDINARIO;0;0;PELA DESPESA DE FOLHA DE PAGAMENTO EMPENHADA REFERENTE MENSAL 1/2026;31/01/26 00:00;5.482,34;0,00;5.482,34;0,00;5.482,34;0,00;0,00;0,00;0,00;0,00;0,00;0,00;1547285;MUNICÍPIO DE BARBACENA;;;635;11;2064;15;452;3.1.90.11.50.00.00.00;1.500.000.0000;31901100000000;5.482,34;0,00;0,00;PESSOAL E ENCARGOS SOCIAIS DA SESP;VENCIMENTOS E VANTAGENS FIXAS - PESSOAL CIVIL
Especificação: ;;PELA DESPESA DE FOLHA DE PAGAMENTO EMPENHADA REFERENTE MENSAL 1/2026;;;;;;;;;;;;;;;;;;;;;;;;;;;;;;;;;;;;;
668;PREFEITURA MUNICIPAL DE BARBACENA;;30834537;429;2026;ORDINARIO;0;0;PELA DESPESA DE FOLHA DE PAGAMENTO EMPENHADA REFERENTE MENSAL 1/2026;31/01/26 00:00;9.360,84;0,00;9.360,84;0,00;7.031,13;0,00;2.329,71;0,00;0,00;0,00;0,00;0,00;1547285;MUNICÍPIO DE BARBACENA;;;635;11;2064;15;452;3.1.90.11.09.00.00.00;1.500.000.0000;31901100000000;9.360,84;0,00;0,00;PESSOAL E ENCARGOS SOCIAIS DA SESP;VENCIMENTOS E VANTAGENS FIXAS - PESSOAL CIVIL
Especificação: ;;PELA DESPESA DE FOLHA DE PAGAMENTO EMPENHADA REFERENTE MENSAL 1/2026;;;;;;;;;;;;;;;;;;;;;;;;;;;;;;;;;;;;;
668;PREFEITURA MUNICIPAL DE BARBACENA;;30834532;430;2026;ORDINARIO;0;0;PELA DESPESA DE FOLHA DE PAGAMENTO EMPENHADA REFERENTE MENSAL 1/2026;31/01/26 00:00;82.501,31;0,00;82.501,31;0,00;63.187,35;0,00;19.313,96;0,00;0,00;0,00;0,00;0,00;1547285;MUNICÍPIO DE BARBACENA;;;148;11;2111;15;451;3.1.90.11.01.00.00.00;1.500.000.0000;31901100000000;82.501,31;0,00;0,00;PESSOAL E ENCARGOS SOCIAIS DA SEMOP;VENCIMENTOS E VANTAGENS FIXAS - PESSOAL CIVIL
Especificação: ;;PELA DESPESA DE FOLHA DE PAGAMENTO EMPENHADA REFERENTE MENSAL 1/2026;;;;;;;;;;;;;;;;;;;;;;;;;;;;;;;;;;;;;
668;PREFEITURA MUNICIPAL DE BARBACENA;;30834528;431;2026;ORDINARIO;0;0;PELA DESPESA DE FOLHA DE PAGAMENTO EMPENHADA REFERENTE MENSAL 1/2026;31/01/26 00:00;10.695,35;0,00;10.695,35;0,00;9.094,96;0,00;1.600,39;0,00;0,00;0,00;0,00;0,00;1547285;MUNICÍPIO DE BARBACENA;;;65;11;2172;20;122;3.1.90.11.45.00.00.00;1.500.000.0000;31901100000000;10.695,35;0,00;0,00;PESSOAL E ENCARGOS SOCIAIS DA SEAPA;VENCIMENTOS E VANTAGENS FIXAS - PESSOAL CIVIL
Especificação: ;;PELA DESPESA DE FOLHA DE PAGAMENTO EMPENHADA REFERENTE MENSAL 1/2026;;;;;;;;;;;;;;;;;;;;;;;;;;;;;;;;;;;;;
668;PREFEITURA MUNICIPAL DE BARBACENA;;30834526;432;2026;ORDINARIO;0;0;PELA DESPESA DE FOLHA DE PAGAMENTO EMPENHADA REFERENTE MENSAL 1/2026;31/01/26 00:00;44.806,76;0,00;44.806,76;0,00;36.680,67;0,00;8.126,09;0,00;0,00;0,00;0,00;0,00;1547285;MUNICÍPIO DE BARBACENA;;;1036;11;2278;13;122;3.1.90.11.01.00.00.00;1.500.000.0000;31901100000000;44.806,76;0,00;0,00;PESSOAL E ENCARGOS SOCIAIS DA SECULT;VENCIMENTOS E VANTAGENS FIXAS - PESSOAL CIVIL
Especificação: ;;PELA DESPESA DE FOLHA DE PAGAMENTO EMPENHADA REFERENTE MENSAL 1/2026;;;;;;;;;;;;;;;;;;;;;;;;;;;;;;;;;;;;;
668;PREFEITURA MUNICIPAL DE BARBACENA;;30834522;433;2026;ORDINARIO;0;0;PELA DESPESA DE FOLHA DE PAGAMENTO EMPENHADA REFERENTE MENSAL 1/2026;31/01/26 00:00;1.458,90;0,00;1.458,90;0,00;1.337,33;0,00;121,57;0,00;0,00;0,00;0,00;0,00;1547285;MUNICÍPIO DE BARBACENA;;;220;11;2109;4;123;3.1.90.04.14.00.00.00;1.500.000.0000;31900400000000;1.458,90;0,00;0,00;PESSOAL E ENCARGOS SOCIAIS DA SEFAZ;CONTRATAÇÃO POR TEMPO DETERMINADO
Especificação: ;;PELA DESPESA DE FOLHA DE PAGAMENTO EMPENHADA REFERENTE MENSAL 1/2026;;;;;;;;;;;;;;;;;;;;;;;;;;;;;;;;;;;;;
668;PREFEITURA MUNICIPAL DE BARBACENA;;30834519;434;2026;ORDINARIO;0;0;PELA DESPESA DE FOLHA DE PAGAMENTO EMPENHADA REFERENTE MENSAL 1/2026;31/01/26 00:00;13.372,64;0,00;13.372,64;0,00;9.887,54;0,00;3.485,10;0,00;0,00;0,00;0,00;0,00;1547285;MUNICÍPIO DE BARBACENA;;;44;11;2152;4;122;3.1.90.11.08.00.00.00;1.500.000.0000;31901100000000;13.372,64;0,00;0,00;PESSOAL E ENCARGOS SOCIAIS DA SEGAB;VENCIMENTOS E VANTAGENS FIXAS - PESSOAL CIVIL
Especificação: ;;PELA DESPESA DE FOLHA DE PAGAMENTO EMPENHADA REFERENTE MENSAL 1/2026;;;;;;;;;;;;;;;;;;;;;;;;;;;;;;;;;;;;;
668;PREFEITURA MUNICIPAL DE BARBACENA;;30834516;435;2026;ORDINARIO;0;0;PELA DESPESA DE FOLHA DE PAGAMENTO EMPENHADA REFERENTE MENSAL 1/2026;31/01/26 00:00;5.673,50;0,00;5.673,50;0,00;5.235,85;0,00;437,65;0,00;0,00;0,00;0,00;0,00;1547285;MUNICÍPIO DE BARBACENA;;;43;11;2152;4;122;3.1.90.04.01.00.00.00;1.500.000.0000;31900400000000;5.673,50;0,00;0,00;PESSOAL E ENCARGOS SOCIAIS DA SEGAB;CONTRATAÇÃO POR TEMPO DETERMINADO
Especificação: ;;PELA DESPESA DE FOLHA DE PAGAMENTO EMPENHADA REFERENTE MENSAL 1/2026;;;;;;;;;;;;;;;;;;;;;;;;;;;;;;;;;;;;;
668;PREFEITURA MUNICIPAL DE BARBACENA;;30834546;436;2026;ORDINARIO;0;0;PELA DESPESA DE FOLHA DE PAGAMENTO EMPENHADA REFERENTE MENSAL 1/2026;31/01/26 00:00;5.928,53;0,00;5.928,53;0,00;4.940,46;0,00;988,07;0,00;0,00;0,00;0,00;0,00;1547285;MUNICÍPIO DE BARBACENA;;;961;11;2267;6;122;3.1.90.11.45.00.00.00;1.500.000.0000;31901100000000;5.928,53;0,00;0,00;PESSOAL E ENCARGOS SOCIAIS DA SSP;VENCIMENTOS E VANTAGENS FIXAS - PESSOAL CIVIL
Especificação: ;;PELA DESPESA DE FOLHA DE PAGAMENTO EMPENHADA REFERENTE MENSAL 1/2026;;;;;;;;;;;;;;;;;;;;;;;;;;;;;;;;;;;;;
668;PREFEITURA MUNICIPAL DE BARBACENA;;30834540;437;2026;ORDINARIO;0;0;PELA DESPESA DE FOLHA DE PAGAMENTO EMPENHADA REFERENTE MENSAL 1/2026;31/01/26 00:00;203.612,99;0,00;203.612,99;0,00;161.682,08;0,00;41.930,91;0,00;0,00;0,00;0,00;0,00;1547285;MUNICÍPIO DE BARBACENA;;;635;11;2064;15;452;3.1.90.11.01.00.00.00;1.500.000.0000;31901100000000;203.612,99;0,00;0,00;PESSOAL E ENCARGOS SOCIAIS DA SESP;VENCIMENTOS E VANTAGENS FIXAS - PESSOAL CIVIL
Especificação: ;;PELA DESPESA DE FOLHA DE PAGAMENTO EMPENHADA REFERENTE MENSAL 1/2026;;;;;;;;;;;;;;;;;;;;;;;;;;;;;;;;;;;;;
668;PREFEITURA MUNICIPAL DE BARBACENA;;30834538;438;2026;ORDINARIO;0;0;PELA DESPESA DE FOLHA DE PAGAMENTO EMPENHADA REFERENTE MENSAL 1/2026;31/01/26 00:00;9.360,84;0,00;9.360,84;0,00;7.031,13;0,00;2.329,71;0,00;0,00;0,00;0,00;0,00;1547285;MUNICÍPIO DE BARBACENA;;;148;11;2111;15;451;3.1.90.11.09.00.00.00;1.500.000.0000;31901100000000;9.360,84;0,00;0,00;PESSOAL E ENCARGOS SOCIAIS DA SEMOP;VENCIMENTOS E VANTAGENS FIXAS - PESSOAL CIVIL
Especificação: ;;PELA DESPESA DE FOLHA DE PAGAMENTO EMPENHADA REFERENTE MENSAL 1/2026;;;;;;;;;;;;;;;;;;;;;;;;;;;;;;;;;;;;;
668;PREFEITURA MUNICIPAL DE BARBACENA;;30834534;439;2026;ORDINARIO;0;0;PELA DESPESA DE FOLHA DE PAGAMENTO EMPENHADA REFERENTE MENSAL 1/2026;31/01/26 00:00;9.888,10;0,00;9.888,10;0,00;9.158,68;0,00;729,42;0,00;0,00;0,00;0,00;0,00;1547285;MUNICÍPIO DE BARBACENA;;;220;11;2109;4;123;3.1.90.04.01.00.00.00;1.500.000.0000;31900400000000;9.888,10;0,00;0,00;PESSOAL E ENCARGOS SOCIAIS DA SEFAZ;CONTRATAÇÃO POR TEMPO DETERMINADO
Especificação: ;;PELA DESPESA DE FOLHA DE PAGAMENTO EMPENHADA REFERENTE MENSAL 1/2026;;;;;;;;;;;;;;;;;;;;;;;;;;;;;;;;;;;;;
668;PREFEITURA MUNICIPAL DE BARBACENA;;30834530;440;2026;ORDINARIO;0;0;PELA DESPESA DE FOLHA DE PAGAMENTO EMPENHADA REFERENTE MENSAL 1/2026;31/01/26 00:00;18.846,33;0,00;18.846,33;0,00;17.354,39;0,00;1.491,94;0,00;0,00;0,00;0,00;0,00;1547285;MUNICÍPIO DE BARBACENA;;;645;11;2672;15;452;3.1.90.04.01.00.00.00;1.500.000.0000;31900400000000;18.846,33;0,00;0,00;MANUTENÇÃO DO TERMINAL RODOVIÁRIO DE BARBACENA;CONTRATAÇÃO POR TEMPO DETERMINADO
Especificação: ;;PELA DESPESA DE FOLHA DE PAGAMENTO EMPENHADA REFERENTE MENSAL 1/2026;;;;;;;;;;;;;;;;;;;;;;;;;;;;;;;;;;;;;
668;PREFEITURA MUNICIPAL DE BARBACENA;;30834527;441;2026;ORDINARIO;0;0;PELA DESPESA DE FOLHA DE PAGAMENTO EMPENHADA REFERENTE MENSAL 1/2026;31/01/26 00:00;7.780,00;0,00;7.780,00;0,00;7.780,00;0,00;0,00;0,00;0,00;0,00;0,00;0,00;1547285;MUNICÍPIO DE BARBACENA;;;74;11;2172;20;122;3.3.90.46.00.00.00.00;1.500.000.0000;33904600000000;7.780,00;0,00;0,00;PESSOAL E ENCARGOS SOCIAIS DA SEAPA;AUXÍLIO-ALIMENTAÇÃO
Especificação: ;;PELA DESPESA DE FOLHA DE PAGAMENTO EMPENHADA REFERENTE MENSAL 1/2026;;;;;;;;;;;;;;;;;;;;;;;;;;;;;;;;;;;;;
668;PREFEITURA MUNICIPAL DE BARBACENA;;30834524;442;2026;ORDINARIO;0;0;PELA DESPESA DE FOLHA DE PAGAMENTO EMPENHADA REFERENTE MENSAL 1/2026;31/01/26 00:00;1.945,20;0,00;1.945,20;0,00;1.945,20;0,00;0,00;0,00;0,00;0,00;0,00;0,00;1547285;MUNICÍPIO DE BARBACENA;;;667;17;2117;15;452;3.1.90.11.52.00.00.00;1.500.000.0000;31901100000000;1.945,20;0,00;0,00;MANUTENÇAO E CONSERVAÇAO DE CEMITERIOS;VENCIMENTOS E VANTAGENS FIXAS - PESSOAL CIVIL
Especificação: ;;PELA DESPESA DE FOLHA DE PAGAMENTO EMPENHADA REFERENTE MENSAL 1/2026;;;;;;;;;;;;;;;;;;;;;;;;;;;;;;;;;;;;;
668;PREFEITURA MUNICIPAL DE BARBACENA;;30834520;443;2026;ORDINARIO;0;0;PELA DESPESA DE FOLHA DE PAGAMENTO EMPENHADA REFERENTE MENSAL 1/2026;31/01/26 00:00;26.745,27;0,00;26.745,27;0,00;13.235,33;0,00;13.509,94;0,00;0,00;0,00;0,00;0,00;1547285;MUNICÍPIO DE BARBACENA;;;44;11;2152;4;122;3.1.90.11.07.00.00.00;1.500.000.0000;31901100000000;26.745,27;0,00;0,00;PESSOAL E ENCARGOS SOCIAIS DA SEGAB;VENCIMENTOS E VANTAGENS FIXAS - PESSOAL CIVIL
Especificação: ;;PELA DESPESA DE FOLHA DE PAGAMENTO EMPENHADA REFERENTE MENSAL 1/2026;;;;;;;;;;;;;;;;;;;;;;;;;;;;;;;;;;;;;
668;PREFEITURA MUNICIPAL DE BARBACENA;;30834518;444;2026;ORDINARIO;0;0;PELA DESPESA DE FOLHA DE PAGAMENTO EMPENHADA REFERENTE MENSAL 1/2026;31/01/26 00:00;9.360,84;0,00;9.360,84;0,00;5.107,42;0,00;4.253,42;0,00;0,00;0,00;0,00;0,00;1547285;MUNICÍPIO DE BARBACENA;;;603;11;2062;23;122;3.1.90.11.09.00.00.00;1.500.000.0000;31901100000000;9.360,84;0,00;0,00;PESSOAL E ENCARGOS SOCIAIS DA SEDEC;VENCIMENTOS E VANTAGENS FIXAS - PESSOAL CIVIL
Especificação: ;;PELA DESPESA DE FOLHA DE PAGAMENTO EMPENHADA REFERENTE MENSAL 1/2026;;;;;;;;;;;;;;;;;;;;;;;;;;;;;;;;;;;;;
668;PREFEITURA MUNICIPAL DE BARBACENA;;30825166;445;2026;ORDINARIO;0;0;PELA DESPESA DE FOLHA DE PAGAMENTO EMPENHADA REFERENTE MENSAL 1/2026;31/01/26 00:00;1.693,39;0,00;1.693,39;0,00;0,00;0,00;0,00;0,00;0,00;0,00;0,00;0,00;1543412;IPSEMG-INST.PREVID.SERVIDORES DO ESTADO DE MINAS G;;;712;11;2122;18;122;3.1.90.13.99.00.00.00;1.500.000.0000;31901300000000;0,00;0,00;1.693,39;PESSOAL E ENCARGOS SOCIAIS DA SEMMA;OBRIGAÇÕES PATRONAIS
Especificação: ;;PELA DESPESA DE FOLHA DE PAGAMENTO EMPENHADA REFERENTE MENSAL 1/2026;;;;;;;;;;;;;;;;;;;;;;;;;;;;;;;;;;;;;
668;PREFEITURA MUNICIPAL DE BARBACENA;;30825165;446;2026;ORDINARIO;0;0;PELA DESPESA DE FOLHA DE PAGAMENTO EMPENHADA REFERENTE MENSAL 1/2026;31/01/26 00:00;2.426,13;0,00;2.426,13;0,00;0,00;0,00;0,00;0,00;0,00;0,00;0,00;0,00;1544068;INSS-INSTITUTO NACIONAL DO SEGURO SOCIAL;;;273;11;2132;3;122;3.1.90.04.15.00.00.00;1.500.000.0000;31900400000000;0,00;0,00;2.426,13;PESSOAL E ENCARGOS SOCIAIS DA AGM;CONTRATAÇÃO POR TEMPO DETERMINADO
Especificação: ;;PELA DESPESA DE FOLHA DE PAGAMENTO EMPENHADA REFERENTE MENSAL 1/2026;;;;;;;;;;;;;;;;;;;;;;;;;;;;;;;;;;;;;
668;PREFEITURA MUNICIPAL DE BARBACENA;;30825164;447;2026;ORDINARIO;0;0;PELA DESPESA DE FOLHA DE PAGAMENTO EMPENHADA REFERENTE MENSAL 1/2026;31/01/26 00:00;33.315,14;0,00;33.315,14;0,00;0,00;0,00;607,86;0,00;0,00;0,00;0,00;0,00;1544068;INSS-INSTITUTO NACIONAL DO SEGURO SOCIAL;;;634;11;2064;15;452;3.1.90.04.01.00.00.00;1.500.000.0000;31900400000000;607,86;0,00;32.707,28;PESSOAL E ENCARGOS SOCIAIS DA SESP;CONTRATAÇÃO POR TEMPO DETERMINADO
Especificação: ;;PELA DESPESA DE FOLHA DE PAGAMENTO EMPENHADA REFERENTE MENSAL 1/2026;;;;;;;;;;;;;;;;;;;;;;;;;;;;;;;;;;;;;
668;PREFEITURA MUNICIPAL DE BARBACENA;;30825161;448;2026;ORDINARIO;0;0;PELA DESPESA DE FOLHA DE PAGAMENTO EMPENHADA REFERENTE MENSAL 1/2026;31/01/26 00:00;1.793,50;0,00;1.793,50;0,00;0,00;0,00;67,54;0,00;0,00;0,00;0,00;0,00;1544068;INSS-INSTITUTO NACIONAL DO SEGURO SOCIAL;;;64;11;2172;20;122;3.1.90.04.15.00.00.00;1.500.000.0000;31900400000000;67,54;0,00;1.725,96;PESSOAL E ENCARGOS SOCIAIS DA SEAPA;CONTRATAÇÃO POR TEMPO DETERMINADO
Especificação: ;;PELA DESPESA DE FOLHA DE PAGAMENTO EMPENHADA REFERENTE MENSAL 1/2026;;;;;;;;;;;;;;;;;;;;;;;;;;;;;;;;;;;;;
668;PREFEITURA MUNICIPAL DE BARBACENA;;30825163;449;2026;ORDINARIO;0;0;PELA DESPESA DE FOLHA DE PAGAMENTO EMPENHADA REFERENTE MENSAL 1/2026;31/01/26 00:00;5.465,53;0,00;5.465,53;0,00;5.465,53;0,00;0,00;0,00;0,00;0,00;0,00;0,00;1547277;SISTEMA MUNICIPAL DE PREVIDENCIA E ASSISTENCIA AO SERVIDOR;;;669;17;2117;15;452;3.1.91.13.08.00.00.00;1.500.000.0000;31911300000000;5.465,53;0,00;0,00;MANUTENÇAO E CONSERVAÇAO DE CEMITERIOS;OBRIGAÇÕES PATRONAIS
Especificação: ;;PELA DESPESA DE FOLHA DE PAGAMENTO EMPENHADA REFERENTE MENSAL 1/2026;;;;;;;;;;;;;;;;;;;;;;;;;;;;;;;;;;;;;
668;PREFEITURA MUNICIPAL DE BARBACENA;;30825160;450;2026;ORDINARIO;0;0;PELA DESPESA DE FOLHA DE PAGAMENTO EMPENHADA REFERENTE MENSAL 1/2026;31/01/26 00:00;1.317,56;0,00;1.317,56;0,00;0,00;0,00;0,00;0,00;0,00;0,00;0,00;0,00;1543412;IPSEMG-INST.PREVID.SERVIDORES DO ESTADO DE MINAS G;;;45;11;2152;4;122;3.1.90.13.99.00.00.00;1.500.000.0000;31901300000000;0,00;0,00;1.317,56;PESSOAL E ENCARGOS SOCIAIS DA SEGAB;OBRIGAÇÕES PATRONAIS
Especificação: ;;PELA DESPESA DE FOLHA DE PAGAMENTO EMPENHADA REFERENTE MENSAL 1/2026;;;;;;;;;;;;;;;;;;;;;;;;;;;;;;;;;;;;;
668;PREFEITURA MUNICIPAL DE BARBACENA;;30825159;451;2026;ORDINARIO;0;0;PELA DESPESA DE FOLHA DE PAGAMENTO EMPENHADA REFERENTE MENSAL 1/2026;31/01/26 00:00;2.117,04;0,00;2.117,04;0,00;0,00;0,00;0,00;0,00;0,00;0,00;0,00;0,00;1544068;INSS-INSTITUTO NACIONAL DO SEGURO SOCIAL;;;220;11;2109;4;123;3.1.90.04.15.00.00.00;1.500.000.0000;31900400000000;0,00;0,00;2.117,04;PESSOAL E ENCARGOS SOCIAIS DA SEFAZ;CONTRATAÇÃO POR TEMPO DETERMINADO
Especificação: ;;PELA DESPESA DE FOLHA DE PAGAMENTO EMPENHADA REFERENTE MENSAL 1/2026;;;;;;;;;;;;;;;;;;;;;;;;;;;;;;;;;;;;;
668;PREFEITURA MUNICIPAL DE BARBACENA;;30825158;452;2026;ORDINARIO;0;0;PELA DESPESA DE FOLHA DE PAGAMENTO EMPENHADA REFERENTE MENSAL 1/2026;31/01/26 00:00;8.400,23;0,00;8.400,23;0,00;0,00;0,00;67,54;0,00;0,00;0,00;0,00;0,00;1544068;INSS-INSTITUTO NACIONAL DO SEGURO SOCIAL;;;960;11;2267;6;122;3.1.90.04.15.00.00.00;1.500.000.0000;31900400000000;67,54;0,00;8.332,69;PESSOAL E ENCARGOS SOCIAIS DA SSP;CONTRATAÇÃO POR TEMPO DETERMINADO
Especificação: ;;PELA DESPESA DE FOLHA DE PAGAMENTO EMPENHADA REFERENTE MENSAL 1/2026;;;;;;;;;;;;;;;;;;;;;;;;;;;;;;;;;;;;;
668;PREFEITURA MUNICIPAL DE BARBACENA;;30825157;453;2026;ORDINARIO;0;0;PELA DESPESA DE FOLHA DE PAGAMENTO EMPENHADA REFERENTE MENSAL 1/2026;31/01/26 00:00;4.304,12;0,00;4.304,12;0,00;0,00;0,00;0,00;0,00;0,00;0,00;0,00;0,00;1544068;INSS-INSTITUTO NACIONAL DO SEGURO SOCIAL;;;3;11;2141;4;124;3.1.90.13.03.00.00.00;1.500.000.0000;31901300000000;0,00;0,00;4.304,12;PESSOAL E ENCARGOS SOCIAIS DA CGEM;OBRIGAÇÕES PATRONAIS
Especificação: ;;PELA DESPESA DE FOLHA DE PAGAMENTO EMPENHADA REFERENTE MENSAL 1/2026;;;;;;;;;;;;;;;;;;;;;;;;;;;;;;;;;;;;;
668;PREFEITURA MUNICIPAL DE BARBACENA;;30825156;454;2026;ORDINARIO;0;0;PELA DESPESA DE FOLHA DE PAGAMENTO EMPENHADA REFERENTE MENSAL 1/2026;31/01/26 00:00;1.065,52;0,00;1.065,52;0,00;0,00;0,00;67,54;0,00;0,00;0,00;0,00;0,00;1544068;INSS-INSTITUTO NACIONAL DO SEGURO SOCIAL;;;602;11;2062;23;122;3.1.90.04.15.00.00.00;1.500.000.0000;31900400000000;67,54;0,00;997,98;PESSOAL E ENCARGOS SOCIAIS DA SEDEC;CONTRATAÇÃO POR TEMPO DETERMINADO
Especificação: ;;PELA DESPESA DE FOLHA DE PAGAMENTO EMPENHADA REFERENTE MENSAL 1/2026;;;;;;;;;;;;;;;;;;;;;;;;;;;;;;;;;;;;;
668;PREFEITURA MUNICIPAL DE BARBACENA;;30825154;455;2026;ORDINARIO;0;0;PELA DESPESA DE FOLHA DE PAGAMENTO EMPENHADA REFERENTE MENSAL 1/2026;31/01/26 00:00;9.135,14;0,00;9.135,14;0,00;0,00;0,00;0,00;0,00;0,00;0,00;0,00;0,00;1544068;INSS-INSTITUTO NACIONAL DO SEGURO SOCIAL;;;275;11;2132;3;122;3.1.90.13.03.00.00.00;1.500.000.0000;31901300000000;0,00;0,00;9.135,14;PESSOAL E ENCARGOS SOCIAIS DA AGM;OBRIGAÇÕES PATRONAIS
Especificação: ;;PELA DESPESA DE FOLHA DE PAGAMENTO EMPENHADA REFERENTE MENSAL 1/2026;;;;;;;;;;;;;;;;;;;;;;;;;;;;;;;;;;;;;
668;PREFEITURA MUNICIPAL DE BARBACENA;;30825152;456;2026;ORDINARIO;0;0;PELA DESPESA DE FOLHA DE PAGAMENTO EMPENHADA REFERENTE MENSAL 1/2026;31/01/26 00:00;17.496,50;0,00;17.496,50;0,00;17.496,50;0,00;0,00;0,00;0,00;0,00;0,00;0,00;1547277;SISTEMA MUNICIPAL DE PREVIDENCIA E ASSISTENCIA AO SERVIDOR;;;987;27;2268;15;451;3.1.91.13.08.00.00.00;1.500.000.0000;31911300000000;17.496,50;0,00;0,00;PESSOAL E ENCARGOS SOCIAIS DE TRANSITO;OBRIGAÇÕES PATRONAIS
Especificação: ;;PELA DESPESA DE FOLHA DE PAGAMENTO EMPENHADA REFERENTE MENSAL 1/2026;;;;;;;;;;;;;;;;;;;;;;;;;;;;;;;;;;;;;
668;PREFEITURA MUNICIPAL DE BARBACENA;;30825150;457;2026;ORDINARIO;0;0;PELA DESPESA DE FOLHA DE PAGAMENTO EMPENHADA REFERENTE MENSAL 1/2026;31/01/26 00:00;8.577,52;0,00;8.577,52;0,00;8.577,52;0,00;0,00;0,00;0,00;0,00;0,00;0,00;1547277;SISTEMA MUNICIPAL DE PREVIDENCIA E ASSISTENCIA AO SERVIDOR;;;70;11;2172;20;122;3.1.91.13.08.00.00.00;1.500.000.0000;31911300000000;8.577,52;0,00;0,00;PESSOAL E ENCARGOS SOCIAIS DA SEAPA;OBRIGAÇÕES PATRONAIS
Especificação: ;;PELA DESPESA DE FOLHA DE PAGAMENTO EMPENHADA REFERENTE MENSAL 1/2026;;;;;;;;;;;;;;;;;;;;;;;;;;;;;;;;;;;;;
668;PREFEITURA MUNICIPAL DE BARBACENA;;30825147;458;2026;ORDINARIO;0;0;PELA DESPESA DE FOLHA DE PAGAMENTO EMPENHADA REFERENTE MENSAL 1/2026;31/01/26 00:00;1.191,87;0,00;1.191,87;0,00;1.191,87;0,00;0,00;0,00;0,00;0,00;0,00;0,00;1547277;SISTEMA MUNICIPAL DE PREVIDENCIA E ASSISTENCIA AO SERVIDOR;;;1156;11;2282;27;122;3.1.91.13.08.00.00.00;1.500.000.0000;31911300000000;1.191,87;0,00;0,00;PESSOAL E ENCARGOS SOCIAIS DA SEMESP;OBRIGAÇÕES PATRONAIS
Especificação: ;;PELA DESPESA DE FOLHA DE PAGAMENTO EMPENHADA REFERENTE MENSAL 1/2026;;;;;;;;;;;;;;;;;;;;;;;;;;;;;;;;;;;;;
668;PREFEITURA MUNICIPAL DE BARBACENA;;30825153;459;2026;ORDINARIO;0;0;PELA DESPESA DE FOLHA DE PAGAMENTO EMPENHADA REFERENTE MENSAL 1/2026;31/01/26 00:00;3.559,80;0,00;3.559,80;0,00;3.559,80;0,00;0,00;0,00;0,00;0,00;0,00;0,00;1547277;SISTEMA MUNICIPAL DE PREVIDENCIA E ASSISTENCIA AO SERVIDOR;;;287;11;2191;3;122;3.1.91.13.08.00.00.00;1.500.000.0000;31911300000000;3.559,80;0,00;0,00;MANUTENÇÃO DO PROCON;OBRIGAÇÕES PATRONAIS
Especificação: ;;PELA DESPESA DE FOLHA DE PAGAMENTO EMPENHADA REFERENTE MENSAL 1/2026;;;;;;;;;;;;;;;;;;;;;;;;;;;;;;;;;;;;;
668;PREFEITURA MUNICIPAL DE BARBACENA;;30825151;460;2026;ORDINARIO;0;0;PELA DESPESA DE FOLHA DE PAGAMENTO EMPENHADA REFERENTE MENSAL 1/2026;31/01/26 00:00;19.162,83;0,00;19.162,83;0,00;19.162,83;0,00;0,00;0,00;0,00;0,00;0,00;0,00;1547277;SISTEMA MUNICIPAL DE PREVIDENCIA E ASSISTENCIA AO SERVIDOR;;;580;11;2060;15;122;3.1.91.13.08.00.00.00;1.500.000.0000;31911300000000;19.162,83;0,00;0,00;PESSOAL E ENCARGOS SOCIAIS DA SEMUR;OBRIGAÇÕES PATRONAIS
Especificação: ;;PELA DESPESA DE FOLHA DE PAGAMENTO EMPENHADA REFERENTE MENSAL 1/2026;;;;;;;;;;;;;;;;;;;;;;;;;;;;;;;;;;;;;
668;PREFEITURA MUNICIPAL DE BARBACENA;;30825148;461;2026;ORDINARIO;0;0;PELA DESPESA DE FOLHA DE PAGAMENTO EMPENHADA REFERENTE MENSAL 1/2026;31/01/26 00:00;11.530,38;0,00;11.530,38;0,00;11.530,38;0,00;0,00;0,00;0,00;0,00;0,00;0,00;1547277;SISTEMA MUNICIPAL DE PREVIDENCIA E ASSISTENCIA AO SERVIDOR;;;153;11;2111;15;451;3.1.91.13.08.00.00.00;1.500.000.0000;31911300000000;11.530,38;0,00;0,00;PESSOAL E ENCARGOS SOCIAIS DA SEMOP;OBRIGAÇÕES PATRONAIS
Especificação: ;;PELA DESPESA DE FOLHA DE PAGAMENTO EMPENHADA REFERENTE MENSAL 1/2026;;;;;;;;;;;;;;;;;;;;;;;;;;;;;;;;;;;;;
668;PREFEITURA MUNICIPAL DE BARBACENA;;30825146;462;2026;ORDINARIO;0;0;PELA DESPESA DE FOLHA DE PAGAMENTO EMPENHADA REFERENTE MENSAL 1/2026;31/01/26 00:00;29.437,80;0,00;29.437,80;0,00;29.437,80;0,00;0,00;0,00;0,00;0,00;0,00;0,00;1547277;SISTEMA MUNICIPAL DE PREVIDENCIA E ASSISTENCIA AO SERVIDOR;;;525;11;2056;4;122;3.1.91.13.08.00.00.00;1.500.000.0000;31911300000000;29.437,80;0,00;0,00;PESSOAL E ENCARGOS SOCIAIS DA SEMAD;OBRIGAÇÕES PATRONAIS
Especificação: ;;PELA DESPESA DE FOLHA DE PAGAMENTO EMPENHADA REFERENTE MENSAL 1/2026;;;;;;;;;;;;;;;;;;;;;;;;;;;;;;;;;;;;;
668;PREFEITURA MUNICIPAL DE BARBACENA;;30825142;463;2026;ORDINARIO;0;0;PELA DESPESA DE FOLHA DE PAGAMENTO EMPENHADA REFERENTE MENSAL 1/2026;31/01/26 00:00;45.710,52;0,00;45.710,52;0,00;45.710,52;0,00;0,00;0,00;0,00;0,00;0,00;0,00;1547277;SISTEMA MUNICIPAL DE PREVIDENCIA E ASSISTENCIA AO SERVIDOR;;;279;11;2132;3;122;3.1.91.13.08.00.00.00;1.500.000.0000;31911300000000;45.710,52;0,00;0,00;PESSOAL E ENCARGOS SOCIAIS DA AGM;OBRIGAÇÕES PATRONAIS
Especificação: ;;PELA DESPESA DE FOLHA DE PAGAMENTO EMPENHADA REFERENTE MENSAL 1/2026;;;;;;;;;;;;;;;;;;;;;;;;;;;;;;;;;;;;;
668;PREFEITURA MUNICIPAL DE BARBACENA;;30825140;464;2026;ORDINARIO;0;0;PELA DESPESA DE FOLHA DE PAGAMENTO EMPENHADA REFERENTE MENSAL 1/2026;31/01/26 00:00;4.121,10;0,00;4.121,10;0,00;0,00;0,00;2.147,82;0,00;0,00;0,00;0,00;0,00;1544068;INSS-INSTITUTO NACIONAL DO SEGURO SOCIAL;;;645;11;2672;15;452;3.1.90.04.15.00.00.00;1.500.000.0000;31900400000000;2.147,82;0,00;1.973,28;MANUTENÇÃO DO TERMINAL RODOVIÁRIO DE BARBACENA;CONTRATAÇÃO POR TEMPO DETERMINADO
Especificação: ;;PELA DESPESA DE FOLHA DE PAGAMENTO EMPENHADA REFERENTE MENSAL 1/2026;;;;;;;;;;;;;;;;;;;;;;;;;;;;;;;;;;;;;
668;PREFEITURA MUNICIPAL DE BARBACENA;;30825144;465;2026;ORDINARIO;0;0;PELA DESPESA DE FOLHA DE PAGAMENTO EMPENHADA REFERENTE MENSAL 1/2026;31/01/26 00:00;28.126,11;0,00;28.126,11;0,00;28.126,11;0,00;0,00;0,00;0,00;0,00;0,00;0,00;1547277;SISTEMA MUNICIPAL DE PREVIDENCIA E ASSISTENCIA AO SERVIDOR;;;640;11;2064;15;452;3.1.91.13.08.00.00.00;1.500.000.0000;31911300000000;28.126,11;0,00;0,00;PESSOAL E ENCARGOS SOCIAIS DA SESP;OBRIGAÇÕES PATRONAIS
Especificação: ;;PELA DESPESA DE FOLHA DE PAGAMENTO EMPENHADA REFERENTE MENSAL 1/2026;;;;;;;;;;;;;;;;;;;;;;;;;;;;;;;;;;;;;
668;PREFEITURA MUNICIPAL DE BARBACENA;;30825138;466;2026;ORDINARIO;0;0;PELA DESPESA DE FOLHA DE PAGAMENTO EMPENHADA REFERENTE MENSAL 1/2026;31/01/26 00:00;302,43;0,00;302,43;0,00;0,00;0,00;0,00;0,00;0,00;0,00;0,00;0,00;1544068;INSS-INSTITUTO NACIONAL DO SEGURO SOCIAL;;;1150;11;2282;27;122;3.1.90.04.15.00.00.00;1.500.000.0000;31900400000000;0,00;0,00;302,43;PESSOAL E ENCARGOS SOCIAIS DA SEMESP;CONTRATAÇÃO POR TEMPO DETERMINADO
Especificação: ;;PELA DESPESA DE FOLHA DE PAGAMENTO EMPENHADA REFERENTE MENSAL 1/2026;;;;;;;;;;;;;;;;;;;;;;;;;;;;;;;;;;;;;
668;PREFEITURA MUNICIPAL DE BARBACENA;;30825141;467;2026;ORDINARIO;0;0;PELA DESPESA DE FOLHA DE PAGAMENTO EMPENHADA REFERENTE MENSAL 1/2026;31/01/26 00:00;604,87;0,00;604,87;0,00;0,00;0,00;0,00;0,00;0,00;0,00;0,00;0,00;1544068;INSS-INSTITUTO NACIONAL DO SEGURO SOCIAL;;;284;11;2191;3;122;3.1.90.04.15.00.00.00;1.500.000.0000;31900400000000;0,00;0,00;604,87;MANUTENÇÃO DO PROCON;CONTRATAÇÃO POR TEMPO DETERMINADO
Especificação: ;;PELA DESPESA DE FOLHA DE PAGAMENTO EMPENHADA REFERENTE MENSAL 1/2026;;;;;;;;;;;;;;;;;;;;;;;;;;;;;;;;;;;;;
668;PREFEITURA MUNICIPAL DE BARBACENA;;30825139;468;2026;ORDINARIO;0;0;PELA DESPESA DE FOLHA DE PAGAMENTO EMPENHADA REFERENTE MENSAL 1/2026;31/01/26 00:00;611,63;0,00;611,63;0,00;0,00;0,00;0,00;0,00;0,00;0,00;0,00;0,00;1544068;INSS-INSTITUTO NACIONAL DO SEGURO SOCIAL;;;1052;62;2071;13;392;3.1.90.13.03.00.00.00;1.500.000.0000;31901300000000;0,00;0,00;611,63;MANUTENÇÃO DA BIBLIOTECA PÚBLICA MUNICIPAL E DEMAIS APARELHOS CULTURAIS;OBRIGAÇÕES PATRONAIS
Especificação: ;;PELA DESPESA DE FOLHA DE PAGAMENTO EMPENHADA REFERENTE MENSAL 1/2026;;;;;;;;;;;;;;;;;;;;;;;;;;;;;;;;;;;;;
668;PREFEITURA MUNICIPAL DE BARBACENA;;30825133;469;2026;ORDINARIO;0;0;PELA DESPESA DE FOLHA DE PAGAMENTO EMPENHADA REFERENTE MENSAL 1/2026;31/01/26 00:00;25.382,15;0,00;25.382,15;0,00;0,00;0,00;0,00;0,00;0,00;0,00;0,00;0,00;1544068;INSS-INSTITUTO NACIONAL DO SEGURO SOCIAL;;;636;11;2064;15;452;3.1.90.13.03.00.00.00;1.500.000.0000;31901300000000;0,00;0,00;25.382,15;PESSOAL E ENCARGOS SOCIAIS DA SESP;OBRIGAÇÕES PATRONAIS
Especificação: ;;PELA DESPESA DE FOLHA DE PAGAMENTO EMPENHADA REFERENTE MENSAL 1/2026;;;;;;;;;;;;;;;;;;;;;;;;;;;;;;;;;;;;;
668;PREFEITURA MUNICIPAL DE BARBACENA;;30825137;470;2026;ORDINARIO;0;0;PELA DESPESA DE FOLHA DE PAGAMENTO EMPENHADA REFERENTE MENSAL 1/2026;31/01/26 00:00;4.030,46;0,00;4.030,46;0,00;0,00;0,00;135,08;0,00;0,00;0,00;0,00;0,00;1544068;INSS-INSTITUTO NACIONAL DO SEGURO SOCIAL;;;666;17;2117;15;452;3.1.90.04.15.00.00.00;1.500.000.0000;31900400000000;135,08;0,00;3.895,38;MANUTENÇAO E CONSERVAÇAO DE CEMITERIOS;CONTRATAÇÃO POR TEMPO DETERMINADO
Especificação: ;;PELA DESPESA DE FOLHA DE PAGAMENTO EMPENHADA REFERENTE MENSAL 1/2026;;;;;;;;;;;;;;;;;;;;;;;;;;;;;;;;;;;;;
668;PREFEITURA MUNICIPAL DE BARBACENA;;30825131;471;2026;ORDINARIO;0;0;PELA DESPESA DE FOLHA DE PAGAMENTO EMPENHADA REFERENTE MENSAL 1/2026;31/01/26 00:00;3.686,21;0,00;3.686,21;0,00;0,00;0,00;0,00;0,00;0,00;0,00;0,00;0,00;1544068;INSS-INSTITUTO NACIONAL DO SEGURO SOCIAL;;;1152;11;2282;27;122;3.1.90.13.03.00.00.00;1.500.000.0000;31901300000000;0,00;0,00;3.686,21;PESSOAL E ENCARGOS SOCIAIS DA SEMESP;OBRIGAÇÕES PATRONAIS
Especificação: ;;PELA DESPESA DE FOLHA DE PAGAMENTO EMPENHADA REFERENTE MENSAL 1/2026;;;;;;;;;;;;;;;;;;;;;;;;;;;;;;;;;;;;;
668;PREFEITURA MUNICIPAL DE BARBACENA;;30825132;472;2026;ORDINARIO;0;0;PELA DESPESA DE FOLHA DE PAGAMENTO EMPENHADA REFERENTE MENSAL 1/2026;31/01/26 00:00;25.506,45;0,00;25.506,45;0,00;0,00;0,00;9.078,25;0,00;0,00;0,00;0,00;0,00;1544068;INSS-INSTITUTO NACIONAL DO SEGURO SOCIAL;;;147;11;2111;15;451;3.1.90.04.15.00.00.00;1.500.000.0000;31900400000000;9.078,25;0,00;16.428,20;PESSOAL E ENCARGOS SOCIAIS DA SEMOP;CONTRATAÇÃO POR TEMPO DETERMINADO
Especificação: ;;PELA DESPESA DE FOLHA DE PAGAMENTO EMPENHADA REFERENTE MENSAL 1/2026;;;;;;;;;;;;;;;;;;;;;;;;;;;;;;;;;;;;;
668;PREFEITURA MUNICIPAL DE BARBACENA;;30825129;473;2026;ORDINARIO;0;0;PELA DESPESA DE FOLHA DE PAGAMENTO EMPENHADA REFERENTE MENSAL 1/2026;31/01/26 00:00;63.227,39;0,00;63.227,39;0,00;63.227,39;0,00;0,00;0,00;0,00;0,00;0,00;0,00;1547277;SISTEMA MUNICIPAL DE PREVIDENCIA E ASSISTENCIA AO SERVIDOR;;;227;11;2109;4;123;3.1.91.13.08.00.00.00;1.500.000.0000;31911300000000;63.227,39;0,00;0,00;PESSOAL E ENCARGOS SOCIAIS DA SEFAZ;OBRIGAÇÕES PATRONAIS
Especificação: ;;PELA DESPESA DE FOLHA DE PAGAMENTO EMPENHADA REFERENTE MENSAL 1/2026;;;;;;;;;;;;;;;;;;;;;;;;;;;;;;;;;;;;;
668;PREFEITURA MUNICIPAL DE BARBACENA;;30825127;474;2026;ORDINARIO;0;0;PELA DESPESA DE FOLHA DE PAGAMENTO EMPENHADA REFERENTE MENSAL 1/2026;31/01/26 00:00;1.520,21;0,00;1.520,21;0,00;0,00;0,00;135,08;0,00;0,00;0,00;0,00;0,00;1544068;INSS-INSTITUTO NACIONAL DO SEGURO SOCIAL;;;1035;11;2278;13;122;3.1.90.04.15.00.00.00;1.500.000.0000;31900400000000;135,08;0,00;1.385,13;PESSOAL E ENCARGOS SOCIAIS DA SECULT;CONTRATAÇÃO POR TEMPO DETERMINADO
Especificação: ;;PELA DESPESA DE FOLHA DE PAGAMENTO EMPENHADA REFERENTE MENSAL 1/2026;;;;;;;;;;;;;;;;;;;;;;;;;;;;;;;;;;;;;
668;PREFEITURA MUNICIPAL DE BARBACENA;;30825125;475;2026;ORDINARIO;0;0;PELA DESPESA DE FOLHA DE PAGAMENTO EMPENHADA REFERENTE MENSAL 1/2026;31/01/26 00:00;23.809,28;0,00;23.809,28;0,00;0,00;0,00;0,00;0,00;0,00;0,00;0,00;0,00;1544068;INSS-INSTITUTO NACIONAL DO SEGURO SOCIAL;;;521;11;2056;4;122;3.1.90.13.03.00.00.00;1.500.000.0000;31901300000000;0,00;0,00;23.809,28;PESSOAL E ENCARGOS SOCIAIS DA SEMAD;OBRIGAÇÕES PATRONAIS
Especificação: ;;PELA DESPESA DE FOLHA DE PAGAMENTO EMPENHADA REFERENTE MENSAL 1/2026;;;;;;;;;;;;;;;;;;;;;;;;;;;;;;;;;;;;;
668;PREFEITURA MUNICIPAL DE BARBACENA;;30825123;476;2026;ORDINARIO;0;0;PELA DESPESA DE FOLHA DE PAGAMENTO EMPENHADA REFERENTE MENSAL 1/2026;31/01/26 00:00;5.150,84;0,00;5.150,84;0,00;0,00;0,00;0,00;0,00;0,00;0,00;0,00;0,00;1544068;INSS-INSTITUTO NACIONAL DO SEGURO SOCIAL;;;222;11;2109;4;123;3.1.90.13.03.00.00.00;1.500.000.0000;31901300000000;0,00;0,00;5.150,84;PESSOAL E ENCARGOS SOCIAIS DA SEFAZ;OBRIGAÇÕES PATRONAIS
Especificação: ;;PELA DESPESA DE FOLHA DE PAGAMENTO EMPENHADA REFERENTE MENSAL 1/2026;;;;;;;;;;;;;;;;;;;;;;;;;;;;;;;;;;;;;
668;PREFEITURA MUNICIPAL DE BARBACENA;;30825121;477;2026;ORDINARIO;0;0;PELA DESPESA DE FOLHA DE PAGAMENTO EMPENHADA REFERENTE MENSAL 1/2026;31/01/26 00:00;6.794,04;0,00;6.794,04;0,00;6.794,04;0,00;0,00;0,00;0,00;0,00;0,00;0,00;1547277;SISTEMA MUNICIPAL DE PREVIDENCIA E ASSISTENCIA AO SERVIDOR;;;551;11;2058;4;121;3.1.91.13.08.00.00.00;1.500.000.0000;31911300000000;6.794,04;0,00;0,00;PESSOAL E ENCARGOS SOCIAIS DA SEPLAN;OBRIGAÇÕES PATRONAIS
Especificação: ;;PELA DESPESA DE FOLHA DE PAGAMENTO EMPENHADA REFERENTE MENSAL 1/2026;;;;;;;;;;;;;;;;;;;;;;;;;;;;;;;;;;;;;
668;PREFEITURA MUNICIPAL DE BARBACENA;;30825119;478;2026;ORDINARIO;0;0;PELA DESPESA DE FOLHA DE PAGAMENTO EMPENHADA REFERENTE MENSAL 1/2026;31/01/26 00:00;8.646,49;0,00;8.646,49;0,00;0,00;0,00;1.560,14;0,00;0,00;0,00;0,00;0,00;1544068;INSS-INSTITUTO NACIONAL DO SEGURO SOCIAL;;;576;11;2060;15;122;3.1.90.13.03.00.00.00;1.500.000.0000;31901300000000;1.560,14;0,00;7.086,35;PESSOAL E ENCARGOS SOCIAIS DA SEMUR;OBRIGAÇÕES PATRONAIS
Especificação: ;;PELA DESPESA DE FOLHA DE PAGAMENTO EMPENHADA REFERENTE MENSAL 1/2026;;;;;;;;;;;;;;;;;;;;;;;;;;;;;;;;;;;;;
668;PREFEITURA MUNICIPAL DE BARBACENA;;30825115;479;2026;ORDINARIO;0;0;PELA DESPESA DE FOLHA DE PAGAMENTO EMPENHADA REFERENTE MENSAL 1/2026;31/01/26 00:00;2.468,43;0,00;2.468,43;0,00;0,00;0,00;0,00;0,00;0,00;0,00;0,00;0,00;1544068;INSS-INSTITUTO NACIONAL DO SEGURO SOCIAL;;;710;11;2122;18;122;3.1.90.04.15.00.00.00;1.500.000.0000;31900400000000;0,00;0,00;2.468,43;PESSOAL E ENCARGOS SOCIAIS DA SEMMA;CONTRATAÇÃO POR TEMPO DETERMINADO
Especificação: ;;PELA DESPESA DE FOLHA DE PAGAMENTO EMPENHADA REFERENTE MENSAL 1/2026;;;;;;;;;;;;;;;;;;;;;;;;;;;;;;;;;;;;;
668;PREFEITURA MUNICIPAL DE BARBACENA;;30825112;480;2026;ORDINARIO;0;0;PELA DESPESA DE FOLHA DE PAGAMENTO EMPENHADA REFERENTE MENSAL 1/2026;31/01/26 00:00;458,73;0,00;458,73;0,00;0,00;0,00;0,00;0,00;0,00;0,00;0,00;0,00;1544068;INSS-INSTITUTO NACIONAL DO SEGURO SOCIAL;;;668;17;2117;15;452;3.1.90.13.03.00.00.00;1.500.000.0000;31901300000000;0,00;0,00;458,73;MANUTENÇAO E CONSERVAÇAO DE CEMITERIOS;OBRIGAÇÕES PATRONAIS
Especificação: ;;PELA DESPESA DE FOLHA DE PAGAMENTO EMPENHADA REFERENTE MENSAL 1/2026;;;;;;;;;;;;;;;;;;;;;;;;;;;;;;;;;;;;;
668;PREFEITURA MUNICIPAL DE BARBACENA;;30825109;481;2026;ORDINARIO;0;0;PELA DESPESA DE FOLHA DE PAGAMENTO EMPENHADA REFERENTE MENSAL 1/2026;31/01/26 00:00;969,40;0,00;969,40;0,00;0,00;0,00;0,00;0,00;0,00;0,00;0,00;0,00;4903229;INSTITUTO PREV.SOCIAL MUNICÍPIO DE CARANDAÍ;;;547;11;2058;4;121;3.1.90.13.02.00.00.00;1.500.000.0000;31901300000000;0,00;0,00;969,40;PESSOAL E ENCARGOS SOCIAIS DA SEPLAN;OBRIGAÇÕES PATRONAIS
Especificação: ;;PELA DESPESA DE FOLHA DE PAGAMENTO EMPENHADA REFERENTE MENSAL 1/2026;;;;;;;;;;;;;;;;;;;;;;;;;;;;;;;;;;;;;
668;PREFEITURA MUNICIPAL DE BARBACENA;;30825130;482;2026;ORDINARIO;0;0;PELA DESPESA DE FOLHA DE PAGAMENTO EMPENHADA REFERENTE MENSAL 1/2026;31/01/26 00:00;13.833,11;0,00;13.833,11;0,00;0,00;0,00;2.242,37;0,00;0,00;0,00;0,00;0,00;1544068;INSS-INSTITUTO NACIONAL DO SEGURO SOCIAL;;;519;11;2056;4;122;3.1.90.04.15.00.00.00;1.500.000.0000;31900400000000;2.242,37;0,00;11.590,74;PESSOAL E ENCARGOS SOCIAIS DA SEMAD;CONTRATAÇÃO POR TEMPO DETERMINADO
Especificação: ;;PELA DESPESA DE FOLHA DE PAGAMENTO EMPENHADA REFERENTE MENSAL 1/2026;;;;;;;;;;;;;;;;;;;;;;;;;;;;;;;;;;;;;
668;PREFEITURA MUNICIPAL DE BARBACENA;;30825128;483;2026;ORDINARIO;0;0;PELA DESPESA DE FOLHA DE PAGAMENTO EMPENHADA REFERENTE MENSAL 1/2026;31/01/26 00:00;302,43;0,00;302,43;0,00;0,00;0,00;0,00;0,00;0,00;0,00;0,00;0,00;1544068;INSS-INSTITUTO NACIONAL DO SEGURO SOCIAL;;;104;11;2068;4;122;3.1.90.04.15.00.00.00;1.500.000.0000;31900400000000;0,00;0,00;302,43;PESSOAL E ENCARGOS SOCIAIS DA SEGOV;CONTRATAÇÃO POR TEMPO DETERMINADO
Especificação: ;;PELA DESPESA DE FOLHA DE PAGAMENTO EMPENHADA REFERENTE MENSAL 1/2026;;;;;;;;;;;;;;;;;;;;;;;;;;;;;;;;;;;;;
668;PREFEITURA MUNICIPAL DE BARBACENA;;30825126;484;2026;ORDINARIO;0;0;PELA DESPESA DE FOLHA DE PAGAMENTO EMPENHADA REFERENTE MENSAL 1/2026;31/01/26 00:00;6.338,60;0,00;6.338,60;0,00;6.338,60;0,00;0,00;0,00;0,00;0,00;0,00;0,00;1547277;SISTEMA MUNICIPAL DE PREVIDENCIA E ASSISTENCIA AO SERVIDOR;;;110;11;2068;4;122;3.1.91.13.08.00.00.00;1.500.000.0000;31911300000000;6.338,60;0,00;0,00;PESSOAL E ENCARGOS SOCIAIS DA SEGOV;OBRIGAÇÕES PATRONAIS
Especificação: ;;PELA DESPESA DE FOLHA DE PAGAMENTO EMPENHADA REFERENTE MENSAL 1/2026;;;;;;;;;;;;;;;;;;;;;;;;;;;;;;;;;;;;;
668;PREFEITURA MUNICIPAL DE BARBACENA;;30825124;485;2026;ORDINARIO;0;0;PELA DESPESA DE FOLHA DE PAGAMENTO EMPENHADA REFERENTE MENSAL 1/2026;31/01/26 00:00;5.111,61;0,00;5.111,61;0,00;5.111,61;0,00;0,00;0,00;0,00;0,00;0,00;0,00;1547277;SISTEMA MUNICIPAL DE PREVIDENCIA E ASSISTENCIA AO SERVIDOR;;;1041;11;2278;13;122;3.1.91.13.08.00.00.00;1.500.000.0000;31911300000000;5.111,61;0,00;0,00;PESSOAL E ENCARGOS SOCIAIS DA SECULT;OBRIGAÇÕES PATRONAIS
Especificação: ;;PELA DESPESA DE FOLHA DE PAGAMENTO EMPENHADA REFERENTE MENSAL 1/2026;;;;;;;;;;;;;;;;;;;;;;;;;;;;;;;;;;;;;
668;PREFEITURA MUNICIPAL DE BARBACENA;;30825122;486;2026;ORDINARIO;0;0;PELA DESPESA DE FOLHA DE PAGAMENTO EMPENHADA REFERENTE MENSAL 1/2026;31/01/26 00:00;10.414,27;0,00;10.414,27;0,00;0,00;0,00;0,00;0,00;0,00;0,00;0,00;0,00;1544068;INSS-INSTITUTO NACIONAL DO SEGURO SOCIAL;;;962;11;2267;6;122;3.1.90.13.03.00.00.00;1.500.000.0000;31901300000000;0,00;0,00;10.414,27;PESSOAL E ENCARGOS SOCIAIS DA SSP;OBRIGAÇÕES PATRONAIS
Especificação: ;;PELA DESPESA DE FOLHA DE PAGAMENTO EMPENHADA REFERENTE MENSAL 1/2026;;;;;;;;;;;;;;;;;;;;;;;;;;;;;;;;;;;;;
668;PREFEITURA MUNICIPAL DE BARBACENA;;30825120;487;2026;ORDINARIO;0;0;PELA DESPESA DE FOLHA DE PAGAMENTO EMPENHADA REFERENTE MENSAL 1/2026;31/01/26 00:00;567,35;0,00;567,35;0,00;567,35;0,00;0,00;0,00;0,00;0,00;0,00;0,00;1547277;SISTEMA MUNICIPAL DE PREVIDENCIA E ASSISTENCIA AO SERVIDOR;;;1068;62;2072;13;392;3.1.91.13.08.00.00.00;1.500.000.0000;31911300000000;567,35;0,00;0,00;MANUTENÇAO DE MUSEUS;OBRIGAÇÕES PATRONAIS
Especificação: ;;PELA DESPESA DE FOLHA DE PAGAMENTO EMPENHADA REFERENTE MENSAL 1/2026;;;;;;;;;;;;;;;;;;;;;;;;;;;;;;;;;;;;;
668;PREFEITURA MUNICIPAL DE BARBACENA;;30825118;488;2026;ORDINARIO;0;0;PELA DESPESA DE FOLHA DE PAGAMENTO EMPENHADA REFERENTE MENSAL 1/2026;31/01/26 00:00;1.734,41;0,00;1.734,41;0,00;0,00;0,00;0,00;0,00;0,00;0,00;0,00;0,00;1544068;INSS-INSTITUTO NACIONAL DO SEGURO SOCIAL;;;604;11;2062;23;122;3.1.90.13.03.00.00.00;1.500.000.0000;31901300000000;0,00;0,00;1.734,41;PESSOAL E ENCARGOS SOCIAIS DA SEDEC;OBRIGAÇÕES PATRONAIS
Especificação: ;;PELA DESPESA DE FOLHA DE PAGAMENTO EMPENHADA REFERENTE MENSAL 1/2026;;;;;;;;;;;;;;;;;;;;;;;;;;;;;;;;;;;;;
668;PREFEITURA MUNICIPAL DE BARBACENA;;30825116;489;2026;ORDINARIO;0;0;PELA DESPESA DE FOLHA DE PAGAMENTO EMPENHADA REFERENTE MENSAL 1/2026;31/01/26 00:00;9.190,98;0,00;9.190,98;0,00;0,00;0,00;0,00;0,00;0,00;0,00;0,00;0,00;1544068;INSS-INSTITUTO NACIONAL DO SEGURO SOCIAL;;;106;11;2068;4;122;3.1.90.13.03.00.00.00;1.500.000.0000;31901300000000;0,00;0,00;9.190,98;PESSOAL E ENCARGOS SOCIAIS DA SEGOV;OBRIGAÇÕES PATRONAIS
Especificação: ;;PELA DESPESA DE FOLHA DE PAGAMENTO EMPENHADA REFERENTE MENSAL 1/2026;;;;;;;;;;;;;;;;;;;;;;;;;;;;;;;;;;;;;
668;PREFEITURA MUNICIPAL DE BARBACENA;;30825114;490;2026;ORDINARIO;0;0;PELA DESPESA DE FOLHA DE PAGAMENTO EMPENHADA REFERENTE MENSAL 1/2026;31/01/26 00:00;6.183,75;0,00;6.183,75;0,00;0,00;0,00;0,00;0,00;0,00;0,00;0,00;0,00;1544068;INSS-INSTITUTO NACIONAL DO SEGURO SOCIAL;;;66;11;2172;20;122;3.1.90.13.03.00.00.00;1.500.000.0000;31901300000000;0,00;0,00;6.183,75;PESSOAL E ENCARGOS SOCIAIS DA SEAPA;OBRIGAÇÕES PATRONAIS
Especificação: ;;PELA DESPESA DE FOLHA DE PAGAMENTO EMPENHADA REFERENTE MENSAL 1/2026;;;;;;;;;;;;;;;;;;;;;;;;;;;;;;;;;;;;;
668;PREFEITURA MUNICIPAL DE BARBACENA;;30825110;491;2026;ORDINARIO;0;0;PELA DESPESA DE FOLHA DE PAGAMENTO EMPENHADA REFERENTE MENSAL 1/2026;31/01/26 00:00;3.618,01;0,00;3.618,01;0,00;3.618,01;0,00;0,00;0,00;0,00;0,00;0,00;0,00;1547277;SISTEMA MUNICIPAL DE PREVIDENCIA E ASSISTENCIA AO SERVIDOR;;;966;11;2267;6;122;3.1.91.13.08.00.00.00;1.500.000.0000;31911300000000;3.618,01;0,00;0,00;PESSOAL E ENCARGOS SOCIAIS DA SSP;OBRIGAÇÕES PATRONAIS
Especificação: ;;PELA DESPESA DE FOLHA DE PAGAMENTO EMPENHADA REFERENTE MENSAL 1/2026;;;;;;;;;;;;;;;;;;;;;;;;;;;;;;;;;;;;;
668;PREFEITURA MUNICIPAL DE BARBACENA;;30825108;492;2026;ORDINARIO;0;0;PELA DESPESA DE FOLHA DE PAGAMENTO EMPENHADA REFERENTE MENSAL 1/2026;31/01/26 00:00;1.058,52;0,00;1.058,52;0,00;0,00;0,00;67,54;0,00;0,00;0,00;0,00;0,00;1544068;INSS-INSTITUTO NACIONAL DO SEGURO SOCIAL;;;43;11;2152;4;122;3.1.90.04.15.00.00.00;1.500.000.0000;31900400000000;67,54;0,00;990,98;PESSOAL E ENCARGOS SOCIAIS DA SEGAB;CONTRATAÇÃO POR TEMPO DETERMINADO
Especificação: ;;PELA DESPESA DE FOLHA DE PAGAMENTO EMPENHADA REFERENTE MENSAL 1/2026;;;;;;;;;;;;;;;;;;;;;;;;;;;;;;;;;;;;;
668;PREFEITURA MUNICIPAL DE BARBACENA;;30825104;493;2026;ORDINARIO;0;0;PELA DESPESA DE FOLHA DE PAGAMENTO EMPENHADA REFERENTE MENSAL 1/2026;31/01/26 00:00;8.784,66;0,00;8.784,66;0,00;0,00;0,00;0,00;0,00;0,00;0,00;0,00;0,00;1544068;INSS-INSTITUTO NACIONAL DO SEGURO SOCIAL;;;547;11;2058;4;121;3.1.90.13.03.00.00.00;1.500.000.0000;31901300000000;0,00;0,00;8.784,66;PESSOAL E ENCARGOS SOCIAIS DA SEPLAN;OBRIGAÇÕES PATRONAIS
Especificação: ;;PELA DESPESA DE FOLHA DE PAGAMENTO EMPENHADA REFERENTE MENSAL 1/2026;;;;;;;;;;;;;;;;;;;;;;;;;;;;;;;;;;;;;
668;PREFEITURA MUNICIPAL DE BARBACENA;;30825102;494;2026;ORDINARIO;0;0;PELA DESPESA DE FOLHA DE PAGAMENTO EMPENHADA REFERENTE MENSAL 1/2026;31/01/26 00:00;902,93;0,00;902,93;0,00;0,00;0,00;0,00;0,00;0,00;0,00;0,00;0,00;4903229;INSTITUTO PREV.SOCIAL MUNICÍPIO DE CARANDAÍ;;;576;11;2060;15;122;3.1.90.13.02.00.00.00;1.500.000.0000;31901300000000;0,00;0,00;902,93;PESSOAL E ENCARGOS SOCIAIS DA SEMUR;OBRIGAÇÕES PATRONAIS
Especificação: ;;PELA DESPESA DE FOLHA DE PAGAMENTO EMPENHADA REFERENTE MENSAL 1/2026;;;;;;;;;;;;;;;;;;;;;;;;;;;;;;;;;;;;;
668;PREFEITURA MUNICIPAL DE BARBACENA;;30825100;495;2026;ORDINARIO;0;0;PELA DESPESA DE FOLHA DE PAGAMENTO EMPENHADA REFERENTE MENSAL 1/2026;31/01/26 00:00;8.068,20;0,00;8.068,20;0,00;0,00;0,00;0,00;0,00;0,00;0,00;0,00;0,00;1544068;INSS-INSTITUTO NACIONAL DO SEGURO SOCIAL;;;1037;11;2278;13;122;3.1.90.13.03.00.00.00;1.500.000.0000;31901300000000;0,00;0,00;8.068,20;PESSOAL E ENCARGOS SOCIAIS DA SECULT;OBRIGAÇÕES PATRONAIS
Especificação: ;;PELA DESPESA DE FOLHA DE PAGAMENTO EMPENHADA REFERENTE MENSAL 1/2026;;;;;;;;;;;;;;;;;;;;;;;;;;;;;;;;;;;;;
668;PREFEITURA MUNICIPAL DE BARBACENA;;30825097;496;2026;ORDINARIO;0;0;PELA DESPESA DE FOLHA DE PAGAMENTO EMPENHADA REFERENTE MENSAL 1/2026;31/01/26 00:00;12.537,69;0,00;12.537,69;0,00;12.537,69;0,00;0,00;0,00;0,00;0,00;0,00;0,00;1547277;SISTEMA MUNICIPAL DE PREVIDENCIA E ASSISTENCIA AO SERVIDOR;;;7;11;2141;4;124;3.1.91.13.08.00.00.00;1.500.000.0000;31911300000000;12.537,69;0,00;0,00;PESSOAL E ENCARGOS SOCIAIS DA CGEM;OBRIGAÇÕES PATRONAIS
Especificação: ;;PELA DESPESA DE FOLHA DE PAGAMENTO EMPENHADA REFERENTE MENSAL 1/2026;;;;;;;;;;;;;;;;;;;;;;;;;;;;;;;;;;;;;
668;PREFEITURA MUNICIPAL DE BARBACENA;;30825093;497;2026;ORDINARIO;0;0;PELA DESPESA DE FOLHA DE PAGAMENTO EMPENHADA REFERENTE MENSAL 1/2026;31/01/26 00:00;3.689,71;0,00;3.689,71;0,00;0,00;0,00;135,08;0,00;0,00;0,00;0,00;0,00;1544068;INSS-INSTITUTO NACIONAL DO SEGURO SOCIAL;;;574;11;2060;15;122;3.1.90.04.15.00.00.00;1.500.000.0000;31900400000000;135,08;0,00;3.554,63;PESSOAL E ENCARGOS SOCIAIS DA SEMUR;CONTRATAÇÃO POR TEMPO DETERMINADO
Especificação: ;;PELA DESPESA DE FOLHA DE PAGAMENTO EMPENHADA REFERENTE MENSAL 1/2026;;;;;;;;;;;;;;;;;;;;;;;;;;;;;;;;;;;;;
668;PREFEITURA MUNICIPAL DE BARBACENA;;30825106;498;2026;ORDINARIO;0;0;PELA DESPESA DE FOLHA DE PAGAMENTO EMPENHADA REFERENTE MENSAL 1/2026;31/01/26 00:00;5.304,81;0,00;5.304,81;0,00;5.304,81;0,00;0,00;0,00;0,00;0,00;0,00;0,00;1547277;SISTEMA MUNICIPAL DE PREVIDENCIA E ASSISTENCIA AO SERVIDOR;;;50;11;2152;4;122;3.1.91.13.08.00.00.00;1.500.000.0000;31911300000000;5.304,81;0,00;0,00;PESSOAL E ENCARGOS SOCIAIS DA SEGAB;OBRIGAÇÕES PATRONAIS
Especificação: ;;PELA DESPESA DE FOLHA DE PAGAMENTO EMPENHADA REFERENTE MENSAL 1/2026;;;;;;;;;;;;;;;;;;;;;;;;;;;;;;;;;;;;;
668;PREFEITURA MUNICIPAL DE BARBACENA;;30825103;499;2026;ORDINARIO;0;0;PELA DESPESA DE FOLHA DE PAGAMENTO EMPENHADA REFERENTE MENSAL 1/2026;31/01/26 00:00;10.690,96;0,00;10.690,96;0,00;0,00;0,00;0,00;0,00;0,00;0,00;0,00;0,00;1544068;INSS-INSTITUTO NACIONAL DO SEGURO SOCIAL;;;45;11;2152;4;122;3.1.90.13.03.00.00.00;1.500.000.0000;31901300000000;0,00;0,00;10.690,96;PESSOAL E ENCARGOS SOCIAIS DA SEGAB;OBRIGAÇÕES PATRONAIS
Especificação: ;;PELA DESPESA DE FOLHA DE PAGAMENTO EMPENHADA REFERENTE MENSAL 1/2026;;;;;;;;;;;;;;;;;;;;;;;;;;;;;;;;;;;;;
668;PREFEITURA MUNICIPAL DE BARBACENA;;30825101;500;2026;ORDINARIO;0;0;PELA DESPESA DE FOLHA DE PAGAMENTO EMPENHADA REFERENTE MENSAL 1/2026;31/01/26 00:00;89.879,18;0,00;89.879,18;0,00;89.879,18;0,00;0,00;0,00;0,00;0,00;0,00;0,00;1547277;SISTEMA MUNICIPAL DE PREVIDENCIA E ASSISTENCIA AO SERVIDOR;;;929;11;2144;6;122;3.1.91.13.08.00.00.00;1.500.000.0000;31911300000000;89.879,18;0,00;0,00;PESSOAL E ENCARGOS SOCIAIS DA GCM;OBRIGAÇÕES PATRONAIS
Especificação: ;;PELA DESPESA DE FOLHA DE PAGAMENTO EMPENHADA REFERENTE MENSAL 1/2026;;;;;;;;;;;;;;;;;;;;;;;;;;;;;;;;;;;;;
668;PREFEITURA MUNICIPAL DE BARBACENA;;30825098;501;2026;ORDINARIO;0;0;PELA DESPESA DE FOLHA DE PAGAMENTO EMPENHADA REFERENTE MENSAL 1/2026;31/01/26 00:00;1.131,40;0,00;1.131,40;0,00;1.131,40;0,00;0,00;0,00;0,00;0,00;0,00;0,00;1547277;SISTEMA MUNICIPAL DE PREVIDENCIA E ASSISTENCIA AO SERVIDOR;;;1053;62;2071;13;392;3.1.91.13.08.00.00.00;1.500.000.0000;31911300000000;1.131,40;0,00;0,00;MANUTENÇÃO DA BIBLIOTECA PÚBLICA MUNICIPAL E DEMAIS APARELHOS CULTURAIS;OBRIGAÇÕES PATRONAIS
Especificação: ;;PELA DESPESA DE FOLHA DE PAGAMENTO EMPENHADA REFERENTE MENSAL 1/2026;;;;;;;;;;;;;;;;;;;;;;;;;;;;;;;;;;;;;
668;PREFEITURA MUNICIPAL DE BARBACENA;;30825096;502;2026;ORDINARIO;0;0;PELA DESPESA DE FOLHA DE PAGAMENTO EMPENHADA REFERENTE MENSAL 1/2026;31/01/26 00:00;1.383,84;0,00;1.383,84;0,00;0,00;0,00;0,00;0,00;0,00;0,00;0,00;0,00;1544068;INSS-INSTITUTO NACIONAL DO SEGURO SOCIAL;;;1050;62;2071;13;392;3.1.90.04.15.00.00.00;1.500.000.0000;31900400000000;0,00;0,00;1.383,84;MANUTENÇÃO DA BIBLIOTECA PÚBLICA MUNICIPAL E DEMAIS APARELHOS CULTURAIS;CONTRATAÇÃO POR TEMPO DETERMINADO
Especificação: ;;PELA DESPESA DE FOLHA DE PAGAMENTO EMPENHADA REFERENTE MENSAL 1/2026;;;;;;;;;;;;;;;;;;;;;;;;;;;;;;;;;;;;;
668;PREFEITURA MUNICIPAL DE BARBACENA;;30825094;503;2026;ORDINARIO;0;0;PELA DESPESA DE FOLHA DE PAGAMENTO EMPENHADA REFERENTE MENSAL 1/2026;31/01/26 00:00;3.717,83;0,00;3.717,83;0,00;0,00;0,00;0,00;0,00;0,00;0,00;0,00;0,00;1544068;INSS-INSTITUTO NACIONAL DO SEGURO SOCIAL;;;712;11;2122;18;122;3.1.90.13.03.00.00.00;1.500.000.0000;31901300000000;0,00;0,00;3.717,83;PESSOAL E ENCARGOS SOCIAIS DA SEMMA;OBRIGAÇÕES PATRONAIS
Especificação: ;;PELA DESPESA DE FOLHA DE PAGAMENTO EMPENHADA REFERENTE MENSAL 1/2026;;;;;;;;;;;;;;;;;;;;;;;;;;;;;;;;;;;;;
668;PREFEITURA MUNICIPAL DE BARBACENA;;30825092;504;2026;ORDINARIO;0;0;PELA DESPESA DE FOLHA DE PAGAMENTO EMPENHADA REFERENTE MENSAL 1/2026;31/01/26 00:00;6.350,88;0,00;6.350,88;0,00;6.350,88;0,00;0,00;0,00;0,00;0,00;0,00;0,00;1547277;SISTEMA MUNICIPAL DE PREVIDENCIA E ASSISTENCIA AO SERVIDOR;;;608;11;2062;23;122;3.1.91.13.08.00.00.00;1.500.000.0000;31911300000000;6.350,88;0,00;0,00;PESSOAL E ENCARGOS SOCIAIS DA SEDEC;OBRIGAÇÕES PATRONAIS
Especificação: ;;PELA DESPESA DE FOLHA DE PAGAMENTO EMPENHADA REFERENTE MENSAL 1/2026;;;;;;;;;;;;;;;;;;;;;;;;;;;;;;;;;;;;;
668;PREFEITURA MUNICIPAL DE BARBACENA;;30833466;505;2026;ORDINARIO;0;0;PELA DESPESA DE FOLHA DE PAGAMENTO EMPENHADA REFERENTE FERIAS 1/2026;31/01/26 00:00;2.011,21;0,00;2.011,21;0,00;2.011,21;0,00;0,00;0,00;0,00;0,00;0,00;0,00;1547285;MUNICÍPIO DE BARBACENA;;;274;11;2132;3;122;3.1.90.11.45.00.00.00;1.500.000.0000;31901100000000;2.011,21;0,00;0,00;PESSOAL E ENCARGOS SOCIAIS DA AGM;VENCIMENTOS E VANTAGENS FIXAS - PESSOAL CIVIL
Especificação: ;;PELA DESPESA DE FOLHA DE PAGAMENTO EMPENHADA REFERENTE FERIAS 1/2026;;;;;;;;;;;;;;;;;;;;;;;;;;;;;;;;;;;;;
668;PREFEITURA MUNICIPAL DE BARBACENA;;30833467;506;2026;ORDINARIO;0;0;PELA DESPESA DE FOLHA DE PAGAMENTO EMPENHADA REFERENTE FERIAS 1/2026;31/01/26 00:00;1.166,86;0,00;1.166,86;0,00;1.166,86;0,00;0,00;0,00;0,00;0,00;0,00;0,00;1547285;MUNICÍPIO DE BARBACENA;;;667;17;2117;15;452;3.1.90.11.45.00.00.00;1.500.000.0000;31901100000000;1.166,86;0,00;0,00;MANUTENÇAO E CONSERVAÇAO DE CEMITERIOS;VENCIMENTOS E VANTAGENS FIXAS - PESSOAL CIVIL
Especificação: ;;PELA DESPESA DE FOLHA DE PAGAMENTO EMPENHADA REFERENTE FERIAS 1/2026;;;;;;;;;;;;;;;;;;;;;;;;;;;;;;;;;;;;;
668;PREFEITURA MUNICIPAL DE BARBACENA;;30833464;507;2026;ORDINARIO;0;0;PELA DESPESA DE FOLHA DE PAGAMENTO EMPENHADA REFERENTE FERIAS 1/2026;31/01/26 00:00;756,46;0,00;756,46;0,00;756,46;0,00;0,00;0,00;0,00;0,00;0,00;0,00;1547285;MUNICÍPIO DE BARBACENA;;;147;11;2111;15;451;3.1.90.04.14.00.00.00;1.500.000.0000;31900400000000;756,46;0,00;0,00;PESSOAL E ENCARGOS SOCIAIS DA SEMOP;CONTRATAÇÃO POR TEMPO DETERMINADO
Especificação: ;;PELA DESPESA DE FOLHA DE PAGAMENTO EMPENHADA REFERENTE FERIAS 1/2026;;;;;;;;;;;;;;;;;;;;;;;;;;;;;;;;;;;;;
668;PREFEITURA MUNICIPAL DE BARBACENA;;30833465;508;2026;ORDINARIO;0;0;PELA DESPESA DE FOLHA DE PAGAMENTO EMPENHADA REFERENTE FERIAS 1/2026;31/01/26 00:00;4.382,43;0,00;4.382,43;0,00;4.382,43;0,00;0,00;0,00;0,00;0,00;0,00;0,00;1547285;MUNICÍPIO DE BARBACENA;;;148;11;2111;15;451;3.1.90.11.45.00.00.00;1.500.000.0000;31901100000000;4.382,43;0,00;0,00;PESSOAL E ENCARGOS SOCIAIS DA SEMOP;VENCIMENTOS E VANTAGENS FIXAS - PESSOAL CIVIL
Especificação: ;;PELA DESPESA DE FOLHA DE PAGAMENTO EMPENHADA REFERENTE FERIAS 1/2026;;;;;;;;;;;;;;;;;;;;;;;;;;;;;;;;;;;;;
668;PREFEITURA MUNICIPAL DE BARBACENA;;30833463;509;2026;ORDINARIO;0;0;PELA DESPESA DE FOLHA DE PAGAMENTO EMPENHADA REFERENTE FERIAS 1/2026;31/01/26 00:00;11.409,43;0,00;11.409,43;0,00;11.409,43;0,00;0,00;0,00;0,00;0,00;0,00;0,00;1547285;MUNICÍPIO DE BARBACENA;;;221;11;2109;4;123;3.1.90.11.45.00.00.00;1.500.000.0000;31901100000000;11.409,43;0,00;0,00;PESSOAL E ENCARGOS SOCIAIS DA SEFAZ;VENCIMENTOS E VANTAGENS FIXAS - PESSOAL CIVIL
Especificação: ;;PELA DESPESA DE FOLHA DE PAGAMENTO EMPENHADA REFERENTE FERIAS 1/2026;;;;;;;;;;;;;;;;;;;;;;;;;;;;;;;;;;;;;
668;PREFEITURA MUNICIPAL DE BARBACENA;;30833461;510;2026;ORDINARIO;0;0;PELA DESPESA DE FOLHA DE PAGAMENTO EMPENHADA REFERENTE FERIAS 1/2026;31/01/26 00:00;1.707,43;0,00;1.707,43;0,00;1.707,43;0,00;0,00;0,00;0,00;0,00;0,00;0,00;1547285;MUNICÍPIO DE BARBACENA;;;44;11;2152;4;122;3.1.90.11.45.00.00.00;1.500.000.0000;31901100000000;1.707,43;0,00;0,00;PESSOAL E ENCARGOS SOCIAIS DA SEGAB;VENCIMENTOS E VANTAGENS FIXAS - PESSOAL CIVIL
Especificação: ;;PELA DESPESA DE FOLHA DE PAGAMENTO EMPENHADA REFERENTE FERIAS 1/2026;;;;;;;;;;;;;;;;;;;;;;;;;;;;;;;;;;;;;
668;PREFEITURA MUNICIPAL DE BARBACENA;;30833462;511;2026;ORDINARIO;0;0;PELA DESPESA DE FOLHA DE PAGAMENTO EMPENHADA REFERENTE FERIAS 1/2026;31/01/26 00:00;2.105,87;0,00;2.105,87;0,00;2.105,87;0,00;0,00;0,00;0,00;0,00;0,00;0,00;1547285;MUNICÍPIO DE BARBACENA;;;924;11;2144;6;122;3.1.90.11.45.00.00.00;1.500.000.0000;31901100000000;2.105,87;0,00;0,00;PESSOAL E ENCARGOS SOCIAIS DA GCM;VENCIMENTOS E VANTAGENS FIXAS - PESSOAL CIVIL
Especificação: ;;PELA DESPESA DE FOLHA DE PAGAMENTO EMPENHADA REFERENTE FERIAS 1/2026;;;;;;;;;;;;;;;;;;;;;;;;;;;;;;;;;;;;;
668;PREFEITURA MUNICIPAL DE BARBACENA;;30833460;512;2026;ORDINARIO;0;0;PELA DESPESA DE FOLHA DE PAGAMENTO EMPENHADA REFERENTE FERIAS 1/2026;31/01/26 00:00;648,40;0,00;648,40;0,00;648,40;0,00;0,00;0,00;0,00;0,00;0,00;0,00;1547285;MUNICÍPIO DE BARBACENA;;;519;11;2056;4;122;3.1.90.04.14.00.00.00;1.500.000.0000;31900400000000;648,40;0,00;0,00;PESSOAL E ENCARGOS SOCIAIS DA SEMAD;CONTRATAÇÃO POR TEMPO DETERMINADO
Especificação: ;;PELA DESPESA DE FOLHA DE PAGAMENTO EMPENHADA REFERENTE FERIAS 1/2026;;;;;;;;;;;;;;;;;;;;;;;;;;;;;;;;;;;;;
668;PREFEITURA MUNICIPAL DE BARBACENA;;30833458;513;2026;ORDINARIO;0;0;PELA DESPESA DE FOLHA DE PAGAMENTO EMPENHADA REFERENTE FERIAS 1/2026;31/01/26 00:00;1.092,75;0,00;1.092,75;0,00;1.092,75;0,00;0,00;0,00;0,00;0,00;0,00;0,00;1547285;MUNICÍPIO DE BARBACENA;;;520;11;2056;4;122;3.1.90.11.45.00.00.00;1.500.000.0000;31901100000000;1.092,75;0,00;0,00;PESSOAL E ENCARGOS SOCIAIS DA SEMAD;VENCIMENTOS E VANTAGENS FIXAS - PESSOAL CIVIL
Especificação: ;;PELA DESPESA DE FOLHA DE PAGAMENTO EMPENHADA REFERENTE FERIAS 1/2026;;;;;;;;;;;;;;;;;;;;;;;;;;;;;;;;;;;;;
668;PREFEITURA MUNICIPAL DE BARBACENA;;30833456;514;2026;ORDINARIO;0;0;PELA DESPESA DE FOLHA DE PAGAMENTO EMPENHADA REFERENTE FERIAS 1/2026;31/01/26 00:00;673,61;0,00;673,61;0,00;673,61;0,00;0,00;0,00;0,00;0,00;0,00;0,00;1547285;MUNICÍPIO DE BARBACENA;;;666;17;2117;15;452;3.1.90.04.14.00.00.00;1.500.000.0000;31900400000000;673,61;0,00;0,00;MANUTENÇAO E CONSERVAÇAO DE CEMITERIOS;CONTRATAÇÃO POR TEMPO DETERMINADO
Especificação: ;;PELA DESPESA DE FOLHA DE PAGAMENTO EMPENHADA REFERENTE FERIAS 1/2026;;;;;;;;;;;;;;;;;;;;;;;;;;;;;;;;;;;;;
668;PREFEITURA MUNICIPAL DE BARBACENA;;30833454;515;2026;ORDINARIO;0;0;PELA DESPESA DE FOLHA DE PAGAMENTO EMPENHADA REFERENTE FERIAS 1/2026;31/01/26 00:00;2.704,58;0,00;2.704,58;0,00;2.704,58;0,00;0,00;0,00;0,00;0,00;0,00;0,00;1547285;MUNICÍPIO DE BARBACENA;;;603;11;2062;23;122;3.1.90.11.45.00.00.00;1.500.000.0000;31901100000000;2.704,58;0,00;0,00;PESSOAL E ENCARGOS SOCIAIS DA SEDEC;VENCIMENTOS E VANTAGENS FIXAS - PESSOAL CIVIL
Especificação: ;;PELA DESPESA DE FOLHA DE PAGAMENTO EMPENHADA REFERENTE FERIAS 1/2026;;;;;;;;;;;;;;;;;;;;;;;;;;;;;;;;;;;;;
668;PREFEITURA MUNICIPAL DE BARBACENA;;30833452;516;2026;ORDINARIO;0;0;PELA DESPESA DE FOLHA DE PAGAMENTO EMPENHADA REFERENTE FERIAS 1/2026;31/01/26 00:00;1.080,66;0,00;1.080,66;0,00;1.080,66;0,00;0,00;0,00;0,00;0,00;0,00;0,00;1547285;MUNICÍPIO DE BARBACENA;;;574;11;2060;15;122;3.1.90.04.14.00.00.00;1.500.000.0000;31900400000000;1.080,66;0,00;0,00;PESSOAL E ENCARGOS SOCIAIS DA SEMUR;CONTRATAÇÃO POR TEMPO DETERMINADO
Especificação: ;;PELA DESPESA DE FOLHA DE PAGAMENTO EMPENHADA REFERENTE FERIAS 1/2026;;;;;;;;;;;;;;;;;;;;;;;;;;;;;;;;;;;;;
668;PREFEITURA MUNICIPAL DE BARBACENA;;30833450;517;2026;ORDINARIO;0;0;PELA DESPESA DE FOLHA DE PAGAMENTO EMPENHADA REFERENTE FERIAS 1/2026;31/01/26 00:00;638,33;0,00;638,33;0,00;638,33;0,00;0,00;0,00;0,00;0,00;0,00;0,00;1547285;MUNICÍPIO DE BARBACENA;;;961;11;2267;6;122;3.1.90.11.45.00.00.00;1.500.000.0000;31901100000000;638,33;0,00;0,00;PESSOAL E ENCARGOS SOCIAIS DA SSP;VENCIMENTOS E VANTAGENS FIXAS - PESSOAL CIVIL
Especificação: ;;PELA DESPESA DE FOLHA DE PAGAMENTO EMPENHADA REFERENTE FERIAS 1/2026;;;;;;;;;;;;;;;;;;;;;;;;;;;;;;;;;;;;;
668;PREFEITURA MUNICIPAL DE BARBACENA;;30833447;518;2026;ORDINARIO;0;0;PELA DESPESA DE FOLHA DE PAGAMENTO EMPENHADA REFERENTE FERIAS 1/2026;31/01/26 00:00;5.359,86;0,00;5.359,86;0,00;5.359,86;0,00;0,00;0,00;0,00;0,00;0,00;0,00;1547285;MUNICÍPIO DE BARBACENA;;;1036;11;2278;13;122;3.1.90.11.45.00.00.00;1.500.000.0000;31901100000000;5.359,86;0,00;0,00;PESSOAL E ENCARGOS SOCIAIS DA SECULT;VENCIMENTOS E VANTAGENS FIXAS - PESSOAL CIVIL
Especificação: ;;PELA DESPESA DE FOLHA DE PAGAMENTO EMPENHADA REFERENTE FERIAS 1/2026;;;;;;;;;;;;;;;;;;;;;;;;;;;;;;;;;;;;;
668;PREFEITURA MUNICIPAL DE BARBACENA;;30833459;519;2026;ORDINARIO;0;0;PELA DESPESA DE FOLHA DE PAGAMENTO EMPENHADA REFERENTE FERIAS 1/2026;31/01/26 00:00;7.216,54;0,00;7.216,54;0,00;7.216,54;0,00;0,00;0,00;0,00;0,00;0,00;0,00;1547285;MUNICÍPIO DE BARBACENA;;;65;11;2172;20;122;3.1.90.11.45.00.00.00;1.500.000.0000;31901100000000;7.216,54;0,00;0,00;PESSOAL E ENCARGOS SOCIAIS DA SEAPA;VENCIMENTOS E VANTAGENS FIXAS - PESSOAL CIVIL
Especificação: ;;PELA DESPESA DE FOLHA DE PAGAMENTO EMPENHADA REFERENTE FERIAS 1/2026;;;;;;;;;;;;;;;;;;;;;;;;;;;;;;;;;;;;;
668;PREFEITURA MUNICIPAL DE BARBACENA;;30833457;520;2026;ORDINARIO;0;0;PELA DESPESA DE FOLHA DE PAGAMENTO EMPENHADA REFERENTE FERIAS 1/2026;31/01/26 00:00;3.611,72;0,00;3.611,72;0,00;3.611,72;0,00;0,00;0,00;0,00;0,00;0,00;0,00;1547285;MUNICÍPIO DE BARBACENA;;;982;27;2268;15;451;3.1.90.11.45.00.00.00;1.500.000.0000;31901100000000;3.611,72;0,00;0,00;PESSOAL E ENCARGOS SOCIAIS DE TRANSITO;VENCIMENTOS E VANTAGENS FIXAS - PESSOAL CIVIL
Especificação: ;;PELA DESPESA DE FOLHA DE PAGAMENTO EMPENHADA REFERENTE FERIAS 1/2026;;;;;;;;;;;;;;;;;;;;;;;;;;;;;;;;;;;;;
668;PREFEITURA MUNICIPAL DE BARBACENA;;30833455;521;2026;ORDINARIO;0;0;PELA DESPESA DE FOLHA DE PAGAMENTO EMPENHADA REFERENTE FERIAS 1/2026;31/01/26 00:00;1.732,77;0,00;1.732,77;0,00;1.732,77;0,00;0,00;0,00;0,00;0,00;0,00;0,00;1547285;MUNICÍPIO DE BARBACENA;;;1151;11;2282;27;122;3.1.90.11.45.00.00.00;1.500.000.0000;31901100000000;1.732,77;0,00;0,00;PESSOAL E ENCARGOS SOCIAIS DA SEMESP;VENCIMENTOS E VANTAGENS FIXAS - PESSOAL CIVIL
Especificação: ;;PELA DESPESA DE FOLHA DE PAGAMENTO EMPENHADA REFERENTE FERIAS 1/2026;;;;;;;;;;;;;;;;;;;;;;;;;;;;;;;;;;;;;
668;PREFEITURA MUNICIPAL DE BARBACENA;;30833453;522;2026;ORDINARIO;0;0;PELA DESPESA DE FOLHA DE PAGAMENTO EMPENHADA REFERENTE FERIAS 1/2026;31/01/26 00:00;1.365,95;0,00;1.365,95;0,00;1.365,95;0,00;0,00;0,00;0,00;0,00;0,00;0,00;1547285;MUNICÍPIO DE BARBACENA;;;105;11;2068;4;122;3.1.90.11.45.00.00.00;1.500.000.0000;31901100000000;1.365,95;0,00;0,00;PESSOAL E ENCARGOS SOCIAIS DA SEGOV;VENCIMENTOS E VANTAGENS FIXAS - PESSOAL CIVIL
Especificação: ;;PELA DESPESA DE FOLHA DE PAGAMENTO EMPENHADA REFERENTE FERIAS 1/2026;;;;;;;;;;;;;;;;;;;;;;;;;;;;;;;;;;;;;
668;PREFEITURA MUNICIPAL DE BARBACENA;;30833451;523;2026;ORDINARIO;0;0;PELA DESPESA DE FOLHA DE PAGAMENTO EMPENHADA REFERENTE FERIAS 1/2026;31/01/26 00:00;1.559,96;0,00;1.559,96;0,00;1.559,96;0,00;0,00;0,00;0,00;0,00;0,00;0,00;1547285;MUNICÍPIO DE BARBACENA;;;575;11;2060;15;122;3.1.90.11.45.00.00.00;1.500.000.0000;31901100000000;1.559,96;0,00;0,00;PESSOAL E ENCARGOS SOCIAIS DA SEMUR;VENCIMENTOS E VANTAGENS FIXAS - PESSOAL CIVIL
Especificação: ;;PELA DESPESA DE FOLHA DE PAGAMENTO EMPENHADA REFERENTE FERIAS 1/2026;;;;;;;;;;;;;;;;;;;;;;;;;;;;;;;;;;;;;
668;PREFEITURA MUNICIPAL DE BARBACENA;;30833448;524;2026;ORDINARIO;0;0;PELA DESPESA DE FOLHA DE PAGAMENTO EMPENHADA REFERENTE FERIAS 1/2026;31/01/26 00:00;5.198,20;0,00;5.198,20;0,00;5.198,20;0,00;0,00;0,00;0,00;0,00;0,00;0,00;1547285;MUNICÍPIO DE BARBACENA;;;635;11;2064;15;452;3.1.90.11.45.00.00.00;1.500.000.0000;31901100000000;5.198,20;0,00;0,00;PESSOAL E ENCARGOS SOCIAIS DA SESP;VENCIMENTOS E VANTAGENS FIXAS - PESSOAL CIVIL
Especificação: ;;PELA DESPESA DE FOLHA DE PAGAMENTO EMPENHADA REFERENTE FERIAS 1/2026;;;;;;;;;;;;;;;;;;;;;;;;;;;;;;;;;;;;;
668;PREFEITURA MUNICIPAL DE BARBACENA;;30833446;525;2026;ORDINARIO;0;0;PELA DESPESA DE FOLHA DE PAGAMENTO EMPENHADA REFERENTE FERIAS 1/2026;31/01/26 00:00;835,69;0,00;835,69;0,00;835,69;0,00;0,00;0,00;0,00;0,00;0,00;0,00;1547285;MUNICÍPIO DE BARBACENA;;;711;11;2122;18;122;3.1.90.11.45.00.00.00;1.500.000.0000;31901100000000;835,69;0,00;0,00;PESSOAL E ENCARGOS SOCIAIS DA SEMMA;VENCIMENTOS E VANTAGENS FIXAS - PESSOAL CIVIL
Especificação: ;;PELA DESPESA DE FOLHA DE PAGAMENTO EMPENHADA REFERENTE FERIAS 1/2026;;;;;;;;;;;;;;;;;;;;;;;;;;;;;;;;;;;;;
668;PREFEITURA MUNICIPAL DE BARBACENA;;30834836;526;2026;ORDINARIO;0;0;PELA DESPESA DE FOLHA DE PAGAMENTO EMPENHADA REFERENTE RESCISAO 1/2026;31/01/26 00:00;6.556,55;0,00;6.556,55;0,00;6.556,55;0,00;0,00;0,00;0,00;0,00;0,00;0,00;1547285;MUNICÍPIO DE BARBACENA;;;274;11;2132;3;122;3.1.90.11.45.00.00.00;1.500.000.0000;31901100000000;6.556,55;0,00;0,00;PESSOAL E ENCARGOS SOCIAIS DA AGM;VENCIMENTOS E VANTAGENS FIXAS - PESSOAL CIVIL
Especificação: ;;PELA DESPESA DE FOLHA DE PAGAMENTO EMPENHADA REFERENTE RESCISAO 1/2026;;;;;;;;;;;;;;;;;;;;;;;;;;;;;;;;;;;;;
668;PREFEITURA MUNICIPAL DE BARBACENA;;30834834;527;2026;ORDINARIO;0;0;PELA DESPESA DE FOLHA DE PAGAMENTO EMPENHADA REFERENTE RESCISAO 1/2026;31/01/26 00:00;2.602,75;0,00;2.602,75;0,00;2.602,75;0,00;0,00;0,00;0,00;0,00;0,00;0,00;1547285;MUNICÍPIO DE BARBACENA;;;147;11;2111;15;451;3.1.90.04.14.00.00.00;1.500.000.0000;31900400000000;2.602,75;0,00;0,00;PESSOAL E ENCARGOS SOCIAIS DA SEMOP;CONTRATAÇÃO POR TEMPO DETERMINADO
Especificação: ;;PELA DESPESA DE FOLHA DE PAGAMENTO EMPENHADA REFERENTE RESCISAO 1/2026;;;;;;;;;;;;;;;;;;;;;;;;;;;;;;;;;;;;;
668;PREFEITURA MUNICIPAL DE BARBACENA;;30834832;528;2026;ORDINARIO;0;0;PELA DESPESA DE FOLHA DE PAGAMENTO EMPENHADA REFERENTE RESCISAO 1/2026;31/01/26 00:00;1.010,20;0,00;1.010,20;0,00;934,45;0,00;75,75;0,00;0,00;0,00;0,00;0,00;1547285;MUNICÍPIO DE BARBACENA;;;65;11;2172;20;122;3.1.90.11.01.00.00.00;1.500.000.0000;31901100000000;1.010,20;0,00;0,00;PESSOAL E ENCARGOS SOCIAIS DA SEAPA;VENCIMENTOS E VANTAGENS FIXAS - PESSOAL CIVIL
Especificação: ;;PELA DESPESA DE FOLHA DE PAGAMENTO EMPENHADA REFERENTE RESCISAO 1/2026;;;;;;;;;;;;;;;;;;;;;;;;;;;;;;;;;;;;;
668;PREFEITURA MUNICIPAL DE BARBACENA;;30834830;529;2026;ORDINARIO;0;0;PELA DESPESA DE FOLHA DE PAGAMENTO EMPENHADA REFERENTE RESCISAO 1/2026;31/01/26 00:00;437,10;0,00;437,10;0,00;437,10;0,00;0,00;0,00;0,00;0,00;0,00;0,00;1547285;MUNICÍPIO DE BARBACENA;;;520;11;2056;4;122;3.1.90.11.01.00.00.00;1.500.000.0000;31901100000000;437,10;0,00;0,00;PESSOAL E ENCARGOS SOCIAIS DA SEMAD;VENCIMENTOS E VANTAGENS FIXAS - PESSOAL CIVIL
Especificação: ;;PELA DESPESA DE FOLHA DE PAGAMENTO EMPENHADA REFERENTE RESCISAO 1/2026;;;;;;;;;;;;;;;;;;;;;;;;;;;;;;;;;;;;;
668;PREFEITURA MUNICIPAL DE BARBACENA;;30834827;530;2026;ORDINARIO;0;0;PELA DESPESA DE FOLHA DE PAGAMENTO EMPENHADA REFERENTE RESCISAO 1/2026;31/01/26 00:00;580,00;0,00;580,00;0,00;580,00;0,00;0,00;0,00;0,00;0,00;0,00;0,00;1547285;MUNICÍPIO DE BARBACENA;;;157;11;2111;15;451;3.3.90.46.00.00.00.00;1.500.000.0000;33904600000000;580,00;0,00;0,00;PESSOAL E ENCARGOS SOCIAIS DA SEMOP;AUXÍLIO-ALIMENTAÇÃO
Especificação: ;;PELA DESPESA DE FOLHA DE PAGAMENTO EMPENHADA REFERENTE RESCISAO 1/2026;;;;;;;;;;;;;;;;;;;;;;;;;;;;;;;;;;;;;
668;PREFEITURA MUNICIPAL DE BARBACENA;;30834835;531;2026;ORDINARIO;0;0;PELA DESPESA DE FOLHA DE PAGAMENTO EMPENHADA REFERENTE RESCISAO 1/2026;31/01/26 00:00;1.229,35;0,00;1.229,35;0,00;1.137,15;0,00;92,20;0,00;0,00;0,00;0,00;0,00;1547285;MUNICÍPIO DE BARBACENA;;;274;11;2132;3;122;3.1.90.11.01.00.00.00;1.500.000.0000;31901100000000;1.229,35;0,00;0,00;PESSOAL E ENCARGOS SOCIAIS DA AGM;VENCIMENTOS E VANTAGENS FIXAS - PESSOAL CIVIL
Especificação: ;;PELA DESPESA DE FOLHA DE PAGAMENTO EMPENHADA REFERENTE RESCISAO 1/2026;;;;;;;;;;;;;;;;;;;;;;;;;;;;;;;;;;;;;
668;PREFEITURA MUNICIPAL DE BARBACENA;;30834833;532;2026;ORDINARIO;0;0;PELA DESPESA DE FOLHA DE PAGAMENTO EMPENHADA REFERENTE RESCISAO 1/2026;31/01/26 00:00;12.450,39;0,00;12.450,39;0,00;12.450,39;0,00;0,00;0,00;0,00;0,00;0,00;0,00;1547285;MUNICÍPIO DE BARBACENA;;;575;11;2060;15;122;3.1.90.11.42.00.00.00;1.500.000.0000;31901100000000;12.450,39;0,00;0,00;PESSOAL E ENCARGOS SOCIAIS DA SEMUR;VENCIMENTOS E VANTAGENS FIXAS - PESSOAL CIVIL
Especificação: ;;PELA DESPESA DE FOLHA DE PAGAMENTO EMPENHADA REFERENTE RESCISAO 1/2026;;;;;;;;;;;;;;;;;;;;;;;;;;;;;;;;;;;;;
668;PREFEITURA MUNICIPAL DE BARBACENA;;30834831;533;2026;ORDINARIO;0;0;PELA DESPESA DE FOLHA DE PAGAMENTO EMPENHADA REFERENTE RESCISAO 1/2026;31/01/26 00:00;3.887,63;0,00;3.887,63;0,00;3.887,63;0,00;0,00;0,00;0,00;0,00;0,00;0,00;1547285;MUNICÍPIO DE BARBACENA;;;65;11;2172;20;122;3.1.90.11.42.00.00.00;1.500.000.0000;31901100000000;3.887,63;0,00;0,00;PESSOAL E ENCARGOS SOCIAIS DA SEAPA;VENCIMENTOS E VANTAGENS FIXAS - PESSOAL CIVIL
Especificação: ;;PELA DESPESA DE FOLHA DE PAGAMENTO EMPENHADA REFERENTE RESCISAO 1/2026;;;;;;;;;;;;;;;;;;;;;;;;;;;;;;;;;;;;;
668;PREFEITURA MUNICIPAL DE BARBACENA;;30834828;534;2026;ORDINARIO;0;0;PELA DESPESA DE FOLHA DE PAGAMENTO EMPENHADA REFERENTE RESCISAO 1/2026;31/01/26 00:00;2.343,76;0,00;2.343,76;0,00;1.510,00;0,00;833,76;0,00;0,00;0,00;0,00;0,00;1547285;MUNICÍPIO DE BARBACENA;;;147;11;2111;15;451;3.1.90.04.01.00.00.00;1.500.000.0000;31900400000000;2.343,76;0,00;0,00;PESSOAL E ENCARGOS SOCIAIS DA SEMOP;CONTRATAÇÃO POR TEMPO DETERMINADO
Especificação: ;;PELA DESPESA DE FOLHA DE PAGAMENTO EMPENHADA REFERENTE RESCISAO 1/2026;;;;;;;;;;;;;;;;;;;;;;;;;;;;;;;;;;;;;
668;PREFEITURA MUNICIPAL DE BARBACENA;;30834826;535;2026;ORDINARIO;0;0;PELA DESPESA DE FOLHA DE PAGAMENTO EMPENHADA REFERENTE RESCISAO 1/2026;31/01/26 00:00;100,00;0,00;100,00;0,00;100,00;0,00;0,00;0,00;0,00;0,00;0,00;0,00;1547285;MUNICÍPIO DE BARBACENA;;;283;11;2132;3;122;3.3.90.46.00.00.00.00;1.500.000.0000;33904600000000;100,00;0,00;0,00;PESSOAL E ENCARGOS SOCIAIS DA AGM;AUXÍLIO-ALIMENTAÇÃO
Especificação: ;;PELA DESPESA DE FOLHA DE PAGAMENTO EMPENHADA REFERENTE RESCISAO 1/2026;;;;;;;;;;;;;;;;;;;;;;;;;;;;;;;;;;;;;
668;PREFEITURA MUNICIPAL DE BARBACENA;;30834824;536;2026;ORDINARIO;0;0;PELA DESPESA DE FOLHA DE PAGAMENTO EMPENHADA REFERENTE RESCISAO 1/2026;31/01/26 00:00;5.978,14;0,00;5.978,14;0,00;5.978,14;0,00;0,00;0,00;0,00;0,00;0,00;0,00;1547285;MUNICÍPIO DE BARBACENA;;;65;11;2172;20;122;3.1.90.11.45.00.00.00;1.500.000.0000;31901100000000;5.978,14;0,00;0,00;PESSOAL E ENCARGOS SOCIAIS DA SEAPA;VENCIMENTOS E VANTAGENS FIXAS - PESSOAL CIVIL
Especificação: ;;PELA DESPESA DE FOLHA DE PAGAMENTO EMPENHADA REFERENTE RESCISAO 1/2026;;;;;;;;;;;;;;;;;;;;;;;;;;;;;;;;;;;;;
668;PREFEITURA MUNICIPAL DE BARBACENA;;30834822;537;2026;ORDINARIO;0;0;PELA DESPESA DE FOLHA DE PAGAMENTO EMPENHADA REFERENTE RESCISAO 1/2026;31/01/26 00:00;3.217,95;0,00;3.217,95;0,00;2.726,92;0,00;491,03;0,00;0,00;0,00;0,00;0,00;1547285;MUNICÍPIO DE BARBACENA;;;575;11;2060;15;122;3.1.90.11.01.00.00.00;1.500.000.0000;31901100000000;3.217,95;0,00;0,00;PESSOAL E ENCARGOS SOCIAIS DA SEMUR;VENCIMENTOS E VANTAGENS FIXAS - PESSOAL CIVIL
Especificação: ;;PELA DESPESA DE FOLHA DE PAGAMENTO EMPENHADA REFERENTE RESCISAO 1/2026;;;;;;;;;;;;;;;;;;;;;;;;;;;;;;;;;;;;;
668;PREFEITURA MUNICIPAL DE BARBACENA;;30834819;538;2026;ORDINARIO;0;0;PELA DESPESA DE FOLHA DE PAGAMENTO EMPENHADA REFERENTE RESCISAO 1/2026;31/01/26 00:00;6.320,95;0,00;6.320,95;0,00;6.320,95;0,00;0,00;0,00;0,00;0,00;0,00;0,00;1547285;MUNICÍPIO DE BARBACENA;;;575;11;2060;15;122;3.1.90.11.45.00.00.00;1.500.000.0000;31901100000000;6.320,95;0,00;0,00;PESSOAL E ENCARGOS SOCIAIS DA SEMUR;VENCIMENTOS E VANTAGENS FIXAS - PESSOAL CIVIL
Especificação: ;;PELA DESPESA DE FOLHA DE PAGAMENTO EMPENHADA REFERENTE RESCISAO 1/2026;;;;;;;;;;;;;;;;;;;;;;;;;;;;;;;;;;;;;
668;PREFEITURA MUNICIPAL DE BARBACENA;;30834817;539;2026;ORDINARIO;0;0;PELA DESPESA DE FOLHA DE PAGAMENTO EMPENHADA REFERENTE RESCISAO 1/2026;31/01/26 00:00;240,00;0,00;240,00;0,00;240,00;0,00;0,00;0,00;0,00;0,00;0,00;0,00;1547285;MUNICÍPIO DE BARBACENA;;;584;11;2060;15;122;3.3.90.46.00.00.00.00;1.500.000.0000;33904600000000;240,00;0,00;0,00;PESSOAL E ENCARGOS SOCIAIS DA SEMUR;AUXÍLIO-ALIMENTAÇÃO
Especificação: ;;PELA DESPESA DE FOLHA DE PAGAMENTO EMPENHADA REFERENTE RESCISAO 1/2026;;;;;;;;;;;;;;;;;;;;;;;;;;;;;;;;;;;;;
668;PREFEITURA MUNICIPAL DE BARBACENA;;30834825;540;2026;ORDINARIO;0;0;PELA DESPESA DE FOLHA DE PAGAMENTO EMPENHADA REFERENTE RESCISAO 1/2026;31/01/26 00:00;764,93;0,00;764,93;0,00;674,78;0,00;90,15;0,00;0,00;0,00;0,00;0,00;1547285;MUNICÍPIO DE BARBACENA;;;520;11;2056;4;122;3.1.90.11.45.00.00.00;1.500.000.0000;31901100000000;764,93;0,00;0,00;PESSOAL E ENCARGOS SOCIAIS DA SEMAD;VENCIMENTOS E VANTAGENS FIXAS - PESSOAL CIVIL
Especificação: ;;PELA DESPESA DE FOLHA DE PAGAMENTO EMPENHADA REFERENTE RESCISAO 1/2026;;;;;;;;;;;;;;;;;;;;;;;;;;;;;;;;;;;;;
668;PREFEITURA MUNICIPAL DE BARBACENA;;30834823;541;2026;ORDINARIO;0;0;PELA DESPESA DE FOLHA DE PAGAMENTO EMPENHADA REFERENTE RESCISAO 1/2026;31/01/26 00:00;200,00;0,00;200,00;0,00;200,00;0,00;0,00;0,00;0,00;0,00;0,00;0,00;1547285;MUNICÍPIO DE BARBACENA;;;74;11;2172;20;122;3.3.90.46.00.00.00.00;1.500.000.0000;33904600000000;200,00;0,00;0,00;PESSOAL E ENCARGOS SOCIAIS DA SEAPA;AUXÍLIO-ALIMENTAÇÃO
Especificação: ;;PELA DESPESA DE FOLHA DE PAGAMENTO EMPENHADA REFERENTE RESCISAO 1/2026;;;;;;;;;;;;;;;;;;;;;;;;;;;;;;;;;;;;;
668;PREFEITURA MUNICIPAL DE BARBACENA;;30834821;542;2026;ORDINARIO;0;0;PELA DESPESA DE FOLHA DE PAGAMENTO EMPENHADA REFERENTE RESCISAO 1/2026;31/01/26 00:00;2.513,34;0,00;2.513,34;0,00;2.513,34;0,00;0,00;0,00;0,00;0,00;0,00;0,00;1547285;MUNICÍPIO DE BARBACENA;;;520;11;2056;4;122;3.1.90.11.42.00.00.00;1.500.000.0000;31901100000000;2.513,34;0,00;0,00;PESSOAL E ENCARGOS SOCIAIS DA SEMAD;VENCIMENTOS E VANTAGENS FIXAS - PESSOAL CIVIL
Especificação: ;;PELA DESPESA DE FOLHA DE PAGAMENTO EMPENHADA REFERENTE RESCISAO 1/2026;;;;;;;;;;;;;;;;;;;;;;;;;;;;;;;;;;;;;
668;PREFEITURA MUNICIPAL DE BARBACENA;;30834818;543;2026;ORDINARIO;0;0;PELA DESPESA DE FOLHA DE PAGAMENTO EMPENHADA REFERENTE RESCISAO 1/2026;31/01/26 00:00;3.737,69;0,00;3.737,69;0,00;3.737,69;0,00;0,00;0,00;0,00;0,00;0,00;0,00;1547285;MUNICÍPIO DE BARBACENA;;;147;11;2111;15;451;3.1.90.04.99.00.00.00;1.500.000.0000;31900400000000;3.737,69;0,00;0,00;PESSOAL E ENCARGOS SOCIAIS DA SEMOP;CONTRATAÇÃO POR TEMPO DETERMINADO
Especificação: ;;PELA DESPESA DE FOLHA DE PAGAMENTO EMPENHADA REFERENTE RESCISAO 1/2026;;;;;;;;;;;;;;;;;;;;;;;;;;;;;;;;;;;;;
668;PREFEITURA MUNICIPAL DE BARBACENA;;30834815;544;2026;ORDINARIO;0;0;PELA DESPESA DE FOLHA DE PAGAMENTO EMPENHADA REFERENTE RESCISAO 1/2026;31/01/26 00:00;220,00;0,00;220,00;0,00;220,00;0,00;0,00;0,00;0,00;0,00;0,00;0,00;1547285;MUNICÍPIO DE BARBACENA;;;529;11;2056;4;122;3.3.90.46.00.00.00.00;1.500.000.0000;33904600000000;220,00;0,00;0,00;PESSOAL E ENCARGOS SOCIAIS DA SEMAD;AUXÍLIO-ALIMENTAÇÃO
Especificação: ;;PELA DESPESA DE FOLHA DE PAGAMENTO EMPENHADA REFERENTE RESCISAO 1/2026;;;;;;;;;;;;;;;;;;;;;;;;;;;;;;;;;;;;;
668;PREFEITURA MUNICIPAL DE BARBACENA;;30834847;545;2026;ORDINARIO;0;0;PELA DESPESA DE FOLHA DE PAGAMENTO EMPENHADA REFERENTE RESCISAO 1/2026;31/01/26 00:00;224,26;0,00;224,26;0,00;0,00;0,00;0,00;0,00;0,00;0,00;0,00;0,00;1544068;INSS-INSTITUTO NACIONAL DO SEGURO SOCIAL;;;521;11;2056;4;122;3.1.90.13.03.00.00.00;1.500.000.0000;31901300000000;0,00;0,00;224,26;PESSOAL E ENCARGOS SOCIAIS DA SEMAD;OBRIGAÇÕES PATRONAIS
Especificação: ;;PELA DESPESA DE FOLHA DE PAGAMENTO EMPENHADA REFERENTE RESCISAO 1/2026;;;;;;;;;;;;;;;;;;;;;;;;;;;;;;;;;;;;;
668;PREFEITURA MUNICIPAL DE BARBACENA;;30834846;546;2026;ORDINARIO;0;0;PELA DESPESA DE FOLHA DE PAGAMENTO EMPENHADA REFERENTE RESCISAO 1/2026;31/01/26 00:00;901,02;0,00;901,02;0,00;901,02;0,00;0,00;0,00;0,00;0,00;0,00;0,00;1547277;SISTEMA MUNICIPAL DE PREVIDENCIA E ASSISTENCIA AO SERVIDOR;;;580;11;2060;15;122;3.1.91.13.08.00.00.00;1.500.000.0000;31911300000000;901,02;0,00;0,00;PESSOAL E ENCARGOS SOCIAIS DA SEMUR;OBRIGAÇÕES PATRONAIS
Especificação: ;;PELA DESPESA DE FOLHA DE PAGAMENTO EMPENHADA REFERENTE RESCISAO 1/2026;;;;;;;;;;;;;;;;;;;;;;;;;;;;;;;;;;;;;
668;PREFEITURA MUNICIPAL DE BARBACENA;;30834845;547;2026;ORDINARIO;0;0;PELA DESPESA DE FOLHA DE PAGAMENTO EMPENHADA REFERENTE RESCISAO 1/2026;31/01/26 00:00;437,28;0,00;437,28;0,00;0,00;0,00;0,00;0,00;0,00;0,00;0,00;0,00;1544068;INSS-INSTITUTO NACIONAL DO SEGURO SOCIAL;;;147;11;2111;15;451;3.1.90.04.15.00.00.00;1.500.000.0000;31900400000000;0,00;0,00;437,28;PESSOAL E ENCARGOS SOCIAIS DA SEMOP;CONTRATAÇÃO POR TEMPO DETERMINADO
Especificação: ;;PELA DESPESA DE FOLHA DE PAGAMENTO EMPENHADA REFERENTE RESCISAO 1/2026;;;;;;;;;;;;;;;;;;;;;;;;;;;;;;;;;;;;;
668;PREFEITURA MUNICIPAL DE BARBACENA;;30834844;548;2026;ORDINARIO;0;0;PELA DESPESA DE FOLHA DE PAGAMENTO EMPENHADA REFERENTE RESCISAO 1/2026;31/01/26 00:00;188,48;0,00;188,48;0,00;0,00;0,00;0,00;0,00;0,00;0,00;0,00;0,00;1544068;INSS-INSTITUTO NACIONAL DO SEGURO SOCIAL;;;66;11;2172;20;122;3.1.90.13.03.00.00.00;1.500.000.0000;31901300000000;0,00;0,00;188,48;PESSOAL E ENCARGOS SOCIAIS DA SEAPA;OBRIGAÇÕES PATRONAIS
Especificação: ;;PELA DESPESA DE FOLHA DE PAGAMENTO EMPENHADA REFERENTE RESCISAO 1/2026;;;;;;;;;;;;;;;;;;;;;;;;;;;;;;;;;;;;;
668;PREFEITURA MUNICIPAL DE BARBACENA;;30834843;549;2026;ORDINARIO;0;0;PELA DESPESA DE FOLHA DE PAGAMENTO EMPENHADA REFERENTE RESCISAO 1/2026;31/01/26 00:00;229,36;0,00;229,36;0,00;0,00;0,00;0,00;0,00;0,00;0,00;0,00;0,00;1544068;INSS-INSTITUTO NACIONAL DO SEGURO SOCIAL;;;275;11;2132;3;122;3.1.90.13.03.00.00.00;1.500.000.0000;31901300000000;0,00;0,00;229,36;PESSOAL E ENCARGOS SOCIAIS DA AGM;OBRIGAÇÕES PATRONAIS
Especificação: ;;PELA DESPESA DE FOLHA DE PAGAMENTO EMPENHADA REFERENTE RESCISAO 1/2026;;;;;;;;;;;;;;;;;;;;;;;;;;;;;;;;;;;;;
668;PREFEITURA MUNICIPAL DE BARBACENA;;30834677;550;2026;ORDINARIO;0;0;PELA DESPESA DE FOLHA DE PAGAMENTO EMPENHADA REFERENTE MENSAL 1/2026;31/01/26 00:00;81,05;0,00;81,05;0,00;81,05;0,00;0,00;0,00;0,00;0,00;0,00;0,00;1547285;MUNICÍPIO DE BARBACENA;;;642;11;2064;15;452;3.3.90.08.56.00.00.00;1.500.000.0000;33900800000000;81,05;0,00;0,00;PESSOAL E ENCARGOS SOCIAIS DA SESP;OUTROS BENEFÍCIOS ASSISTENCIAIS-SERVIDOR/MILITAR
Especificação: ;;PELA DESPESA DE FOLHA DE PAGAMENTO EMPENHADA REFERENTE MENSAL 1/2026;;;;;;;;;;;;;;;;;;;;;;;;;;;;;;;;;;;;;
668;PREFEITURA MUNICIPAL DE BARBACENA;;30834710;551;2026;ORDINARIO;0;0;PELA DESPESA DE FOLHA DE PAGAMENTO EMPENHADA REFERENTE MENSAL 1/2026;31/01/26 00:00;81,05;0,00;81,05;0,00;81,05;0,00;0,00;0,00;0,00;0,00;0,00;0,00;1547285;MUNICÍPIO DE BARBACENA;;;1054;62;2071;13;392;3.3.90.08.56.00.00.00;1.500.000.0000;33900800000000;81,05;0,00;0,00;MANUTENÇÃO DA BIBLIOTECA PÚBLICA MUNICIPAL E DEMAIS APARELHOS CULTURAIS;OUTROS BENEFÍCIOS ASSISTENCIAIS-SERVIDOR/MILITAR
Especificação: ;;PELA DESPESA DE FOLHA DE PAGAMENTO EMPENHADA REFERENTE MENSAL 1/2026;;;;;;;;;;;;;;;;;;;;;;;;;;;;;;;;;;;;;
668;PREFEITURA MUNICIPAL DE BARBACENA;;30834700;552;2026;ORDINARIO;0;0;PELA DESPESA DE FOLHA DE PAGAMENTO EMPENHADA REFERENTE MENSAL 1/2026;31/01/26 00:00;486,30;0,00;486,30;0,00;486,30;0,00;0,00;0,00;0,00;0,00;0,00;0,00;1547285;MUNICÍPIO DE BARBACENA;;;527;11;2056;4;122;3.3.90.08.56.00.00.00;1.500.000.0000;33900800000000;486,30;0,00;0,00;PESSOAL E ENCARGOS SOCIAIS DA SEMAD;OUTROS BENEFÍCIOS ASSISTENCIAIS-SERVIDOR/MILITAR
Especificação: ;;PELA DESPESA DE FOLHA DE PAGAMENTO EMPENHADA REFERENTE MENSAL 1/2026;;;;;;;;;;;;;;;;;;;;;;;;;;;;;;;;;;;;;
668;PREFEITURA MUNICIPAL DE BARBACENA;;30834649;553;2026;ORDINARIO;0;0;PELA DESPESA DE FOLHA DE PAGAMENTO EMPENHADA REFERENTE MENSAL 1/2026;31/01/26 00:00;88.420,00;0,00;88.420,00;0,00;88.420,00;0,00;0,00;0,00;0,00;0,00;0,00;0,00;1547285;MUNICÍPIO DE BARBACENA;;;655;11;2672;15;452;3.3.90.46.00.00.00.00;1.500.000.0000;33904600000000;88.420,00;0,00;0,00;MANUTENÇÃO DO TERMINAL RODOVIÁRIO DE BARBACENA;AUXÍLIO-ALIMENTAÇÃO
Especificação: ;;PELA DESPESA DE FOLHA DE PAGAMENTO EMPENHADA REFERENTE MENSAL 1/2026;;;;;;;;;;;;;;;;;;;;;;;;;;;;;;;;;;;;;
668;PREFEITURA MUNICIPAL DE BARBACENA;;30834680;554;2026;ORDINARIO;0;0;PELA DESPESA DE FOLHA DE PAGAMENTO EMPENHADA REFERENTE MENSAL 1/2026;31/01/26 00:00;162,10;0,00;162,10;0,00;162,10;0,00;0,00;0,00;0,00;0,00;0,00;0,00;1547285;MUNICÍPIO DE BARBACENA;;;582;11;2060;15;122;3.3.90.08.56.00.00.00;1.500.000.0000;33900800000000;162,10;0,00;0,00;PESSOAL E ENCARGOS SOCIAIS DA SEMUR;OUTROS BENEFÍCIOS ASSISTENCIAIS-SERVIDOR/MILITAR
Especificação: ;;PELA DESPESA DE FOLHA DE PAGAMENTO EMPENHADA REFERENTE MENSAL 1/2026;;;;;;;;;;;;;;;;;;;;;;;;;;;;;;;;;;;;;
668;PREFEITURA MUNICIPAL DE BARBACENA;;30834666;555;2026;ORDINARIO;0;0;PELA DESPESA DE FOLHA DE PAGAMENTO EMPENHADA REFERENTE MENSAL 1/2026;31/01/26 00:00;162,10;0,00;162,10;0,00;162,10;0,00;0,00;0,00;0,00;0,00;0,00;0,00;1547285;MUNICÍPIO DE BARBACENA;;;1043;11;2278;13;122;3.3.90.08.56.00.00.00;1.500.000.0000;33900800000000;162,10;0,00;0,00;PESSOAL E ENCARGOS SOCIAIS DA SECULT;OUTROS BENEFÍCIOS ASSISTENCIAIS-SERVIDOR/MILITAR
Especificação: ;;PELA DESPESA DE FOLHA DE PAGAMENTO EMPENHADA REFERENTE MENSAL 1/2026;;;;;;;;;;;;;;;;;;;;;;;;;;;;;;;;;;;;;
668;PREFEITURA MUNICIPAL DE BARBACENA;;30825117;556;2026;ORDINARIO;0;0;PELA DESPESA DE FOLHA DE PAGAMENTO EMPENHADA REFERENTE MENSAL 1/2026;31/01/26 00:00;1.269,33;0,00;1.269,33;0,00;1.269,33;0,00;0,00;0,00;0,00;0,00;0,00;0,00;1547277;SISTEMA MUNICIPAL DE PREVIDENCIA E ASSISTENCIA AO SERVIDOR;;;716;11;2122;18;122;3.1.91.13.08.00.00.00;1.500.000.0000;31911300000000;1.269,33;0,00;0,00;PESSOAL E ENCARGOS SOCIAIS DA SEMMA;OBRIGAÇÕES PATRONAIS
Especificação: ;;PELA DESPESA DE FOLHA DE PAGAMENTO EMPENHADA REFERENTE MENSAL 1/2026;;;;;;;;;;;;;;;;;;;;;;;;;;;;;;;;;;;;;
668;PREFEITURA MUNICIPAL DE BARBACENA;;30838251;557;2026;ORDINARIO;0;0;PELA DESPESA DE FOLHA DE PAGAMENTO EMPENHADA REFERENTE MENSAL 1/2026;31/01/26 00:00;9.597,30;0,00;9.597,30;0,00;0,00;0,00;0,00;0,00;0,00;0,00;0,00;0,00;1544068;INSS-INSTITUTO NACIONAL DO SEGURO SOCIAL;0;;149;11;2111;15;451;3.1.90.13.03.00.00.00;1.500.000.0000;31901300000000;0,00;0,00;9.597,30;PESSOAL E ENCARGOS SOCIAIS DA SEMOP;OBRIGAÇÕES PATRONAIS
Especificação: ;;PELA DESPESA DE FOLHA DE PAGAMENTO EMPENHADA REFERENTE MENSAL 1/2026;;;;;;;;;;;;;;;;;;;;;;;;;;;;;;;;;;;;;
668;PREFEITURA MUNICIPAL DE BARBACENA;;30963724;570;2026;ORDINARIO;0;0;PELA DESPESA DE FOLHA DE PAGAMENTO EMPENHADA REFERENTE MENSAL 1/2026;31/01/26 00:00;573,70;0,00;573,70;0,00;376,74;0,00;196,96;0,00;0,00;0,00;0,00;0,00;1547285;MUNICÍPIO DE BARBACENA;00000807192;;961;11;2267;6;122;3.1.90.11.45.00.00.00;1.500.000.0000;31901100000000;573,70;0,00;0,00;PESSOAL E ENCARGOS SOCIAIS DA SSP;VENCIMENTOS E VANTAGENS FIXAS - PESSOAL CIVIL
Especificação: ;;PELA DESPESA DE FOLHA DE PAGAMENTO EMPENHADA REFERENTE MENSAL 1/2026;;;;;;;;;;;;;;;;;;;;;;;;;;;;;;;;;;;;;
668;PREFEITURA MUNICIPAL DE BARBACENA;;31011383;603;2026;ORDINARIO;0;0;PELA DESPESA DE FOLHA DE PAGAMENTO EMPENHADA REFERENTE MENSAL 1/2026;31/01/26 00:00;7.367,14;0,00;7.367,14;0,00;0,00;0,00;202,62;0,00;0,00;0,00;0,00;0,00;1544068;INSS-INSTITUTO NACIONAL DO SEGURO SOCIAL;;;757;11;2126;12;122;3.1.90.04.15.00.00.00;1.500.000.1001;31900400000000;202,62;0,00;7.164,52;PESSOAL E ENCARGOS SOCIAIS DA SEDUC;CONTRATAÇÃO POR TEMPO DETERMINADO
Especificação: ;;PELA DESPESA DE FOLHA DE PAGAMENTO EMPENHADA REFERENTE MENSAL 1/2026;;;;;;;;;;;;;;;;;;;;;;;;;;;;;;;;;;;;;
668;PREFEITURA MUNICIPAL DE BARBACENA;;31011381;604;2026;ORDINARIO;0;0;PELA DESPESA DE FOLHA DE PAGAMENTO EMPENHADA REFERENTE MENSAL 1/2026;31/01/26 00:00;10.864,40;0,00;10.864,40;0,00;10.864,40;0,00;0,00;0,00;0,00;0,00;0,00;0,00;1547277;SISTEMA MUNICIPAL DE PREVIDENCIA E ASSISTENCIA AO SERVIDOR;;;763;11;2126;12;122;3.1.91.13.08.00.00.00;1.500.000.1001;31911300000000;10.864,40;0,00;0,00;PESSOAL E ENCARGOS SOCIAIS DA SEDUC;OBRIGAÇÕES PATRONAIS
Especificação: ;;PELA DESPESA DE FOLHA DE PAGAMENTO EMPENHADA REFERENTE MENSAL 1/2026;;;;;;;;;;;;;;;;;;;;;;;;;;;;;;;;;;;;;
668;PREFEITURA MUNICIPAL DE BARBACENA;;31011379;605;2026;ORDINARIO;0;0;PELA DESPESA DE FOLHA DE PAGAMENTO EMPENHADA REFERENTE MENSAL 1/2026;31/01/26 00:00;4.529,08;0,00;4.529,08;0,00;4.529,08;0,00;0,00;0,00;0,00;0,00;0,00;0,00;1547277;SISTEMA MUNICIPAL DE PREVIDENCIA E ASSISTENCIA AO SERVIDOR;;;847;14;2138;12;365;3.1.91.13.08.00.00.00;1.500.000.1001;31911300000000;4.529,08;0,00;0,00;PESSOAL E ENCARGOS SOCIAIS DE CRECHES;OBRIGAÇÕES PATRONAIS
Especificação: ;;PELA DESPESA DE FOLHA DE PAGAMENTO EMPENHADA REFERENTE MENSAL 1/2026;;;;;;;;;;;;;;;;;;;;;;;;;;;;;;;;;;;;;
668;PREFEITURA MUNICIPAL DE BARBACENA;;31011374;606;2026;ORDINARIO;0;0;PELA DESPESA DE FOLHA DE PAGAMENTO EMPENHADA REFERENTE MENSAL 1/2026;31/01/26 00:00;78.808,08;0,00;78.808,08;0,00;0,00;0,00;8.388,05;0,00;0,00;0,00;0,00;0,00;1544068;INSS-INSTITUTO NACIONAL DO SEGURO SOCIAL;;;889;38;2222;12;367;3.1.90.04.15.00.00.00;1.540.000.1070;31900400000000;8.388,05;0,00;70.420,03;PESSOAL E ENCARGOS SOCIAIS DO ATENDIMENTO EDUCACIONAL ESPECIALIZADO;CONTRATAÇÃO POR TEMPO DETERMINADO
Especificação: ;;PELA DESPESA DE FOLHA DE PAGAMENTO EMPENHADA REFERENTE MENSAL 1/2026;;;;;;;;;;;;;;;;;;;;;;;;;;;;;;;;;;;;;
668;PREFEITURA MUNICIPAL DE BARBACENA;;31011371;607;2026;ORDINARIO;0;0;PELA DESPESA DE FOLHA DE PAGAMENTO EMPENHADA REFERENTE MENSAL 1/2026;31/01/26 00:00;9.241,07;0,00;9.241,07;0,00;0,00;0,00;0,00;0,00;0,00;0,00;0,00;0,00;1544068;INSS-INSTITUTO NACIONAL DO SEGURO SOCIAL;;;901;37;2079;12;392;3.1.90.04.15.00.00.00;1.500.000.0000;31900400000000;0,00;0,00;9.241,07;MANUTENÇÃO DE AÇÕES DO CONSERVATÓRIO MUNICIPAL;CONTRATAÇÃO POR TEMPO DETERMINADO
Especificação: ;;PELA DESPESA DE FOLHA DE PAGAMENTO EMPENHADA REFERENTE MENSAL 1/2026;;;;;;;;;;;;;;;;;;;;;;;;;;;;;;;;;;;;;
668;PREFEITURA MUNICIPAL DE BARBACENA;;31011367;608;2026;ORDINARIO;0;0;PELA DESPESA DE FOLHA DE PAGAMENTO EMPENHADA REFERENTE MENSAL 1/2026;31/01/26 00:00;259.588,60;0,00;259.588,60;0,00;0,00;0,00;18.757,76;0,00;0,00;0,00;0,00;0,00;1544068;INSS-INSTITUTO NACIONAL DO SEGURO SOCIAL;;;795;15;2204;12;361;3.1.90.04.15.00.00.00;1.540.000.1070;31900400000000;18.757,76;0,00;240.830,84;PESSOAL E ENCARGOS SOCIAIS DO ENSINO FUNDAMENTAL;CONTRATAÇÃO POR TEMPO DETERMINADO
Especificação: ;;PELA DESPESA DE FOLHA DE PAGAMENTO EMPENHADA REFERENTE MENSAL 1/2026;;;;;;;;;;;;;;;;;;;;;;;;;;;;;;;;;;;;;
668;PREFEITURA MUNICIPAL DE BARBACENA;;31011364;609;2026;ORDINARIO;0;0;PELA DESPESA DE FOLHA DE PAGAMENTO EMPENHADA REFERENTE MENSAL 1/2026;31/01/26 00:00;65.884,60;0,00;65.884,60;0,00;0,00;0,00;3.714,74;0,00;0,00;0,00;0,00;0,00;1544068;INSS-INSTITUTO NACIONAL DO SEGURO SOCIAL;;;827;14;2082;12;365;3.1.90.04.15.00.00.00;1.540.000.1070;31900400000000;3.714,74;0,00;62.169,86;PESSOAL E ENCARGOS SOCIAIS DA EDUCACAO INFANTIL;CONTRATAÇÃO POR TEMPO DETERMINADO
Especificação: ;;PELA DESPESA DE FOLHA DE PAGAMENTO EMPENHADA REFERENTE MENSAL 1/2026;;;;;;;;;;;;;;;;;;;;;;;;;;;;;;;;;;;;;
668;PREFEITURA MUNICIPAL DE BARBACENA;;31011380;610;2026;ORDINARIO;0;0;PELA DESPESA DE FOLHA DE PAGAMENTO EMPENHADA REFERENTE MENSAL 1/2026;31/01/26 00:00;5.530,38;0,00;5.530,38;0,00;5.530,38;0,00;0,00;0,00;0,00;0,00;0,00;0,00;1547277;SISTEMA MUNICIPAL DE PREVIDENCIA E ASSISTENCIA AO SERVIDOR;;;907;37;2079;12;392;3.1.91.13.08.00.00.00;1.500.000.0000;31911300000000;5.530,38;0,00;0,00;MANUTENÇÃO DE AÇÕES DO CONSERVATÓRIO MUNICIPAL;OBRIGAÇÕES PATRONAIS
Especificação: ;;PELA DESPESA DE FOLHA DE PAGAMENTO EMPENHADA REFERENTE MENSAL 1/2026;;;;;;;;;;;;;;;;;;;;;;;;;;;;;;;;;;;;;
668;PREFEITURA MUNICIPAL DE BARBACENA;;31011372;611;2026;ORDINARIO;0;0;PELA DESPESA DE FOLHA DE PAGAMENTO EMPENHADA REFERENTE MENSAL 1/2026;31/01/26 00:00;340.031,97;0,00;340.031,97;0,00;340.031,97;0,00;0,00;0,00;0,00;0,00;0,00;0,00;1547277;SISTEMA MUNICIPAL DE PREVIDENCIA E ASSISTENCIA AO SERVIDOR;;;798;15;2204;12;361;3.1.91.13.08.00.00.00;2.540.000.1070;31911300000000;340.031,97;0,00;0,00;PESSOAL E ENCARGOS SOCIAIS DO ENSINO FUNDAMENTAL;OBRIGAÇÕES PATRONAIS
Especificação: ;;PELA DESPESA DE FOLHA DE PAGAMENTO EMPENHADA REFERENTE MENSAL 1/2026;;;;;;;;;;;;;;;;;;;;;;;;;;;;;;;;;;;;;
668;PREFEITURA MUNICIPAL DE BARBACENA;;31011370;612;2026;ORDINARIO;0;0;PELA DESPESA DE FOLHA DE PAGAMENTO EMPENHADA REFERENTE MENSAL 1/2026;31/01/26 00:00;78.019,08;0,00;78.019,08;0,00;78.019,08;0,00;0,00;0,00;0,00;0,00;0,00;0,00;1547277;SISTEMA MUNICIPAL DE PREVIDENCIA E ASSISTENCIA AO SERVIDOR;;;847;14;2138;12;365;3.1.91.13.08.00.00.00;1.540.000.1070;31911300000000;78.019,08;0,00;0,00;PESSOAL E ENCARGOS SOCIAIS DE CRECHES;OBRIGAÇÕES PATRONAIS
Especificação: ;;PELA DESPESA DE FOLHA DE PAGAMENTO EMPENHADA REFERENTE MENSAL 1/2026;;;;;;;;;;;;;;;;;;;;;;;;;;;;;;;;;;;;;
668;PREFEITURA MUNICIPAL DE BARBACENA;;31011365;613;2026;ORDINARIO;0;0;PELA DESPESA DE FOLHA DE PAGAMENTO EMPENHADA REFERENTE MENSAL 1/2026;31/01/26 00:00;1.023,81;0,00;1.023,81;0,00;1.023,81;0,00;0,00;0,00;0,00;0,00;0,00;0,00;1547277;SISTEMA MUNICIPAL DE PREVIDENCIA E ASSISTENCIA AO SERVIDOR;;;830;14;2082;12;365;3.1.91.13.08.00.00.00;2.546.000.1070;31911300000000;1.023,81;0,00;0,00;PESSOAL E ENCARGOS SOCIAIS DA EDUCACAO INFANTIL;OBRIGAÇÕES PATRONAIS
Especificação: ;;PELA DESPESA DE FOLHA DE PAGAMENTO EMPENHADA REFERENTE MENSAL 1/2026;;;;;;;;;;;;;;;;;;;;;;;;;;;;;;;;;;;;;
668;PREFEITURA MUNICIPAL DE BARBACENA;;31011361;614;2026;ORDINARIO;0;0;PELA DESPESA DE FOLHA DE PAGAMENTO EMPENHADA REFERENTE MENSAL 1/2026;31/01/26 00:00;678,40;0,00;678,40;0,00;0,00;0,00;0,00;0,00;0,00;0,00;0,00;0,00;1543412;IPSEMG-INST.PREVID.SERVIDORES DO ESTADO DE MINAS G;;;759;11;2126;12;122;3.1.90.13.99.00.00.00;1.500.000.1001;31901300000000;0,00;0,00;678,40;PESSOAL E ENCARGOS SOCIAIS DA SEDUC;OBRIGAÇÕES PATRONAIS
Especificação: ;;PELA DESPESA DE FOLHA DE PAGAMENTO EMPENHADA REFERENTE MENSAL 1/2026;;;;;;;;;;;;;;;;;;;;;;;;;;;;;;;;;;;;;
668;PREFEITURA MUNICIPAL DE BARBACENA;;31011358;615;2026;ORDINARIO;0;0;PELA DESPESA DE FOLHA DE PAGAMENTO EMPENHADA REFERENTE MENSAL 1/2026;31/01/26 00:00;19.843,47;0,00;19.843,47;0,00;0,00;0,00;2.228,86;0,00;0,00;0,00;0,00;0,00;1544068;INSS-INSTITUTO NACIONAL DO SEGURO SOCIAL;;;844;14;2138;12;365;3.1.90.04.15.00.00.00;1.540.000.1070;31900400000000;2.228,86;0,00;17.614,61;PESSOAL E ENCARGOS SOCIAIS DE CRECHES;CONTRATAÇÃO POR TEMPO DETERMINADO
Especificação: ;;PELA DESPESA DE FOLHA DE PAGAMENTO EMPENHADA REFERENTE MENSAL 1/2026;;;;;;;;;;;;;;;;;;;;;;;;;;;;;;;;;;;;;
668;PREFEITURA MUNICIPAL DE BARBACENA;;31011356;616;2026;ORDINARIO;0;0;PELA DESPESA DE FOLHA DE PAGAMENTO EMPENHADA REFERENTE MENSAL 1/2026;31/01/26 00:00;1.020,91;0,00;1.020,91;0,00;0,00;0,00;0,00;0,00;0,00;0,00;0,00;0,00;1544068;INSS-INSTITUTO NACIONAL DO SEGURO SOCIAL;;;795;15;2204;12;361;3.1.90.04.15.00.00.00;1.500.000.1001;31900400000000;0,00;0,00;1.020,91;PESSOAL E ENCARGOS SOCIAIS DO ENSINO FUNDAMENTAL;CONTRATAÇÃO POR TEMPO DETERMINADO
Especificação: ;;PELA DESPESA DE FOLHA DE PAGAMENTO EMPENHADA REFERENTE MENSAL 1/2026;;;;;;;;;;;;;;;;;;;;;;;;;;;;;;;;;;;;;
668;PREFEITURA MUNICIPAL DE BARBACENA;;31011352;617;2026;ORDINARIO;0;0;PELA DESPESA DE FOLHA DE PAGAMENTO EMPENHADA REFERENTE MENSAL 1/2026;31/01/26 00:00;15.044,96;0,00;15.044,96;0,00;15.044,96;0,00;0,00;0,00;0,00;0,00;0,00;0,00;1547277;SISTEMA MUNICIPAL DE PREVIDENCIA E ASSISTENCIA AO SERVIDOR;;;892;38;2222;12;367;3.1.91.13.08.00.00.00;1.540.000.1070;31911300000000;15.044,96;0,00;0,00;PESSOAL E ENCARGOS SOCIAIS DO ATENDIMENTO EDUCACIONAL ESPECIALIZADO;OBRIGAÇÕES PATRONAIS
Especificação: ;;PELA DESPESA DE FOLHA DE PAGAMENTO EMPENHADA REFERENTE MENSAL 1/2026;;;;;;;;;;;;;;;;;;;;;;;;;;;;;;;;;;;;;
668;PREFEITURA MUNICIPAL DE BARBACENA;;31011359;618;2026;ORDINARIO;0;0;PELA DESPESA DE FOLHA DE PAGAMENTO EMPENHADA REFERENTE MENSAL 1/2026;31/01/26 00:00;969,86;0,00;969,86;0,00;0,00;0,00;0,00;0,00;0,00;0,00;0,00;0,00;1544068;INSS-INSTITUTO NACIONAL DO SEGURO SOCIAL;;;903;37;2079;12;392;3.1.90.13.03.00.00.00;1.500.000.0000;31901300000000;0,00;0,00;969,86;MANUTENÇÃO DE AÇÕES DO CONSERVATÓRIO MUNICIPAL;OBRIGAÇÕES PATRONAIS
Especificação: ;;PELA DESPESA DE FOLHA DE PAGAMENTO EMPENHADA REFERENTE MENSAL 1/2026;;;;;;;;;;;;;;;;;;;;;;;;;;;;;;;;;;;;;
668;PREFEITURA MUNICIPAL DE BARBACENA;;31011357;619;2026;ORDINARIO;0;0;PELA DESPESA DE FOLHA DE PAGAMENTO EMPENHADA REFERENTE MENSAL 1/2026;31/01/26 00:00;55.622,92;0,00;55.622,92;0,00;55.622,92;0,00;0,00;0,00;0,00;0,00;0,00;0,00;1547277;SISTEMA MUNICIPAL DE PREVIDENCIA E ASSISTENCIA AO SERVIDOR;;;798;15;2204;12;361;3.1.91.13.08.00.00.00;1.500.000.1001;31911300000000;55.622,92;0,00;0,00;PESSOAL E ENCARGOS SOCIAIS DO ENSINO FUNDAMENTAL;OBRIGAÇÕES PATRONAIS
Especificação: ;;PELA DESPESA DE FOLHA DE PAGAMENTO EMPENHADA REFERENTE MENSAL 1/2026;;;;;;;;;;;;;;;;;;;;;;;;;;;;;;;;;;;;;
668;PREFEITURA MUNICIPAL DE BARBACENA;;31011355;620;2026;ORDINARIO;0;0;PELA DESPESA DE FOLHA DE PAGAMENTO EMPENHADA REFERENTE MENSAL 1/2026;31/01/26 00:00;82.560,87;0,00;82.560,87;0,00;82.560,87;0,00;0,00;0,00;0,00;0,00;0,00;0,00;1547277;SISTEMA MUNICIPAL DE PREVIDENCIA E ASSISTENCIA AO SERVIDOR;;;830;14;2082;12;365;3.1.91.13.08.00.00.00;1.540.000.1070;31911300000000;82.560,87;0,00;0,00;PESSOAL E ENCARGOS SOCIAIS DA EDUCACAO INFANTIL;OBRIGAÇÕES PATRONAIS
Especificação: ;;PELA DESPESA DE FOLHA DE PAGAMENTO EMPENHADA REFERENTE MENSAL 1/2026;;;;;;;;;;;;;;;;;;;;;;;;;;;;;;;;;;;;;
668;PREFEITURA MUNICIPAL DE BARBACENA;;31011351;621;2026;ORDINARIO;0;0;PELA DESPESA DE FOLHA DE PAGAMENTO EMPENHADA REFERENTE MENSAL 1/2026;31/01/26 00:00;7.090,59;0,00;7.090,59;0,00;0,00;0,00;0,00;0,00;0,00;0,00;0,00;0,00;1544068;INSS-INSTITUTO NACIONAL DO SEGURO SOCIAL;;;759;11;2126;12;122;3.1.90.13.03.00.00.00;1.500.000.1001;31901300000000;0,00;0,00;7.090,59;PESSOAL E ENCARGOS SOCIAIS DA SEDUC;OBRIGAÇÕES PATRONAIS
Especificação: ;;PELA DESPESA DE FOLHA DE PAGAMENTO EMPENHADA REFERENTE MENSAL 1/2026;;;;;;;;;;;;;;;;;;;;;;;;;;;;;;;;;;;;;
668;PREFEITURA MUNICIPAL DE BARBACENA;;31011349;622;2026;ORDINARIO;0;0;PELA DESPESA DE FOLHA DE PAGAMENTO EMPENHADA REFERENTE MENSAL 1/2026;31/01/26 00:00;13.769,84;0,00;13.769,84;0,00;13.769,84;0,00;0,00;0,00;0,00;0,00;0,00;0,00;1547277;SISTEMA MUNICIPAL DE PREVIDENCIA E ASSISTENCIA AO SERVIDOR;;;830;14;2082;12;365;3.1.91.13.08.00.00.00;1.500.000.1001;31911300000000;13.769,84;0,00;0,00;PESSOAL E ENCARGOS SOCIAIS DA EDUCACAO INFANTIL;OBRIGAÇÕES PATRONAIS
Especificação: ;;PELA DESPESA DE FOLHA DE PAGAMENTO EMPENHADA REFERENTE MENSAL 1/2026;;;;;;;;;;;;;;;;;;;;;;;;;;;;;;;;;;;;;
668;PREFEITURA MUNICIPAL DE BARBACENA;;31014946;623;2026;ORDINARIO;0;0;PELA DESPESA DE FOLHA DE PAGAMENTO EMPENHADA REFERENTE MENSAL 1/2026;31/01/26 00:00;74.038,38;0,00;74.038,38;0,00;59.413,53;0,00;14.624,85;0,00;0,00;0,00;0,00;0,00;1547285;MUNICÍPIO DE BARBACENA;;;758;11;2126;12;122;3.1.90.11.01.00.00.00;1.500.000.1001;31901100000000;74.038,38;0,00;0,00;PESSOAL E ENCARGOS SOCIAIS DA SEDUC;VENCIMENTOS E VANTAGENS FIXAS - PESSOAL CIVIL
Especificação: ;;PELA DESPESA DE FOLHA DE PAGAMENTO EMPENHADA REFERENTE MENSAL 1/2026;;;;;;;;;;;;;;;;;;;;;;;;;;;;;;;;;;;;;
668;PREFEITURA MUNICIPAL DE BARBACENA;;31014944;624;2026;ORDINARIO;0;0;PELA DESPESA DE FOLHA DE PAGAMENTO EMPENHADA REFERENTE MENSAL 1/2026;31/01/26 00:00;28.395,59;0,00;28.395,59;0,00;26.028,78;0,00;2.366,81;0,00;0,00;0,00;0,00;0,00;1547285;MUNICÍPIO DE BARBACENA;;;757;11;2126;12;122;3.1.90.04.01.00.00.00;1.500.000.1001;31900400000000;28.395,59;0,00;0,00;PESSOAL E ENCARGOS SOCIAIS DA SEDUC;CONTRATAÇÃO POR TEMPO DETERMINADO
Especificação: ;;PELA DESPESA DE FOLHA DE PAGAMENTO EMPENHADA REFERENTE MENSAL 1/2026;;;;;;;;;;;;;;;;;;;;;;;;;;;;;;;;;;;;;
668;PREFEITURA MUNICIPAL DE BARBACENA;;31014942;625;2026;ORDINARIO;0;0;PELA DESPESA DE FOLHA DE PAGAMENTO EMPENHADA REFERENTE MENSAL 1/2026;31/01/26 00:00;90.217,77;0,00;90.217,77;0,00;0,00;0,00;36.791,47;0,00;0,00;0,00;0,00;0,00;1547285;MUNICÍPIO DE BARBACENA;;;845;14;2138;12;365;3.1.90.11.01.00.00.00;1.540.000.1070;31901100000000;36.791,47;0,00;53.426,30;PESSOAL E ENCARGOS SOCIAIS DE CRECHES;VENCIMENTOS E VANTAGENS FIXAS - PESSOAL CIVIL
Especificação: ;;PELA DESPESA DE FOLHA DE PAGAMENTO EMPENHADA REFERENTE MENSAL 1/2026;;;;;;;;;;;;;;;;;;;;;;;;;;;;;;;;;;;;;
668;PREFEITURA MUNICIPAL DE BARBACENA;;31014941;626;2026;ORDINARIO;0;0;PELA DESPESA DE FOLHA DE PAGAMENTO EMPENHADA REFERENTE MENSAL 1/2026;31/01/26 00:00;10.800,00;0,00;10.800,00;0,00;0,00;0,00;0,00;0,00;0,00;0,00;0,00;0,00;1547285;MUNICÍPIO DE BARBACENA;;;833;14;2082;12;365;3.3.90.46.00.00.00.00;2.546.000.0000;33904600000000;0,00;0,00;10.800,00;PESSOAL E ENCARGOS SOCIAIS DA EDUCACAO INFANTIL;AUXÍLIO-ALIMENTAÇÃO
Especificação: ;;PELA DESPESA DE FOLHA DE PAGAMENTO EMPENHADA REFERENTE MENSAL 1/2026;;;;;;;;;;;;;;;;;;;;;;;;;;;;;;;;;;;;;
668;PREFEITURA MUNICIPAL DE BARBACENA;;31014933;627;2026;ORDINARIO;0;0;PELA DESPESA DE FOLHA DE PAGAMENTO EMPENHADA REFERENTE MENSAL 1/2026;31/01/26 00:00;428.101,67;0,00;428.101,67;0,00;0,00;0,00;220.120,91;0,00;0,00;0,00;0,00;0,00;1547285;MUNICÍPIO DE BARBACENA;;;796;15;2204;12;361;3.1.90.11.01.00.00.00;1.540.000.1070;31901100000000;220.120,91;0,00;207.980,76;PESSOAL E ENCARGOS SOCIAIS DO ENSINO FUNDAMENTAL;VENCIMENTOS E VANTAGENS FIXAS - PESSOAL CIVIL
Especificação: ;;PELA DESPESA DE FOLHA DE PAGAMENTO EMPENHADA REFERENTE MENSAL 1/2026;;;;;;;;;;;;;;;;;;;;;;;;;;;;;;;;;;;;;
668;PREFEITURA MUNICIPAL DE BARBACENA;;31014932;628;2026;ORDINARIO;0;0;PELA DESPESA DE FOLHA DE PAGAMENTO EMPENHADA REFERENTE MENSAL 1/2026;31/01/26 00:00;11.609,88;0,00;11.609,88;0,00;10.948,82;0,00;661,06;0,00;0,00;0,00;0,00;0,00;1547285;MUNICÍPIO DE BARBACENA;;;901;37;2079;12;392;3.1.90.04.01.00.00.00;1.500.000.0000;31900400000000;11.609,88;0,00;0,00;MANUTENÇÃO DE AÇÕES DO CONSERVATÓRIO MUNICIPAL;CONTRATAÇÃO POR TEMPO DETERMINADO
Especificação: ;;PELA DESPESA DE FOLHA DE PAGAMENTO EMPENHADA REFERENTE MENSAL 1/2026;;;;;;;;;;;;;;;;;;;;;;;;;;;;;;;;;;;;;
668;PREFEITURA MUNICIPAL DE BARBACENA;;31014925;629;2026;ORDINARIO;0;0;PELA DESPESA DE FOLHA DE PAGAMENTO EMPENHADA REFERENTE MENSAL 1/2026;31/01/26 00:00;112.200,00;0,00;112.200,00;0,00;0,00;0,00;0,00;0,00;0,00;0,00;0,00;0,00;1547285;MUNICÍPIO DE BARBACENA;;;833;14;2082;12;365;3.3.90.46.00.00.00.00;2.540.000.0000;33904600000000;0,00;0,00;112.200,00;PESSOAL E ENCARGOS SOCIAIS DA EDUCACAO INFANTIL;AUXÍLIO-ALIMENTAÇÃO
Especificação: ;;PELA DESPESA DE FOLHA DE PAGAMENTO EMPENHADA REFERENTE MENSAL 1/2026;;;;;;;;;;;;;;;;;;;;;;;;;;;;;;;;;;;;;
668;PREFEITURA MUNICIPAL DE BARBACENA;;31014927;630;2026;ORDINARIO;0;0;PELA DESPESA DE FOLHA DE PAGAMENTO EMPENHADA REFERENTE MENSAL 1/2026;31/01/26 00:00;99.806,45;0,00;99.806,45;0,00;0,00;0,00;37.336,19;0,00;0,00;0,00;0,00;0,00;1547285;MUNICÍPIO DE BARBACENA;;;828;14;2082;12;365;3.1.90.11.01.00.00.00;1.540.000.1070;31901100000000;37.336,19;0,00;62.470,26;PESSOAL E ENCARGOS SOCIAIS DA EDUCACAO INFANTIL;VENCIMENTOS E VANTAGENS FIXAS - PESSOAL CIVIL
Especificação: ;;PELA DESPESA DE FOLHA DE PAGAMENTO EMPENHADA REFERENTE MENSAL 1/2026;;;;;;;;;;;;;;;;;;;;;;;;;;;;;;;;;;;;;
668;PREFEITURA MUNICIPAL DE BARBACENA;;31014919;631;2026;ORDINARIO;0;0;PELA DESPESA DE FOLHA DE PAGAMENTO EMPENHADA REFERENTE MENSAL 1/2026;31/01/26 00:00;204.409,78;0,00;204.409,78;0,00;0,00;0,00;14.614,55;0,00;0,00;0,00;0,00;0,00;1547285;MUNICÍPIO DE BARBACENA;;;889;38;2222;12;367;3.1.90.04.01.00.00.00;1.540.000.1070;31900400000000;14.614,55;0,00;189.795,23;PESSOAL E ENCARGOS SOCIAIS DO ATENDIMENTO EDUCACIONAL ESPECIALIZADO;CONTRATAÇÃO POR TEMPO DETERMINADO
Especificação: ;;PELA DESPESA DE FOLHA DE PAGAMENTO EMPENHADA REFERENTE MENSAL 1/2026;;;;;;;;;;;;;;;;;;;;;;;;;;;;;;;;;;;;;
668;PREFEITURA MUNICIPAL DE BARBACENA;;31014916;632;2026;ORDINARIO;0;0;PELA DESPESA DE FOLHA DE PAGAMENTO EMPENHADA REFERENTE MENSAL 1/2026;31/01/26 00:00;405,25;0,00;405,25;0,00;0,00;0,00;0,00;0,00;0,00;0,00;0,00;0,00;1547285;MUNICÍPIO DE BARBACENA;;;848;14;2138;12;365;3.3.90.08.56.00.00.00;2.540.000.0000;33900800000000;0,00;0,00;405,25;PESSOAL E ENCARGOS SOCIAIS DE CRECHES;OUTROS BENEFÍCIOS ASSISTENCIAIS-SERVIDOR/MILITAR
Especificação: ;;PELA DESPESA DE FOLHA DE PAGAMENTO EMPENHADA REFERENTE MENSAL 1/2026;;;;;;;;;;;;;;;;;;;;;;;;;;;;;;;;;;;;;
668;PREFEITURA MUNICIPAL DE BARBACENA;;31014907;633;2026;ORDINARIO;0;0;PELA DESPESA DE FOLHA DE PAGAMENTO EMPENHADA REFERENTE MENSAL 1/2026;31/01/26 00:00;753.397,94;0,00;753.397,94;0,00;0,00;0,00;161.065,39;0,00;0,00;0,00;0,00;0,00;1547285;MUNICÍPIO DE BARBACENA;;;796;15;2204;12;361;3.1.90.11.45.00.00.00;1.540.000.1070;31901100000000;161.065,39;0,00;592.332,55;PESSOAL E ENCARGOS SOCIAIS DO ENSINO FUNDAMENTAL;VENCIMENTOS E VANTAGENS FIXAS - PESSOAL CIVIL
Especificação: ;;PELA DESPESA DE FOLHA DE PAGAMENTO EMPENHADA REFERENTE MENSAL 1/2026;;;;;;;;;;;;;;;;;;;;;;;;;;;;;;;;;;;;;
668;PREFEITURA MUNICIPAL DE BARBACENA;;31014897;634;2026;ORDINARIO;0;0;PELA DESPESA DE FOLHA DE PAGAMENTO EMPENHADA REFERENTE MENSAL 1/2026;31/01/26 00:00;16.175,32;0,00;16.175,32;0,00;10.554,38;0,00;5.620,94;0,00;0,00;0,00;0,00;0,00;1547285;MUNICÍPIO DE BARBACENA;;;845;14;2138;12;365;3.1.90.11.01.00.00.00;1.500.000.1001;31901100000000;16.175,32;0,00;0,00;PESSOAL E ENCARGOS SOCIAIS DE CRECHES;VENCIMENTOS E VANTAGENS FIXAS - PESSOAL CIVIL
Especificação: ;;PELA DESPESA DE FOLHA DE PAGAMENTO EMPENHADA REFERENTE MENSAL 1/2026;;;;;;;;;;;;;;;;;;;;;;;;;;;;;;;;;;;;;
668;PREFEITURA MUNICIPAL DE BARBACENA;;31014882;635;2026;ORDINARIO;0;0;PELA DESPESA DE FOLHA DE PAGAMENTO EMPENHADA REFERENTE MENSAL 1/2026;31/01/26 00:00;19.200,00;0,00;19.200,00;0,00;19.200,00;0,00;0,00;0,00;0,00;0,00;0,00;0,00;1547285;MUNICÍPIO DE BARBACENA;;;767;11;2126;12;122;3.3.90.46.00.00.00.00;1.500.000.1001;33904600000000;19.200,00;0,00;0,00;PESSOAL E ENCARGOS SOCIAIS DA SEDUC;AUXÍLIO-ALIMENTAÇÃO
Especificação: ;;PELA DESPESA DE FOLHA DE PAGAMENTO EMPENHADA REFERENTE MENSAL 1/2026;;;;;;;;;;;;;;;;;;;;;;;;;;;;;;;;;;;;;
668;PREFEITURA MUNICIPAL DE BARBACENA;;31014839;636;2026;ORDINARIO;0;0;PELA DESPESA DE FOLHA DE PAGAMENTO EMPENHADA REFERENTE MENSAL 1/2026;31/01/26 00:00;8.970,16;0,00;8.970,16;0,00;8.970,16;0,00;0,00;0,00;0,00;0,00;0,00;0,00;1547285;MUNICÍPIO DE BARBACENA;;;902;37;2079;12;392;3.1.90.11.52.00.00.00;1.500.000.0000;31901100000000;8.970,16;0,00;0,00;MANUTENÇÃO DE AÇÕES DO CONSERVATÓRIO MUNICIPAL;VENCIMENTOS E VANTAGENS FIXAS - PESSOAL CIVIL
Especificação: ;;PELA DESPESA DE FOLHA DE PAGAMENTO EMPENHADA REFERENTE MENSAL 1/2026;;;;;;;;;;;;;;;;;;;;;;;;;;;;;;;;;;;;;
668;PREFEITURA MUNICIPAL DE BARBACENA;;31014825;637;2026;ORDINARIO;0;0;PELA DESPESA DE FOLHA DE PAGAMENTO EMPENHADA REFERENTE MENSAL 1/2026;31/01/26 00:00;118.200,00;0,00;118.200,00;0,00;0,00;0,00;0,00;0,00;0,00;0,00;0,00;0,00;1547285;MUNICÍPIO DE BARBACENA;;;895;38;2222;12;367;3.3.90.46.00.00.00.00;2.540.000.0000;33904600000000;0,00;0,00;118.200,00;PESSOAL E ENCARGOS SOCIAIS DO ATENDIMENTO EDUCACIONAL ESPECIALIZADO;AUXÍLIO-ALIMENTAÇÃO
Especificação: ;;PELA DESPESA DE FOLHA DE PAGAMENTO EMPENHADA REFERENTE MENSAL 1/2026;;;;;;;;;;;;;;;;;;;;;;;;;;;;;;;;;;;;;
668;PREFEITURA MUNICIPAL DE BARBACENA;;31014817;638;2026;ORDINARIO;0;0;PELA DESPESA DE FOLHA DE PAGAMENTO EMPENHADA REFERENTE MENSAL 1/2026;31/01/26 00:00;4.103,95;0,00;4.103,95;0,00;3.536,38;0,00;567,57;0,00;0,00;0,00;0,00;0,00;1547285;MUNICÍPIO DE BARBACENA;;;795;15;2204;12;361;3.1.90.04.14.00.00.00;1.500.000.1001;31900400000000;4.103,95;0,00;0,00;PESSOAL E ENCARGOS SOCIAIS DO ENSINO FUNDAMENTAL;CONTRATAÇÃO POR TEMPO DETERMINADO
Especificação: ;;PELA DESPESA DE FOLHA DE PAGAMENTO EMPENHADA REFERENTE MENSAL 1/2026;;;;;;;;;;;;;;;;;;;;;;;;;;;;;;;;;;;;;
668;PREFEITURA MUNICIPAL DE BARBACENA;;31014914;639;2026;ORDINARIO;0;0;PELA DESPESA DE FOLHA DE PAGAMENTO EMPENHADA REFERENTE MENSAL 1/2026;31/01/26 00:00;186.719,64;0,00;186.719,64;0,00;0,00;0,00;38.770,97;0,00;0,00;0,00;0,00;0,00;1547285;MUNICÍPIO DE BARBACENA;;;845;14;2138;12;365;3.1.90.11.45.00.00.00;1.540.000.1070;31901100000000;38.770,97;0,00;147.948,67;PESSOAL E ENCARGOS SOCIAIS DE CRECHES;VENCIMENTOS E VANTAGENS FIXAS - PESSOAL CIVIL
Especificação: ;;PELA DESPESA DE FOLHA DE PAGAMENTO EMPENHADA REFERENTE MENSAL 1/2026;;;;;;;;;;;;;;;;;;;;;;;;;;;;;;;;;;;;;
668;PREFEITURA MUNICIPAL DE BARBACENA;;31014900;640;2026;ORDINARIO;0;0;PELA DESPESA DE FOLHA DE PAGAMENTO EMPENHADA REFERENTE MENSAL 1/2026;31/01/26 00:00;177.030,33;0,00;177.030,33;0,00;111.377,54;0,00;65.652,79;0,00;0,00;0,00;0,00;0,00;1547285;MUNICÍPIO DE BARBACENA;;;796;15;2204;12;361;3.1.90.11.01.00.00.00;1.500.000.1001;31901100000000;177.030,33;0,00;0,00;PESSOAL E ENCARGOS SOCIAIS DO ENSINO FUNDAMENTAL;VENCIMENTOS E VANTAGENS FIXAS - PESSOAL CIVIL
Especificação: ;;PELA DESPESA DE FOLHA DE PAGAMENTO EMPENHADA REFERENTE MENSAL 1/2026;;;;;;;;;;;;;;;;;;;;;;;;;;;;;;;;;;;;;
668;PREFEITURA MUNICIPAL DE BARBACENA;;31014886;641;2026;ORDINARIO;0;0;PELA DESPESA DE FOLHA DE PAGAMENTO EMPENHADA REFERENTE MENSAL 1/2026;31/01/26 00:00;182.295,61;0,00;182.295,61;0,00;0,00;0,00;17.457,61;0,00;0,00;0,00;0,00;0,00;1547285;MUNICÍPIO DE BARBACENA;;;827;14;2082;12;365;3.1.90.04.14.00.00.00;1.540.000.1070;31900400000000;17.457,61;0,00;164.838,00;PESSOAL E ENCARGOS SOCIAIS DA EDUCACAO INFANTIL;CONTRATAÇÃO POR TEMPO DETERMINADO
Especificação: ;;PELA DESPESA DE FOLHA DE PAGAMENTO EMPENHADA REFERENTE MENSAL 1/2026;;;;;;;;;;;;;;;;;;;;;;;;;;;;;;;;;;;;;
668;PREFEITURA MUNICIPAL DE BARBACENA;;31014842;642;2026;ORDINARIO;0;0;PELA DESPESA DE FOLHA DE PAGAMENTO EMPENHADA REFERENTE MENSAL 1/2026;31/01/26 00:00;425.400,00;0,00;425.400,00;0,00;0,00;0,00;0,00;0,00;0,00;0,00;0,00;0,00;1547285;MUNICÍPIO DE BARBACENA;;;802;15;2204;12;361;3.3.90.46.00.00.00.00;2.540.000.0000;33904600000000;0,00;0,00;425.400,00;PESSOAL E ENCARGOS SOCIAIS DO ENSINO FUNDAMENTAL;AUXÍLIO-ALIMENTAÇÃO
Especificação: ;;PELA DESPESA DE FOLHA DE PAGAMENTO EMPENHADA REFERENTE MENSAL 1/2026;;;;;;;;;;;;;;;;;;;;;;;;;;;;;;;;;;;;;
668;PREFEITURA MUNICIPAL DE BARBACENA;;31014836;643;2026;ORDINARIO;0;0;PELA DESPESA DE FOLHA DE PAGAMENTO EMPENHADA REFERENTE MENSAL 1/2026;31/01/26 00:00;26.104,29;0,00;26.104,29;0,00;21.004,58;0,00;5.099,71;0,00;0,00;0,00;0,00;0,00;1547285;MUNICÍPIO DE BARBACENA;;;796;15;2204;12;361;3.1.90.11.45.00.00.00;1.500.000.1001;31901100000000;26.104,29;0,00;0,00;PESSOAL E ENCARGOS SOCIAIS DO ENSINO FUNDAMENTAL;VENCIMENTOS E VANTAGENS FIXAS - PESSOAL CIVIL
Especificação: ;;PELA DESPESA DE FOLHA DE PAGAMENTO EMPENHADA REFERENTE MENSAL 1/2026;;;;;;;;;;;;;;;;;;;;;;;;;;;;;;;;;;;;;
668;PREFEITURA MUNICIPAL DE BARBACENA;;31014820;644;2026;ORDINARIO;0;0;PELA DESPESA DE FOLHA DE PAGAMENTO EMPENHADA REFERENTE MENSAL 1/2026;31/01/26 00:00;16.855,92;0,00;16.855,92;0,00;0,00;0,00;4.510,13;0,00;0,00;0,00;0,00;0,00;1547285;MUNICÍPIO DE BARBACENA;;;890;38;2222;12;367;3.1.90.11.01.00.00.00;1.540.000.1070;31901100000000;4.510,13;0,00;12.345,79;PESSOAL E ENCARGOS SOCIAIS DO ATENDIMENTO EDUCACIONAL ESPECIALIZADO;VENCIMENTOS E VANTAGENS FIXAS - PESSOAL CIVIL
Especificação: ;;PELA DESPESA DE FOLHA DE PAGAMENTO EMPENHADA REFERENTE MENSAL 1/2026;;;;;;;;;;;;;;;;;;;;;;;;;;;;;;;;;;;;;
668;PREFEITURA MUNICIPAL DE BARBACENA;;31014804;645;2026;ORDINARIO;0;0;PELA DESPESA DE FOLHA DE PAGAMENTO EMPENHADA REFERENTE MENSAL 1/2026;31/01/26 00:00;37.920,52;0,00;37.920,52;0,00;34.089,99;0,00;3.830,53;0,00;0,00;0,00;0,00;0,00;1547285;MUNICÍPIO DE BARBACENA;;;901;37;2079;12;392;3.1.90.04.14.00.00.00;1.500.000.0000;31900400000000;37.920,52;0,00;0,00;MANUTENÇÃO DE AÇÕES DO CONSERVATÓRIO MUNICIPAL;CONTRATAÇÃO POR TEMPO DETERMINADO
Especificação: ;;PELA DESPESA DE FOLHA DE PAGAMENTO EMPENHADA REFERENTE MENSAL 1/2026;;;;;;;;;;;;;;;;;;;;;;;;;;;;;;;;;;;;;
668;PREFEITURA MUNICIPAL DE BARBACENA;;31014814;646;2026;ORDINARIO;0;0;PELA DESPESA DE FOLHA DE PAGAMENTO EMPENHADA REFERENTE MENSAL 1/2026;31/01/26 00:00;1.702,05;0,00;1.702,05;0,00;0,00;0,00;0,00;0,00;0,00;0,00;0,00;0,00;1547285;MUNICÍPIO DE BARBACENA;;;845;14;2138;12;365;3.1.90.11.52.00.00.00;1.540.000.1070;31901100000000;0,00;0,00;1.702,05;PESSOAL E ENCARGOS SOCIAIS DE CRECHES;VENCIMENTOS E VANTAGENS FIXAS - PESSOAL CIVIL
Especificação: ;;PELA DESPESA DE FOLHA DE PAGAMENTO EMPENHADA REFERENTE MENSAL 1/2026;;;;;;;;;;;;;;;;;;;;;;;;;;;;;;;;;;;;;
668;PREFEITURA MUNICIPAL DE BARBACENA;;31014809;647;2026;ORDINARIO;0;0;PELA DESPESA DE FOLHA DE PAGAMENTO EMPENHADA REFERENTE MENSAL 1/2026;31/01/26 00:00;38.289,19;0,00;38.289,19;0,00;0,00;0,00;0,00;0,00;0,00;0,00;0,00;0,00;1547285;MUNICÍPIO DE BARBACENA;;;796;15;2204;12;361;3.1.90.11.52.00.00.00;1.540.000.1070;31901100000000;0,00;0,00;38.289,19;PESSOAL E ENCARGOS SOCIAIS DO ENSINO FUNDAMENTAL;VENCIMENTOS E VANTAGENS FIXAS - PESSOAL CIVIL
Especificação: ;;PELA DESPESA DE FOLHA DE PAGAMENTO EMPENHADA REFERENTE MENSAL 1/2026;;;;;;;;;;;;;;;;;;;;;;;;;;;;;;;;;;;;;
668;PREFEITURA MUNICIPAL DE BARBACENA;;31014802;648;2026;ORDINARIO;0;0;PELA DESPESA DE FOLHA DE PAGAMENTO EMPENHADA REFERENTE MENSAL 1/2026;31/01/26 00:00;2.480,00;0,00;2.480,00;0,00;2.480,00;0,00;0,00;0,00;0,00;0,00;0,00;0,00;1547285;MUNICÍPIO DE BARBACENA;;;802;15;2204;12;361;3.3.90.46.00.00.00.00;1.500.000.1001;33904600000000;2.480,00;0,00;0,00;PESSOAL E ENCARGOS SOCIAIS DO ENSINO FUNDAMENTAL;AUXÍLIO-ALIMENTAÇÃO
Especificação: ;;PELA DESPESA DE FOLHA DE PAGAMENTO EMPENHADA REFERENTE MENSAL 1/2026;;;;;;;;;;;;;;;;;;;;;;;;;;;;;;;;;;;;;
668;PREFEITURA MUNICIPAL DE BARBACENA;;31014785;649;2026;ORDINARIO;0;0;PELA DESPESA DE FOLHA DE PAGAMENTO EMPENHADA REFERENTE MENSAL 1/2026;31/01/26 00:00;224.202,35;0,00;224.202,35;0,00;0,00;0,00;21.314,16;0,00;0,00;0,00;0,00;0,00;1547285;MUNICÍPIO DE BARBACENA;;;889;38;2222;12;367;3.1.90.04.14.00.00.00;1.540.000.1070;31900400000000;21.314,16;0,00;202.888,19;PESSOAL E ENCARGOS SOCIAIS DO ATENDIMENTO EDUCACIONAL ESPECIALIZADO;CONTRATAÇÃO POR TEMPO DETERMINADO
Especificação: ;;PELA DESPESA DE FOLHA DE PAGAMENTO EMPENHADA REFERENTE MENSAL 1/2026;;;;;;;;;;;;;;;;;;;;;;;;;;;;;;;;;;;;;
668;PREFEITURA MUNICIPAL DE BARBACENA;;31014800;650;2026;ORDINARIO;0;0;PELA DESPESA DE FOLHA DE PAGAMENTO EMPENHADA REFERENTE MENSAL 1/2026;31/01/26 00:00;1.367,98;0,00;1.367,98;0,00;1.188,97;0,00;179,01;0,00;0,00;0,00;0,00;0,00;1547285;MUNICÍPIO DE BARBACENA;;;795;15;2204;12;361;3.1.90.04.01.00.00.00;1.500.000.1001;31900400000000;1.367,98;0,00;0,00;PESSOAL E ENCARGOS SOCIAIS DO ENSINO FUNDAMENTAL;CONTRATAÇÃO POR TEMPO DETERMINADO
Especificação: ;;PELA DESPESA DE FOLHA DE PAGAMENTO EMPENHADA REFERENTE MENSAL 1/2026;;;;;;;;;;;;;;;;;;;;;;;;;;;;;;;;;;;;;
668;PREFEITURA MUNICIPAL DE BARBACENA;;31014781;651;2026;ORDINARIO;0;0;PELA DESPESA DE FOLHA DE PAGAMENTO EMPENHADA REFERENTE MENSAL 1/2026;31/01/26 00:00;3.656,48;0,00;3.656,48;0,00;0,00;0,00;1.990,84;0,00;0,00;0,00;0,00;0,00;1547285;MUNICÍPIO DE BARBACENA;;;828;14;2082;12;365;3.1.90.11.45.00.00.00;2.546.000.1070;31901100000000;1.990,84;0,00;1.665,64;PESSOAL E ENCARGOS SOCIAIS DA EDUCACAO INFANTIL;VENCIMENTOS E VANTAGENS FIXAS - PESSOAL CIVIL
Especificação: ;;PELA DESPESA DE FOLHA DE PAGAMENTO EMPENHADA REFERENTE MENSAL 1/2026;;;;;;;;;;;;;;;;;;;;;;;;;;;;;;;;;;;;;
668;PREFEITURA MUNICIPAL DE BARBACENA;;31014782;652;2026;ORDINARIO;0;0;PELA DESPESA DE FOLHA DE PAGAMENTO EMPENHADA REFERENTE MENSAL 1/2026;31/01/26 00:00;4.774,77;0,00;4.774,77;0,00;0,00;0,00;0,00;0,00;0,00;0,00;0,00;0,00;1547285;MUNICÍPIO DE BARBACENA;;;828;14;2082;12;365;3.1.90.11.50.00.00.00;1.540.000.1070;31901100000000;0,00;0,00;4.774,77;PESSOAL E ENCARGOS SOCIAIS DA EDUCACAO INFANTIL;VENCIMENTOS E VANTAGENS FIXAS - PESSOAL CIVIL
Especificação: ;;PELA DESPESA DE FOLHA DE PAGAMENTO EMPENHADA REFERENTE MENSAL 1/2026;;;;;;;;;;;;;;;;;;;;;;;;;;;;;;;;;;;;;
668;PREFEITURA MUNICIPAL DE BARBACENA;;31014779;653;2026;ORDINARIO;0;0;PELA DESPESA DE FOLHA DE PAGAMENTO EMPENHADA REFERENTE MENSAL 1/2026;31/01/26 00:00;3.242,00;0,00;3.242,00;0,00;0,00;0,00;243,14;0,00;0,00;0,00;0,00;0,00;1547285;MUNICÍPIO DE BARBACENA;;;827;14;2082;12;365;3.1.90.04.01.00.00.00;2.546.000.1070;31900400000000;243,14;0,00;2.998,86;PESSOAL E ENCARGOS SOCIAIS DA EDUCACAO INFANTIL;CONTRATAÇÃO POR TEMPO DETERMINADO
Especificação: ;;PELA DESPESA DE FOLHA DE PAGAMENTO EMPENHADA REFERENTE MENSAL 1/2026;;;;;;;;;;;;;;;;;;;;;;;;;;;;;;;;;;;;;
668;PREFEITURA MUNICIPAL DE BARBACENA;;31014777;654;2026;ORDINARIO;0;0;PELA DESPESA DE FOLHA DE PAGAMENTO EMPENHADA REFERENTE MENSAL 1/2026;31/01/26 00:00;36.876,08;0,00;36.876,08;0,00;0,00;0,00;7.522,44;0,00;0,00;0,00;0,00;0,00;1547285;MUNICÍPIO DE BARBACENA;;;890;38;2222;12;367;3.1.90.11.45.00.00.00;1.540.000.1070;31901100000000;7.522,44;0,00;29.353,64;PESSOAL E ENCARGOS SOCIAIS DO ATENDIMENTO EDUCACIONAL ESPECIALIZADO;VENCIMENTOS E VANTAGENS FIXAS - PESSOAL CIVIL
Especificação: ;;PELA DESPESA DE FOLHA DE PAGAMENTO EMPENHADA REFERENTE MENSAL 1/2026;;;;;;;;;;;;;;;;;;;;;;;;;;;;;;;;;;;;;
668;PREFEITURA MUNICIPAL DE BARBACENA;;31014778;655;2026;ORDINARIO;0;0;PELA DESPESA DE FOLHA DE PAGAMENTO EMPENHADA REFERENTE MENSAL 1/2026;31/01/26 00:00;54.600,00;0,00;54.600,00;0,00;0,00;0,00;0,00;0,00;0,00;0,00;0,00;0,00;1547285;MUNICÍPIO DE BARBACENA;;;849;14;2138;12;365;3.3.90.46.00.00.00.00;2.540.000.0000;33904600000000;0,00;0,00;54.600,00;PESSOAL E ENCARGOS SOCIAIS DE CRECHES;AUXÍLIO-ALIMENTAÇÃO
Especificação: ;;PELA DESPESA DE FOLHA DE PAGAMENTO EMPENHADA REFERENTE MENSAL 1/2026;;;;;;;;;;;;;;;;;;;;;;;;;;;;;;;;;;;;;
668;PREFEITURA MUNICIPAL DE BARBACENA;;31014776;656;2026;ORDINARIO;0;0;PELA DESPESA DE FOLHA DE PAGAMENTO EMPENHADA REFERENTE MENSAL 1/2026;31/01/26 00:00;9.360,84;0,00;9.360,84;0,00;7.523,12;0,00;1.837,72;0,00;0,00;0,00;0,00;0,00;1547285;MUNICÍPIO DE BARBACENA;;;758;11;2126;12;122;3.1.90.11.09.00.00.00;1.500.000.1001;31901100000000;9.360,84;0,00;0,00;PESSOAL E ENCARGOS SOCIAIS DA SEDUC;VENCIMENTOS E VANTAGENS FIXAS - PESSOAL CIVIL
Especificação: ;;PELA DESPESA DE FOLHA DE PAGAMENTO EMPENHADA REFERENTE MENSAL 1/2026;;;;;;;;;;;;;;;;;;;;;;;;;;;;;;;;;;;;;
668;PREFEITURA MUNICIPAL DE BARBACENA;;31014774;657;2026;ORDINARIO;0;0;PELA DESPESA DE FOLHA DE PAGAMENTO EMPENHADA REFERENTE MENSAL 1/2026;31/01/26 00:00;9.600,00;0,00;9.600,00;0,00;9.600,00;0,00;0,00;0,00;0,00;0,00;0,00;0,00;1547285;MUNICÍPIO DE BARBACENA;;;919;37;2079;12;392;3.3.90.46.00.00.00.00;1.500.000.0000;33904600000000;9.600,00;0,00;0,00;MANUTENÇÃO DE AÇÕES DO CONSERVATÓRIO MUNICIPAL;AUXÍLIO-ALIMENTAÇÃO
Especificação: ;;PELA DESPESA DE FOLHA DE PAGAMENTO EMPENHADA REFERENTE MENSAL 1/2026;;;;;;;;;;;;;;;;;;;;;;;;;;;;;;;;;;;;;
668;PREFEITURA MUNICIPAL DE BARBACENA;;31014733;658;2026;ORDINARIO;0;0;PELA DESPESA DE FOLHA DE PAGAMENTO EMPENHADA REFERENTE MENSAL 1/2026;31/01/26 00:00;3.381,03;0,00;3.381,03;0,00;2.860,36;0,00;520,67;0,00;0,00;0,00;0,00;0,00;1547285;MUNICÍPIO DE BARBACENA;;;828;14;2082;12;365;3.1.90.11.45.00.00.00;1.500.000.1001;31901100000000;3.381,03;0,00;0,00;PESSOAL E ENCARGOS SOCIAIS DA EDUCACAO INFANTIL;VENCIMENTOS E VANTAGENS FIXAS - PESSOAL CIVIL
Especificação: ;;PELA DESPESA DE FOLHA DE PAGAMENTO EMPENHADA REFERENTE MENSAL 1/2026;;;;;;;;;;;;;;;;;;;;;;;;;;;;;;;;;;;;;
668;PREFEITURA MUNICIPAL DE BARBACENA;;31014775;659;2026;ORDINARIO;0;0;PELA DESPESA DE FOLHA DE PAGAMENTO EMPENHADA REFERENTE MENSAL 1/2026;31/01/26 00:00;7.770,47;0,00;7.770,47;0,00;3.563,20;0,00;4.207,27;0,00;0,00;0,00;0,00;0,00;1547285;MUNICÍPIO DE BARBACENA;;;902;37;2079;12;392;3.1.90.11.01.00.00.00;1.500.000.0000;31901100000000;7.770,47;0,00;0,00;MANUTENÇÃO DE AÇÕES DO CONSERVATÓRIO MUNICIPAL;VENCIMENTOS E VANTAGENS FIXAS - PESSOAL CIVIL
Especificação: ;;PELA DESPESA DE FOLHA DE PAGAMENTO EMPENHADA REFERENTE MENSAL 1/2026;;;;;;;;;;;;;;;;;;;;;;;;;;;;;;;;;;;;;
668;PREFEITURA MUNICIPAL DE BARBACENA;;31014773;660;2026;ORDINARIO;0;0;PELA DESPESA DE FOLHA DE PAGAMENTO EMPENHADA REFERENTE MENSAL 1/2026;31/01/26 00:00;81,05;0,00;81,05;0,00;0,00;0,00;0,00;0,00;0,00;0,00;0,00;0,00;1547285;MUNICÍPIO DE BARBACENA;;;831;14;2082;12;365;3.3.90.08.56.00.00.00;2.540.000.0000;33900800000000;0,00;0,00;81,05;PESSOAL E ENCARGOS SOCIAIS DA EDUCACAO INFANTIL;OUTROS BENEFÍCIOS ASSISTENCIAIS-SERVIDOR/MILITAR
Especificação: ;;PELA DESPESA DE FOLHA DE PAGAMENTO EMPENHADA REFERENTE MENSAL 1/2026;;;;;;;;;;;;;;;;;;;;;;;;;;;;;;;;;;;;;
668;PREFEITURA MUNICIPAL DE BARBACENA;;31014725;661;2026;ORDINARIO;0;0;PELA DESPESA DE FOLHA DE PAGAMENTO EMPENHADA REFERENTE MENSAL 1/2026;31/01/26 00:00;173.753,60;0,00;173.753,60;0,00;0,00;0,00;13.863,39;0,00;0,00;0,00;0,00;0,00;1547285;MUNICÍPIO DE BARBACENA;;;827;14;2082;12;365;3.1.90.04.01.00.00.00;1.540.000.1070;31900400000000;13.863,39;0,00;159.890,21;PESSOAL E ENCARGOS SOCIAIS DA EDUCACAO INFANTIL;CONTRATAÇÃO POR TEMPO DETERMINADO
Especificação: ;;PELA DESPESA DE FOLHA DE PAGAMENTO EMPENHADA REFERENTE MENSAL 1/2026;;;;;;;;;;;;;;;;;;;;;;;;;;;;;;;;;;;;;
668;PREFEITURA MUNICIPAL DE BARBACENA;;31014722;662;2026;ORDINARIO;0;0;PELA DESPESA DE FOLHA DE PAGAMENTO EMPENHADA REFERENTE MENSAL 1/2026;31/01/26 00:00;1.200,00;0,00;1.200,00;0,00;1.200,00;0,00;0,00;0,00;0,00;0,00;0,00;0,00;1547285;MUNICÍPIO DE BARBACENA;;;833;14;2082;12;365;3.3.90.46.00.00.00.00;1.500.000.1001;33904600000000;1.200,00;0,00;0,00;PESSOAL E ENCARGOS SOCIAIS DA EDUCACAO INFANTIL;AUXÍLIO-ALIMENTAÇÃO
Especificação: ;;PELA DESPESA DE FOLHA DE PAGAMENTO EMPENHADA REFERENTE MENSAL 1/2026;;;;;;;;;;;;;;;;;;;;;;;;;;;;;;;;;;;;;
668;PREFEITURA MUNICIPAL DE BARBACENA;;31014747;663;2026;ORDINARIO;0;0;PELA DESPESA DE FOLHA DE PAGAMENTO EMPENHADA REFERENTE MENSAL 1/2026;31/01/26 00:00;410.312,77;0,00;410.312,77;0,00;0,00;0,00;31.641,85;0,00;0,00;0,00;0,00;0,00;1547285;MUNICÍPIO DE BARBACENA;;;795;15;2204;12;361;3.1.90.04.01.00.00.00;1.540.000.1070;31900400000000;31.641,85;0,00;378.670,92;PESSOAL E ENCARGOS SOCIAIS DO ENSINO FUNDAMENTAL;CONTRATAÇÃO POR TEMPO DETERMINADO
Especificação: ;;PELA DESPESA DE FOLHA DE PAGAMENTO EMPENHADA REFERENTE MENSAL 1/2026;;;;;;;;;;;;;;;;;;;;;;;;;;;;;;;;;;;;;
668;PREFEITURA MUNICIPAL DE BARBACENA;;31014739;664;2026;ORDINARIO;0;0;PELA DESPESA DE FOLHA DE PAGAMENTO EMPENHADA REFERENTE MENSAL 1/2026;31/01/26 00:00;81.312,17;0,00;81.312,17;0,00;0,00;0,00;8.013,09;0,00;0,00;0,00;0,00;0,00;1547285;MUNICÍPIO DE BARBACENA;;;844;14;2138;12;365;3.1.90.04.14.00.00.00;1.540.000.1070;31900400000000;8.013,09;0,00;73.299,08;PESSOAL E ENCARGOS SOCIAIS DE CRECHES;CONTRATAÇÃO POR TEMPO DETERMINADO
Especificação: ;;PELA DESPESA DE FOLHA DE PAGAMENTO EMPENHADA REFERENTE MENSAL 1/2026;;;;;;;;;;;;;;;;;;;;;;;;;;;;;;;;;;;;;
668;PREFEITURA MUNICIPAL DE BARBACENA;;31014732;665;2026;ORDINARIO;0;0;PELA DESPESA DE FOLHA DE PAGAMENTO EMPENHADA REFERENTE MENSAL 1/2026;31/01/26 00:00;4.805,94;0,00;4.805,94;0,00;0,00;0,00;0,00;0,00;0,00;0,00;0,00;0,00;1547285;MUNICÍPIO DE BARBACENA;;;828;14;2082;12;365;3.1.90.11.52.00.00.00;1.540.000.1070;31901100000000;0,00;0,00;4.805,94;PESSOAL E ENCARGOS SOCIAIS DA EDUCACAO INFANTIL;VENCIMENTOS E VANTAGENS FIXAS - PESSOAL CIVIL
Especificação: ;;PELA DESPESA DE FOLHA DE PAGAMENTO EMPENHADA REFERENTE MENSAL 1/2026;;;;;;;;;;;;;;;;;;;;;;;;;;;;;;;;;;;;;
668;PREFEITURA MUNICIPAL DE BARBACENA;;31014730;666;2026;ORDINARIO;0;0;PELA DESPESA DE FOLHA DE PAGAMENTO EMPENHADA REFERENTE MENSAL 1/2026;31/01/26 00:00;22.694,00;0,00;22.694,00;0,00;0,00;0,00;1.701,98;0,00;0,00;0,00;0,00;0,00;1547285;MUNICÍPIO DE BARBACENA;;;827;14;2082;12;365;3.1.90.04.14.00.00.00;2.546.000.1070;31900400000000;1.701,98;0,00;20.992,02;PESSOAL E ENCARGOS SOCIAIS DA EDUCACAO INFANTIL;CONTRATAÇÃO POR TEMPO DETERMINADO
Especificação: ;;PELA DESPESA DE FOLHA DE PAGAMENTO EMPENHADA REFERENTE MENSAL 1/2026;;;;;;;;;;;;;;;;;;;;;;;;;;;;;;;;;;;;;
668;PREFEITURA MUNICIPAL DE BARBACENA;;31014724;667;2026;ORDINARIO;0;0;PELA DESPESA DE FOLHA DE PAGAMENTO EMPENHADA REFERENTE MENSAL 1/2026;31/01/26 00:00;11.090,88;0,00;11.090,88;0,00;10.116,40;0,00;974,48;0,00;0,00;0,00;0,00;0,00;1547285;MUNICÍPIO DE BARBACENA;;;757;11;2126;12;122;3.1.90.04.14.00.00.00;1.500.000.1001;31900400000000;11.090,88;0,00;0,00;PESSOAL E ENCARGOS SOCIAIS DA SEDUC;CONTRATAÇÃO POR TEMPO DETERMINADO
Especificação: ;;PELA DESPESA DE FOLHA DE PAGAMENTO EMPENHADA REFERENTE MENSAL 1/2026;;;;;;;;;;;;;;;;;;;;;;;;;;;;;;;;;;;;;
668;PREFEITURA MUNICIPAL DE BARBACENA;;31014702;668;2026;ORDINARIO;0;0;PELA DESPESA DE FOLHA DE PAGAMENTO EMPENHADA REFERENTE MENSAL 1/2026;31/01/26 00:00;991.455,50;0,00;991.455,50;0,00;0,00;0,00;96.962,81;0,00;0,00;0,00;0,00;0,00;1547285;MUNICÍPIO DE BARBACENA;;;795;15;2204;12;361;3.1.90.04.14.00.00.00;1.540.000.1070;31900400000000;96.962,81;0,00;894.492,69;PESSOAL E ENCARGOS SOCIAIS DO ENSINO FUNDAMENTAL;CONTRATAÇÃO POR TEMPO DETERMINADO
Especificação: ;;PELA DESPESA DE FOLHA DE PAGAMENTO EMPENHADA REFERENTE MENSAL 1/2026;;;;;;;;;;;;;;;;;;;;;;;;;;;;;;;;;;;;;
668;PREFEITURA MUNICIPAL DE BARBACENA;;31014696;669;2026;ORDINARIO;0;0;PELA DESPESA DE FOLHA DE PAGAMENTO EMPENHADA REFERENTE MENSAL 1/2026;31/01/26 00:00;8.209,05;0,00;8.209,05;0,00;6.795,45;0,00;1.413,60;0,00;0,00;0,00;0,00;0,00;1547285;MUNICÍPIO DE BARBACENA;;;902;37;2079;12;392;3.1.90.11.45.00.00.00;1.500.000.0000;31901100000000;8.209,05;0,00;0,00;MANUTENÇÃO DE AÇÕES DO CONSERVATÓRIO MUNICIPAL;VENCIMENTOS E VANTAGENS FIXAS - PESSOAL CIVIL
Especificação: ;;PELA DESPESA DE FOLHA DE PAGAMENTO EMPENHADA REFERENTE MENSAL 1/2026;;;;;;;;;;;;;;;;;;;;;;;;;;;;;;;;;;;;;
668;PREFEITURA MUNICIPAL DE BARBACENA;;31014687;670;2026;ORDINARIO;0;0;PELA DESPESA DE FOLHA DE PAGAMENTO EMPENHADA REFERENTE MENSAL 1/2026;31/01/26 00:00;46.862,66;0,00;46.862,66;0,00;34.592,62;0,00;12.270,04;0,00;0,00;0,00;0,00;0,00;1547285;MUNICÍPIO DE BARBACENA;;;828;14;2082;12;365;3.1.90.11.01.00.00.00;1.500.000.1001;31901100000000;46.862,66;0,00;0,00;PESSOAL E ENCARGOS SOCIAIS DA EDUCACAO INFANTIL;VENCIMENTOS E VANTAGENS FIXAS - PESSOAL CIVIL
Especificação: ;;PELA DESPESA DE FOLHA DE PAGAMENTO EMPENHADA REFERENTE MENSAL 1/2026;;;;;;;;;;;;;;;;;;;;;;;;;;;;;;;;;;;;;
668;PREFEITURA MUNICIPAL DE BARBACENA;;31014682;671;2026;ORDINARIO;0;0;PELA DESPESA DE FOLHA DE PAGAMENTO EMPENHADA REFERENTE MENSAL 1/2026;31/01/26 00:00;7.965,38;0,00;7.965,38;0,00;6.652,50;0,00;1.312,88;0,00;0,00;0,00;0,00;0,00;1547285;MUNICÍPIO DE BARBACENA;;;758;11;2126;12;122;3.1.90.11.45.00.00.00;1.500.000.1001;31901100000000;7.965,38;0,00;0,00;PESSOAL E ENCARGOS SOCIAIS DA SEDUC;VENCIMENTOS E VANTAGENS FIXAS - PESSOAL CIVIL
Especificação: ;;PELA DESPESA DE FOLHA DE PAGAMENTO EMPENHADA REFERENTE MENSAL 1/2026;;;;;;;;;;;;;;;;;;;;;;;;;;;;;;;;;;;;;
668;PREFEITURA MUNICIPAL DE BARBACENA;;31014698;672;2026;ORDINARIO;0;0;PELA DESPESA DE FOLHA DE PAGAMENTO EMPENHADA REFERENTE MENSAL 1/2026;31/01/26 00:00;26.665,98;0,00;26.665,98;0,00;0,00;0,00;2.086,77;0,00;0,00;0,00;0,00;0,00;1547285;MUNICÍPIO DE BARBACENA;;;844;14;2138;12;365;3.1.90.04.01.00.00.00;1.540.000.1070;31900400000000;2.086,77;0,00;24.579,21;PESSOAL E ENCARGOS SOCIAIS DE CRECHES;CONTRATAÇÃO POR TEMPO DETERMINADO
Especificação: ;;PELA DESPESA DE FOLHA DE PAGAMENTO EMPENHADA REFERENTE MENSAL 1/2026;;;;;;;;;;;;;;;;;;;;;;;;;;;;;;;;;;;;;
668;PREFEITURA MUNICIPAL DE BARBACENA;;31014689;673;2026;ORDINARIO;0;0;PELA DESPESA DE FOLHA DE PAGAMENTO EMPENHADA REFERENTE MENSAL 1/2026;31/01/26 00:00;187.569,66;0,00;187.569,66;0,00;0,00;0,00;39.388,39;0,00;0,00;0,00;0,00;0,00;1547285;MUNICÍPIO DE BARBACENA;;;828;14;2082;12;365;3.1.90.11.45.00.00.00;1.540.000.1070;31901100000000;39.388,39;0,00;148.181,27;PESSOAL E ENCARGOS SOCIAIS DA EDUCACAO INFANTIL;VENCIMENTOS E VANTAGENS FIXAS - PESSOAL CIVIL
Especificação: ;;PELA DESPESA DE FOLHA DE PAGAMENTO EMPENHADA REFERENTE MENSAL 1/2026;;;;;;;;;;;;;;;;;;;;;;;;;;;;;;;;;;;;;
668;PREFEITURA MUNICIPAL DE BARBACENA;;31014684;674;2026;ORDINARIO;0;0;PELA DESPESA DE FOLHA DE PAGAMENTO EMPENHADA REFERENTE MENSAL 1/2026;31/01/26 00:00;810,50;0,00;810,50;0,00;0,00;0,00;0,00;0,00;0,00;0,00;0,00;0,00;1547285;MUNICÍPIO DE BARBACENA;;;799;15;2204;12;361;3.3.90.08.56.00.00.00;2.540.000.0000;33900800000000;0,00;0,00;810,50;PESSOAL E ENCARGOS SOCIAIS DO ENSINO FUNDAMENTAL;OUTROS BENEFÍCIOS ASSISTENCIAIS-SERVIDOR/MILITAR
Especificação: ;;PELA DESPESA DE FOLHA DE PAGAMENTO EMPENHADA REFERENTE MENSAL 1/2026;;;;;;;;;;;;;;;;;;;;;;;;;;;;;;;;;;;;;
668;PREFEITURA MUNICIPAL DE BARBACENA;;30960847;675;2026;ORDINARIO;0;0;PELA DESPESA DE FOLHA DE PAGAMENTO EMPENHADA REFERENTE FERIAS 1/2026;31/01/26 00:00;3.602,22;0,00;3.602,22;0,00;0,00;0,00;0,00;0,00;0,00;0,00;0,00;0,00;1547285;MUNICÍPIO DE BARBACENA;;;795;15;2204;12;361;3.1.90.04.14.00.00.00;1.540.000.1070;31900400000000;0,00;0,00;3.602,22;PESSOAL E ENCARGOS SOCIAIS DO ENSINO FUNDAMENTAL;CONTRATAÇÃO POR TEMPO DETERMINADO
Especificação: ;;PELA DESPESA DE FOLHA DE PAGAMENTO EMPENHADA REFERENTE FERIAS 1/2026;;;;;;;;;;;;;;;;;;;;;;;;;;;;;;;;;;;;;
668;PREFEITURA MUNICIPAL DE BARBACENA;;30960846;676;2026;ORDINARIO;0;0;PELA DESPESA DE FOLHA DE PAGAMENTO EMPENHADA REFERENTE FERIAS 1/2026;31/01/26 00:00;3.307,86;0,00;3.307,86;0,00;3.307,86;0,00;0,00;0,00;0,00;0,00;0,00;0,00;1547285;MUNICÍPIO DE BARBACENA;;;796;15;2204;12;361;3.1.90.11.45.00.00.00;1.500.000.1001;31901100000000;3.307,86;0,00;0,00;PESSOAL E ENCARGOS SOCIAIS DO ENSINO FUNDAMENTAL;VENCIMENTOS E VANTAGENS FIXAS - PESSOAL CIVIL
Especificação: ;;PELA DESPESA DE FOLHA DE PAGAMENTO EMPENHADA REFERENTE FERIAS 1/2026;;;;;;;;;;;;;;;;;;;;;;;;;;;;;;;;;;;;;
668;PREFEITURA MUNICIPAL DE BARBACENA;;30960844;677;2026;ORDINARIO;0;0;PELA DESPESA DE FOLHA DE PAGAMENTO EMPENHADA REFERENTE FERIAS 1/2026;31/01/26 00:00;540,33;0,00;540,33;0,00;0,00;0,00;0,00;0,00;0,00;0,00;0,00;0,00;1547285;MUNICÍPIO DE BARBACENA;;;889;38;2222;12;367;3.1.90.04.14.00.00.00;1.540.000.1070;31900400000000;0,00;0,00;540,33;PESSOAL E ENCARGOS SOCIAIS DO ATENDIMENTO EDUCACIONAL ESPECIALIZADO;CONTRATAÇÃO POR TEMPO DETERMINADO
Especificação: ;;PELA DESPESA DE FOLHA DE PAGAMENTO EMPENHADA REFERENTE FERIAS 1/2026;;;;;;;;;;;;;;;;;;;;;;;;;;;;;;;;;;;;;
668;PREFEITURA MUNICIPAL DE BARBACENA;;30960843;678;2026;ORDINARIO;0;0;PELA DESPESA DE FOLHA DE PAGAMENTO EMPENHADA REFERENTE FERIAS 1/2026;31/01/26 00:00;1.160,70;0,00;1.160,70;0,00;0,00;0,00;0,00;0,00;0,00;0,00;0,00;0,00;1547285;MUNICÍPIO DE BARBACENA;;;827;14;2082;12;365;3.1.90.04.14.00.00.00;1.540.000.1070;31900400000000;0,00;0,00;1.160,70;PESSOAL E ENCARGOS SOCIAIS DA EDUCACAO INFANTIL;CONTRATAÇÃO POR TEMPO DETERMINADO
Especificação: ;;PELA DESPESA DE FOLHA DE PAGAMENTO EMPENHADA REFERENTE FERIAS 1/2026;;;;;;;;;;;;;;;;;;;;;;;;;;;;;;;;;;;;;
668;PREFEITURA MUNICIPAL DE BARBACENA;;31014955;679;2026;ORDINARIO;0;0;PELA DESPESA DE FOLHA DE PAGAMENTO EMPENHADA REFERENTE RESCISAO 1/2026;31/01/26 00:00;119,11;0,00;119,11;0,00;0,00;0,00;0,00;0,00;0,00;0,00;0,00;0,00;1544068;INSS-INSTITUTO NACIONAL DO SEGURO SOCIAL;;;757;11;2126;12;122;3.1.90.04.15.00.00.00;1.500.000.1001;31900400000000;0,00;0,00;119,11;PESSOAL E ENCARGOS SOCIAIS DA SEDUC;CONTRATAÇÃO POR TEMPO DETERMINADO
Especificação: ;;PELA DESPESA DE FOLHA DE PAGAMENTO EMPENHADA REFERENTE RESCISAO 1/2026;;;;;;;;;;;;;;;;;;;;;;;;;;;;;;;;;;;;;
668;PREFEITURA MUNICIPAL DE BARBACENA;;31014951;680;2026;ORDINARIO;0;0;PELA DESPESA DE FOLHA DE PAGAMENTO EMPENHADA REFERENTE RESCISAO 1/2026;31/01/26 00:00;31,95;0,00;31,95;0,00;31,95;0,00;0,00;0,00;0,00;0,00;0,00;0,00;1547277;SISTEMA MUNICIPAL DE PREVIDENCIA E ASSISTENCIA AO SERVIDOR;;;830;14;2082;12;365;3.1.91.13.08.00.00.00;1.500.000.1001;31911300000000;31,95;0,00;0,00;PESSOAL E ENCARGOS SOCIAIS DA EDUCACAO INFANTIL;OBRIGAÇÕES PATRONAIS
Especificação: ;;PELA DESPESA DE FOLHA DE PAGAMENTO EMPENHADA REFERENTE RESCISAO 1/2026;;;;;;;;;;;;;;;;;;;;;;;;;;;;;;;;;;;;;
668;PREFEITURA MUNICIPAL DE BARBACENA;;31014952;681;2026;ORDINARIO;0;0;PELA DESPESA DE FOLHA DE PAGAMENTO EMPENHADA REFERENTE RESCISAO 1/2026;31/01/26 00:00;60,48;0,00;60,48;0,00;0,00;0,00;2,25;0,00;0,00;0,00;0,00;0,00;1544068;INSS-INSTITUTO NACIONAL DO SEGURO SOCIAL;;;827;14;2082;12;365;3.1.90.04.15.00.00.00;2.546.000.1070;31900400000000;2,25;0,00;58,23;PESSOAL E ENCARGOS SOCIAIS DA EDUCACAO INFANTIL;CONTRATAÇÃO POR TEMPO DETERMINADO
Especificação: ;;PELA DESPESA DE FOLHA DE PAGAMENTO EMPENHADA REFERENTE RESCISAO 1/2026;;;;;;;;;;;;;;;;;;;;;;;;;;;;;;;;;;;;;
668;PREFEITURA MUNICIPAL DE BARBACENA;;31014949;682;2026;ORDINARIO;0;0;PELA DESPESA DE FOLHA DE PAGAMENTO EMPENHADA REFERENTE RESCISAO 1/2026;31/01/26 00:00;573,40;0,00;573,40;0,00;0,00;0,00;0,00;0,00;0,00;0,00;0,00;0,00;1544068;INSS-INSTITUTO NACIONAL DO SEGURO SOCIAL;;;795;15;2204;12;361;3.1.90.04.15.00.00.00;1.540.000.1070;31900400000000;0,00;0,00;573,40;PESSOAL E ENCARGOS SOCIAIS DO ENSINO FUNDAMENTAL;CONTRATAÇÃO POR TEMPO DETERMINADO
Especificação: ;;PELA DESPESA DE FOLHA DE PAGAMENTO EMPENHADA REFERENTE RESCISAO 1/2026;;;;;;;;;;;;;;;;;;;;;;;;;;;;;;;;;;;;;
668;PREFEITURA MUNICIPAL DE BARBACENA;;31015566;683;2026;ORDINARIO;0;0;PELA DESPESA DE FOLHA DE PAGAMENTO EMPENHADA REFERENTE RESCISAO 1/2026;31/01/26 00:00;2.619,44;0,00;2.619,44;0,00;2.619,44;0,00;0,00;0,00;0,00;0,00;0,00;0,00;1547285;MUNICÍPIO DE BARBACENA;;;828;14;2082;12;365;3.1.90.11.42.00.00.00;1.500.000.1001;31901100000000;2.619,44;0,00;0,00;PESSOAL E ENCARGOS SOCIAIS DA EDUCACAO INFANTIL;VENCIMENTOS E VANTAGENS FIXAS - PESSOAL CIVIL
Especificação: ;;PELA DESPESA DE FOLHA DE PAGAMENTO EMPENHADA REFERENTE RESCISAO 1/2026;;;;;;;;;;;;;;;;;;;;;;;;;;;;;;;;;;;;;
668;PREFEITURA MUNICIPAL DE BARBACENA;;31015564;684;2026;ORDINARIO;0;0;PELA DESPESA DE FOLHA DE PAGAMENTO EMPENHADA REFERENTE RESCISAO 1/2026;31/01/26 00:00;638,39;0,00;638,39;0,00;590,52;0,00;47,87;0,00;0,00;0,00;0,00;0,00;1547285;MUNICÍPIO DE BARBACENA;;;757;11;2126;12;122;3.1.90.04.01.00.00.00;1.500.000.1001;31900400000000;638,39;0,00;0,00;PESSOAL E ENCARGOS SOCIAIS DA SEDUC;CONTRATAÇÃO POR TEMPO DETERMINADO
Especificação: ;;PELA DESPESA DE FOLHA DE PAGAMENTO EMPENHADA REFERENTE RESCISAO 1/2026;;;;;;;;;;;;;;;;;;;;;;;;;;;;;;;;;;;;;
668;PREFEITURA MUNICIPAL DE BARBACENA;;31015560;685;2026;ORDINARIO;0;0;PELA DESPESA DE FOLHA DE PAGAMENTO EMPENHADA REFERENTE RESCISAO 1/2026;31/01/26 00:00;143.962,17;0,00;143.962,17;0,00;0,00;0,00;0,00;0,00;0,00;0,00;0,00;0,00;1547285;MUNICÍPIO DE BARBACENA;;;889;38;2222;12;367;3.1.90.04.14.00.00.00;2.540.000.1070;31900400000000;0,00;0,00;143.962,17;PESSOAL E ENCARGOS SOCIAIS DO ATENDIMENTO EDUCACIONAL ESPECIALIZADO;CONTRATAÇÃO POR TEMPO DETERMINADO
Especificação: ;;PELA DESPESA DE FOLHA DE PAGAMENTO EMPENHADA REFERENTE RESCISAO 1/2026;;;;;;;;;;;;;;;;;;;;;;;;;;;;;;;;;;;;;
668;PREFEITURA MUNICIPAL DE BARBACENA;;31015557;686;2026;ORDINARIO;0;0;PELA DESPESA DE FOLHA DE PAGAMENTO EMPENHADA REFERENTE RESCISAO 1/2026;31/01/26 00:00;54,03;0,00;54,03;0,00;0,00;0,00;0,00;0,00;0,00;0,00;0,00;0,00;1547285;MUNICÍPIO DE BARBACENA;;;827;14;2082;12;365;3.1.90.04.01.00.00.00;2.546.000.1070;31900400000000;0,00;0,00;54,03;PESSOAL E ENCARGOS SOCIAIS DA EDUCACAO INFANTIL;CONTRATAÇÃO POR TEMPO DETERMINADO
Especificação: ;;PELA DESPESA DE FOLHA DE PAGAMENTO EMPENHADA REFERENTE RESCISAO 1/2026;;;;;;;;;;;;;;;;;;;;;;;;;;;;;;;;;;;;;
668;PREFEITURA MUNICIPAL DE BARBACENA;;31015563;687;2026;ORDINARIO;0;0;PELA DESPESA DE FOLHA DE PAGAMENTO EMPENHADA REFERENTE RESCISAO 1/2026;31/01/26 00:00;120,00;0,00;120,00;0,00;0,00;0,00;0,00;0,00;0,00;0,00;0,00;0,00;1547285;MUNICÍPIO DE BARBACENA;;;833;14;2082;12;365;3.3.90.46.00.00.00.00;2.546.000.0000;33904600000000;0,00;0,00;120,00;PESSOAL E ENCARGOS SOCIAIS DA EDUCACAO INFANTIL;AUXÍLIO-ALIMENTAÇÃO
Especificação: ;;PELA DESPESA DE FOLHA DE PAGAMENTO EMPENHADA REFERENTE RESCISAO 1/2026;;;;;;;;;;;;;;;;;;;;;;;;;;;;;;;;;;;;;
668;PREFEITURA MUNICIPAL DE BARBACENA;;31015558;688;2026;ORDINARIO;0;0;PELA DESPESA DE FOLHA DE PAGAMENTO EMPENHADA REFERENTE RESCISAO 1/2026;31/01/26 00:00;1.350,83;0,00;1.350,83;0,00;0,00;0,00;0,00;0,00;0,00;0,00;0,00;0,00;1547285;MUNICÍPIO DE BARBACENA;;;827;14;2082;12;365;3.1.90.04.99.00.00.00;2.546.000.1070;31900400000000;0,00;0,00;1.350,83;PESSOAL E ENCARGOS SOCIAIS DA EDUCACAO INFANTIL;CONTRATAÇÃO POR TEMPO DETERMINADO
Especificação: ;;PELA DESPESA DE FOLHA DE PAGAMENTO EMPENHADA REFERENTE RESCISAO 1/2026;;;;;;;;;;;;;;;;;;;;;;;;;;;;;;;;;;;;;
668;PREFEITURA MUNICIPAL DE BARBACENA;;31015556;689;2026;ORDINARIO;0;0;PELA DESPESA DE FOLHA DE PAGAMENTO EMPENHADA REFERENTE RESCISAO 1/2026;31/01/26 00:00;1.359,27;0,00;1.359,27;0,00;1.359,27;0,00;0,00;0,00;0,00;0,00;0,00;0,00;1547285;MUNICÍPIO DE BARBACENA;;;758;11;2126;12;122;3.1.90.11.42.00.00.00;1.500.000.1001;31901100000000;1.359,27;0,00;0,00;PESSOAL E ENCARGOS SOCIAIS DA SEDUC;VENCIMENTOS E VANTAGENS FIXAS - PESSOAL CIVIL
Especificação: ;;PELA DESPESA DE FOLHA DE PAGAMENTO EMPENHADA REFERENTE RESCISAO 1/2026;;;;;;;;;;;;;;;;;;;;;;;;;;;;;;;;;;;;;
668;PREFEITURA MUNICIPAL DE BARBACENA;;31015553;690;2026;ORDINARIO;0;0;PELA DESPESA DE FOLHA DE PAGAMENTO EMPENHADA REFERENTE RESCISAO 1/2026;31/01/26 00:00;1.801,11;0,00;1.801,11;0,00;1.801,11;0,00;0,00;0,00;0,00;0,00;0,00;0,00;1547285;MUNICÍPIO DE BARBACENA;;;827;14;2082;12;365;3.1.90.04.14.00.00.00;1.500.000.1001;31900400000000;1.801,11;0,00;0,00;PESSOAL E ENCARGOS SOCIAIS DA EDUCACAO INFANTIL;CONTRATAÇÃO POR TEMPO DETERMINADO
Especificação: ;;PELA DESPESA DE FOLHA DE PAGAMENTO EMPENHADA REFERENTE RESCISAO 1/2026;;;;;;;;;;;;;;;;;;;;;;;;;;;;;;;;;;;;;
668;PREFEITURA MUNICIPAL DE BARBACENA;;31015548;691;2026;ORDINARIO;0;0;PELA DESPESA DE FOLHA DE PAGAMENTO EMPENHADA REFERENTE RESCISAO 1/2026;31/01/26 00:00;18.721,35;0,00;18.721,35;0,00;0,00;0,00;1.805,20;0,00;0,00;0,00;0,00;0,00;1547285;MUNICÍPIO DE BARBACENA;;;889;38;2222;12;367;3.1.90.04.01.00.00.00;1.540.000.1070;31900400000000;1.805,20;0,00;16.916,15;PESSOAL E ENCARGOS SOCIAIS DO ATENDIMENTO EDUCACIONAL ESPECIALIZADO;CONTRATAÇÃO POR TEMPO DETERMINADO
Especificação: ;;PELA DESPESA DE FOLHA DE PAGAMENTO EMPENHADA REFERENTE RESCISAO 1/2026;;;;;;;;;;;;;;;;;;;;;;;;;;;;;;;;;;;;;
668;PREFEITURA MUNICIPAL DE BARBACENA;;31015546;692;2026;ORDINARIO;0;0;PELA DESPESA DE FOLHA DE PAGAMENTO EMPENHADA REFERENTE RESCISAO 1/2026;31/01/26 00:00;35.162,72;0,00;35.162,72;0,00;0,00;0,00;2.948,29;0,00;0,00;0,00;0,00;0,00;1547285;MUNICÍPIO DE BARBACENA;;;795;15;2204;12;361;3.1.90.04.01.00.00.00;1.540.000.1070;31900400000000;2.948,29;0,00;32.214,43;PESSOAL E ENCARGOS SOCIAIS DO ENSINO FUNDAMENTAL;CONTRATAÇÃO POR TEMPO DETERMINADO
Especificação: ;;PELA DESPESA DE FOLHA DE PAGAMENTO EMPENHADA REFERENTE RESCISAO 1/2026;;;;;;;;;;;;;;;;;;;;;;;;;;;;;;;;;;;;;
668;PREFEITURA MUNICIPAL DE BARBACENA;;31015542;693;2026;ORDINARIO;0;0;PELA DESPESA DE FOLHA DE PAGAMENTO EMPENHADA REFERENTE RESCISAO 1/2026;31/01/26 00:00;1.801,11;0,00;1.801,11;0,00;0,00;0,00;0,00;0,00;0,00;0,00;0,00;0,00;1547285;MUNICÍPIO DE BARBACENA;;;844;14;2138;12;365;3.1.90.04.14.00.00.00;1.540.000.1070;31900400000000;0,00;0,00;1.801,11;PESSOAL E ENCARGOS SOCIAIS DE CRECHES;CONTRATAÇÃO POR TEMPO DETERMINADO
Especificação: ;;PELA DESPESA DE FOLHA DE PAGAMENTO EMPENHADA REFERENTE RESCISAO 1/2026;;;;;;;;;;;;;;;;;;;;;;;;;;;;;;;;;;;;;
668;PREFEITURA MUNICIPAL DE BARBACENA;;31015540;694;2026;ORDINARIO;0;0;PELA DESPESA DE FOLHA DE PAGAMENTO EMPENHADA REFERENTE RESCISAO 1/2026;31/01/26 00:00;100,00;0,00;100,00;0,00;100,00;0,00;0,00;0,00;0,00;0,00;0,00;0,00;1547285;MUNICÍPIO DE BARBACENA;;;767;11;2126;12;122;3.3.90.46.00.00.00.00;1.500.000.1001;33904600000000;100,00;0,00;0,00;PESSOAL E ENCARGOS SOCIAIS DA SEDUC;AUXÍLIO-ALIMENTAÇÃO
Especificação: ;;PELA DESPESA DE FOLHA DE PAGAMENTO EMPENHADA REFERENTE RESCISAO 1/2026;;;;;;;;;;;;;;;;;;;;;;;;;;;;;;;;;;;;;
668;PREFEITURA MUNICIPAL DE BARBACENA;;31015537;695;2026;ORDINARIO;0;0;PELA DESPESA DE FOLHA DE PAGAMENTO EMPENHADA REFERENTE RESCISAO 1/2026;31/01/26 00:00;2.969,96;0,00;2.969,96;0,00;0,00;0,00;579,04;0,00;0,00;0,00;0,00;0,00;1547285;MUNICÍPIO DE BARBACENA;;;827;14;2082;12;365;3.1.90.04.01.00.00.00;1.540.000.1070;31900400000000;579,04;0,00;2.390,92;PESSOAL E ENCARGOS SOCIAIS DA EDUCACAO INFANTIL;CONTRATAÇÃO POR TEMPO DETERMINADO
Especificação: ;;PELA DESPESA DE FOLHA DE PAGAMENTO EMPENHADA REFERENTE RESCISAO 1/2026;;;;;;;;;;;;;;;;;;;;;;;;;;;;;;;;;;;;;
668;PREFEITURA MUNICIPAL DE BARBACENA;;31015555;696;2026;ORDINARIO;0;0;PELA DESPESA DE FOLHA DE PAGAMENTO EMPENHADA REFERENTE RESCISAO 1/2026;31/01/26 00:00;3.716,28;0,00;3.716,28;0,00;3.586,62;0,00;129,66;0,00;0,00;0,00;0,00;0,00;1547285;MUNICÍPIO DE BARBACENA;;;901;37;2079;12;392;3.1.90.04.01.00.00.00;1.500.000.0000;31900400000000;3.716,28;0,00;0,00;MANUTENÇÃO DE AÇÕES DO CONSERVATÓRIO MUNICIPAL;CONTRATAÇÃO POR TEMPO DETERMINADO
Especificação: ;;PELA DESPESA DE FOLHA DE PAGAMENTO EMPENHADA REFERENTE RESCISAO 1/2026;;;;;;;;;;;;;;;;;;;;;;;;;;;;;;;;;;;;;
668;PREFEITURA MUNICIPAL DE BARBACENA;;31015549;697;2026;ORDINARIO;0;0;PELA DESPESA DE FOLHA DE PAGAMENTO EMPENHADA REFERENTE RESCISAO 1/2026;31/01/26 00:00;26.647,74;0,00;26.647,74;0,00;0,00;0,00;0,00;0,00;0,00;0,00;0,00;0,00;1547285;MUNICÍPIO DE BARBACENA;;;795;15;2204;12;361;3.1.90.04.99.00.00.00;1.540.000.1070;31900400000000;0,00;0,00;26.647,74;PESSOAL E ENCARGOS SOCIAIS DO ENSINO FUNDAMENTAL;CONTRATAÇÃO POR TEMPO DETERMINADO
Especificação: ;;PELA DESPESA DE FOLHA DE PAGAMENTO EMPENHADA REFERENTE RESCISAO 1/2026;;;;;;;;;;;;;;;;;;;;;;;;;;;;;;;;;;;;;
668;PREFEITURA MUNICIPAL DE BARBACENA;;31015547;698;2026;ORDINARIO;0;0;PELA DESPESA DE FOLHA DE PAGAMENTO EMPENHADA REFERENTE RESCISAO 1/2026;31/01/26 00:00;49.333,47;0,00;49.333,47;0,00;0,00;0,00;0,00;0,00;0,00;0,00;0,00;0,00;1547285;MUNICÍPIO DE BARBACENA;;;827;14;2082;12;365;3.1.90.04.14.00.00.00;1.540.000.1070;31900400000000;0,00;0,00;49.333,47;PESSOAL E ENCARGOS SOCIAIS DA EDUCACAO INFANTIL;CONTRATAÇÃO POR TEMPO DETERMINADO
Especificação: ;;PELA DESPESA DE FOLHA DE PAGAMENTO EMPENHADA REFERENTE RESCISAO 1/2026;;;;;;;;;;;;;;;;;;;;;;;;;;;;;;;;;;;;;
668;PREFEITURA MUNICIPAL DE BARBACENA;;31015544;699;2026;ORDINARIO;0;0;PELA DESPESA DE FOLHA DE PAGAMENTO EMPENHADA REFERENTE RESCISAO 1/2026;31/01/26 00:00;7.603,98;0,00;7.603,98;0,00;7.603,98;0,00;0,00;0,00;0,00;0,00;0,00;0,00;1547285;MUNICÍPIO DE BARBACENA;;;828;14;2082;12;365;3.1.90.11.45.00.00.00;1.500.000.1001;31901100000000;7.603,98;0,00;0,00;PESSOAL E ENCARGOS SOCIAIS DA EDUCACAO INFANTIL;VENCIMENTOS E VANTAGENS FIXAS - PESSOAL CIVIL
Especificação: ;;PELA DESPESA DE FOLHA DE PAGAMENTO EMPENHADA REFERENTE RESCISAO 1/2026;;;;;;;;;;;;;;;;;;;;;;;;;;;;;;;;;;;;;
668;PREFEITURA MUNICIPAL DE BARBACENA;;31015541;700;2026;ORDINARIO;0;0;PELA DESPESA DE FOLHA DE PAGAMENTO EMPENHADA REFERENTE RESCISAO 1/2026;31/01/26 00:00;200,00;0,00;200,00;0,00;0,00;0,00;0,00;0,00;0,00;0,00;0,00;0,00;1547285;MUNICÍPIO DE BARBACENA;;;802;15;2204;12;361;3.3.90.46.00.00.00.00;2.540.000.0000;33904600000000;0,00;0,00;200,00;PESSOAL E ENCARGOS SOCIAIS DO ENSINO FUNDAMENTAL;AUXÍLIO-ALIMENTAÇÃO
Especificação: ;;PELA DESPESA DE FOLHA DE PAGAMENTO EMPENHADA REFERENTE RESCISAO 1/2026;;;;;;;;;;;;;;;;;;;;;;;;;;;;;;;;;;;;;
668;PREFEITURA MUNICIPAL DE BARBACENA;;31015539;701;2026;ORDINARIO;0;0;PELA DESPESA DE FOLHA DE PAGAMENTO EMPENHADA REFERENTE RESCISAO 1/2026;31/01/26 00:00;4.953,07;0,00;4.953,07;0,00;0,00;0,00;24,31;0,00;0,00;0,00;0,00;0,00;1547285;MUNICÍPIO DE BARBACENA;;;827;14;2082;12;365;3.1.90.04.14.00.00.00;2.546.000.1070;31900400000000;24,31;0,00;4.928,76;PESSOAL E ENCARGOS SOCIAIS DA EDUCACAO INFANTIL;CONTRATAÇÃO POR TEMPO DETERMINADO
Especificação: ;;PELA DESPESA DE FOLHA DE PAGAMENTO EMPENHADA REFERENTE RESCISAO 1/2026;;;;;;;;;;;;;;;;;;;;;;;;;;;;;;;;;;;;;
668;PREFEITURA MUNICIPAL DE BARBACENA;;31015536;702;2026;ORDINARIO;0;0;PELA DESPESA DE FOLHA DE PAGAMENTO EMPENHADA REFERENTE RESCISAO 1/2026;31/01/26 00:00;5.033,32;0,00;5.033,32;0,00;0,00;0,00;0,00;0,00;0,00;0,00;0,00;0,00;1547285;MUNICÍPIO DE BARBACENA;;;827;14;2082;12;365;3.1.90.04.99.00.00.00;1.540.000.1070;31900400000000;0,00;0,00;5.033,32;PESSOAL E ENCARGOS SOCIAIS DA EDUCACAO INFANTIL;CONTRATAÇÃO POR TEMPO DETERMINADO
Especificação: ;;PELA DESPESA DE FOLHA DE PAGAMENTO EMPENHADA REFERENTE RESCISAO 1/2026;;;;;;;;;;;;;;;;;;;;;;;;;;;;;;;;;;;;;
668;PREFEITURA MUNICIPAL DE BARBACENA;;31015534;703;2026;ORDINARIO;0;0;PELA DESPESA DE FOLHA DE PAGAMENTO EMPENHADA REFERENTE RESCISAO 1/2026;31/01/26 00:00;116.774,47;0,00;116.774,47;0,00;0,00;0,00;0,00;0,00;0,00;0,00;0,00;0,00;1547285;MUNICÍPIO DE BARBACENA;;;795;15;2204;12;361;3.1.90.04.14.00.00.00;2.540.000.1070;31900400000000;0,00;0,00;116.774,47;PESSOAL E ENCARGOS SOCIAIS DO ENSINO FUNDAMENTAL;CONTRATAÇÃO POR TEMPO DETERMINADO
Especificação: ;;PELA DESPESA DE FOLHA DE PAGAMENTO EMPENHADA REFERENTE RESCISAO 1/2026;;;;;;;;;;;;;;;;;;;;;;;;;;;;;;;;;;;;;
668;PREFEITURA MUNICIPAL DE BARBACENA;;31015532;704;2026;ORDINARIO;0;0;PELA DESPESA DE FOLHA DE PAGAMENTO EMPENHADA REFERENTE RESCISAO 1/2026;31/01/26 00:00;114,13;0,00;114,13;0,00;98,16;0,00;15,97;0,00;0,00;0,00;0,00;0,00;1547285;MUNICÍPIO DE BARBACENA;;;828;14;2082;12;365;3.1.90.11.01.00.00.00;1.500.000.1001;31901100000000;114,13;0,00;0,00;PESSOAL E ENCARGOS SOCIAIS DA EDUCACAO INFANTIL;VENCIMENTOS E VANTAGENS FIXAS - PESSOAL CIVIL
Especificação: ;;PELA DESPESA DE FOLHA DE PAGAMENTO EMPENHADA REFERENTE RESCISAO 1/2026;;;;;;;;;;;;;;;;;;;;;;;;;;;;;;;;;;;;;
668;PREFEITURA MUNICIPAL DE BARBACENA;;31015528;705;2026;ORDINARIO;0;0;PELA DESPESA DE FOLHA DE PAGAMENTO EMPENHADA REFERENTE RESCISAO 1/2026;31/01/26 00:00;20.654,34;0,00;20.654,34;0,00;0,00;0,00;0,00;0,00;0,00;0,00;0,00;0,00;1547285;MUNICÍPIO DE BARBACENA;;;889;38;2222;12;367;3.1.90.04.99.00.00.00;1.540.000.1070;31900400000000;0,00;0,00;20.654,34;PESSOAL E ENCARGOS SOCIAIS DO ATENDIMENTO EDUCACIONAL ESPECIALIZADO;CONTRATAÇÃO POR TEMPO DETERMINADO
Especificação: ;;PELA DESPESA DE FOLHA DE PAGAMENTO EMPENHADA REFERENTE RESCISAO 1/2026;;;;;;;;;;;;;;;;;;;;;;;;;;;;;;;;;;;;;
668;PREFEITURA MUNICIPAL DE BARBACENA;;31015535;706;2026;ORDINARIO;0;0;PELA DESPESA DE FOLHA DE PAGAMENTO EMPENHADA REFERENTE RESCISAO 1/2026;31/01/26 00:00;1.276,79;0,00;1.276,79;0,00;1.276,79;0,00;0,00;0,00;0,00;0,00;0,00;0,00;1547285;MUNICÍPIO DE BARBACENA;;;757;11;2126;12;122;3.1.90.04.14.00.00.00;1.500.000.1001;31900400000000;1.276,79;0,00;0,00;PESSOAL E ENCARGOS SOCIAIS DA SEDUC;CONTRATAÇÃO POR TEMPO DETERMINADO
Especificação: ;;PELA DESPESA DE FOLHA DE PAGAMENTO EMPENHADA REFERENTE RESCISAO 1/2026;;;;;;;;;;;;;;;;;;;;;;;;;;;;;;;;;;;;;
668;PREFEITURA MUNICIPAL DE BARBACENA;;31015533;707;2026;ORDINARIO;0;0;PELA DESPESA DE FOLHA DE PAGAMENTO EMPENHADA REFERENTE RESCISAO 1/2026;31/01/26 00:00;1.532,37;0,00;1.532,37;0,00;1.532,37;0,00;0,00;0,00;0,00;0,00;0,00;0,00;1547285;MUNICÍPIO DE BARBACENA;;;889;38;2222;12;367;3.1.90.04.14.00.00.00;1.500.000.1001;31900400000000;1.532,37;0,00;0,00;PESSOAL E ENCARGOS SOCIAIS DO ATENDIMENTO EDUCACIONAL ESPECIALIZADO;CONTRATAÇÃO POR TEMPO DETERMINADO
Especificação: ;;PELA DESPESA DE FOLHA DE PAGAMENTO EMPENHADA REFERENTE RESCISAO 1/2026;;;;;;;;;;;;;;;;;;;;;;;;;;;;;;;;;;;;;
668;PREFEITURA MUNICIPAL DE BARBACENA;;31015531;708;2026;ORDINARIO;0;0;PELA DESPESA DE FOLHA DE PAGAMENTO EMPENHADA REFERENTE RESCISAO 1/2026;31/01/26 00:00;4.984,00;0,00;4.984,00;0,00;4.984,00;0,00;0,00;0,00;0,00;0,00;0,00;0,00;1547285;MUNICÍPIO DE BARBACENA;;;758;11;2126;12;122;3.1.90.11.45.00.00.00;1.500.000.1001;31901100000000;4.984,00;0,00;0,00;PESSOAL E ENCARGOS SOCIAIS DA SEDUC;VENCIMENTOS E VANTAGENS FIXAS - PESSOAL CIVIL
Especificação: ;;PELA DESPESA DE FOLHA DE PAGAMENTO EMPENHADA REFERENTE RESCISAO 1/2026;;;;;;;;;;;;;;;;;;;;;;;;;;;;;;;;;;;;;
668;PREFEITURA MUNICIPAL DE BARBACENA;;31015527;709;2026;ORDINARIO;0;0;PELA DESPESA DE FOLHA DE PAGAMENTO EMPENHADA REFERENTE RESCISAO 1/2026;31/01/26 00:00;4.681,53;0,00;4.681,53;0,00;4.681,53;0,00;0,00;0,00;0,00;0,00;0,00;0,00;1547285;MUNICÍPIO DE BARBACENA;;;901;37;2079;12;392;3.1.90.04.14.00.00.00;1.500.000.0000;31900400000000;4.681,53;0,00;0,00;MANUTENÇÃO DE AÇÕES DO CONSERVATÓRIO MUNICIPAL;CONTRATAÇÃO POR TEMPO DETERMINADO
Especificação: ;;PELA DESPESA DE FOLHA DE PAGAMENTO EMPENHADA REFERENTE RESCISAO 1/2026;;;;;;;;;;;;;;;;;;;;;;;;;;;;;;;;;;;;;
668;PREFEITURA MUNICIPAL DE BARBACENA;;31011377;710;2026;ORDINARIO;0;0;PELA DESPESA DE FOLHA DE PAGAMENTO EMPENHADA REFERENTE MENSAL 1/2026;31/01/26 00:00;4.838,98;0,00;4.838,98;0,00;0,00;0,00;135,08;0,00;0,00;0,00;0,00;0,00;1544068;INSS-INSTITUTO NACIONAL DO SEGURO SOCIAL;;;827;14;2082;12;365;3.1.90.04.15.00.00.00;2.546.000.1070;31900400000000;135,08;0,00;4.703,90;PESSOAL E ENCARGOS SOCIAIS DA EDUCACAO INFANTIL;CONTRATAÇÃO POR TEMPO DETERMINADO
Especificação: ;;PELA DESPESA DE FOLHA DE PAGAMENTO EMPENHADA REFERENTE MENSAL 1/2026;;;;;;;;;;;;;;;;;;;;;;;;;;;;;;;;;;;;;
668;PREFEITURA MUNICIPAL DE BARBACENA;;31011384;711;2026;ORDINARIO;0;0;PELA DESPESA DE FOLHA DE PAGAMENTO EMPENHADA REFERENTE MENSAL 1/2026;31/01/26 00:00;1.605,63;0,00;1.605,63;0,00;0,00;0,00;0,00;0,00;0,00;0,00;0,00;0,00;1544068;INSS-INSTITUTO NACIONAL DO SEGURO SOCIAL;;;759;11;2126;12;122;3.1.90.13.03.00.00.00;1.500.000.0000;31901300000000;0,00;0,00;1.605,63;PESSOAL E ENCARGOS SOCIAIS DA SEDUC;OBRIGAÇÕES PATRONAIS
Especificação: ;;PELA DESPESA DE FOLHA DE PAGAMENTO EMPENHADA REFERENTE MENSAL 1/2026;;;;;;;;;;;;;;;;;;;;;;;;;;;;;;;;;;;;;
668;PREFEITURA MUNICIPAL DE BARBACENA;;31011350;712;2026;ORDINARIO;0;0;PELA DESPESA DE FOLHA DE PAGAMENTO EMPENHADA REFERENTE MENSAL 1/2026;31/01/26 00:00;6.860,31;0,00;6.860,31;0,00;6.860,31;0,00;0,00;0,00;0,00;0,00;0,00;0,00;1547277;SISTEMA MUNICIPAL DE PREVIDENCIA E ASSISTENCIA AO SERVIDOR;;;763;11;2126;12;122;3.1.91.13.08.00.00.00;1.500.000.0000;31911300000000;6.860,31;0,00;0,00;PESSOAL E ENCARGOS SOCIAIS DA SEDUC;OBRIGAÇÕES PATRONAIS
Especificação: ;;PELA DESPESA DE FOLHA DE PAGAMENTO EMPENHADA REFERENTE MENSAL 1/2026;;;;;;;;;;;;;;;;;;;;;;;;;;;;;;;;;;;;;
668;PREFEITURA MUNICIPAL DE BARBACENA;;31014743;713;2026;ORDINARIO;0;0;PELA DESPESA DE FOLHA DE PAGAMENTO EMPENHADA REFERENTE MENSAL 1/2026;31/01/26 00:00;8.241,17;0,00;8.241,17;0,00;3.708,42;0,00;4.532,75;0,00;0,00;0,00;0,00;0,00;1547285;MUNICÍPIO DE BARBACENA;;;758;11;2126;12;122;3.1.90.11.01.00.00.00;1.500.000.0000;31901100000000;8.241,17;0,00;0,00;PESSOAL E ENCARGOS SOCIAIS DA SEDUC;VENCIMENTOS E VANTAGENS FIXAS - PESSOAL CIVIL
Especificação: ;;PELA DESPESA DE FOLHA DE PAGAMENTO EMPENHADA REFERENTE MENSAL 1/2026;;;;;;;;;;;;;;;;;;;;;;;;;;;;;;;;;;;;;
668;PREFEITURA MUNICIPAL DE BARBACENA;;31014917;714;2026;ORDINARIO;0;0;PELA DESPESA DE FOLHA DE PAGAMENTO EMPENHADA REFERENTE MENSAL 1/2026;31/01/26 00:00;198,99;0,00;198,99;0,00;198,99;0,00;0,00;0,00;0,00;0,00;0,00;0,00;1547285;MUNICÍPIO DE BARBACENA;;;832;14;2082;12;365;3.3.90.18.00.00.00.00;1.500.000.1001;33901800000000;198,99;0,00;0,00;PESSOAL E ENCARGOS SOCIAIS DA EDUCACAO INFANTIL;AUXÍLIO FINANCEIRO A ESTUDANTES
Especificação: ;;PELA DESPESA DE FOLHA DE PAGAMENTO EMPENHADA REFERENTE MENSAL 1/2026;;;;;;;;;;;;;;;;;;;;;;;;;;;;;;;;;;;;;
668;PREFEITURA MUNICIPAL DE BARBACENA;;31014772;715;2026;ORDINARIO;0;0;PELA DESPESA DE FOLHA DE PAGAMENTO EMPENHADA REFERENTE MENSAL 1/2026;31/01/26 00:00;3.000,00;0,00;3.000,00;0,00;3.000,00;0,00;0,00;0,00;0,00;0,00;0,00;0,00;1547285;MUNICÍPIO DE BARBACENA;;;767;11;2126;12;122;3.3.90.46.00.00.00.00;1.500.000.0000;33904600000000;3.000,00;0,00;0,00;PESSOAL E ENCARGOS SOCIAIS DA SEDUC;AUXÍLIO-ALIMENTAÇÃO
Especificação: ;;PELA DESPESA DE FOLHA DE PAGAMENTO EMPENHADA REFERENTE MENSAL 1/2026;;;;;;;;;;;;;;;;;;;;;;;;;;;;;;;;;;;;;
668;PREFEITURA MUNICIPAL DE BARBACENA;;31014812;716;2026;ORDINARIO;0;0;PELA DESPESA DE FOLHA DE PAGAMENTO EMPENHADA REFERENTE MENSAL 1/2026;31/01/26 00:00;24.865,41;0,00;24.865,41;0,00;20.447,20;0,00;4.418,21;0,00;0,00;0,00;0,00;0,00;1547285;MUNICÍPIO DE BARBACENA;;;758;11;2126;12;122;3.1.90.11.45.00.00.00;1.500.000.0000;31901100000000;24.865,41;0,00;0,00;PESSOAL E ENCARGOS SOCIAIS DA SEDUC;VENCIMENTOS E VANTAGENS FIXAS - PESSOAL CIVIL
Especificação: ;;PELA DESPESA DE FOLHA DE PAGAMENTO EMPENHADA REFERENTE MENSAL 1/2026;;;;;;;;;;;;;;;;;;;;;;;;;;;;;;;;;;;;;
668;PREFEITURA MUNICIPAL DE BARBACENA;;31018513;738;2026;ORDINARIO;0;0;PELA DESPESA DE FOLHA DE PAGAMENTO EMPENHADA REFERENTE MENSAL 1/2026;31/01/26 00:00;4.444,89;0,00;4.444,89;0,00;0,00;0,00;0,00;0,00;0,00;0,00;0,00;0,00;1544068;INSS-INSTITUTO NACIONAL DO SEGURO SOCIAL;;;380;11;2321;8;244;3.1.90.13.03.00.00.00;1.500.000.0000;31901300000000;0,00;0,00;4.444,89;MANUTENÇAO DO CONSELHO TUTELAR;OBRIGAÇÕES PATRONAIS
Especificação: ;;PELA DESPESA DE FOLHA DE PAGAMENTO EMPENHADA REFERENTE MENSAL 1/2026;;;;;;;;;;;;;;;;;;;;;;;;;;;;;;;;;;;;;
668;PREFEITURA MUNICIPAL DE BARBACENA;;31018512;739;2026;ORDINARIO;0;0;PELA DESPESA DE FOLHA DE PAGAMENTO EMPENHADA REFERENTE MENSAL 1/2026;31/01/26 00:00;874,61;0,00;874,61;0,00;0,00;0,00;0,00;0,00;0,00;0,00;0,00;0,00;1544068;INSS-INSTITUTO NACIONAL DO SEGURO SOCIAL;;;450;58;2665;8;244;3.1.90.04.01.00.00.00;1.500.000.0000;31900400000000;0,00;0,00;874,61;MANUTENÇÃO DA CASA DE PASSAGEM;CONTRATAÇÃO POR TEMPO DETERMINADO
Especificação: ;;PELA DESPESA DE FOLHA DE PAGAMENTO EMPENHADA REFERENTE MENSAL 1/2026;;;;;;;;;;;;;;;;;;;;;;;;;;;;;;;;;;;;;
668;PREFEITURA MUNICIPAL DE BARBACENA;;31018510;740;2026;ORDINARIO;0;0;PELA DESPESA DE FOLHA DE PAGAMENTO EMPENHADA REFERENTE MENSAL 1/2026;31/01/26 00:00;4.142,42;0,00;4.142,42;0,00;0,00;0,00;0,00;0,00;0,00;0,00;0,00;0,00;1547277;SISTEMA MUNICIPAL DE PREVIDENCIA E ASSISTENCIA AO SERVIDOR;;;469;59;2318;8;244;3.1.91.13.08.00.00.00;1.500.000.0000;31911300000000;0,00;0,00;4.142,42;MANUTENÇÃO DO CADUNICO E PROGRAMA BOLSA FAMILIA;OBRIGAÇÕES PATRONAIS
Especificação: ;;PELA DESPESA DE FOLHA DE PAGAMENTO EMPENHADA REFERENTE MENSAL 1/2026;;;;;;;;;;;;;;;;;;;;;;;;;;;;;;;;;;;;;
668;PREFEITURA MUNICIPAL DE BARBACENA;;31018511;741;2026;ORDINARIO;0;0;PELA DESPESA DE FOLHA DE PAGAMENTO EMPENHADA REFERENTE MENSAL 1/2026;31/01/26 00:00;11.134,19;0,00;11.134,19;0,00;0,00;0,00;270,16;0,00;0,00;0,00;0,00;0,00;1544068;INSS-INSTITUTO NACIONAL DO SEGURO SOCIAL;;;307;11;2322;8;122;3.1.90.04.15.00.00.00;1.500.000.0000;31900400000000;270,16;0,00;10.864,03;PESSOAL E ENCARGOS SOCIAIS DA ASSISTÊNCIA SOCIAL;CONTRATAÇÃO POR TEMPO DETERMINADO
Especificação: ;;PELA DESPESA DE FOLHA DE PAGAMENTO EMPENHADA REFERENTE MENSAL 1/2026;;;;;;;;;;;;;;;;;;;;;;;;;;;;;;;;;;;;;
668;PREFEITURA MUNICIPAL DE BARBACENA;;31018509;742;2026;ORDINARIO;0;0;PELA DESPESA DE FOLHA DE PAGAMENTO EMPENHADA REFERENTE MENSAL 1/2026;31/01/26 00:00;10.250,09;0,00;10.250,09;0,00;0,00;0,00;0,00;0,00;0,00;0,00;0,00;0,00;1544068;INSS-INSTITUTO NACIONAL DO SEGURO SOCIAL;;;308;11;2322;8;122;3.1.90.11.01.00.00.00;1.500.000.0000;31901100000000;0,00;0,00;10.250,09;PESSOAL E ENCARGOS SOCIAIS DA ASSISTÊNCIA SOCIAL;VENCIMENTOS E VANTAGENS FIXAS - PESSOAL CIVIL
Especificação: ;;PELA DESPESA DE FOLHA DE PAGAMENTO EMPENHADA REFERENTE MENSAL 1/2026;;;;;;;;;;;;;;;;;;;;;;;;;;;;;;;;;;;;;
668;PREFEITURA MUNICIPAL DE BARBACENA;;31018507;743;2026;ORDINARIO;0;0;PELA DESPESA DE FOLHA DE PAGAMENTO EMPENHADA REFERENTE MENSAL 1/2026;31/01/26 00:00;13.789,52;0,00;13.789,52;0,00;0,00;0,00;878,02;0,00;0,00;0,00;0,00;0,00;1544068;INSS-INSTITUTO NACIONAL DO SEGURO SOCIAL;;;432;58;2310;8;244;3.1.90.04.15.00.00.00;1.500.000.0000;31900400000000;878,02;0,00;12.911,50;MANUTENÇÃO DA CASA DE ACOLHIMENTO INSTITUCIONAL CRIANÇA E ADOLESCENTE;CONTRATAÇÃO POR TEMPO DETERMINADO
Especificação: ;;PELA DESPESA DE FOLHA DE PAGAMENTO EMPENHADA REFERENTE MENSAL 1/2026;;;;;;;;;;;;;;;;;;;;;;;;;;;;;;;;;;;;;
668;PREFEITURA MUNICIPAL DE BARBACENA;;31018508;744;2026;ORDINARIO;0;0;PELA DESPESA DE FOLHA DE PAGAMENTO EMPENHADA REFERENTE MENSAL 1/2026;31/01/26 00:00;7.014,57;0,00;7.014,57;0,00;0,00;0,00;0,00;0,00;0,00;0,00;0,00;0,00;1547277;SISTEMA MUNICIPAL DE PREVIDENCIA E ASSISTENCIA AO SERVIDOR;;;402;56;2319;8;244;3.1.91.13.08.00.00.00;1.500.000.0000;31911300000000;0,00;0,00;7.014,57;MANUTENÇAO DE CRAS - PAIF;OBRIGAÇÕES PATRONAIS
Especificação: ;;PELA DESPESA DE FOLHA DE PAGAMENTO EMPENHADA REFERENTE MENSAL 1/2026;;;;;;;;;;;;;;;;;;;;;;;;;;;;;;;;;;;;;
668;PREFEITURA MUNICIPAL DE BARBACENA;;31018506;745;2026;ORDINARIO;0;0;PELA DESPESA DE FOLHA DE PAGAMENTO EMPENHADA REFERENTE MENSAL 1/2026;31/01/26 00:00;1.746,55;0,00;1.746,55;0,00;0,00;0,00;0,00;0,00;0,00;0,00;0,00;0,00;1544068;INSS-INSTITUTO NACIONAL DO SEGURO SOCIAL;;;308;11;2322;8;122;3.1.90.11.09.00.00.00;1.500.000.0000;31901100000000;0,00;0,00;1.746,55;PESSOAL E ENCARGOS SOCIAIS DA ASSISTÊNCIA SOCIAL;VENCIMENTOS E VANTAGENS FIXAS - PESSOAL CIVIL
Especificação: ;;PELA DESPESA DE FOLHA DE PAGAMENTO EMPENHADA REFERENTE MENSAL 1/2026;;;;;;;;;;;;;;;;;;;;;;;;;;;;;;;;;;;;;
668;PREFEITURA MUNICIPAL DE BARBACENA;;31018505;746;2026;ORDINARIO;0;0;PELA DESPESA DE FOLHA DE PAGAMENTO EMPENHADA REFERENTE MENSAL 1/2026;31/01/26 00:00;4.436,93;0,00;4.436,93;0,00;0,00;0,00;0,00;0,00;0,00;0,00;0,00;0,00;1547277;SISTEMA MUNICIPAL DE PREVIDENCIA E ASSISTENCIA AO SERVIDOR;;;424;57;2315;8;244;3.1.91.13.08.00.00.00;1.500.000.0000;31911300000000;0,00;0,00;4.436,93;MANUTENÇAO DO CREAS - PAEFI;OBRIGAÇÕES PATRONAIS
Especificação: ;;PELA DESPESA DE FOLHA DE PAGAMENTO EMPENHADA REFERENTE MENSAL 1/2026;;;;;;;;;;;;;;;;;;;;;;;;;;;;;;;;;;;;;
668;PREFEITURA MUNICIPAL DE BARBACENA;;31018502;747;2026;ORDINARIO;0;0;PELA DESPESA DE FOLHA DE PAGAMENTO EMPENHADA REFERENTE MENSAL 1/2026;31/01/26 00:00;10.180,57;0,00;10.180,57;0,00;0,00;0,00;0,00;0,00;0,00;0,00;0,00;0,00;1547277;SISTEMA MUNICIPAL DE PREVIDENCIA E ASSISTENCIA AO SERVIDOR;;;313;11;2322;8;122;3.1.91.13.08.00.00.00;1.500.000.0000;31911300000000;0,00;0,00;10.180,57;PESSOAL E ENCARGOS SOCIAIS DA ASSISTÊNCIA SOCIAL;OBRIGAÇÕES PATRONAIS
Especificação: ;;PELA DESPESA DE FOLHA DE PAGAMENTO EMPENHADA REFERENTE MENSAL 1/2026;;;;;;;;;;;;;;;;;;;;;;;;;;;;;;;;;;;;;
668;PREFEITURA MUNICIPAL DE BARBACENA;;31018500;748;2026;ORDINARIO;0;0;PELA DESPESA DE FOLHA DE PAGAMENTO EMPENHADA REFERENTE MENSAL 1/2026;31/01/26 00:00;8.011,70;0,00;8.011,70;0,00;0,00;0,00;202,62;0,00;0,00;0,00;0,00;0,00;1544068;INSS-INSTITUTO NACIONAL DO SEGURO SOCIAL;;;421;57;2315;8;244;3.1.90.04.15.00.00.00;1.500.000.0000;31900400000000;202,62;0,00;7.809,08;MANUTENÇAO DO CREAS - PAEFI;CONTRATAÇÃO POR TEMPO DETERMINADO
Especificação: ;;PELA DESPESA DE FOLHA DE PAGAMENTO EMPENHADA REFERENTE MENSAL 1/2026;;;;;;;;;;;;;;;;;;;;;;;;;;;;;;;;;;;;;
668;PREFEITURA MUNICIPAL DE BARBACENA;;31018503;749;2026;ORDINARIO;0;0;PELA DESPESA DE FOLHA DE PAGAMENTO EMPENHADA REFERENTE MENSAL 1/2026;31/01/26 00:00;764,55;0,00;764,55;0,00;0,00;0,00;0,00;0,00;0,00;0,00;0,00;0,00;1544068;INSS-INSTITUTO NACIONAL DO SEGURO SOCIAL;;;401;56;2319;8;244;3.1.90.13.03.00.00.00;1.500.000.0000;31901300000000;0,00;0,00;764,55;MANUTENÇAO DE CRAS - PAIF;OBRIGAÇÕES PATRONAIS
Especificação: ;;PELA DESPESA DE FOLHA DE PAGAMENTO EMPENHADA REFERENTE MENSAL 1/2026;;;;;;;;;;;;;;;;;;;;;;;;;;;;;;;;;;;;;
668;PREFEITURA MUNICIPAL DE BARBACENA;;31018501;750;2026;ORDINARIO;0;0;PELA DESPESA DE FOLHA DE PAGAMENTO EMPENHADA REFERENTE MENSAL 1/2026;31/01/26 00:00;14.326,31;0,00;14.326,31;0,00;0,00;0,00;405,24;0,00;0,00;0,00;0,00;0,00;1544068;INSS-INSTITUTO NACIONAL DO SEGURO SOCIAL;;;399;56;2319;8;244;3.1.90.04.15.00.00.00;1.500.000.0000;31900400000000;405,24;0,00;13.921,07;MANUTENÇAO DE CRAS - PAIF;CONTRATAÇÃO POR TEMPO DETERMINADO
Especificação: ;;PELA DESPESA DE FOLHA DE PAGAMENTO EMPENHADA REFERENTE MENSAL 1/2026;;;;;;;;;;;;;;;;;;;;;;;;;;;;;;;;;;;;;
668;PREFEITURA MUNICIPAL DE BARBACENA;;31018499;751;2026;ORDINARIO;0;0;PELA DESPESA DE FOLHA DE PAGAMENTO EMPENHADA REFERENTE MENSAL 1/2026;31/01/26 00:00;2.117,05;0,00;2.117,05;0,00;0,00;0,00;67,54;0,00;0,00;0,00;0,00;0,00;1544068;INSS-INSTITUTO NACIONAL DO SEGURO SOCIAL;;;466;59;2318;8;244;3.1.90.04.15.00.00.00;1.500.000.0000;31900400000000;67,54;0,00;2.049,51;MANUTENÇÃO DO CADUNICO E PROGRAMA BOLSA FAMILIA;CONTRATAÇÃO POR TEMPO DETERMINADO
Especificação: ;;PELA DESPESA DE FOLHA DE PAGAMENTO EMPENHADA REFERENTE MENSAL 1/2026;;;;;;;;;;;;;;;;;;;;;;;;;;;;;;;;;;;;;
668;PREFEITURA MUNICIPAL DE BARBACENA;;31027676;752;2026;ORDINARIO;0;0;PELA DESPESA DE FOLHA DE PAGAMENTO EMPENHADA REFERENTE MENSAL 1/2026;31/01/26 00:00;22.880,00;0,00;22.880,00;0,00;0,00;0,00;0,00;0,00;0,00;0,00;0,00;0,00;1547285;MUNICÍPIO DE BARBACENA;;;410;56;2319;8;244;3.3.90.46.00.00.00.00;1.500.000.0000;33904600000000;0,00;0,00;22.880,00;MANUTENÇAO DE CRAS - PAIF;AUXÍLIO-ALIMENTAÇÃO
Especificação: ;;PELA DESPESA DE FOLHA DE PAGAMENTO EMPENHADA REFERENTE MENSAL 1/2026;;;;;;;;;;;;;;;;;;;;;;;;;;;;;;;;;;;;;
668;PREFEITURA MUNICIPAL DE BARBACENA;;31027674;753;2026;ORDINARIO;0;0;PELA DESPESA DE FOLHA DE PAGAMENTO EMPENHADA REFERENTE MENSAL 1/2026;31/01/26 00:00;9.974,07;0,00;9.974,07;0,00;0,00;0,00;1.477,46;0,00;0,00;0,00;0,00;0,00;1547285;MUNICÍPIO DE BARBACENA;;;400;56;2319;8;244;3.1.90.11.45.00.00.00;1.500.000.0000;31901100000000;1.477,46;0,00;8.496,61;MANUTENÇAO DE CRAS - PAIF;VENCIMENTOS E VANTAGENS FIXAS - PESSOAL CIVIL
Especificação: ;;PELA DESPESA DE FOLHA DE PAGAMENTO EMPENHADA REFERENTE MENSAL 1/2026;;;;;;;;;;;;;;;;;;;;;;;;;;;;;;;;;;;;;
668;PREFEITURA MUNICIPAL DE BARBACENA;;31027667;754;2026;ORDINARIO;0;0;PELA DESPESA DE FOLHA DE PAGAMENTO EMPENHADA REFERENTE MENSAL 1/2026;31/01/26 00:00;22.800,00;0,00;22.800,00;0,00;0,00;0,00;0,00;0,00;0,00;0,00;0,00;0,00;1547285;MUNICÍPIO DE BARBACENA;;;443;58;2310;8;244;3.3.90.46.00.00.00.00;1.500.000.0000;33904600000000;0,00;0,00;22.800,00;MANUTENÇÃO DA CASA DE ACOLHIMENTO INSTITUCIONAL CRIANÇA E ADOLESCENTE;AUXÍLIO-ALIMENTAÇÃO
Especificação: ;;PELA DESPESA DE FOLHA DE PAGAMENTO EMPENHADA REFERENTE MENSAL 1/2026;;;;;;;;;;;;;;;;;;;;;;;;;;;;;;;;;;;;;
668;PREFEITURA MUNICIPAL DE BARBACENA;;31027660;755;2026;ORDINARIO;0;0;PELA DESPESA DE FOLHA DE PAGAMENTO EMPENHADA REFERENTE MENSAL 1/2026;31/01/26 00:00;27.080,00;0,00;27.080,00;0,00;0,00;0,00;0,00;0,00;0,00;0,00;0,00;0,00;1547285;MUNICÍPIO DE BARBACENA;;;317;11;2322;8;122;3.3.90.46.00.00.00.00;1.500.000.0000;33904600000000;0,00;0,00;27.080,00;PESSOAL E ENCARGOS SOCIAIS DA ASSISTÊNCIA SOCIAL;AUXÍLIO-ALIMENTAÇÃO
Especificação: ;;PELA DESPESA DE FOLHA DE PAGAMENTO EMPENHADA REFERENTE MENSAL 1/2026;;;;;;;;;;;;;;;;;;;;;;;;;;;;;;;;;;;;;
668;PREFEITURA MUNICIPAL DE BARBACENA;;31027658;756;2026;ORDINARIO;0;0;PELA DESPESA DE FOLHA DE PAGAMENTO EMPENHADA REFERENTE MENSAL 1/2026;31/01/26 00:00;1.200,00;0,00;1.200,00;0,00;0,00;0,00;0,00;0,00;0,00;0,00;0,00;0,00;1547285;MUNICÍPIO DE BARBACENA;;;459;58;2665;8;244;3.3.90.46.00.00.00.00;1.500.000.0000;33904600000000;0,00;0,00;1.200,00;MANUTENÇÃO DA CASA DE PASSAGEM;AUXÍLIO-ALIMENTAÇÃO
Especificação: ;;PELA DESPESA DE FOLHA DE PAGAMENTO EMPENHADA REFERENTE MENSAL 1/2026;;;;;;;;;;;;;;;;;;;;;;;;;;;;;;;;;;;;;
668;PREFEITURA MUNICIPAL DE BARBACENA;;31027652;757;2026;ORDINARIO;0;0;PELA DESPESA DE FOLHA DE PAGAMENTO EMPENHADA REFERENTE MENSAL 1/2026;31/01/26 00:00;71.131,70;0,00;71.131,70;0,00;0,00;0,00;5.729,58;0,00;0,00;0,00;0,00;0,00;1547285;MUNICÍPIO DE BARBACENA;;;399;56;2319;8;244;3.1.90.04.01.00.00.00;1.500.000.0000;31900400000000;5.729,58;0,00;65.402,12;MANUTENÇAO DE CRAS - PAIF;CONTRATAÇÃO POR TEMPO DETERMINADO
Especificação: ;;PELA DESPESA DE FOLHA DE PAGAMENTO EMPENHADA REFERENTE MENSAL 1/2026;;;;;;;;;;;;;;;;;;;;;;;;;;;;;;;;;;;;;
668;PREFEITURA MUNICIPAL DE BARBACENA;;31027657;758;2026;ORDINARIO;0;0;PELA DESPESA DE FOLHA DE PAGAMENTO EMPENHADA REFERENTE MENSAL 1/2026;31/01/26 00:00;11.189,87;0,00;11.189,87;0,00;0,00;0,00;3.599,82;0,00;0,00;0,00;0,00;0,00;1547285;MUNICÍPIO DE BARBACENA;;;422;57;2315;8;244;3.1.90.11.01.00.00.00;1.500.000.0000;31901100000000;3.599,82;0,00;7.590,05;MANUTENÇAO DO CREAS - PAEFI;VENCIMENTOS E VANTAGENS FIXAS - PESSOAL CIVIL
Especificação: ;;PELA DESPESA DE FOLHA DE PAGAMENTO EMPENHADA REFERENTE MENSAL 1/2026;;;;;;;;;;;;;;;;;;;;;;;;;;;;;;;;;;;;;
668;PREFEITURA MUNICIPAL DE BARBACENA;;31027650;759;2026;ORDINARIO;0;0;PELA DESPESA DE FOLHA DE PAGAMENTO EMPENHADA REFERENTE MENSAL 1/2026;31/01/26 00:00;9.360,84;0,00;9.360,84;0,00;0,00;0,00;2.381,85;0,00;0,00;0,00;0,00;0,00;1547285;MUNICÍPIO DE BARBACENA;;;308;11;2322;8;122;3.1.90.11.09.00.00.00;1.500.000.0000;31901100000000;2.381,85;0,00;6.978,99;PESSOAL E ENCARGOS SOCIAIS DA ASSISTÊNCIA SOCIAL;VENCIMENTOS E VANTAGENS FIXAS - PESSOAL CIVIL
Especificação: ;;PELA DESPESA DE FOLHA DE PAGAMENTO EMPENHADA REFERENTE MENSAL 1/2026;;;;;;;;;;;;;;;;;;;;;;;;;;;;;;;;;;;;;
668;PREFEITURA MUNICIPAL DE BARBACENA;;31027651;760;2026;ORDINARIO;0;0;PELA DESPESA DE FOLHA DE PAGAMENTO EMPENHADA REFERENTE MENSAL 1/2026;31/01/26 00:00;2.539,57;0,00;2.539,57;0,00;0,00;0,00;243,14;0,00;0,00;0,00;0,00;0,00;1547285;MUNICÍPIO DE BARBACENA;;;421;57;2315;8;244;3.1.90.04.14.00.00.00;1.500.000.0000;31900400000000;243,14;0,00;2.296,43;MANUTENÇAO DO CREAS - PAEFI;CONTRATAÇÃO POR TEMPO DETERMINADO
Especificação: ;;PELA DESPESA DE FOLHA DE PAGAMENTO EMPENHADA REFERENTE MENSAL 1/2026;;;;;;;;;;;;;;;;;;;;;;;;;;;;;;;;;;;;;
668;PREFEITURA MUNICIPAL DE BARBACENA;;31027647;761;2026;ORDINARIO;0;0;PELA DESPESA DE FOLHA DE PAGAMENTO EMPENHADA REFERENTE MENSAL 1/2026;31/01/26 00:00;4.687,78;0,00;4.687,78;0,00;0,00;0,00;373,25;0,00;0,00;0,00;0,00;0,00;1547285;MUNICÍPIO DE BARBACENA;;;450;58;2665;8;244;3.1.90.04.01.00.00.00;1.500.000.0000;31900400000000;373,25;0,00;4.314,53;MANUTENÇÃO DA CASA DE PASSAGEM;CONTRATAÇÃO POR TEMPO DETERMINADO
Especificação: ;;PELA DESPESA DE FOLHA DE PAGAMENTO EMPENHADA REFERENTE MENSAL 1/2026;;;;;;;;;;;;;;;;;;;;;;;;;;;;;;;;;;;;;
668;PREFEITURA MUNICIPAL DE BARBACENA;;31027649;762;2026;ORDINARIO;0;0;PELA DESPESA DE FOLHA DE PAGAMENTO EMPENHADA REFERENTE MENSAL 1/2026;31/01/26 00:00;99,75;0,00;99,75;0,00;0,00;0,00;0,00;0,00;0,00;0,00;0,00;0,00;1547285;MUNICÍPIO DE BARBACENA;;;316;11;2322;8;122;3.3.90.18.00.00.00.00;1.500.000.0000;33901800000000;0,00;0,00;99,75;PESSOAL E ENCARGOS SOCIAIS DA ASSISTÊNCIA SOCIAL;AUXÍLIO FINANCEIRO A ESTUDANTES
Especificação: ;;PELA DESPESA DE FOLHA DE PAGAMENTO EMPENHADA REFERENTE MENSAL 1/2026;;;;;;;;;;;;;;;;;;;;;;;;;;;;;;;;;;;;;
668;PREFEITURA MUNICIPAL DE BARBACENA;;31027646;763;2026;ORDINARIO;0;0;PELA DESPESA DE FOLHA DE PAGAMENTO EMPENHADA REFERENTE MENSAL 1/2026;31/01/26 00:00;6.000,00;0,00;6.000,00;0,00;0,00;0,00;0,00;0,00;0,00;0,00;0,00;0,00;1547285;MUNICÍPIO DE BARBACENA;;;475;59;2318;8;244;3.3.90.46.00.00.00.00;1.500.000.0000;33904600000000;0,00;0,00;6.000,00;MANUTENÇÃO DO CADUNICO E PROGRAMA BOLSA FAMILIA;AUXÍLIO-ALIMENTAÇÃO
Especificação: ;;PELA DESPESA DE FOLHA DE PAGAMENTO EMPENHADA REFERENTE MENSAL 1/2026;;;;;;;;;;;;;;;;;;;;;;;;;;;;;;;;;;;;;
668;PREFEITURA MUNICIPAL DE BARBACENA;;31027643;764;2026;ORDINARIO;0;0;PELA DESPESA DE FOLHA DE PAGAMENTO EMPENHADA REFERENTE MENSAL 1/2026;31/01/26 00:00;11.400,00;0,00;11.400,00;0,00;0,00;0,00;0,00;0,00;0,00;0,00;0,00;0,00;1547285;MUNICÍPIO DE BARBACENA;;;429;57;2315;8;244;3.3.90.46.00.00.00.00;1.500.000.0000;33904600000000;0,00;0,00;11.400,00;MANUTENÇAO DO CREAS - PAEFI;AUXÍLIO-ALIMENTAÇÃO
Especificação: ;;PELA DESPESA DE FOLHA DE PAGAMENTO EMPENHADA REFERENTE MENSAL 1/2026;;;;;;;;;;;;;;;;;;;;;;;;;;;;;;;;;;;;;
668;PREFEITURA MUNICIPAL DE BARBACENA;;31027640;765;2026;ORDINARIO;0;0;PELA DESPESA DE FOLHA DE PAGAMENTO EMPENHADA REFERENTE MENSAL 1/2026;31/01/26 00:00;9.879,43;0,00;9.879,43;0,00;0,00;0,00;1.517,44;0,00;0,00;0,00;0,00;0,00;1547285;MUNICÍPIO DE BARBACENA;;;308;11;2322;8;122;3.1.90.11.45.00.00.00;1.500.000.0000;31901100000000;1.517,44;0,00;8.361,99;PESSOAL E ENCARGOS SOCIAIS DA ASSISTÊNCIA SOCIAL;VENCIMENTOS E VANTAGENS FIXAS - PESSOAL CIVIL
Especificação: ;;PELA DESPESA DE FOLHA DE PAGAMENTO EMPENHADA REFERENTE MENSAL 1/2026;;;;;;;;;;;;;;;;;;;;;;;;;;;;;;;;;;;;;
668;PREFEITURA MUNICIPAL DE BARBACENA;;31027645;766;2026;ORDINARIO;0;0;PELA DESPESA DE FOLHA DE PAGAMENTO EMPENHADA REFERENTE MENSAL 1/2026;31/01/26 00:00;3.580,61;0,00;3.580,61;0,00;0,00;0,00;407,44;0,00;0,00;0,00;0,00;0,00;1547285;MUNICÍPIO DE BARBACENA;;;379;11;2321;8;244;3.1.90.11.45.00.00.00;1.500.000.0000;31901100000000;407,44;0,00;3.173,17;MANUTENÇAO DO CONSELHO TUTELAR;VENCIMENTOS E VANTAGENS FIXAS - PESSOAL CIVIL
Especificação: ;;PELA DESPESA DE FOLHA DE PAGAMENTO EMPENHADA REFERENTE MENSAL 1/2026;;;;;;;;;;;;;;;;;;;;;;;;;;;;;;;;;;;;;
668;PREFEITURA MUNICIPAL DE BARBACENA;;31027638;767;2026;ORDINARIO;0;0;PELA DESPESA DE FOLHA DE PAGAMENTO EMPENHADA REFERENTE MENSAL 1/2026;31/01/26 00:00;3.000,00;0,00;3.000,00;0,00;0,00;0,00;0,00;0,00;0,00;0,00;0,00;0,00;1547285;MUNICÍPIO DE BARBACENA;;;387;11;2321;8;244;3.3.90.46.00.00.00.00;1.500.000.0000;33904600000000;0,00;0,00;3.000,00;MANUTENÇAO DO CONSELHO TUTELAR;AUXÍLIO-ALIMENTAÇÃO
Especificação: ;;PELA DESPESA DE FOLHA DE PAGAMENTO EMPENHADA REFERENTE MENSAL 1/2026;;;;;;;;;;;;;;;;;;;;;;;;;;;;;;;;;;;;;
668;PREFEITURA MUNICIPAL DE BARBACENA;;31027642;768;2026;ORDINARIO;0;0;PELA DESPESA DE FOLHA DE PAGAMENTO EMPENHADA REFERENTE MENSAL 1/2026;31/01/26 00:00;9.893,84;0,00;9.893,84;0,00;0,00;0,00;1.539,23;0,00;0,00;0,00;0,00;0,00;1547285;MUNICÍPIO DE BARBACENA;;;467;59;2318;8;244;3.1.90.11.45.00.00.00;1.500.000.0000;31901100000000;1.539,23;0,00;8.354,61;MANUTENÇÃO DO CADUNICO E PROGRAMA BOLSA FAMILIA;VENCIMENTOS E VANTAGENS FIXAS - PESSOAL CIVIL
Especificação: ;;PELA DESPESA DE FOLHA DE PAGAMENTO EMPENHADA REFERENTE MENSAL 1/2026;;;;;;;;;;;;;;;;;;;;;;;;;;;;;;;;;;;;;
668;PREFEITURA MUNICIPAL DE BARBACENA;;31027636;769;2026;ORDINARIO;0;0;PELA DESPESA DE FOLHA DE PAGAMENTO EMPENHADA REFERENTE MENSAL 1/2026;31/01/26 00:00;14.361,23;0,00;14.361,23;0,00;0,00;0,00;6.235,82;0,00;0,00;0,00;0,00;0,00;1547285;MUNICÍPIO DE BARBACENA;;;400;56;2319;8;244;3.1.90.11.01.00.00.00;1.500.000.0000;31901100000000;6.235,82;0,00;8.125,41;MANUTENÇAO DE CRAS - PAIF;VENCIMENTOS E VANTAGENS FIXAS - PESSOAL CIVIL
Especificação: ;;PELA DESPESA DE FOLHA DE PAGAMENTO EMPENHADA REFERENTE MENSAL 1/2026;;;;;;;;;;;;;;;;;;;;;;;;;;;;;;;;;;;;;
668;PREFEITURA MUNICIPAL DE BARBACENA;;31027639;770;2026;ORDINARIO;0;0;PELA DESPESA DE FOLHA DE PAGAMENTO EMPENHADA REFERENTE MENSAL 1/2026;31/01/26 00:00;59.677,12;0,00;59.677,12;0,00;0,00;0,00;4.958,79;0,00;0,00;0,00;0,00;0,00;1547285;MUNICÍPIO DE BARBACENA;;;307;11;2322;8;122;3.1.90.04.01.00.00.00;1.500.000.0000;31900400000000;4.958,79;0,00;54.718,33;PESSOAL E ENCARGOS SOCIAIS DA ASSISTÊNCIA SOCIAL;CONTRATAÇÃO POR TEMPO DETERMINADO
Especificação: ;;PELA DESPESA DE FOLHA DE PAGAMENTO EMPENHADA REFERENTE MENSAL 1/2026;;;;;;;;;;;;;;;;;;;;;;;;;;;;;;;;;;;;;
668;PREFEITURA MUNICIPAL DE BARBACENA;;31027637;771;2026;ORDINARIO;0;0;PELA DESPESA DE FOLHA DE PAGAMENTO EMPENHADA REFERENTE MENSAL 1/2026;31/01/26 00:00;18.643,87;0,00;18.643,87;0,00;0,00;0,00;2.199,28;0,00;0,00;0,00;0,00;0,00;1547285;MUNICÍPIO DE BARBACENA;;;379;11;2321;8;244;3.1.90.11.12.00.00.00;1.500.000.0000;31901100000000;2.199,28;0,00;16.444,59;MANUTENÇAO DO CONSELHO TUTELAR;VENCIMENTOS E VANTAGENS FIXAS - PESSOAL CIVIL
Especificação: ;;PELA DESPESA DE FOLHA DE PAGAMENTO EMPENHADA REFERENTE MENSAL 1/2026;;;;;;;;;;;;;;;;;;;;;;;;;;;;;;;;;;;;;
668;PREFEITURA MUNICIPAL DE BARBACENA;;31027633;772;2026;ORDINARIO;0;0;PELA DESPESA DE FOLHA DE PAGAMENTO EMPENHADA REFERENTE MENSAL 1/2026;31/01/26 00:00;4.656,31;0,00;4.656,31;0,00;0,00;0,00;1.077,39;0,00;0,00;0,00;0,00;0,00;1547285;MUNICÍPIO DE BARBACENA;;;422;57;2315;8;244;3.1.90.11.45.00.00.00;1.500.000.0000;31901100000000;1.077,39;0,00;3.578,92;MANUTENÇAO DO CREAS - PAEFI;VENCIMENTOS E VANTAGENS FIXAS - PESSOAL CIVIL
Especificação: ;;PELA DESPESA DE FOLHA DE PAGAMENTO EMPENHADA REFERENTE MENSAL 1/2026;;;;;;;;;;;;;;;;;;;;;;;;;;;;;;;;;;;;;
668;PREFEITURA MUNICIPAL DE BARBACENA;;31027628;773;2026;ORDINARIO;0;0;PELA DESPESA DE FOLHA DE PAGAMENTO EMPENHADA REFERENTE MENSAL 1/2026;31/01/26 00:00;7.491,70;0,00;7.491,70;0,00;0,00;0,00;704,02;0,00;0,00;0,00;0,00;0,00;1547285;MUNICÍPIO DE BARBACENA;;;399;56;2319;8;244;3.1.90.04.14.00.00.00;1.500.000.0000;31900400000000;704,02;0,00;6.787,68;MANUTENÇAO DE CRAS - PAIF;CONTRATAÇÃO POR TEMPO DETERMINADO
Especificação: ;;PELA DESPESA DE FOLHA DE PAGAMENTO EMPENHADA REFERENTE MENSAL 1/2026;;;;;;;;;;;;;;;;;;;;;;;;;;;;;;;;;;;;;
668;PREFEITURA MUNICIPAL DE BARBACENA;;31027616;774;2026;ORDINARIO;0;0;PELA DESPESA DE FOLHA DE PAGAMENTO EMPENHADA REFERENTE MENSAL 1/2026;31/01/26 00:00;11.347,00;0,00;11.347,00;0,00;0,00;0,00;850,99;0,00;0,00;0,00;0,00;0,00;1547285;MUNICÍPIO DE BARBACENA;;;466;59;2318;8;244;3.1.90.04.01.00.00.00;1.500.000.0000;31900400000000;850,99;0,00;10.496,01;MANUTENÇÃO DO CADUNICO E PROGRAMA BOLSA FAMILIA;CONTRATAÇÃO POR TEMPO DETERMINADO
Especificação: ;;PELA DESPESA DE FOLHA DE PAGAMENTO EMPENHADA REFERENTE MENSAL 1/2026;;;;;;;;;;;;;;;;;;;;;;;;;;;;;;;;;;;;;
668;PREFEITURA MUNICIPAL DE BARBACENA;;31027635;775;2026;ORDINARIO;0;0;PELA DESPESA DE FOLHA DE PAGAMENTO EMPENHADA REFERENTE MENSAL 1/2026;31/01/26 00:00;3.079,90;0,00;3.079,90;0,00;0,00;0,00;243,14;0,00;0,00;0,00;0,00;0,00;1547285;MUNICÍPIO DE BARBACENA;;;432;58;2310;8;244;3.1.90.04.14.00.00.00;1.500.000.0000;31900400000000;243,14;0,00;2.836,76;MANUTENÇÃO DA CASA DE ACOLHIMENTO INSTITUCIONAL CRIANÇA E ADOLESCENTE;CONTRATAÇÃO POR TEMPO DETERMINADO
Especificação: ;;PELA DESPESA DE FOLHA DE PAGAMENTO EMPENHADA REFERENTE MENSAL 1/2026;;;;;;;;;;;;;;;;;;;;;;;;;;;;;;;;;;;;;
668;PREFEITURA MUNICIPAL DE BARBACENA;;31027631;776;2026;ORDINARIO;0;0;PELA DESPESA DE FOLHA DE PAGAMENTO EMPENHADA REFERENTE MENSAL 1/2026;31/01/26 00:00;4.900,53;0,00;4.900,53;0,00;0,00;0,00;3.723,45;0,00;0,00;0,00;0,00;0,00;1547285;MUNICÍPIO DE BARBACENA;;;467;59;2318;8;244;3.1.90.11.01.00.00.00;1.500.000.0000;31901100000000;3.723,45;0,00;1.177,08;MANUTENÇÃO DO CADUNICO E PROGRAMA BOLSA FAMILIA;VENCIMENTOS E VANTAGENS FIXAS - PESSOAL CIVIL
Especificação: ;;PELA DESPESA DE FOLHA DE PAGAMENTO EMPENHADA REFERENTE MENSAL 1/2026;;;;;;;;;;;;;;;;;;;;;;;;;;;;;;;;;;;;;
668;PREFEITURA MUNICIPAL DE BARBACENA;;31027603;777;2026;ORDINARIO;0;0;PELA DESPESA DE FOLHA DE PAGAMENTO EMPENHADA REFERENTE MENSAL 1/2026;31/01/26 00:00;6.033,64;0,00;6.033,64;0,00;0,00;0,00;0,00;0,00;0,00;0,00;0,00;0,00;1547285;MUNICÍPIO DE BARBACENA;;;400;56;2319;8;244;3.1.90.11.52.00.00.00;1.500.000.0000;31901100000000;0,00;0,00;6.033,64;MANUTENÇAO DE CRAS - PAIF;VENCIMENTOS E VANTAGENS FIXAS - PESSOAL CIVIL
Especificação: ;;PELA DESPESA DE FOLHA DE PAGAMENTO EMPENHADA REFERENTE MENSAL 1/2026;;;;;;;;;;;;;;;;;;;;;;;;;;;;;;;;;;;;;
668;PREFEITURA MUNICIPAL DE BARBACENA;;31027622;778;2026;ORDINARIO;0;0;PELA DESPESA DE FOLHA DE PAGAMENTO EMPENHADA REFERENTE MENSAL 1/2026;31/01/26 00:00;81.418,25;0,00;81.418,25;0,00;0,00;0,00;16.282,98;0,00;0,00;0,00;0,00;0,00;1547285;MUNICÍPIO DE BARBACENA;;;308;11;2322;8;122;3.1.90.11.01.00.00.00;1.500.000.0000;31901100000000;16.282,98;0,00;65.135,27;PESSOAL E ENCARGOS SOCIAIS DA ASSISTÊNCIA SOCIAL;VENCIMENTOS E VANTAGENS FIXAS - PESSOAL CIVIL
Especificação: ;;PELA DESPESA DE FOLHA DE PAGAMENTO EMPENHADA REFERENTE MENSAL 1/2026;;;;;;;;;;;;;;;;;;;;;;;;;;;;;;;;;;;;;
668;PREFEITURA MUNICIPAL DE BARBACENA;;31027607;779;2026;ORDINARIO;0;0;PELA DESPESA DE FOLHA DE PAGAMENTO EMPENHADA REFERENTE MENSAL 1/2026;31/01/26 00:00;72.450,31;0,00;72.450,31;0,00;0,00;0,00;5.637,34;0,00;0,00;0,00;0,00;0,00;1547285;MUNICÍPIO DE BARBACENA;;;432;58;2310;8;244;3.1.90.04.01.00.00.00;1.500.000.0000;31900400000000;5.637,34;0,00;66.812,97;MANUTENÇÃO DA CASA DE ACOLHIMENTO INSTITUCIONAL CRIANÇA E ADOLESCENTE;CONTRATAÇÃO POR TEMPO DETERMINADO
Especificação: ;;PELA DESPESA DE FOLHA DE PAGAMENTO EMPENHADA REFERENTE MENSAL 1/2026;;;;;;;;;;;;;;;;;;;;;;;;;;;;;;;;;;;;;
668;PREFEITURA MUNICIPAL DE BARBACENA;;31027598;780;2026;ORDINARIO;0;0;PELA DESPESA DE FOLHA DE PAGAMENTO EMPENHADA REFERENTE MENSAL 1/2026;31/01/26 00:00;40.401,64;0,00;40.401,64;0,00;0,00;0,00;3.443,94;0,00;0,00;0,00;0,00;0,00;1547285;MUNICÍPIO DE BARBACENA;;;421;57;2315;8;244;3.1.90.04.01.00.00.00;1.500.000.0000;31900400000000;3.443,94;0,00;36.957,70;MANUTENÇAO DO CREAS - PAEFI;CONTRATAÇÃO POR TEMPO DETERMINADO
Especificação: ;;PELA DESPESA DE FOLHA DE PAGAMENTO EMPENHADA REFERENTE MENSAL 1/2026;;;;;;;;;;;;;;;;;;;;;;;;;;;;;;;;;;;;;
668;PREFEITURA MUNICIPAL DE BARBACENA;;31018554;781;2026;ORDINARIO;0;0;PELA DESPESA DE FOLHA DE PAGAMENTO EMPENHADA REFERENTE FERIAS 1/2026;31/01/26 00:00;957,59;0,00;957,59;0,00;0,00;0,00;0,00;0,00;0,00;0,00;0,00;0,00;1547285;MUNICÍPIO DE BARBACENA;;;307;11;2322;8;122;3.1.90.04.14.00.00.00;1.500.000.0000;31900400000000;0,00;0,00;957,59;PESSOAL E ENCARGOS SOCIAIS DA ASSISTÊNCIA SOCIAL;CONTRATAÇÃO POR TEMPO DETERMINADO
Especificação: ;;PELA DESPESA DE FOLHA DE PAGAMENTO EMPENHADA REFERENTE FERIAS 1/2026;;;;;;;;;;;;;;;;;;;;;;;;;;;;;;;;;;;;;
668;PREFEITURA MUNICIPAL DE BARBACENA;;31018551;782;2026;ORDINARIO;0;0;PELA DESPESA DE FOLHA DE PAGAMENTO EMPENHADA REFERENTE FERIAS 1/2026;31/01/26 00:00;1.234,69;0,00;1.234,69;0,00;0,00;0,00;0,00;0,00;0,00;0,00;0,00;0,00;1547285;MUNICÍPIO DE BARBACENA;;;379;11;2321;8;244;3.1.90.11.45.00.00.00;1.500.000.0000;31901100000000;0,00;0,00;1.234,69;MANUTENÇAO DO CONSELHO TUTELAR;VENCIMENTOS E VANTAGENS FIXAS - PESSOAL CIVIL
Especificação: ;;PELA DESPESA DE FOLHA DE PAGAMENTO EMPENHADA REFERENTE FERIAS 1/2026;;;;;;;;;;;;;;;;;;;;;;;;;;;;;;;;;;;;;
668;PREFEITURA MUNICIPAL DE BARBACENA;;31018553;783;2026;ORDINARIO;0;0;PELA DESPESA DE FOLHA DE PAGAMENTO EMPENHADA REFERENTE FERIAS 1/2026;31/01/26 00:00;540,34;0,00;540,34;0,00;0,00;0,00;0,00;0,00;0,00;0,00;0,00;0,00;1547285;MUNICÍPIO DE BARBACENA;;;466;59;2318;8;244;3.1.90.04.14.00.00.00;1.500.000.0000;31900400000000;0,00;0,00;540,34;MANUTENÇÃO DO CADUNICO E PROGRAMA BOLSA FAMILIA;CONTRATAÇÃO POR TEMPO DETERMINADO
Especificação: ;;PELA DESPESA DE FOLHA DE PAGAMENTO EMPENHADA REFERENTE FERIAS 1/2026;;;;;;;;;;;;;;;;;;;;;;;;;;;;;;;;;;;;;
668;PREFEITURA MUNICIPAL DE BARBACENA;;31018549;784;2026;ORDINARIO;0;0;PELA DESPESA DE FOLHA DE PAGAMENTO EMPENHADA REFERENTE FERIAS 1/2026;31/01/26 00:00;1.136,46;0,00;1.136,46;0,00;0,00;0,00;0,00;0,00;0,00;0,00;0,00;0,00;1547285;MUNICÍPIO DE BARBACENA;;;432;58;2310;8;244;3.1.90.04.14.00.00.00;1.500.000.0000;31900400000000;0,00;0,00;1.136,46;MANUTENÇÃO DA CASA DE ACOLHIMENTO INSTITUCIONAL CRIANÇA E ADOLESCENTE;CONTRATAÇÃO POR TEMPO DETERMINADO
Especificação: ;;PELA DESPESA DE FOLHA DE PAGAMENTO EMPENHADA REFERENTE FERIAS 1/2026;;;;;;;;;;;;;;;;;;;;;;;;;;;;;;;;;;;;;
668;PREFEITURA MUNICIPAL DE BARBACENA;;31018548;785;2026;ORDINARIO;0;0;PELA DESPESA DE FOLHA DE PAGAMENTO EMPENHADA REFERENTE FERIAS 1/2026;31/01/26 00:00;2.458,70;0,00;2.458,70;0,00;0,00;0,00;0,00;0,00;0,00;0,00;0,00;0,00;1547285;MUNICÍPIO DE BARBACENA;;;308;11;2322;8;122;3.1.90.11.45.00.00.00;1.500.000.0000;31901100000000;0,00;0,00;2.458,70;PESSOAL E ENCARGOS SOCIAIS DA ASSISTÊNCIA SOCIAL;VENCIMENTOS E VANTAGENS FIXAS - PESSOAL CIVIL
Especificação: ;;PELA DESPESA DE FOLHA DE PAGAMENTO EMPENHADA REFERENTE FERIAS 1/2026;;;;;;;;;;;;;;;;;;;;;;;;;;;;;;;;;;;;;
668;PREFEITURA MUNICIPAL DE BARBACENA;;31018777;786;2026;ORDINARIO;0;0;PELA DESPESA DE FOLHA DE PAGAMENTO EMPENHADA REFERENTE RESCISAO 1/2026;31/01/26 00:00;1.621,00;0,00;1.621,00;0,00;0,00;0,00;0,00;0,00;0,00;0,00;0,00;0,00;1547285;MUNICÍPIO DE BARBACENA;;;399;56;2319;8;244;3.1.90.04.14.00.00.00;1.500.000.0000;31900400000000;0,00;0,00;1.621,00;MANUTENÇAO DE CRAS - PAIF;CONTRATAÇÃO POR TEMPO DETERMINADO
Especificação: ;;PELA DESPESA DE FOLHA DE PAGAMENTO EMPENHADA REFERENTE RESCISAO 1/2026;;;;;;;;;;;;;;;;;;;;;;;;;;;;;;;;;;;;;
668;PREFEITURA MUNICIPAL DE BARBACENA;;31018775;787;2026;ORDINARIO;0;0;PELA DESPESA DE FOLHA DE PAGAMENTO EMPENHADA REFERENTE RESCISAO 1/2026;31/01/26 00:00;1.074,02;0,00;1.074,02;0,00;0,00;0,00;441,11;0,00;0,00;0,00;0,00;0,00;1547285;MUNICÍPIO DE BARBACENA;;;400;56;2319;8;244;3.1.90.11.01.00.00.00;1.500.000.0000;31901100000000;441,11;0,00;632,91;MANUTENÇAO DE CRAS - PAIF;VENCIMENTOS E VANTAGENS FIXAS - PESSOAL CIVIL
Especificação: ;;PELA DESPESA DE FOLHA DE PAGAMENTO EMPENHADA REFERENTE RESCISAO 1/2026;;;;;;;;;;;;;;;;;;;;;;;;;;;;;;;;;;;;;
668;PREFEITURA MUNICIPAL DE BARBACENA;;31018778;788;2026;ORDINARIO;0;0;PELA DESPESA DE FOLHA DE PAGAMENTO EMPENHADA REFERENTE RESCISAO 1/2026;31/01/26 00:00;38,00;0,00;38,00;0,00;0,00;0,00;0,00;0,00;0,00;0,00;0,00;0,00;1547285;MUNICÍPIO DE BARBACENA;;;400;56;2319;8;244;3.1.90.11.42.00.00.00;1.500.000.0000;31901100000000;0,00;0,00;38,00;MANUTENÇAO DE CRAS - PAIF;VENCIMENTOS E VANTAGENS FIXAS - PESSOAL CIVIL
Especificação: ;;PELA DESPESA DE FOLHA DE PAGAMENTO EMPENHADA REFERENTE RESCISAO 1/2026;;;;;;;;;;;;;;;;;;;;;;;;;;;;;;;;;;;;;
668;PREFEITURA MUNICIPAL DE BARBACENA;;31018776;789;2026;ORDINARIO;0;0;PELA DESPESA DE FOLHA DE PAGAMENTO EMPENHADA REFERENTE RESCISAO 1/2026;31/01/26 00:00;1.025,89;0,00;1.025,89;0,00;0,00;0,00;0,00;0,00;0,00;0,00;0,00;0,00;1547285;MUNICÍPIO DE BARBACENA;;;400;56;2319;8;244;3.1.90.11.45.00.00.00;1.500.000.0000;31901100000000;0,00;0,00;1.025,89;MANUTENÇAO DE CRAS - PAIF;VENCIMENTOS E VANTAGENS FIXAS - PESSOAL CIVIL
Especificação: ;;PELA DESPESA DE FOLHA DE PAGAMENTO EMPENHADA REFERENTE RESCISAO 1/2026;;;;;;;;;;;;;;;;;;;;;;;;;;;;;;;;;;;;;
668;PREFEITURA MUNICIPAL DE BARBACENA;;31018774;790;2026;ORDINARIO;0;0;PELA DESPESA DE FOLHA DE PAGAMENTO EMPENHADA REFERENTE RESCISAO 1/2026;31/01/26 00:00;81,05;0,00;81,05;0,00;0,00;0,00;0,00;0,00;0,00;0,00;0,00;0,00;1547285;MUNICÍPIO DE BARBACENA;;;404;56;2319;8;244;3.3.90.08.56.00.00.00;1.500.000.0000;33900800000000;0,00;0,00;81,05;MANUTENÇAO DE CRAS - PAIF;OUTROS BENEFÍCIOS ASSISTENCIAIS-SERVIDOR/MILITAR
Especificação: ;;PELA DESPESA DE FOLHA DE PAGAMENTO EMPENHADA REFERENTE RESCISAO 1/2026;;;;;;;;;;;;;;;;;;;;;;;;;;;;;;;;;;;;;
668;PREFEITURA MUNICIPAL DE BARBACENA;;31018514;791;2026;ORDINARIO;0;0;PELA DESPESA DE FOLHA DE PAGAMENTO EMPENHADA REFERENTE RESCISAO 1/2026;31/01/26 00:00;300,72;0,00;300,72;0,00;0,00;0,00;0,00;0,00;0,00;0,00;0,00;0,00;1547277;SISTEMA MUNICIPAL DE PREVIDENCIA E ASSISTENCIA AO SERVIDOR;;;402;56;2319;8;244;3.1.91.13.08.00.00.00;1.500.000.0000;31911300000000;0,00;0,00;300,72;MANUTENÇAO DE CRAS - PAIF;OBRIGAÇÕES PATRONAIS
Especificação: ;;PELA DESPESA DE FOLHA DE PAGAMENTO EMPENHADA REFERENTE RESCISAO 1/2026;;;;;;;;;;;;;;;;;;;;;;;;;;;;;;;;;;;;;
668;PREFEITURA MUNICIPAL DE BARBACENA;;31080760;806;2026;ORDINARIO;0;0;PELA DESPESA DE FOLHA DE PAGAMENTO EMPENHADA REFERENTE RESCISAO_COMPLEMENTAR 1/2026;31/01/26 00:00;1.260,77;0,00;1.260,77;0,00;1.260,77;0,00;0,00;0,00;0,00;0,00;0,00;0,00;1547285;MUNICÍPIO DE BARBACENA;;;795;15;2204;12;361;3.1.90.04.14.00.00.00;1.540.000.1070;31900400000000;1.260,77;0,00;0,00;PESSOAL E ENCARGOS SOCIAIS DO ENSINO FUNDAMENTAL;CONTRATAÇÃO POR TEMPO DETERMINADO
Especificação: ;;PELA DESPESA DE FOLHA DE PAGAMENTO EMPENHADA REFERENTE RESCISAO_COMPLEMENTAR 1/2026;;;;;;;;;;;;;;;;;;;;;;;;;;;;;;;;;;;;;
668;PREFEITURA MUNICIPAL DE BARBACENA;;31080759;807;2026;ORDINARIO;0;0;PELA DESPESA DE FOLHA DE PAGAMENTO EMPENHADA REFERENTE RESCISAO_COMPLEMENTAR 1/2026;31/01/26 00:00;3.741,24;0,00;3.741,24;0,00;3.741,24;0,00;0,00;0,00;0,00;0,00;0,00;0,00;1547285;MUNICÍPIO DE BARBACENA;;;889;38;2222;12;367;3.1.90.04.14.00.00.00;1.540.000.1070;31900400000000;3.741,24;0,00;0,00;PESSOAL E ENCARGOS SOCIAIS DO ATENDIMENTO EDUCACIONAL ESPECIALIZADO;CONTRATAÇÃO POR TEMPO DETERMINADO
Especificação: ;;PELA DESPESA DE FOLHA DE PAGAMENTO EMPENHADA REFERENTE RESCISAO_COMPLEMENTAR 1/2026;;;;;;;;;;;;;;;;;;;;;;;;;;;;;;;;;;;;;
668;PREFEITURA MUNICIPAL DE BARBACENA;;31080758;808;2026;ORDINARIO;0;0;PELA DESPESA DE FOLHA DE PAGAMENTO EMPENHADA REFERENTE RESCISAO_COMPLEMENTAR 1/2026;31/01/26 00:00;514,63;0,00;514,63;0,00;514,63;0,00;0,00;0,00;0,00;0,00;0,00;0,00;1547285;MUNICÍPIO DE BARBACENA;;;889;38;2222;12;367;3.1.90.04.99.00.00.00;1.540.000.1070;31900400000000;514,63;0,00;0,00;PESSOAL E ENCARGOS SOCIAIS DO ATENDIMENTO EDUCACIONAL ESPECIALIZADO;CONTRATAÇÃO POR TEMPO DETERMINADO
Especificação: ;;PELA DESPESA DE FOLHA DE PAGAMENTO EMPENHADA REFERENTE RESCISAO_COMPLEMENTAR 1/2026;;;;;;;;;;;;;;;;;;;;;;;;;;;;;;;;;;;;;
668;PREFEITURA MUNICIPAL DE BARBACENA;;31161376;832;2026;ORDINARIO;0;0;PELA DESPESA DE FOLHA DE PAGAMENTO EMPENHADA REFERENTE MENSAL_COMPLEMENTAR 1/2026;31/01/26 00:00;540,52;0,00;540,52;0,00;540,52;0,00;0,00;0,00;0,00;0,00;0,00;0,00;1547285;MUNICÍPIO DE BARBACENA;;;796;15;2204;12;361;3.1.90.11.01.00.00.00;1.500.000.1001;31901100000000;540,52;0,00;0,00;PESSOAL E ENCARGOS SOCIAIS DO ENSINO FUNDAMENTAL;VENCIMENTOS E VANTAGENS FIXAS - PESSOAL CIVIL
Especificação: ;;PELA DESPESA DE FOLHA DE PAGAMENTO EMPENHADA REFERENTE MENSAL_COMPLEMENTAR 1/2026;;;;;;;;;;;;;;;;;;;;;;;;;;;;;;;;;;;;;
668;PREFEITURA MUNICIPAL DE BARBACENA;;31161375;833;2026;ORDINARIO;0;0;PELA DESPESA DE FOLHA DE PAGAMENTO EMPENHADA REFERENTE MENSAL_COMPLEMENTAR 1/2026;31/01/26 00:00;600,00;0,00;600,00;0,00;600,00;0,00;0,00;0,00;0,00;0,00;0,00;0,00;1547285;MUNICÍPIO DE BARBACENA;;;802;15;2204;12;361;3.3.90.46.00.00.00.00;1.540.000.0000;33904600000000;600,00;0,00;0,00;PESSOAL E ENCARGOS SOCIAIS DO ENSINO FUNDAMENTAL;AUXÍLIO-ALIMENTAÇÃO
Especificação: ;;PELA DESPESA DE FOLHA DE PAGAMENTO EMPENHADA REFERENTE MENSAL_COMPLEMENTAR 1/2026;;;;;;;;;;;;;;;;;;;;;;;;;;;;;;;;;;;;;
668;PREFEITURA MUNICIPAL DE BARBACENA;;30723906;247;2026;ORDINARIO;0;0;EMPENHO PARA COBRIR DESPESA COM CONSUMO DE ENERGIA ELÉTRICA DO IMÓVEL SITUADO NA RUA CRUZ DAS ALMAS, Nº 1568 BAIRRO SÃO JOSÉ BARBACENA/MG,CONFORME OFICIO Nº 45/2026-SEMOP. REF. DEZEMBRO/2025.;02/02/26 00:00;8.978,83;0,00;8.978,83;0,00;8.978,83;0,00;0,00;0,00;0,00;0,00;0,00;0,00;1546390;CEMIG DISTRIBUICAO S/A;;;140;11;2100;15;451;3.3.90.39.29.00.00.00;1.500.000.0000;33903900000000;8.978,83;0,00;0,00;MANUTENÇAO DA SEMOP;OUTROS SERVIÇOS DE TERCEIROS - PESSOA JURÍDICA
Especificação: ;;EMPENHO PARA COBRIR DESPESA COM CONSUMO DE ENERGIA ELÉTRICA DO IMÓVEL SITUADO NA RUA CRUZ DAS ALMAS, Nº 1568 BAIRRO SÃO JOSÉ BARBACENA/MG,CONFORME OFICIO Nº 45/2026-SEMOP. REF. DEZEMBRO/2025.;;;;;;;;;;;;;;;;;;;;;;;;;;;;;;;;;;;;;
668;PREFEITURA MUNICIPAL DE BARBACENA;;30780614;259;2026;ORDINARIO;0;0;EMPENHO PARA COBRIR DESPESA COM PAGAMENTO DE HONORÁRIOS ADVOCATÍCIOS, CONFORME DECRETO MUNICIPAL 7508/2013. OFICIO 039/2026 AGM DISTRIBUIÇÃO DE HONORÁRIOS SUCUMBENCIAIS.;02/02/26 00:00;6.384,79;0,00;6.384,79;0,00;4.628,97;0,00;1.755,82;0,00;0,00;0,00;0,00;0,00;1543467;ANA LUIZA ALBUQUERQUE KALIL;;;276;11;2132;3;122;3.1.90.16.00.00.00.00;1.501.000.0000;31901600000000;6.384,79;0,00;0,00;PESSOAL E ENCARGOS SOCIAIS DA AGM;OUTRAS DESPESAS VARIÁVEIS - PESSOAL CIVIL
Especificação: ;;EMPENHO PARA COBRIR DESPESA COM PAGAMENTO DE HONORÁRIOS ADVOCATÍCIOS, CONFORME DECRETO MUNICIPAL 7508/2013. OFICIO 039/2026 AGM DISTRIBUIÇÃO DE HONORÁRIOS SUCUMBENCIAIS.;;;;;;;;;;;;;;;;;;;;;;;;;;;;;;;;;;;;;
668;PREFEITURA MUNICIPAL DE BARBACENA;;30780958;260;2026;ORDINARIO;0;0;EMPENHO PARA COBRIR DESPESA COM PAGAMENTO DE HONORÁRIOS ADVOCATÍCIOS, CONFORME DECRETO MUNICIPAL 7508/2013. OFICIO 039/2026 AGM DISTRIBUIÇÃO DE HONORÁRIOS SUCUMBENCIAIS.;02/02/26 00:00;6.384,79;0,00;6.384,79;0,00;4.628,97;0,00;1.755,82;0,00;0,00;0,00;0,00;0,00;1543439;MARCELO ALVARENGA MIRANDA JUNIOR;;;276;11;2132;3;122;3.1.90.16.00.00.00.00;1.501.000.0000;31901600000000;6.384,79;0,00;0,00;PESSOAL E ENCARGOS SOCIAIS DA AGM;OUTRAS DESPESAS VARIÁVEIS - PESSOAL CIVIL
Especificação: ;;EMPENHO PARA COBRIR DESPESA COM PAGAMENTO DE HONORÁRIOS ADVOCATÍCIOS, CONFORME DECRETO MUNICIPAL 7508/2013. OFICIO 039/2026 AGM DISTRIBUIÇÃO DE HONORÁRIOS SUCUMBENCIAIS.;;;;;;;;;;;;;;;;;;;;;;;;;;;;;;;;;;;;;
668;PREFEITURA MUNICIPAL DE BARBACENA;;30781081;261;2026;ORDINARIO;0;0;EMPENHO PARA COBRIR DESPESA COM PAGAMENTO DE HONORÁRIOS ADVOCATÍCIOS, CONFORME DECRETO MUNICIPAL 7508/2013. OFICIO 039/2026 AGM DISTRIBUIÇÃO DE HONORÁRIOS SUCUMBENCIAIS.;02/02/26 00:00;6.384,79;0,00;6.384,79;0,00;4.628,97;0,00;1.755,82;0,00;0,00;0,00;0,00;0,00;1543760;FELIPE DE CARVALHO QUINAUD;;;276;11;2132;3;122;3.1.90.16.00.00.00.00;1.501.000.0000;31901600000000;6.384,79;0,00;0,00;PESSOAL E ENCARGOS SOCIAIS DA AGM;OUTRAS DESPESAS VARIÁVEIS - PESSOAL CIVIL
Especificação: ;;EMPENHO PARA COBRIR DESPESA COM PAGAMENTO DE HONORÁRIOS ADVOCATÍCIOS, CONFORME DECRETO MUNICIPAL 7508/2013. OFICIO 039/2026 AGM DISTRIBUIÇÃO DE HONORÁRIOS SUCUMBENCIAIS.;;;;;;;;;;;;;;;;;;;;;;;;;;;;;;;;;;;;;
668;PREFEITURA MUNICIPAL DE BARBACENA;;30781231;262;2026;ORDINARIO;0;0;EMPENHO PARA COBRIR DESPESA COM PAGAMENTO DE HONORÁRIOS ADVOCATÍCIOS, CONFORME DECRETO MUNICIPAL 7508/2013. OFICIO 039/2026 AGM DISTRIBUIÇÃO DE HONORÁRIOS SUCUMBENCIAIS.;02/02/26 00:00;6.384,79;0,00;6.384,79;0,00;4.415,45;0,00;1.969,34;0,00;0,00;0,00;0,00;0,00;1543704;ALINE GOULART FERREIRA;;;276;11;2132;3;122;3.1.90.16.00.00.00.00;1.501.000.0000;31901600000000;6.384,79;0,00;0,00;PESSOAL E ENCARGOS SOCIAIS DA AGM;OUTRAS DESPESAS VARIÁVEIS - PESSOAL CIVIL
Especificação: ;;EMPENHO PARA COBRIR DESPESA COM PAGAMENTO DE HONORÁRIOS ADVOCATÍCIOS, CONFORME DECRETO MUNICIPAL 7508/2013. OFICIO 039/2026 AGM DISTRIBUIÇÃO DE HONORÁRIOS SUCUMBENCIAIS.;;;;;;;;;;;;;;;;;;;;;;;;;;;;;;;;;;;;;
668;PREFEITURA MUNICIPAL DE BARBACENA;;30781306;263;2026;ORDINARIO;0;0;EMPENHO PARA COBRIR DESPESA COM PAGAMENTO DE HONORÁRIOS ADVOCATÍCIOS, CONFORME DECRETO MUNICIPAL 7508/2013. OFICIO 039/2026 AGM DISTRIBUIÇÃO DE HONORÁRIOS SUCUMBENCIAIS.;02/02/26 00:00;6.384,79;0,00;6.384,79;0,00;4.558,92;0,00;1.825,87;0,00;0,00;0,00;0,00;0,00;1544041;FABRICIO PINTO FIGUEIREDO;;;276;11;2132;3;122;3.1.90.16.00.00.00.00;1.501.000.0000;31901600000000;6.384,79;0,00;0,00;PESSOAL E ENCARGOS SOCIAIS DA AGM;OUTRAS DESPESAS VARIÁVEIS - PESSOAL CIVIL
Especificação: ;;EMPENHO PARA COBRIR DESPESA COM PAGAMENTO DE HONORÁRIOS ADVOCATÍCIOS, CONFORME DECRETO MUNICIPAL 7508/2013. OFICIO 039/2026 AGM DISTRIBUIÇÃO DE HONORÁRIOS SUCUMBENCIAIS.;;;;;;;;;;;;;;;;;;;;;;;;;;;;;;;;;;;;;
668;PREFEITURA MUNICIPAL DE BARBACENA;;30781523;264;2026;ORDINARIO;0;0;EMPENHO PARA COBRIR DESPESA COM PAGAMENTO DE HONORÁRIOS ADVOCATÍCIOS, CONFORME DECRETO MUNICIPAL 7508/2013. OFICIO 039/2026 AGM DISTRIBUIÇÃO DE HONORÁRIOS SUCUMBENCIAIS.;02/02/26 00:00;6.384,79;0,00;6.384,79;0,00;4.628,98;0,00;1.755,81;0,00;0,00;0,00;0,00;0,00;1543449;JULIO CESAR DA COSTA;;;276;11;2132;3;122;3.1.90.16.00.00.00.00;1.501.000.0000;31901600000000;6.384,79;0,00;0,00;PESSOAL E ENCARGOS SOCIAIS DA AGM;OUTRAS DESPESAS VARIÁVEIS - PESSOAL CIVIL
Especificação: ;;EMPENHO PARA COBRIR DESPESA COM PAGAMENTO DE HONORÁRIOS ADVOCATÍCIOS, CONFORME DECRETO MUNICIPAL 7508/2013. OFICIO 039/2026 AGM DISTRIBUIÇÃO DE HONORÁRIOS SUCUMBENCIAIS.;;;;;;;;;;;;;;;;;;;;;;;;;;;;;;;;;;;;;
668;PREFEITURA MUNICIPAL DE BARBACENA;;30781655;265;2026;ORDINARIO;0;0;EMPENHO PARA COBRIR DESPESA COM PAGAMENTO DE HONORÁRIOS ADVOCATÍCIOS, CONFORME DECRETO MUNICIPAL 7508/2013. OFICIO 039/2026 AGM DISTRIBUIÇÃO DE HONORÁRIOS SUCUMBENCIAIS.;02/02/26 00:00;6.384,79;0,00;6.384,79;0,00;4.628,97;0,00;1.755,82;0,00;0,00;0,00;0,00;0,00;1543604;ELTON FELICIO COELLI DE SOUZA;;;276;11;2132;3;122;3.1.90.16.00.00.00.00;1.501.000.0000;31901600000000;6.384,79;0,00;0,00;PESSOAL E ENCARGOS SOCIAIS DA AGM;OUTRAS DESPESAS VARIÁVEIS - PESSOAL CIVIL
Especificação: ;;EMPENHO PARA COBRIR DESPESA COM PAGAMENTO DE HONORÁRIOS ADVOCATÍCIOS, CONFORME DECRETO MUNICIPAL 7508/2013. OFICIO 039/2026 AGM DISTRIBUIÇÃO DE HONORÁRIOS SUCUMBENCIAIS.;;;;;;;;;;;;;;;;;;;;;;;;;;;;;;;;;;;;;
668;PREFEITURA MUNICIPAL DE BARBACENA;;30781740;266;2026;ORDINARIO;0;0;EMPENHO PARA COBRIR DESPESA COM PAGAMENTO DE HONORÁRIOS ADVOCATÍCIOS, CONFORME DECRETO MUNICIPAL 7508/2013. OFICIO 039/2026 AGM DISTRIBUIÇÃO DE HONORÁRIOS SUCUMBENCIAIS.;02/02/26 00:00;6.384,79;0,00;6.384,79;0,00;4.628,98;0,00;1.755,81;0,00;0,00;0,00;0,00;0,00;1543476;NATALIA BALDESSAR MENEZES;8559;6;276;11;2132;3;122;3.1.90.16.00.00.00.00;1.501.000.0000;31901600000000;6.384,79;0,00;0,00;PESSOAL E ENCARGOS SOCIAIS DA AGM;OUTRAS DESPESAS VARIÁVEIS - PESSOAL CIVIL
Especificação: ;;EMPENHO PARA COBRIR DESPESA COM PAGAMENTO DE HONORÁRIOS ADVOCATÍCIOS, CONFORME DECRETO MUNICIPAL 7508/2013. OFICIO 039/2026 AGM DISTRIBUIÇÃO DE HONORÁRIOS SUCUMBENCIAIS.;;;;;;;;;;;;;;;;;;;;;;;;;;;;;;;;;;;;;
668;PREFEITURA MUNICIPAL DE BARBACENA;;30781824;267;2026;ORDINARIO;0;0;EMPENHO PARA COBRIR DESPESA COM PAGAMENTO DE HONORÁRIOS ADVOCATÍCIOS, CONFORME DECRETO MUNICIPAL 7508/2013. OFICIO 039/2026 AGM DISTRIBUIÇÃO DE HONORÁRIOS SUCUMBENCIAIS.;02/02/26 00:00;6.384,79;0,00;6.384,79;0,00;4.628,97;0,00;1.755,82;0,00;0,00;0,00;0,00;0,00;1543821;LAIS FERNANDES ALMEIDA;;;276;11;2132;3;122;3.1.90.16.00.00.00.00;1.501.000.0000;31901600000000;6.384,79;0,00;0,00;PESSOAL E ENCARGOS SOCIAIS DA AGM;OUTRAS DESPESAS VARIÁVEIS - PESSOAL CIVIL
Especificação: ;;EMPENHO PARA COBRIR DESPESA COM PAGAMENTO DE HONORÁRIOS ADVOCATÍCIOS, CONFORME DECRETO MUNICIPAL 7508/2013. OFICIO 039/2026 AGM DISTRIBUIÇÃO DE HONORÁRIOS SUCUMBENCIAIS.;;;;;;;;;;;;;;;;;;;;;;;;;;;;;;;;;;;;;
668;PREFEITURA MUNICIPAL DE BARBACENA;;30782003;268;2026;ORDINARIO;0;0;EMPENHO PARA COBRIR DESPESA COM PAGAMENTO DE HONORÁRIOS ADVOCATÍCIOS, CONFORME DECRETO MUNICIPAL 7508/2013. OFICIO 039/2026 AGM DISTRIBUIÇÃO DE HONORÁRIOS SUCUMBENCIAIS.;02/02/26 00:00;6.384,79;0,00;6.384,79;0,00;4.628,97;0,00;1.755,82;0,00;0,00;0,00;0,00;0,00;1543442;ANTONIO VALENTE FERREIRA NETO;;;276;11;2132;3;122;3.1.90.16.00.00.00.00;1.501.000.0000;31901600000000;6.384,79;0,00;0,00;PESSOAL E ENCARGOS SOCIAIS DA AGM;OUTRAS DESPESAS VARIÁVEIS - PESSOAL CIVIL
Especificação: ;;EMPENHO PARA COBRIR DESPESA COM PAGAMENTO DE HONORÁRIOS ADVOCATÍCIOS, CONFORME DECRETO MUNICIPAL 7508/2013. OFICIO 039/2026 AGM DISTRIBUIÇÃO DE HONORÁRIOS SUCUMBENCIAIS.;;;;;;;;;;;;;;;;;;;;;;;;;;;;;;;;;;;;;
668;PREFEITURA MUNICIPAL DE BARBACENA;;30783023;272;2026;ORDINARIO;0;0;EMPENHO PARA COBRIR DESPESA COM PAGAMENTO DE HONORÁRIOS ADVOCATÍCIOS, CONFORME DECRETO MUNICIPAL 7508/2013. OFICIO 039/2026 AGM DISTRIBUIÇÃO DE HONORÁRIOS SUCUMBENCIAIS.;02/02/26 00:00;6.384,79;0,00;6.384,79;0,00;4.628,97;0,00;1.755,82;0,00;0,00;0,00;0,00;0,00;1601323;MARCELO CRISTIAN DA SILVA ARAUJO;;;276;11;2132;3;122;3.1.90.16.00.00.00.00;1.501.000.0000;31901600000000;6.384,79;0,00;0,00;PESSOAL E ENCARGOS SOCIAIS DA AGM;OUTRAS DESPESAS VARIÁVEIS - PESSOAL CIVIL
Especificação: ;;EMPENHO PARA COBRIR DESPESA COM PAGAMENTO DE HONORÁRIOS ADVOCATÍCIOS, CONFORME DECRETO MUNICIPAL 7508/2013. OFICIO 039/2026 AGM DISTRIBUIÇÃO DE HONORÁRIOS SUCUMBENCIAIS.;;;;;;;;;;;;;;;;;;;;;;;;;;;;;;;;;;;;;
668;PREFEITURA MUNICIPAL DE BARBACENA;;30783188;273;2026;ORDINARIO;0;0;EMPENHO PARA COBRIR DESPESA COM PAGAMENTO DE HONORÁRIOS ADVOCATÍCIOS, CONFORME DECRETO MUNICIPAL 7508/2013. OFICIO 039/2026 AGM DISTRIBUIÇÃO DE HONORÁRIOS SUCUMBENCIAIS.;02/02/26 00:00;6.384,79;0,00;6.384,79;0,00;4.453,70;0,00;1.931,09;0,00;0,00;0,00;0,00;0,00;1543539;LUIZ CARLOS MENDES;;;276;11;2132;3;122;3.1.90.16.00.00.00.00;1.501.000.0000;31901600000000;6.384,79;0,00;0,00;PESSOAL E ENCARGOS SOCIAIS DA AGM;OUTRAS DESPESAS VARIÁVEIS - PESSOAL CIVIL
Especificação: ;;EMPENHO PARA COBRIR DESPESA COM PAGAMENTO DE HONORÁRIOS ADVOCATÍCIOS, CONFORME DECRETO MUNICIPAL 7508/2013. OFICIO 039/2026 AGM DISTRIBUIÇÃO DE HONORÁRIOS SUCUMBENCIAIS.;;;;;;;;;;;;;;;;;;;;;;;;;;;;;;;;;;;;;
668;PREFEITURA MUNICIPAL DE BARBACENA;;30783336;274;2026;ORDINARIO;0;0;EMPENHO PARA COBRIR DESPESA COM PAGAMENTO DE HONORÁRIOS ADVOCATÍCIOS, CONFORME DECRETO MUNICIPAL 7508/2013. OFICIO 039/2026 AGM DISTRIBUIÇÃO DE HONORÁRIOS SUCUMBENCIAIS.;02/02/26 00:00;6.384,79;0,00;6.384,79;0,00;4.628,97;0,00;1.755,82;0,00;0,00;0,00;0,00;0,00;1601914;ANTONIO AMERICO DE CAMPOS JUNIOR;;;276;11;2132;3;122;3.1.90.16.00.00.00.00;1.501.000.0000;31901600000000;6.384,79;0,00;0,00;PESSOAL E ENCARGOS SOCIAIS DA AGM;OUTRAS DESPESAS VARIÁVEIS - PESSOAL CIVIL
Especificação: ;;EMPENHO PARA COBRIR DESPESA COM PAGAMENTO DE HONORÁRIOS ADVOCATÍCIOS, CONFORME DECRETO MUNICIPAL 7508/2013. OFICIO 039/2026 AGM DISTRIBUIÇÃO DE HONORÁRIOS SUCUMBENCIAIS.;;;;;;;;;;;;;;;;;;;;;;;;;;;;;;;;;;;;;
668;PREFEITURA MUNICIPAL DE BARBACENA;;30784823;275;2026;ORDINARIO;0;0;EMPENHO PARA COBRIR DESPESA COM DIÁRIA PARA BELO HORIZONTE NO DIA 05/02/2026 A FIM DE OBTER SUBSÍDIOS TÉCNICOS PARA PREPARAÇÃO E ESTRUTURAÇÃO DOS PROCESSOS INTERNOS DA SEMUR APÓS IMPLEMENTAÇÃO DO NOVO PLANO DIRETOR ABRANGENDO FLUXOS, DOCUMENTAÇÕES, MODELOS PARA EFETIVA IMPLANTAÇÃO DOS INSTRUMENTOS URBANÍSTICOS NO MUNICÍPIO. CONFORME DECRETO 9.882/2025.;02/02/26 00:00;168,42;0,00;168,42;0,00;0,00;0,00;0,00;0,00;0,00;0,00;0,00;0,00;6246417;CARLOS ROBERTO DOS SANTOS OLIVEIRA NETO DE SOUZA;;;562;11;2059;15;122;3.3.90.14.05.00.00.00;1.500.000.0000;33901400000000;0,00;0,00;168,42;MANUTENÇÃO DA SEMUR;DIÁRIAS - PESSOAL CIVIL
Especificação: ;;EMPENHO PARA COBRIR DESPESA COM DIÁRIA PARA BELO HORIZONTE NO DIA 05/02/2026 A FIM DE OBTER SUBSÍDIOS TÉCNICOS PARA PREPARAÇÃO E ESTRUTURAÇÃO DOS PROCESSOS INTERNOS DA SEMUR APÓS IMPLEMENTAÇÃO DO NOVO PLANO DIRETOR ABRANGENDO FLUXOS, DOCUMENTAÇÕES, MODELOS PARA EFETIVA IMPLANTAÇÃO DOS INSTRUMENTOS URBANÍSTICOS NO MUNICÍPIO. CONFORME DECRETO 9.882/2025.;;;;;;;;;;;;;;;;;;;;;;;;;;;;;;;;;;;;;
668;PREFEITURA MUNICIPAL DE BARBACENA;;30784891;276;2026;ORDINARIO;0;0;EMPENHO PARA COBRIR DESPESA COM DIÁRIA PARA BELO HORIZONTE NO DIA 05/02/2026 A FIM DE OBTER SUBSÍDIOS TÉCNICOS PARA PREPARAÇÃO E ESTRUTURAÇÃO DOS PROCESSOS INTERNOS DA SEMUR APÓS IMPLEMENTAÇÃO DO NOVO PLANO DIRETOR ABRANGENDO FLUXOS, DOCUMENTAÇÕES, MODELOS PARA EFETIVA IMPLANTAÇÃO DOS INSTRUMENTOS URBANÍSTICOS NO MUNICÍPIO. CONFORME DECRETO 9.882/2025.;02/02/26 00:00;168,42;0,00;168,42;0,00;0,00;0,00;0,00;0,00;0,00;0,00;0,00;0,00;1543753;RHUAN DUTRA PROFETA;;;562;11;2059;15;122;3.3.90.14.05.00.00.00;1.500.000.0000;33901400000000;0,00;0,00;168,42;MANUTENÇÃO DA SEMUR;DIÁRIAS - PESSOAL CIVIL
Especificação: ;;EMPENHO PARA COBRIR DESPESA COM DIÁRIA PARA BELO HORIZONTE NO DIA 05/02/2026 A FIM DE OBTER SUBSÍDIOS TÉCNICOS PARA PREPARAÇÃO E ESTRUTURAÇÃO DOS PROCESSOS INTERNOS DA SEMUR APÓS IMPLEMENTAÇÃO DO NOVO PLANO DIRETOR ABRANGENDO FLUXOS, DOCUMENTAÇÕES, MODELOS PARA EFETIVA IMPLANTAÇÃO DOS INSTRUMENTOS URBANÍSTICOS NO MUNICÍPIO. CONFORME DECRETO 9.882/2025.;;;;;;;;;;;;;;;;;;;;;;;;;;;;;;;;;;;;;
668;PREFEITURA MUNICIPAL DE BARBACENA;;30784960;277;2026;ORDINARIO;0;0;EMPENHO PARA COBRIR DESPESA COM DIÁRIA PARA BELO HORIZONTE NO DIA 05/02/2026 A FIM DE OBTER SUBSÍDIOS TÉCNICOS PARA PREPARAÇÃO E ESTRUTURAÇÃO DOS PROCESSOS INTERNOS DA SEMUR APÓS IMPLEMENTAÇÃO DO NOVO PLANO DIRETOR ABRANGENDO FLUXOS, DOCUMENTAÇÕES, MODELOS PARA EFETIVA IMPLANTAÇÃO DOS INSTRUMENTOS URBANÍSTICOS NO MUNICÍPIO. CONFORME DECRETO 9.882/2025.;02/02/26 00:00;168,42;0,00;168,42;0,00;0,00;0,00;0,00;0,00;0,00;0,00;0,00;0,00;6246332;BRUNA TORQUETTI DA FONSECA;;;562;11;2059;15;122;3.3.90.14.05.00.00.00;1.500.000.0000;33901400000000;0,00;0,00;168,42;MANUTENÇÃO DA SEMUR;DIÁRIAS - PESSOAL CIVIL
Especificação: ;;EMPENHO PARA COBRIR DESPESA COM DIÁRIA PARA BELO HORIZONTE NO DIA 05/02/2026 A FIM DE OBTER SUBSÍDIOS TÉCNICOS PARA PREPARAÇÃO E ESTRUTURAÇÃO DOS PROCESSOS INTERNOS DA SEMUR APÓS IMPLEMENTAÇÃO DO NOVO PLANO DIRETOR ABRANGENDO FLUXOS, DOCUMENTAÇÕES, MODELOS PARA EFETIVA IMPLANTAÇÃO DOS INSTRUMENTOS URBANÍSTICOS NO MUNICÍPIO. CONFORME DECRETO 9.882/2025.;;;;;;;;;;;;;;;;;;;;;;;;;;;;;;;;;;;;;
668;PREFEITURA MUNICIPAL DE BARBACENA;;30785028;278;2026;ORDINARIO;0;0;EMPENHO PARA COBRIR DESPESA COM DIÁRIA PARA BELO HORIZONTE NO DIA 05/02/2026 A FIM DE OBTER SUBSÍDIOS TÉCNICOS PARA PREPARAÇÃO E ESTRUTURAÇÃO DOS PROCESSOS INTERNOS DA SEMUR APÓS IMPLEMENTAÇÃO DO NOVO PLANO DIRETOR ABRANGENDO FLUXOS, DOCUMENTAÇÕES, MODELOS PARA EFETIVA IMPLANTAÇÃO DOS INSTRUMENTOS URBANÍSTICOS NO MUNICÍPIO. CONFORME DECRETO 9.882/2025.;02/02/26 00:00;168,42;0,00;168,42;0,00;0,00;0,00;0,00;0,00;0,00;0,00;0,00;0,00;6246212;MORGANA MELO DOS SANTOS;;;562;11;2059;15;122;3.3.90.14.05.00.00.00;1.500.000.0000;33901400000000;0,00;0,00;168,42;MANUTENÇÃO DA SEMUR;DIÁRIAS - PESSOAL CIVIL
Especificação: ;;EMPENHO PARA COBRIR DESPESA COM DIÁRIA PARA BELO HORIZONTE NO DIA 05/02/2026 A FIM DE OBTER SUBSÍDIOS TÉCNICOS PARA PREPARAÇÃO E ESTRUTURAÇÃO DOS PROCESSOS INTERNOS DA SEMUR APÓS IMPLEMENTAÇÃO DO NOVO PLANO DIRETOR ABRANGENDO FLUXOS, DOCUMENTAÇÕES, MODELOS PARA EFETIVA IMPLANTAÇÃO DOS INSTRUMENTOS URBANÍSTICOS NO MUNICÍPIO. CONFORME DECRETO 9.882/2025.;;;;;;;;;;;;;;;;;;;;;;;;;;;;;;;;;;;;;
668;PREFEITURA MUNICIPAL DE BARBACENA;;30785066;279;2026;ORDINARIO;0;0;EMPENHO PARA COBRIR DESPESA COM DIÁRIA PARA BELO HORIZONTE NO DIA 05/02/2026 A FIM DE OBTER SUBSÍDIOS TÉCNICOS PARA PREPARAÇÃO E ESTRUTURAÇÃO DOS PROCESSOS INTERNOS DA SEMUR APÓS IMPLEMENTAÇÃO DO NOVO PLANO DIRETOR ABRANGENDO FLUXOS, DOCUMENTAÇÕES, MODELOS PARA EFETIVA IMPLANTAÇÃO DOS INSTRUMENTOS URBANÍSTICOS NO MUNICÍPIO. CONFORME DECRETO 9.882/2025.;02/02/26 00:00;168,42;0,00;168,42;0,00;0,00;0,00;0,00;0,00;0,00;0,00;0,00;0,00;5825698;SHEILLA RAQUEL DE ARAUJO GAVA;;;562;11;2059;15;122;3.3.90.14.05.00.00.00;1.500.000.0000;33901400000000;0,00;0,00;168,42;MANUTENÇÃO DA SEMUR;DIÁRIAS - PESSOAL CIVIL
Especificação: ;;EMPENHO PARA COBRIR DESPESA COM DIÁRIA PARA BELO HORIZONTE NO DIA 05/02/2026 A FIM DE OBTER SUBSÍDIOS TÉCNICOS PARA PREPARAÇÃO E ESTRUTURAÇÃO DOS PROCESSOS INTERNOS DA SEMUR APÓS IMPLEMENTAÇÃO DO NOVO PLANO DIRETOR ABRANGENDO FLUXOS, DOCUMENTAÇÕES, MODELOS PARA EFETIVA IMPLANTAÇÃO DOS INSTRUMENTOS URBANÍSTICOS NO MUNICÍPIO. CONFORME DECRETO 9.882/2025.;;;;;;;;;;;;;;;;;;;;;;;;;;;;;;;;;;;;;
668;PREFEITURA MUNICIPAL DE BARBACENA;;30882345;562;2026;GLOBAL;0;0;"EMPENHO PARA COBRIR DESPESA COM ""CONCESSÃO ADMINISTRATIVA DOS SERVIÇOS DE EFICIENTIZAÇÃO,OPERAÇÃO E MANUTENÇÃO DA ILUMINAÇÃO PÚBLICA E DA IMPLANTAÇÃO,OPERAÇÃO E MANUTENÇÃO DA INFRAESTRUTURA DE TELECOMUNICAÇÕS E USINA FOTOVOLTAICA MUNICIPAL,DURANTE O EXERCICIO DE 2026,CONFORME CONTRATO Nº 209/2022,PROCESSO 042/2022 E OFICIO Nº 003/2026-SEMOP-SESP.REF. A ENTREGA DO 2º MARCO DO REFERIDO CONTRATO.";02/02/26 00:00;55.755,00;0,00;0,00;0,00;0,00;0,00;0,00;0,00;0,00;0,00;0,00;0,00;4698476;BARBACENA ILUMINACAO PUBLICA LTDA;;;1202;11;2057;4;121;3.3.67.83.00.00.00.00;1.500.000.0000;33678300000000;0,00;0,00;55.755,00;;
Especificação: ;;"EMPENHO PARA COBRIR DESPESA COM ""CONCESSÃO ADMINISTRATIVA DOS SERVIÇOS DE EFICIENTIZAÇÃO,OPERAÇÃO E MANUTENÇÃO DA ILUMINAÇÃO PÚBLICA E DA IMPLANTAÇÃO,OPERAÇÃO E MANUTENÇÃO DA INFRAESTRUTURA DE TELECOMUNICAÇÕS E USINA FOTOVOLTAICA MUNICIPAL,DURANTE O EXERCICIO DE 2026,CONFORME CONTRATO Nº 209/2022,PROCESSO 042/2022 E OFICIO Nº 003/2026-SEMOP-SESP.REF. A ENTREGA DO 2º MARCO DO REFERIDO CONTRATO.";;;;;;;;;;;;;;;;;;;;;;;;;;;;;;;;;;;;;
668;PREFEITURA MUNICIPAL DE BARBACENA;;30733451;723;2026;ORDINARIO;37;2024;"EMPENHO PARA COBRIR DESPESA COM LOCAÇÃO DE EQUIPAMENTOS PARA O EVENTO ""JARDIM FOLIA-CARNAVAL 2026 BARBACENA /MG QUE ACONTECERÁ NO JARDIM MUNICIPAL NO PERIODO DE 13 A 17 DE FEVEREIRO DE 2026,CONFORME  PROCESSO 37/2024,CONTRATO 59/2025 E SOLICITAÇÃO DE FORNECIMENTO Nº 82/2026.";02/02/26 00:00;27.610,00;0,00;0,00;0,00;0,00;0,00;0,00;0,00;0,00;0,00;0,00;0,00;1543458;JOAO BOSCO DE ABREU LTDA;3701;4;1114;40;2256;13;392;3.3.90.39.20.00.00.00;1.500.000.0000;33903900000000;0,00;0,00;27.610,00;REALIZAÇAO DO CARNAVAL;OUTROS SERVIÇOS DE TERCEIROS - PESSOA JURÍDICA
Especificação: ;;"EMPENHO PARA COBRIR DESPESA COM LOCAÇÃO DE EQUIPAMENTOS PARA O EVENTO ""JARDIM FOLIA-CARNAVAL 2026 BARBACENA /MG QUE ACONTECERÁ NO JARDIM MUNICIPAL NO PERIODO DE 13 A 17 DE FEVEREIRO DE 2026,CONFORME  PROCESSO 37/2024,CONTRATO 59/2025 E SOLICITAÇÃO DE FORNECIMENTO Nº 82/2026.";;;;;;;;;;;;;;;;;;;;;;;;;;;;;;;;;;;;;
668;PREFEITURA MUNICIPAL DE BARBACENA;;30733752;724;2026;ORDINARIO;37;2024;"EMPENHO PARA COBRIR DESPESA COM SERVIÇOS DE SEGURANÇA/VIGILANTE TURNO 08HS E 12HS PARA O EVENTO ""JARDIM FOLIA-CARNAVAL 2026 BARBACENA /MG QUE ACONTECERÁ NO JARDIM MUNICIPAL NO PERIODO DE 13 A 17 DE FEVEREIRO DE 2026,CONFORME  PROCESSO 37/2024,CONTRATO 60/2025 E SOLICITAÇÃO DE FORNECIMENTO Nº 83/2026.";02/02/26 00:00;20.265,00;0,00;0,00;0,00;0,00;0,00;0,00;0,00;0,00;0,00;0,00;0,00;1543750;MEN IN BLACK - VIGILANCIA E SEGURANCA EIRELI;185383;X;1114;40;2256;13;392;3.3.90.39.20.00.00.00;1.500.000.0000;33903900000000;0,00;0,00;20.265,00;REALIZAÇAO DO CARNAVAL;OUTROS SERVIÇOS DE TERCEIROS - PESSOA JURÍDICA
Especificação: ;;"EMPENHO PARA COBRIR DESPESA COM SERVIÇOS DE SEGURANÇA/VIGILANTE TURNO 08HS E 12HS PARA O EVENTO ""JARDIM FOLIA-CARNAVAL 2026 BARBACENA /MG QUE ACONTECERÁ NO JARDIM MUNICIPAL NO PERIODO DE 13 A 17 DE FEVEREIRO DE 2026,CONFORME  PROCESSO 37/2024,CONTRATO 60/2025 E SOLICITAÇÃO DE FORNECIMENTO Nº 83/2026.";;;;;;;;;;;;;;;;;;;;;;;;;;;;;;;;;;;;;
668;PREFEITURA MUNICIPAL DE BARBACENA;;30733903;726;2026;ORDINARIO;37;2024;"EMPENHO PARA COBRIR DESPESA COM SERVIÇO DE BRIGADISTA DE INCÊDIO PARA O EVENTO ""JARDIM FOLIA-CARNAVAL 2026 BARBACENA /MG QUE ACONTECERÁ NO JARDIM MUNICIPAL NO PERIODO DE 13 A 17 DE FEVEREIRO DE 2026,CONFORME  PROCESSO 37/2024,CONTRATO 54/2025 E SOLICITAÇÃO DE FORNECIMENTO Nº 84/2026.";02/02/26 00:00;6.440,00;0,00;0,00;0,00;0,00;0,00;0,00;0,00;0,00;0,00;0,00;0,00;2741103;MEN IN BLACK RESGATE E BRIGADA LTDA;;;1114;40;2256;13;392;3.3.90.39.20.00.00.00;1.500.000.0000;33903900000000;0,00;0,00;6.440,00;REALIZAÇAO DO CARNAVAL;OUTROS SERVIÇOS DE TERCEIROS - PESSOA JURÍDICA
Especificação: ;;"EMPENHO PARA COBRIR DESPESA COM SERVIÇO DE BRIGADISTA DE INCÊDIO PARA O EVENTO ""JARDIM FOLIA-CARNAVAL 2026 BARBACENA /MG QUE ACONTECERÁ NO JARDIM MUNICIPAL NO PERIODO DE 13 A 17 DE FEVEREIRO DE 2026,CONFORME  PROCESSO 37/2024,CONTRATO 54/2025 E SOLICITAÇÃO DE FORNECIMENTO Nº 84/2026.";;;;;;;;;;;;;;;;;;;;;;;;;;;;;;;;;;;;;
668;PREFEITURA MUNICIPAL DE BARBACENA;;30734082;727;2026;ORDINARIO;37;2024;"EMPENHO PARA COBRIR DESPESA COM LOCAÇÃO DE EQUIPAMENTOS PARA O EVENTO ""JARDIM FOLIA-CARNAVAL 2026 BARBACENA /MG QUE ACONTECERÁ NO JARDIM MUNICIPAL NO PERIODO DE 13 A 17 DE FEVEREIRO DE 2026,CONFORME  PROCESSO 37/2024,CONTRATO 63/2025 E SOLICITAÇÃO DE FORNECIMENTO Nº 85/2026.";02/02/26 00:00;15.884,00;0,00;0,00;0,00;0,00;0,00;0,00;0,00;0,00;0,00;0,00;0,00;5929554;JEFFERSON RODRIGO FERREIRA MILAGRES LTDA;;;1114;40;2256;13;392;3.3.90.39.20.00.00.00;1.500.000.0000;33903900000000;0,00;0,00;15.884,00;REALIZAÇAO DO CARNAVAL;OUTROS SERVIÇOS DE TERCEIROS - PESSOA JURÍDICA
Especificação: ;;"EMPENHO PARA COBRIR DESPESA COM LOCAÇÃO DE EQUIPAMENTOS PARA O EVENTO ""JARDIM FOLIA-CARNAVAL 2026 BARBACENA /MG QUE ACONTECERÁ NO JARDIM MUNICIPAL NO PERIODO DE 13 A 17 DE FEVEREIRO DE 2026,CONFORME  PROCESSO 37/2024,CONTRATO 63/2025 E SOLICITAÇÃO DE FORNECIMENTO Nº 85/2026.";;;;;;;;;;;;;;;;;;;;;;;;;;;;;;;;;;;;;
668;PREFEITURA MUNICIPAL DE BARBACENA;;30734329;728;2026;ORDINARIO;37;2024;"EMPENHO PARA COBRIR DESPESA COM LOCAÇÃO DE TENDAS E MALHAS TENSIONADAS PARA O EVENTO ""JARDIM FOLIA-CARNAVAL 2026 BARBACENA /MG QUE ACONTECERÁ NO JARDIM MUNICIPAL NO PERIODO DE 13 A 17 DE FEVEREIRO DE 2026,CONFORME  PROCESSO 37/2024,CONTRATO 58/2025 E SOLICITAÇÃO DE FORNECIMENTO Nº 87/2026.";02/02/26 00:00;47.450,00;0,00;0,00;0,00;0,00;0,00;0,00;0,00;0,00;0,00;0,00;0,00;4927471;MV EVENTOS ARTISTICOS E ESPORTIVOS LTDA;;;1114;40;2256;13;392;3.3.90.39.20.00.00.00;1.500.000.0000;33903900000000;0,00;0,00;47.450,00;REALIZAÇAO DO CARNAVAL;OUTROS SERVIÇOS DE TERCEIROS - PESSOA JURÍDICA
Especificação: ;;"EMPENHO PARA COBRIR DESPESA COM LOCAÇÃO DE TENDAS E MALHAS TENSIONADAS PARA O EVENTO ""JARDIM FOLIA-CARNAVAL 2026 BARBACENA /MG QUE ACONTECERÁ NO JARDIM MUNICIPAL NO PERIODO DE 13 A 17 DE FEVEREIRO DE 2026,CONFORME  PROCESSO 37/2024,CONTRATO 58/2025 E SOLICITAÇÃO DE FORNECIMENTO Nº 87/2026.";;;;;;;;;;;;;;;;;;;;;;;;;;;;;;;;;;;;;
668;PREFEITURA MUNICIPAL DE BARBACENA;;30734737;729;2026;ORDINARIO;153;2025;"EMPENHO PARA COBRIR DESPESA COM LOCAÇÃO DE EQUIPAMENTOS DE ILUMINAÇÃO E SOM PARA O EVENTO ""JARDIM FOLIA-CARNAVAL 2026 BARBACENA /MG QUE ACONTECERÁ NO JARDIM MUNICIPAL NO PERIODO DE 13 A 17 DE FEVEREIRO DE 2026,CONFORME  PROCESSO 153/2025,CONTRATO 03/2026 E SOLICITAÇÃO DE FORNECIMENTO Nº 88/2026.";02/02/26 00:00;29.262,00;0,00;0,00;0,00;0,00;0,00;0,00;0,00;0,00;0,00;0,00;0,00;2240159;FORMASSIS PRODUCOES DE SHOWS E EVENTOS LTDA;;;1114;40;2256;13;392;3.3.90.39.20.00.00.00;1.500.000.0000;33903900000000;0,00;0,00;29.262,00;REALIZAÇAO DO CARNAVAL;OUTROS SERVIÇOS DE TERCEIROS - PESSOA JURÍDICA
Especificação: ;;"EMPENHO PARA COBRIR DESPESA COM LOCAÇÃO DE EQUIPAMENTOS DE ILUMINAÇÃO E SOM PARA O EVENTO ""JARDIM FOLIA-CARNAVAL 2026 BARBACENA /MG QUE ACONTECERÁ NO JARDIM MUNICIPAL NO PERIODO DE 13 A 17 DE FEVEREIRO DE 2026,CONFORME  PROCESSO 153/2025,CONTRATO 03/2026 E SOLICITAÇÃO DE FORNECIMENTO Nº 88/2026.";;;;;;;;;;;;;;;;;;;;;;;;;;;;;;;;;;;;;
668;PREFEITURA MUNICIPAL DE BARBACENA;;30735383;731;2026;ORDINARIO;153;2025;"EMPENHO PARA COBRIR DESPESA COM LOCAÇÃO DE EQUIPAMENTOS DE ILUMINAÇÃO E SOM PARA O EVENTO ""JARDIM FOLIA-CARNAVAL 2026 BARBACENA /MG QUE ACONTECERÁ NO JARDIM MUNICIPAL NO PERIODO DE 13 A 17 DE FEVEREIRO DE 2026,CONFORME  PROCESSO 153/2025,CONTRATO 01/2026 E SOLICITAÇÃO DE FORNECIMENTO Nº 89/2026.";02/02/26 00:00;44.514,05;0,00;0,00;0,00;0,00;0,00;0,00;0,00;0,00;0,00;0,00;0,00;2695808;M S SOM E LUZ LTDA;12813;9;1114;40;2256;13;392;3.3.90.39.20.00.00.00;1.501.000.0000;33903900000000;0,00;0,00;44.514,05;REALIZAÇAO DO CARNAVAL;OUTROS SERVIÇOS DE TERCEIROS - PESSOA JURÍDICA
Especificação: ;;"EMPENHO PARA COBRIR DESPESA COM LOCAÇÃO DE EQUIPAMENTOS DE ILUMINAÇÃO E SOM PARA O EVENTO ""JARDIM FOLIA-CARNAVAL 2026 BARBACENA /MG QUE ACONTECERÁ NO JARDIM MUNICIPAL NO PERIODO DE 13 A 17 DE FEVEREIRO DE 2026,CONFORME  PROCESSO 153/2025,CONTRATO 01/2026 E SOLICITAÇÃO DE FORNECIMENTO Nº 89/2026.";;;;;;;;;;;;;;;;;;;;;;;;;;;;;;;;;;;;;
668;PREFEITURA MUNICIPAL DE BARBACENA;;30735382;732;2026;ORDINARIO;153;2025;"EMPENHO PARA COBRIR DESPESA COM LOCAÇÃO DE EQUIPAMENTOS DE ILUMINAÇÃO E SOM PARA O EVENTO ""JARDIM FOLIA-CARNAVAL 2026 BARBACENA /MG QUE ACONTECERÁ NO JARDIM MUNICIPAL NO PERIODO DE 13 A 17 DE FEVEREIRO DE 2026,CONFORME  PROCESSO 153/2025,CONTRATO 01/2026 E SOLICITAÇÃO DE FORNECIMENTO Nº 89/2026.";02/02/26 00:00;15.390,00;0,00;0,00;0,00;0,00;0,00;0,00;0,00;0,00;0,00;0,00;0,00;2695808;M S SOM E LUZ LTDA;12813;9;1114;40;2256;13;392;3.3.90.39.20.00.00.00;1.500.000.0000;33903900000000;0,00;0,00;15.390,00;REALIZAÇAO DO CARNAVAL;OUTROS SERVIÇOS DE TERCEIROS - PESSOA JURÍDICA
Especificação: ;;"EMPENHO PARA COBRIR DESPESA COM LOCAÇÃO DE EQUIPAMENTOS DE ILUMINAÇÃO E SOM PARA O EVENTO ""JARDIM FOLIA-CARNAVAL 2026 BARBACENA /MG QUE ACONTECERÁ NO JARDIM MUNICIPAL NO PERIODO DE 13 A 17 DE FEVEREIRO DE 2026,CONFORME  PROCESSO 153/2025,CONTRATO 01/2026 E SOLICITAÇÃO DE FORNECIMENTO Nº 89/2026.";;;;;;;;;;;;;;;;;;;;;;;;;;;;;;;;;;;;;
668;PREFEITURA MUNICIPAL DE BARBACENA;;30735487;794;2026;ORDINARIO;153;2025;"EMPENHO PARA COBRIR DESPESA COM LOCAÇÃO DE EQUIPAMENTOS/ESTUTURAS PARA O EVENTO ""JARDIM FOLIA-CARNAVAL 2026 BARBACENA /MG QUE ACONTECERÁ NO JARDIM MUNICIPAL NO PERIODO DE 13 A 17 DE FEVEREIRO DE 2026,CONFORME  PROCESSO 153/2025,CONTRATO 02/2026 E SOLICITAÇÃO DE FORNECIMENTO Nº 90/2026.";02/02/26 00:00;9.610,00;0,00;0,00;0,00;0,00;0,00;0,00;0,00;0,00;0,00;0,00;0,00;1543458;JOAO BOSCO DE ABREU LTDA;3701;4;1114;40;2256;13;392;3.3.90.39.20.00.00.00;1.500.000.0000;33903900000000;0,00;0,00;9.610,00;REALIZAÇAO DO CARNAVAL;OUTROS SERVIÇOS DE TERCEIROS - PESSOA JURÍDICA
Especificação: ;;"EMPENHO PARA COBRIR DESPESA COM LOCAÇÃO DE EQUIPAMENTOS/ESTUTURAS PARA O EVENTO ""JARDIM FOLIA-CARNAVAL 2026 BARBACENA /MG QUE ACONTECERÁ NO JARDIM MUNICIPAL NO PERIODO DE 13 A 17 DE FEVEREIRO DE 2026,CONFORME  PROCESSO 153/2025,CONTRATO 02/2026 E SOLICITAÇÃO DE FORNECIMENTO Nº 90/2026.";;;;;;;;;;;;;;;;;;;;;;;;;;;;;;;;;;;;;
668;PREFEITURA MUNICIPAL DE BARBACENA;;30766280;251;2026;ORDINARIO;0;0;EMPENHO PARA COBRIR DESPESA COM  PAGAMENTO DE AUXILIO FUNERAL DO EX SERVIDOR MATHEUS HENRIQUE MAIA LISBOA, FALECIDO EM 13 DE JANEIRO DE 2026, CONFORME  FOLHA EXTRA DE PAGAMENTO JANEIRO/2026.;03/02/26 00:00;8.644,85;0,00;8.644,85;0,00;8.644,85;0,00;0,00;0,00;0,00;0,00;0,00;0,00;8320560;VANESSA APARECIDA NOGUEIRA SILVA;;;527;11;2056;4;122;3.3.90.08.01.00.00.00;1.500.000.0000;33900800000000;8.644,85;0,00;0,00;PESSOAL E ENCARGOS SOCIAIS DA SEMAD;OUTROS BENEFÍCIOS ASSISTENCIAIS-SERVIDOR/MILITAR
Especificação: ;;EMPENHO PARA COBRIR DESPESA COM  PAGAMENTO DE AUXILIO FUNERAL DO EX SERVIDOR MATHEUS HENRIQUE MAIA LISBOA, FALECIDO EM 13 DE JANEIRO DE 2026, CONFORME  FOLHA EXTRA DE PAGAMENTO JANEIRO/2026.;;;;;;;;;;;;;;;;;;;;;;;;;;;;;;;;;;;;;
668;PREFEITURA MUNICIPAL DE BARBACENA;;31072115;734;2026;GLOBAL;0;0;EMPENHO PARA COBRIR DESPESAS COM LOCOMOÇÃO REFERENTE AS VIAGENS DE TRANSPORTE REALISADAS PELOS MOTORISTAS, CONFORME DRO 122/2026 E MEMORANDO 018/2026/SESP/DILOT.;03/02/26 00:00;3.500,00;0,00;0,00;0,00;0,00;0,00;0,00;0,00;0,00;0,00;0,00;0,00;4230274;EDGAR INACIO DE ALMEIDA E SILVA;;;296;11;2309;8;122;3.3.90.33.99.00.00.00;1.500.000.0000;33903300000000;0,00;0,00;3.500,00;MANUTENÇAO DE AÇÕES DA ASSISTÊNCIA SOCIAL;PASSAGENS E DESPESAS COM LOCOMOÇÃO
Especificação: ;;EMPENHO PARA COBRIR DESPESAS COM LOCOMOÇÃO REFERENTE AS VIAGENS DE TRANSPORTE REALISADAS PELOS MOTORISTAS, CONFORME DRO 122/2026 E MEMORANDO 018/2026/SESP/DILOT.;;;;;;;;;;;;;;;;;;;;;;;;;;;;;;;;;;;;;
668;PREFEITURA MUNICIPAL DE BARBACENA;;31072637;735;2026;GLOBAL;0;0;EMPENHO PARA COBRIR DESPESAS COM LOCOMOÇÃO REFERENTE AS VIAGENS DE TRANSPORTE REALISADAS PELOS MOTORISTAS, CONFORME DRO 122/2026 E MEMORANDO 018/2026/SESP/DILOT.;03/02/26 00:00;5.000,00;0,00;0,00;0,00;0,00;0,00;0,00;0,00;0,00;0,00;0,00;0,00;2695524;ELISANGELA APARECIDA PINTO NASCIMENTO;;;296;11;2309;8;122;3.3.90.33.99.00.00.00;1.500.000.0000;33903300000000;0,00;0,00;5.000,00;MANUTENÇAO DE AÇÕES DA ASSISTÊNCIA SOCIAL;PASSAGENS E DESPESAS COM LOCOMOÇÃO
Especificação: ;;EMPENHO PARA COBRIR DESPESAS COM LOCOMOÇÃO REFERENTE AS VIAGENS DE TRANSPORTE REALISADAS PELOS MOTORISTAS, CONFORME DRO 122/2026 E MEMORANDO 018/2026/SESP/DILOT.;;;;;;;;;;;;;;;;;;;;;;;;;;;;;;;;;;;;;
668;PREFEITURA MUNICIPAL DE BARBACENA;;31072651;736;2026;GLOBAL;0;0;EMPENHO PARA COBRIR DESPESAS COM LOCOMOÇÃO REFERENTE AS VIAGENS DE TRANSPORTE REALISADAS PELOS MOTORISTAS, CONFORME DRO 122/2026 E MEMORANDO 018/2026/SESP/DILOT.;03/02/26 00:00;5.000,00;0,00;0,00;0,00;0,00;0,00;0,00;0,00;0,00;0,00;0,00;0,00;4076608;MARCELO MENDES;;;296;11;2309;8;122;3.3.90.33.99.00.00.00;1.500.000.0000;33903300000000;0,00;0,00;5.000,00;MANUTENÇAO DE AÇÕES DA ASSISTÊNCIA SOCIAL;PASSAGENS E DESPESAS COM LOCOMOÇÃO
Especificação: ;;EMPENHO PARA COBRIR DESPESAS COM LOCOMOÇÃO REFERENTE AS VIAGENS DE TRANSPORTE REALISADAS PELOS MOTORISTAS, CONFORME DRO 122/2026 E MEMORANDO 018/2026/SESP/DILOT.;;;;;;;;;;;;;;;;;;;;;;;;;;;;;;;;;;;;;
668;PREFEITURA MUNICIPAL DE BARBACENA;;30782610;269;2026;ORDINARIO;0;0;EMPENHO PARA COBRIR DESPESA COM DIÁRIA PARA BELO HORIZONTE NO DIA 06/02/2026 A FIM DE PARTICIPAR DO LANÇAMENTO DO CARNAVAL 2026 DAS CIDADES HISTÓRICAS A SER REALIZADO NO PALÁCIO DA LIBERDADE. E TAMBÉM REUNIÃO COM A REDE MINAS DE TELEVISÃO. CONFORME DECRETO 9.882/2025.;04/02/26 00:00;168,42;0,00;168,42;0,00;0,00;0,00;0,00;0,00;0,00;0,00;0,00;0,00;5455193;GABRIEL WINTER ANTUNES;;;120;11;2181;4;122;3.3.90.14.05.00.00.00;1.500.000.0000;33901400000000;0,00;0,00;168,42;MANUTENÇAO DA SEGOV;DIÁRIAS - PESSOAL CIVIL
Especificação: ;;EMPENHO PARA COBRIR DESPESA COM DIÁRIA PARA BELO HORIZONTE NO DIA 06/02/2026 A FIM DE PARTICIPAR DO LANÇAMENTO DO CARNAVAL 2026 DAS CIDADES HISTÓRICAS A SER REALIZADO NO PALÁCIO DA LIBERDADE. E TAMBÉM REUNIÃO COM A REDE MINAS DE TELEVISÃO. CONFORME DECRETO 9.882/2025.;;;;;;;;;;;;;;;;;;;;;;;;;;;;;;;;;;;;;
668;PREFEITURA MUNICIPAL DE BARBACENA;;30782883;270;2026;ORDINARIO;0;0;EMPENHO PARA COBRIR DESPESA COM DIÁRIA PARA BELO HORIZONTE NO DIA 06/02/2026 A FIM DE PARTICIPAR DO LANÇAMENTO DO CARNAVAL 2026 DAS CIDADES HISTÓRICAS A SER REALIZADO NO PALÁCIO DA LIBERDADE. E TAMBÉM REUNIÃO COM A REDE MINAS DE TELEVISÃO. CONFORME DECRETO 9.882/2025.;04/02/26 00:00;168,42;0,00;168,42;0,00;0,00;0,00;0,00;0,00;0,00;0,00;0,00;0,00;7408510;RAYLANDER MARTES DE ALMEIDA;;;1023;11;2277;13;122;3.3.90.14.05.00.00.00;1.500.000.0000;33901400000000;0,00;0,00;168,42;MANUTENÇÃO DA SECULT;DIÁRIAS - PESSOAL CIVIL
Especificação: ;;EMPENHO PARA COBRIR DESPESA COM DIÁRIA PARA BELO HORIZONTE NO DIA 06/02/2026 A FIM DE PARTICIPAR DO LANÇAMENTO DO CARNAVAL 2026 DAS CIDADES HISTÓRICAS A SER REALIZADO NO PALÁCIO DA LIBERDADE. E TAMBÉM REUNIÃO COM A REDE MINAS DE TELEVISÃO. CONFORME DECRETO 9.882/2025.;;;;;;;;;;;;;;;;;;;;;;;;;;;;;;;;;;;;;
668;PREFEITURA MUNICIPAL DE BARBACENA;;30782953;271;2026;ORDINARIO;0;0;EMPENHO PARA COBRIR DESPESA COM DIÁRIA PARA BELO HORIZONTE NO DIA 06/02/2026 A FIM DE PARTICIPAR DO LANÇAMENTO DO CARNAVAL 2026 DAS CIDADES HISTÓRICAS A SER REALIZADO NO PALÁCIO DA LIBERDADE. E TAMBÉM REUNIÃO COM A REDE MINAS DE TELEVISÃO. CONFORME DECRETO 9.882/2025.;04/02/26 00:00;168,42;0,00;168,42;0,00;0,00;0,00;0,00;0,00;0,00;0,00;0,00;0,00;2830831;GIOVANE LEONEL TAVARES;;;1023;11;2277;13;122;3.3.90.14.05.00.00.00;1.500.000.0000;33901400000000;0,00;0,00;168,42;MANUTENÇÃO DA SECULT;DIÁRIAS - PESSOAL CIVIL
Especificação: ;;EMPENHO PARA COBRIR DESPESA COM DIÁRIA PARA BELO HORIZONTE NO DIA 06/02/2026 A FIM DE PARTICIPAR DO LANÇAMENTO DO CARNAVAL 2026 DAS CIDADES HISTÓRICAS A SER REALIZADO NO PALÁCIO DA LIBERDADE. E TAMBÉM REUNIÃO COM A REDE MINAS DE TELEVISÃO. CONFORME DECRETO 9.882/2025.;;;;;;;;;;;;;;;;;;;;;;;;;;;;;;;;;;;;;
668;PREFEITURA MUNICIPAL DE BARBACENA;;30788020;284;2026;GLOBAL;0;0;EMPENHO PARA COBRIR DESPESA COM  CONCESSÃO DE BENEFÍCIO EVENTUAL NA FORMA  DE AUXÍLIO MORADIA/ALUGUEL SOCIAL CONFORME  LEI MUNICIPAL Nº 4.826/17 REGULAMENTADA PELO DECRETO Nº 8.244/17, DRO 121/2026 E OFICIO Nº 006/2026-SEMAS.;04/02/26 00:00;6.564,00;0,00;0,00;0,00;0,00;0,00;0,00;0,00;0,00;0,00;0,00;0,00;8325263;FLAVIA LUCIA AUGUSTA DE SOUZA;;;393;56;2312;8;244;3.3.90.48.00.00.00.00;1.661.000.0000;33904800000000;0,00;0,00;6.564,00;MANUTENÇÃO DE BENEFICIOS EVENTUAIS;OUTROS AUXÍLIOS FINANCEIROS A PESSOAS FÍSICAS
Especificação: ;;EMPENHO PARA COBRIR DESPESA COM  CONCESSÃO DE BENEFÍCIO EVENTUAL NA FORMA  DE AUXÍLIO MORADIA/ALUGUEL SOCIAL CONFORME  LEI MUNICIPAL Nº 4.826/17 REGULAMENTADA PELO DECRETO Nº 8.244/17, DRO 121/2026 E OFICIO Nº 006/2026-SEMAS.;;;;;;;;;;;;;;;;;;;;;;;;;;;;;;;;;;;;;
668;PREFEITURA MUNICIPAL DE BARBACENA;;30788131;285;2026;GLOBAL;0;0;EMPENHO PARA COBRIR DESPESA COM CONCESSÃO DE BENEFÍCIO EVENTUAL NA FORMA DE AUXÍLIO MORADIA/ALUGUEL SOCIAL CONFORME LEI MUNICIPAL Nº 4.826/17 REGULAMENTADA PELO DECRETO Nº 8.244/17, DRO 119/2026 E OFICIO Nº 005/2026-SEMAS.;04/02/26 00:00;6.564,00;0,00;0,00;0,00;0,00;0,00;0,00;0,00;0,00;0,00;0,00;0,00;8326755;CRISTINA JOSEANE DE SOUZA;;;393;56;2312;8;244;3.3.90.48.00.00.00.00;1.661.000.0000;33904800000000;0,00;0,00;6.564,00;MANUTENÇÃO DE BENEFICIOS EVENTUAIS;OUTROS AUXÍLIOS FINANCEIROS A PESSOAS FÍSICAS
Especificação: ;;EMPENHO PARA COBRIR DESPESA COM CONCESSÃO DE BENEFÍCIO EVENTUAL NA FORMA DE AUXÍLIO MORADIA/ALUGUEL SOCIAL CONFORME LEI MUNICIPAL Nº 4.826/17 REGULAMENTADA PELO DECRETO Nº 8.244/17, DRO 119/2026 E OFICIO Nº 005/2026-SEMAS.;;;;;;;;;;;;;;;;;;;;;;;;;;;;;;;;;;;;;
668;PREFEITURA MUNICIPAL DE BARBACENA;;30788417;286;2026;GLOBAL;0;0;"EMPENHO PARA COBRIR DESPESA COM ""CONCESSÃO ADMINISTRATIVA DOS SERVIÇOS DE EFICIENTIZAÇÃO,OPERAÇÃO E MANUTENÇÃO DA ILUMINAÇÃO PÚBLICA E DA IMPLANTAÇÃO,OPERAÇÃO E MANUTENÇÃO DA INFRAESTRUTURA DE TELECOMUNICAÇÕS E USINA FOTOVOLTAICA MUNICIPAL,DURANTE O EXERCICIO DE 2026,CONFORME CONTRATO Nº 209/2022 E OFICIO Nº 063/2026-SEMOP-SESP.";04/02/26 00:00;4.691.019,84;0,00;0,00;0,00;0,00;0,00;0,00;0,00;0,00;0,00;0,00;0,00;4698476;BARBACENA ILUMINACAO PUBLICA LTDA;;;695;20;2104;25;752;3.3.67.83.00.00.00.00;1.751.000.0000;33678300000000;0,00;0,00;4.691.019,84;MANUTENÇAO DA REDE DE ILUMINAÇAO PUBLICA;DESPESAS DECORRENTES DE CONTRATO DE PARCERIA PÚB.
Especificação: ;;"EMPENHO PARA COBRIR DESPESA COM ""CONCESSÃO ADMINISTRATIVA DOS SERVIÇOS DE EFICIENTIZAÇÃO,OPERAÇÃO E MANUTENÇÃO DA ILUMINAÇÃO PÚBLICA E DA IMPLANTAÇÃO,OPERAÇÃO E MANUTENÇÃO DA INFRAESTRUTURA DE TELECOMUNICAÇÕS E USINA FOTOVOLTAICA MUNICIPAL,DURANTE O EXERCICIO DE 2026,CONFORME CONTRATO Nº 209/2022 E OFICIO Nº 063/2026-SEMOP-SESP.";;;;;;;;;;;;;;;;;;;;;;;;;;;;;;;;;;;;;
668;PREFEITURA MUNICIPAL DE BARBACENA;;30798569;301;2026;GLOBAL;0;0;EMPENHO PARA COBRIR DESPESA COM  CONCESSÃO DE BENEFÍCIO EVENTUAL NA FORMA  DE AUXÍLIO MORADIA/ALUGUEL SOCIAL CONFORME  LEI MUNICIPAL Nº 4.826/17 REGULAMENTADA PELO DECRETO Nº 8.244/17, DRO 120/2026 E OFICIO Nº 006/2026-SEMAS.;04/02/26 00:00;6.564,00;0,00;0,00;0,00;0,00;0,00;0,00;0,00;0,00;0,00;0,00;0,00;8328181;ROSSANDRA SOARES DE LMA;;;393;56;2312;8;244;3.3.90.48.00.00.00.00;1.661.000.0000;33904800000000;0,00;0,00;6.564,00;MANUTENÇÃO DE BENEFICIOS EVENTUAIS;OUTROS AUXÍLIOS FINANCEIROS A PESSOAS FÍSICAS
Especificação: ;;EMPENHO PARA COBRIR DESPESA COM  CONCESSÃO DE BENEFÍCIO EVENTUAL NA FORMA  DE AUXÍLIO MORADIA/ALUGUEL SOCIAL CONFORME  LEI MUNICIPAL Nº 4.826/17 REGULAMENTADA PELO DECRETO Nº 8.244/17, DRO 120/2026 E OFICIO Nº 006/2026-SEMAS.;;;;;;;;;;;;;;;;;;;;;;;;;;;;;;;;;;;;;
668;PREFEITURA MUNICIPAL DE BARBACENA;;30805354;312;2026;ORDINARIO;0;0;EMPENHO PARA COBRIR DESPESA COM DIÁRIA PARA BRASÍLIA NO DIA 24/02/2026 PARA REUNIÃO COM ASSESSOR PARLAMENTAR DO MINISTÉRIO DOS ESPORTES PARA TRATATIVAS ACERCA DA LEI DE INCENTIVO AO ESPORTE, PROGRAMA SEGUNDO TEMPO, NOVO PAC, VERBAS PARA O MUNICÍPIO. COMO TAMBÉM REUNIÃO COM DEPUTADA FEDERAL HELOÍSA HELENA. CONFORME DECRETO 9882/2025.;04/02/26 00:00;1.684,20;0,00;1.684,20;0,00;1.684,20;0,00;0,00;0,00;0,00;0,00;0,00;0,00;1543889;JOSÉ ALOÍSIO DIAS;;;26;11;2150;4;122;3.3.90.14.05.00.00.00;1.500.000.0000;33901400000000;1.684,20;0,00;0,00;MANUTENÇAO DA SEGAB;DIÁRIAS - PESSOAL CIVIL
Especificação: ;;EMPENHO PARA COBRIR DESPESA COM DIÁRIA PARA BRASÍLIA NO DIA 24/02/2026 PARA REUNIÃO COM ASSESSOR PARLAMENTAR DO MINISTÉRIO DOS ESPORTES PARA TRATATIVAS ACERCA DA LEI DE INCENTIVO AO ESPORTE, PROGRAMA SEGUNDO TEMPO, NOVO PAC, VERBAS PARA O MUNICÍPIO. COMO TAMBÉM REUNIÃO COM DEPUTADA FEDERAL HELOÍSA HELENA. CONFORME DECRETO 9882/2025.;;;;;;;;;;;;;;;;;;;;;;;;;;;;;;;;;;;;;
668;PREFEITURA MUNICIPAL DE BARBACENA;;30805579;313;2026;ORDINARIO;0;0;EMPENHO PARA COBRIR DESPESA COM DIÁRIA PARA BRASÍLIA NO DIA 24/02/2026 PARA REUNIÃO COM ASSESSOR PARLAMENTAR DO MINISTÉRIO DOS ESPORTES PARA TRATATIVAS ACERCA DA LEI DE INCENTIVO AO ESPORTE, PROGRAMA SEGUNDO TEMPO, NOVO PAC, VERBAS PARA O MUNICÍPIO. COMO TAMBÉM REUNIÃO COM DEPUTADA FEDERAL HELOÍSA HELENA. CONFORME DECRETO 9882/2025.;04/02/26 00:00;1.684,20;0,00;1.684,20;0,00;1.684,20;0,00;0,00;0,00;0,00;0,00;0,00;0,00;7260431;DIEGO DISCACCIATI APPOLINÁRIO;;;26;11;2150;4;122;3.3.90.14.05.00.00.00;1.500.000.0000;33901400000000;1.684,20;0,00;0,00;MANUTENÇAO DA SEGAB;DIÁRIAS - PESSOAL CIVIL
Especificação: ;;EMPENHO PARA COBRIR DESPESA COM DIÁRIA PARA BRASÍLIA NO DIA 24/02/2026 PARA REUNIÃO COM ASSESSOR PARLAMENTAR DO MINISTÉRIO DOS ESPORTES PARA TRATATIVAS ACERCA DA LEI DE INCENTIVO AO ESPORTE, PROGRAMA SEGUNDO TEMPO, NOVO PAC, VERBAS PARA O MUNICÍPIO. COMO TAMBÉM REUNIÃO COM DEPUTADA FEDERAL HELOÍSA HELENA. CONFORME DECRETO 9882/2025.;;;;;;;;;;;;;;;;;;;;;;;;;;;;;;;;;;;;;
668;PREFEITURA MUNICIPAL DE BARBACENA;;30826113;315;2026;ESTIMATIVO;0;0;EMPENHO PARA COBRIR DESPESA COM DEMANDA ROTINEIRA DE VIAGENS DE TRANSPORTE,DURANTE O EXERCÍCIO DE 2026,CONFORME  MEMORANDO Nº 018/2026-SESP/DILOT.;04/02/26 00:00;3.000,00;0,00;0,00;0,00;0,00;0,00;0,00;0,00;0,00;0,00;0,00;0,00;1543636;DOUGLAS HENRIQUE DE PAULA REIS;;;626;11;2063;15;452;3.3.90.33.99.00.00.00;1.500.000.0000;33903300000000;0,00;0,00;3.000,00;MANUTENÇÃO DA SESP;PASSAGENS E DESPESAS COM LOCOMOÇÃO
Especificação: ;;EMPENHO PARA COBRIR DESPESA COM DEMANDA ROTINEIRA DE VIAGENS DE TRANSPORTE,DURANTE O EXERCÍCIO DE 2026,CONFORME  MEMORANDO Nº 018/2026-SESP/DILOT.;;;;;;;;;;;;;;;;;;;;;;;;;;;;;;;;;;;;;
668;PREFEITURA MUNICIPAL DE BARBACENA;;30826536;316;2026;ESTIMATIVO;0;0;EMPENHO PARA COBRIR DESPESA COM DEMANDA ROTINEIRA DE VIAGENS DE TRANSPORTE,DURANTE O EXERCÍCIO DE 2026,CONFORME  MEMORANDO Nº 018/2026-SESP/DILOT.;04/02/26 00:00;5.000,00;0,00;0,00;0,00;0,00;0,00;0,00;0,00;0,00;0,00;0,00;0,00;7750787;FERNANDO JOSE VIEIRA;;;626;11;2063;15;452;3.3.90.33.99.00.00.00;1.500.000.0000;33903300000000;0,00;0,00;5.000,00;MANUTENÇÃO DA SESP;PASSAGENS E DESPESAS COM LOCOMOÇÃO
Especificação: ;;EMPENHO PARA COBRIR DESPESA COM DEMANDA ROTINEIRA DE VIAGENS DE TRANSPORTE,DURANTE O EXERCÍCIO DE 2026,CONFORME  MEMORANDO Nº 018/2026-SESP/DILOT.;;;;;;;;;;;;;;;;;;;;;;;;;;;;;;;;;;;;;
668;PREFEITURA MUNICIPAL DE BARBACENA;;30826712;317;2026;ESTIMATIVO;0;0;EMPENHO PARA COBRIR DESPESA COM DEMANDA ROTINEIRA DE VIAGENS DE TRANSPORTE,DURANTE O EXERCÍCIO DE 2026,CONFORME  MEMORANDO Nº 018/2026-SESP/DILOT.;04/02/26 00:00;5.000,00;0,00;0,00;0,00;0,00;0,00;0,00;0,00;0,00;0,00;0,00;0,00;5211184;GUSTAVO MUNIZ ANTUNES;;;626;11;2063;15;452;3.3.90.33.99.00.00.00;1.500.000.0000;33903300000000;0,00;0,00;5.000,00;MANUTENÇÃO DA SESP;PASSAGENS E DESPESAS COM LOCOMOÇÃO
Especificação: ;;EMPENHO PARA COBRIR DESPESA COM DEMANDA ROTINEIRA DE VIAGENS DE TRANSPORTE,DURANTE O EXERCÍCIO DE 2026,CONFORME  MEMORANDO Nº 018/2026-SESP/DILOT.;;;;;;;;;;;;;;;;;;;;;;;;;;;;;;;;;;;;;
668;PREFEITURA MUNICIPAL DE BARBACENA;;30826839;318;2026;ESTIMATIVO;0;0;EMPENHO PARA COBRIR DESPESA COM DEMANDA ROTINEIRA DE VIAGENS DE TRANSPORTE,DURANTE O EXERCÍCIO DE 2026,CONFORME  MEMORANDO Nº 018/2026-SESP/DILOT.;04/02/26 00:00;3.500,00;0,00;0,00;0,00;0,00;0,00;0,00;0,00;0,00;0,00;0,00;0,00;5290533;JOSE RICARDO DOS SANTOS;;;626;11;2063;15;452;3.3.90.33.99.00.00.00;1.500.000.0000;33903300000000;0,00;0,00;3.500,00;MANUTENÇÃO DA SESP;PASSAGENS E DESPESAS COM LOCOMOÇÃO
Especificação: ;;EMPENHO PARA COBRIR DESPESA COM DEMANDA ROTINEIRA DE VIAGENS DE TRANSPORTE,DURANTE O EXERCÍCIO DE 2026,CONFORME  MEMORANDO Nº 018/2026-SESP/DILOT.;;;;;;;;;;;;;;;;;;;;;;;;;;;;;;;;;;;;;
668;PREFEITURA MUNICIPAL DE BARBACENA;;30826888;319;2026;ESTIMATIVO;0;0;EMPENHO PARA COBRIR DESPESA COM DEMANDA ROTINEIRA DE VIAGENS DE TRANSPORTE,DURANTE O EXERCÍCIO DE 2026,CONFORME  MEMORANDO Nº 018/2026-SESP/DILOT.;04/02/26 00:00;5.000,00;0,00;0,00;0,00;0,00;0,00;0,00;0,00;0,00;0,00;0,00;0,00;3251369;THIAGO DE CARVALHO OLIVEIRA;;;626;11;2063;15;452;3.3.90.33.99.00.00.00;1.500.000.0000;33903300000000;0,00;0,00;5.000,00;MANUTENÇÃO DA SESP;PASSAGENS E DESPESAS COM LOCOMOÇÃO
Especificação: ;;EMPENHO PARA COBRIR DESPESA COM DEMANDA ROTINEIRA DE VIAGENS DE TRANSPORTE,DURANTE O EXERCÍCIO DE 2026,CONFORME  MEMORANDO Nº 018/2026-SESP/DILOT.;;;;;;;;;;;;;;;;;;;;;;;;;;;;;;;;;;;;;
668;PREFEITURA MUNICIPAL DE BARBACENA;;30838881;558;2026;ORDINARIO;0;0;EMPENHO PARA COBRIR DESPESA CO DIÁRIA PARA BELO HORIZONTE-MG NO DIA  05/02/2026 A FIM DE OBTER SUBSÍDIOS TÉCNICOS PARA A PREPARAÇÃO E ESTRUTURAÇÃO DOS PROCESSOS INTERNOS DA REFERIDA DIRETORIA APÓS IMPLEMENTAÇÃO DO NOVO PLANO DIRETOR E TAMBÉM  MODELOS DE DOCUMENTAÇÃO  PARA EFETIVA IMPLEMENTAÇÃO DOS INSTRUMENTOS URBANÍSTICOS,CONFORME  DECRETO Nº 9.882/2025.;04/02/26 00:00;168,42;0,00;168,42;0,00;0,00;0,00;0,00;0,00;0,00;0,00;0,00;0,00;6246443;DAIANA MARA DOS SANTOS;;;562;11;2059;15;122;3.3.90.14.05.00.00.00;1.500.000.0000;33901400000000;0,00;0,00;168,42;MANUTENÇÃO DA SEMUR;DIÁRIAS - PESSOAL CIVIL
Especificação: ;;EMPENHO PARA COBRIR DESPESA CO DIÁRIA PARA BELO HORIZONTE-MG NO DIA  05/02/2026 A FIM DE OBTER SUBSÍDIOS TÉCNICOS PARA A PREPARAÇÃO E ESTRUTURAÇÃO DOS PROCESSOS INTERNOS DA REFERIDA DIRETORIA APÓS IMPLEMENTAÇÃO DO NOVO PLANO DIRETOR E TAMBÉM  MODELOS DE DOCUMENTAÇÃO  PARA EFETIVA IMPLEMENTAÇÃO DOS INSTRUMENTOS URBANÍSTICOS,CONFORME  DECRETO Nº 9.882/2025.;;;;;;;;;;;;;;;;;;;;;;;;;;;;;;;;;;;;;
668;PREFEITURA MUNICIPAL DE BARBACENA;;31072721;737;2026;GLOBAL;0;0;EMPENHO PARA COBRIR DESPESAS COM LOCOMOÇÃO REFERENTE AS VIAGENS DE TRANSPORTE REALISADAS PELOS MOTORISTAS, CONFORME DRO 122/2026 E MEMORANDO 018/2026/SESP/DILOT.;04/02/26 00:00;5.000,00;0,00;0,00;0,00;0,00;0,00;0,00;0,00;0,00;0,00;0,00;0,00;7448794;WELLINGTON INACIO DE SOUZA MARTINS;;;296;11;2309;8;122;3.3.90.33.99.00.00.00;1.500.000.0000;33903300000000;0,00;0,00;5.000,00;MANUTENÇAO DE AÇÕES DA ASSISTÊNCIA SOCIAL;PASSAGENS E DESPESAS COM LOCOMOÇÃO
Especificação: ;;EMPENHO PARA COBRIR DESPESAS COM LOCOMOÇÃO REFERENTE AS VIAGENS DE TRANSPORTE REALISADAS PELOS MOTORISTAS, CONFORME DRO 122/2026 E MEMORANDO 018/2026/SESP/DILOT.;;;;;;;;;;;;;;;;;;;;;;;;;;;;;;;;;;;;;
668;PREFEITURA MUNICIPAL DE BARBACENA;;30764383;300;2026;ESTIMATIVO;148;2025;EMPENHO  PARA COBRIR DESPESA COM CONTRATAÇÃO DE EMPRESA ESPECIALIZADA PARA EXECUÇÃO DE SERVIÇOS DE RECOMPOSIÇÃO LOCALIZADA DE PAVIMENTO ASFÁLTICO DO TIPO CONCRETO BETUMINOSO USINADO A QUENTE (CBUQ),CONFORME  PROCESSO 148/2025,CONTRATO 122/2025 E SOLICITAÇÃO DE FORNECIMENTO Nº 96/2025.;05/02/26 00:00;200.000,00;0,00;0,00;0,00;0,00;0,00;0,00;0,00;0,00;0,00;0,00;0,00;1543438;PAVEL PAVIMENTADORA VERTENTES LTDA;;;660;17;1036;15;452;4.4.90.51.01.00.00.00;1.500.000.0000;44905100000000;0,00;0,00;200.000,00;MANUTENÇÃO NA INFRAESTRUTURA URBANA;OBRAS E INSTALAÇÕES
Especificação: ;;EMPENHO  PARA COBRIR DESPESA COM CONTRATAÇÃO DE EMPRESA ESPECIALIZADA PARA EXECUÇÃO DE SERVIÇOS DE RECOMPOSIÇÃO LOCALIZADA DE PAVIMENTO ASFÁLTICO DO TIPO CONCRETO BETUMINOSO USINADO A QUENTE (CBUQ),CONFORME  PROCESSO 148/2025,CONTRATO 122/2025 E SOLICITAÇÃO DE FORNECIMENTO Nº 96/2025.;;;;;;;;;;;;;;;;;;;;;;;;;;;;;;;;;;;;;
668;PREFEITURA MUNICIPAL DE BARBACENA;;30890745;564;2026;ORDINARIO;0;0;EMPENHO PARA COBRIR DESPESA COM FORNECIMENTO DE ÁGUA E TRATAMENTO DE ESGOTO JUNTO A ASSOCIAÇÃO FENIX VINCULADO A SEMESP,CONFORME OFICIO Nº 027/2026-SEMESP.  REF. A 07/2025 E 02/2026.;05/02/26 00:00;712,16;0,00;712,16;0,00;0,00;0,00;0,00;0,00;0,00;0,00;0,00;0,00;1556325;COPASA - COMPANHIA DE SANEAMENTO DE MINAS GERAIS;;;1143;11;2281;27;122;3.3.90.39.30.00.00.00;1.500.000.0000;33903900000000;0,00;0,00;712,16;MANUTENÇÃO DA SEMESP;OUTROS SERVIÇOS DE TERCEIROS - PESSOA JURÍDICA
Especificação: ;;EMPENHO PARA COBRIR DESPESA COM FORNECIMENTO DE ÁGUA E TRATAMENTO DE ESGOTO JUNTO A ASSOCIAÇÃO FENIX VINCULADO A SEMESP,CONFORME OFICIO Nº 027/2026-SEMESP.  REF. A 07/2025 E 02/2026.;;;;;;;;;;;;;;;;;;;;;;;;;;;;;;;;;;;;;
668;PREFEITURA MUNICIPAL DE BARBACENA;;30697701;306;2026;ORDINARIO;192;2024;EMPENHO PARA COBRIR DESPESA COM AQUISIÇÃO DE MATERIAL DE HIGIENE E LIMPEZA EM ATENDIMENTO A SECRETARIA MUNICIPAL DE  ADMINISTRAÇÃO,CONFORME PROCESSO 192/2024,CONTRATO 31/2025 E SOLICITAÇÃO DE FORNECIMENTO Nº 75/2026.;06/02/26 00:00;1.564,00;0,00;0,00;0,00;0,00;0,00;0,00;0,00;0,00;0,00;0,00;0,00;7280974;STATUS PRO HIGIENE E LIMPEZA LTDA;6449;1;508;11;2055;4;122;3.3.90.30.22.00.00.00;1.500.000.0000;33903000000000;0,00;0,00;1.564,00;MANUTENÇÃO DA SEMAD;MATERIAL DE CONSUMO
Especificação: ;;EMPENHO PARA COBRIR DESPESA COM AQUISIÇÃO DE MATERIAL DE HIGIENE E LIMPEZA EM ATENDIMENTO A SECRETARIA MUNICIPAL DE  ADMINISTRAÇÃO,CONFORME PROCESSO 192/2024,CONTRATO 31/2025 E SOLICITAÇÃO DE FORNECIMENTO Nº 75/2026.;;;;;;;;;;;;;;;;;;;;;;;;;;;;;;;;;;;;;
668;PREFEITURA MUNICIPAL DE BARBACENA;;30698717;307;2026;ORDINARIO;192;2024;EMPENHO PARA COBRIR DESPESA COM AQUISIÇÃO DE MATERIAL DE HIGIENE E LIMPEZA EM ATENDIMENTO A SECRETARIA MUNICIPAL DE  ADMINISTRAÇÃO,CONFORME PROCESSO 192/2024,CONTRATO 25/2025 E SOLICITAÇÃO DE FORNECIMENTO Nº 76/2026.;06/02/26 00:00;24.796,00;0,00;0,00;0,00;0,00;0,00;0,00;0,00;0,00;0,00;0,00;0,00;7283333;NATURIA INDUSTRIA E COMERCIO DE PAPEIS LTDA;31416;1;508;11;2055;4;122;3.3.90.30.22.00.00.00;1.500.000.0000;33903000000000;0,00;0,00;24.796,00;MANUTENÇÃO DA SEMAD;MATERIAL DE CONSUMO
Especificação: ;;EMPENHO PARA COBRIR DESPESA COM AQUISIÇÃO DE MATERIAL DE HIGIENE E LIMPEZA EM ATENDIMENTO A SECRETARIA MUNICIPAL DE  ADMINISTRAÇÃO,CONFORME PROCESSO 192/2024,CONTRATO 25/2025 E SOLICITAÇÃO DE FORNECIMENTO Nº 76/2026.;;;;;;;;;;;;;;;;;;;;;;;;;;;;;;;;;;;;;
668;PREFEITURA MUNICIPAL DE BARBACENA;;30957693;569;2026;ORDINARIO;0;0;EMPENHO PARA COBRIR DESPESA COM DIÁRIA PARA BELO HORIZONTE NOS DIAS 10/02 A 13/02/2026 PARA REUNIÕES COM SECRETÁRIO DE GOVERNO DO ESTADO DE MINAS GERAIS MARCELO ARO, SECRETÁRIA DE CULTURA DE ESTADO BÁRBARA BOTEGA, SUBSECRETÁRIO DE ESTADO DE GESTÃO DE IMÓVEIS EDUARDO QUINTANILHA E COM DEP. ESTADUAL DOORGAL ANDRADA. CONFORME  DECRETO 9.882/2025.;06/02/26 00:00;2.021,04;0,00;2.021,04;0,00;2.021,04;0,00;0,00;0,00;0,00;0,00;0,00;0,00;1543932;CARLOS AUGUSTO SOARES DO NASCIMENTO;;;26;11;2150;4;122;3.3.90.14.03.00.00.00;1.500.000.0000;33901400000000;2.021,04;0,00;0,00;MANUTENÇAO DA SEGAB;DIÁRIAS - PESSOAL CIVIL
Especificação: ;;EMPENHO PARA COBRIR DESPESA COM DIÁRIA PARA BELO HORIZONTE NOS DIAS 10/02 A 13/02/2026 PARA REUNIÕES COM SECRETÁRIO DE GOVERNO DO ESTADO DE MINAS GERAIS MARCELO ARO, SECRETÁRIA DE CULTURA DE ESTADO BÁRBARA BOTEGA, SUBSECRETÁRIO DE ESTADO DE GESTÃO DE IMÓVEIS EDUARDO QUINTANILHA E COM DEP. ESTADUAL DOORGAL ANDRADA. CONFORME  DECRETO 9.882/2025.;;;;;;;;;;;;;;;;;;;;;;;;;;;;;;;;;;;;;
668;PREFEITURA MUNICIPAL DE BARBACENA;;31008893;586;2026;ORDINARIO;0;0;EMPENHO PARA COBRIR DESPESA COM DEVOLUÇÃO DE RECURSO A CONTA ÚNICA DA UNIÃO TERMO DE CONVÊNIO 900350/2020,CONFORME  OFICIO Nº 51/2026-SEMOP.;06/02/26 00:00;8.620,36;0,00;8.620,36;0,00;0,00;0,00;0,00;0,00;0,00;0,00;0,00;0,00;1543515;MINISTÉRIO DAS CIDADES;;;145;11;2100;15;451;3.3.90.93.03.00.00.00;1.500.000.0000;33909300000000;0,00;0,00;8.620,36;MANUTENÇAO DA SEMOP;INDENIZAÇÕES E RESTITUIÇÕES
Especificação: ;;EMPENHO PARA COBRIR DESPESA COM DEVOLUÇÃO DE RECURSO A CONTA ÚNICA DA UNIÃO TERMO DE CONVÊNIO 900350/2020,CONFORME  OFICIO Nº 51/2026-SEMOP.;;;;;;;;;;;;;;;;;;;;;;;;;;;;;;;;;;;;;
668;PREFEITURA MUNICIPAL DE BARBACENA;;30797908;559;2026;ORDINARIO;194;2024;EMPENHO PARA COBRIR DESPESA COM AQUISIÇÃO DE MATERIAL DE EXPEDIENTE A FIM DE ATENDER A SEDUC - EDUCAÇÃO INFANTIL - CONFORME PROCESSO ADMINISTRATIVO: 194/2024 - CONTRATO 130/2025 - SOLIC. DE FORNECIMENTO 77/2026 - DRO N° 154/2026.;09/02/26 00:00;28.200,00;0,00;0,00;0,00;0,00;0,00;0,00;0,00;0,00;0,00;0,00;0,00;7587181;CREATIVE LICITACOES LTDA;;;819;14;2080;12;365;3.3.90.30.16.00.00.00;1.500.000.1001;33903000000000;0,00;0,00;28.200,00;MANUTENCAO DAS UNIDADES DE ENSINO DA EDUCACAO INFANTIL;MATERIAL DE CONSUMO
Especificação: ;;EMPENHO PARA COBRIR DESPESA COM AQUISIÇÃO DE MATERIAL DE EXPEDIENTE A FIM DE ATENDER A SEDUC - EDUCAÇÃO INFANTIL - CONFORME PROCESSO ADMINISTRATIVO: 194/2024 - CONTRATO 130/2025 - SOLIC. DE FORNECIMENTO 77/2026 - DRO N° 154/2026.;;;;;;;;;;;;;;;;;;;;;;;;;;;;;;;;;;;;;
668;PREFEITURA MUNICIPAL DE BARBACENA;;30731986;560;2026;ORDINARIO;194;2024;EMPENHO PARA COBRIR DESPESA COM AQUISIÇÃO DE MATERIAL DE EXPEDIENTE A FIM DE ATENDER A SEDUC - ENS FUNDAMENTAL - CONFORME PROCESSO ADMINISTRATIVO: 194/2024 - CONTRATO 130/2025 - SOLIC. DE FORNECIMENTO 78/2026 - DRO N° 154/2026.;09/02/26 00:00;88.604,40;0,00;0,00;0,00;0,00;0,00;0,00;0,00;0,00;0,00;0,00;0,00;7587181;CREATIVE LICITACOES LTDA;;;787;15;2203;12;361;3.3.90.30.16.00.00.00;1.500.000.1001;33903000000000;0,00;0,00;88.604,40;MANUTENÇAO DAS UNIDADES DE ENSINO FUNDAMENTAL;MATERIAL DE CONSUMO
Especificação: ;;EMPENHO PARA COBRIR DESPESA COM AQUISIÇÃO DE MATERIAL DE EXPEDIENTE A FIM DE ATENDER A SEDUC - ENS FUNDAMENTAL - CONFORME PROCESSO ADMINISTRATIVO: 194/2024 - CONTRATO 130/2025 - SOLIC. DE FORNECIMENTO 78/2026 - DRO N° 154/2026.;;;;;;;;;;;;;;;;;;;;;;;;;;;;;;;;;;;;;
668;PREFEITURA MUNICIPAL DE BARBACENA;;30732027;561;2026;ORDINARIO;194;2024;EMPENHO PARA COBRIR DESPESA COM AQUISIÇÃO DE MATERIAL DE EXPEDIENTE A FIM DE ATENDER A SEDUC - CRECHES - CONFORME PROCESSO ADMINISTRATIVO: 194/2024 - CONTRATO 130/2025 - SOLIC. DE FORNECIMENTO 79/2026 - DRO N° 154/2026.;09/02/26 00:00;28.200,00;0,00;0,00;0,00;0,00;0,00;0,00;0,00;0,00;0,00;0,00;0,00;7587181;CREATIVE LICITACOES LTDA;;;835;14;2135;12;365;3.3.90.30.16.00.00.00;1.500.000.1001;33903000000000;0,00;0,00;28.200,00;MANUTENÇÃO DE CRECHES;MATERIAL DE CONSUMO
Especificação: ;;EMPENHO PARA COBRIR DESPESA COM AQUISIÇÃO DE MATERIAL DE EXPEDIENTE A FIM DE ATENDER A SEDUC - CRECHES - CONFORME PROCESSO ADMINISTRATIVO: 194/2024 - CONTRATO 130/2025 - SOLIC. DE FORNECIMENTO 79/2026 - DRO N° 154/2026.;;;;;;;;;;;;;;;;;;;;;;;;;;;;;;;;;;;;;
668;PREFEITURA MUNICIPAL DE BARBACENA;;30779061;602;2026;ESTIMATIVO;49;2024;EMPENHO PARA COBRIR DESPESA COM CONTRATAÇÃO DE EMPRESA PARA ANÁLISE DE SOLOS-QUÍMICA COMPLETA, EM ATENDIMENTO A SECRETARIA MUNICIPAL DE AGRICULTURA,PECUÁRIA E ABASTECIMENTO,CONFORME PROCESSO 49/2024,CONTRATO 94/2025 E SOLICITAÇÃO DE FORNECIMENTO Nº 99/2026;09/02/26 00:00;26.239,50;0,00;0,00;0,00;0,00;0,00;0,00;0,00;0,00;0,00;0,00;0,00;2334714;COSTA & AUGUSTO LTDA;;;97;35;2178;20;122;3.3.90.39.37.00.00.00;1.500.000.0000;33903900000000;0,00;0,00;26.239,50;APOIO E FOMENTO A PRODUÇÃO RURAL;OUTROS SERVIÇOS DE TERCEIROS - PESSOA JURÍDICA
Especificação: ;;EMPENHO PARA COBRIR DESPESA COM CONTRATAÇÃO DE EMPRESA PARA ANÁLISE DE SOLOS-QUÍMICA COMPLETA, EM ATENDIMENTO A SECRETARIA MUNICIPAL DE AGRICULTURA,PECUÁRIA E ABASTECIMENTO,CONFORME PROCESSO 49/2024,CONTRATO 94/2025 E SOLICITAÇÃO DE FORNECIMENTO Nº 99/2026;;;;;;;;;;;;;;;;;;;;;;;;;;;;;;;;;;;;;
668;PREFEITURA MUNICIPAL DE BARBACENA;;31006096;571;2026;GLOBAL;0;0;"EMPENHO PARA COBRIR DESPESA COM PAGAMENTO DE BENEFÍCIO EVENTUAL ""AUXILIO ALIMENTAÇÃO"" NA MODALIDADE PECÚNIA, EM RAZÃO DA RESCISÃO CONTRATUAL COM A EMPRESA ANTERIORMENTE RESPONSÁEL PELA OPERACIONALIZAÇÃO VIA CARTÃO ALIMENTAÇÃO. CONFORME DRO 170/2026, DELIBERAÇÃO 344/2025 E OFÍCIO 06/2026/SEMAS/CRAS NOVA CIDADE.";10/02/26 00:00;900,00;0,00;0,00;0,00;0,00;0,00;0,00;0,00;0,00;0,00;0,00;0,00;8357506;LUCIA DA SLVA SEVERINO;;;393;56;2312;8;244;3.3.90.48.00.00.00.00;1.661.000.0000;33904800000000;0,00;0,00;900,00;MANUTENÇÃO DE BENEFICIOS EVENTUAIS;OUTROS AUXÍLIOS FINANCEIROS A PESSOAS FÍSICAS
Especificação: ;;"EMPENHO PARA COBRIR DESPESA COM PAGAMENTO DE BENEFÍCIO EVENTUAL ""AUXILIO ALIMENTAÇÃO"" NA MODALIDADE PECÚNIA, EM RAZÃO DA RESCISÃO CONTRATUAL COM A EMPRESA ANTERIORMENTE RESPONSÁEL PELA OPERACIONALIZAÇÃO VIA CARTÃO ALIMENTAÇÃO. CONFORME DRO 170/2026, DELIBERAÇÃO 344/2025 E OFÍCIO 06/2026/SEMAS/CRAS NOVA CIDADE.";;;;;;;;;;;;;;;;;;;;;;;;;;;;;;;;;;;;;
668;PREFEITURA MUNICIPAL DE BARBACENA;;31006151;572;2026;GLOBAL;0;0;"EMPENHO PARA COBRIR DESPESA COM PAGAMENTO DE BENEFÍCIO EVENTUAL ""AUXILIO ALIMENTAÇÃO"" NA MODALIDADE PECÚNIA, EM RAZÃO DA RESCISÃO CONTRATUAL COM A EMPRESA ANTERIORMENTE RESPONSÁEL PELA OPERACIONALIZAÇÃO VIA CARTÃO ALIMENTAÇÃO. CONFORME DRO 170/2026, DELIBERAÇÃO 344/2025 E OFÍCIO 06/2026/SEMAS/CRAS NOVA CIDADE.";10/02/26 00:00;900,00;0,00;0,00;0,00;0,00;0,00;0,00;0,00;0,00;0,00;0,00;0,00;8357515;PAULO HENRIQUE DE OLIVEIRA;;;393;56;2312;8;244;3.3.90.48.00.00.00.00;1.661.000.0000;33904800000000;0,00;0,00;900,00;MANUTENÇÃO DE BENEFICIOS EVENTUAIS;OUTROS AUXÍLIOS FINANCEIROS A PESSOAS FÍSICAS
Especificação: ;;"EMPENHO PARA COBRIR DESPESA COM PAGAMENTO DE BENEFÍCIO EVENTUAL ""AUXILIO ALIMENTAÇÃO"" NA MODALIDADE PECÚNIA, EM RAZÃO DA RESCISÃO CONTRATUAL COM A EMPRESA ANTERIORMENTE RESPONSÁEL PELA OPERACIONALIZAÇÃO VIA CARTÃO ALIMENTAÇÃO. CONFORME DRO 170/2026, DELIBERAÇÃO 344/2025 E OFÍCIO 06/2026/SEMAS/CRAS NOVA CIDADE.";;;;;;;;;;;;;;;;;;;;;;;;;;;;;;;;;;;;;
668;PREFEITURA MUNICIPAL DE BARBACENA;;31006529;573;2026;GLOBAL;0;0;"EMPENHO PARA COBRIR DESPESA COM PAGAMENTO DE BENEFÍCIO EVENTUAL ""AUXILIO ALIMENTAÇÃO"" NA MODALIDADE PECÚNIA, EM RAZÃO DA RESCISÃO CONTRATUAL COM A EMPRESA ANTERIORMENTE RESPONSÁEL PELA OPERACIONALIZAÇÃO VIA CARTÃOALIMENTAÇÃO. CONFORME DRO 170/2026, DELIBERAÇÃO 344/2025 E OFÍCIO 06/2026/SEMAS/CRAS NOVA CIDADE.";10/02/26 00:00;900,00;0,00;0,00;0,00;0,00;0,00;0,00;0,00;0,00;0,00;0,00;0,00;8357520;ALAIS CLARA MATEUS;;;393;56;2312;8;244;3.3.90.48.00.00.00.00;1.661.000.0000;33904800000000;0,00;0,00;900,00;MANUTENÇÃO DE BENEFICIOS EVENTUAIS;OUTROS AUXÍLIOS FINANCEIROS A PESSOAS FÍSICAS
Especificação: ;;"EMPENHO PARA COBRIR DESPESA COM PAGAMENTO DE BENEFÍCIO EVENTUAL ""AUXILIO ALIMENTAÇÃO"" NA MODALIDADE PECÚNIA, EM RAZÃO DA RESCISÃO CONTRATUAL COM A EMPRESA ANTERIORMENTE RESPONSÁEL PELA OPERACIONALIZAÇÃO VIA CARTÃOALIMENTAÇÃO. CONFORME DRO 170/2026, DELIBERAÇÃO 344/2025 E OFÍCIO 06/2026/SEMAS/CRAS NOVA CIDADE.";;;;;;;;;;;;;;;;;;;;;;;;;;;;;;;;;;;;;
668;PREFEITURA MUNICIPAL DE BARBACENA;;31006563;574;2026;GLOBAL;0;0;"EMPENHO PARA COBRIR DESPESA COM PAGAMENTO DE BENEFÍCIO EVENTUAL ""AUXILIO ALIMENTAÇÃO"" NA MODALIDADE PECÚNIA, EM RAZÃO DA RESCISÃO CONTRATUAL COM A EMPRESA ANTERIORMENTE RESPONSÁEL PELA OPERACIONALIZAÇÃO VIA CARTÃOALIMENTAÇÃO. CONFORME DRO 170/2026, DELIBERAÇÃO 344/2025 E OFÍCIO 06/2026/SEMAS/CRAS NOVA CIDADE.";10/02/26 00:00;900,00;0,00;0,00;0,00;0,00;0,00;0,00;0,00;0,00;0,00;0,00;0,00;8357533;ANA MARIA MOREIRA;;;393;56;2312;8;244;3.3.90.48.00.00.00.00;1.661.000.0000;33904800000000;0,00;0,00;900,00;MANUTENÇÃO DE BENEFICIOS EVENTUAIS;OUTROS AUXÍLIOS FINANCEIROS A PESSOAS FÍSICAS
Especificação: ;;"EMPENHO PARA COBRIR DESPESA COM PAGAMENTO DE BENEFÍCIO EVENTUAL ""AUXILIO ALIMENTAÇÃO"" NA MODALIDADE PECÚNIA, EM RAZÃO DA RESCISÃO CONTRATUAL COM A EMPRESA ANTERIORMENTE RESPONSÁEL PELA OPERACIONALIZAÇÃO VIA CARTÃOALIMENTAÇÃO. CONFORME DRO 170/2026, DELIBERAÇÃO 344/2025 E OFÍCIO 06/2026/SEMAS/CRAS NOVA CIDADE.";;;;;;;;;;;;;;;;;;;;;;;;;;;;;;;;;;;;;
668;PREFEITURA MUNICIPAL DE BARBACENA;;31006621;575;2026;GLOBAL;0;0;"EMPENHO PARA COBRIR DESPESA COM PAGAMENTO DE BENEFÍCIO EVENTUAL ""AUXILIO ALIMENTAÇÃO"" NA MODALIDADE PECÚNIA, EM RAZÃO DA RESCISÃO CONTRATUAL COM A EMPRESA ANTERIORMENTE RESPONSÁEL PELA OPERACIONALIZAÇÃO VIA CARTÃOALIMENTAÇÃO. CONFORME DRO 170/2026, DELIBERAÇÃO 344/2025 E OFÍCIO 06/2026/SEMAS/CRAS NOVA CIDADE.";10/02/26 00:00;900,00;0,00;0,00;0,00;0,00;0,00;0,00;0,00;0,00;0,00;0,00;0,00;7984561;SUELY NEUZA SOARES;;;393;56;2312;8;244;3.3.90.48.00.00.00.00;1.661.000.0000;33904800000000;0,00;0,00;900,00;MANUTENÇÃO DE BENEFICIOS EVENTUAIS;OUTROS AUXÍLIOS FINANCEIROS A PESSOAS FÍSICAS
Especificação: ;;"EMPENHO PARA COBRIR DESPESA COM PAGAMENTO DE BENEFÍCIO EVENTUAL ""AUXILIO ALIMENTAÇÃO"" NA MODALIDADE PECÚNIA, EM RAZÃO DA RESCISÃO CONTRATUAL COM A EMPRESA ANTERIORMENTE RESPONSÁEL PELA OPERACIONALIZAÇÃO VIA CARTÃOALIMENTAÇÃO. CONFORME DRO 170/2026, DELIBERAÇÃO 344/2025 E OFÍCIO 06/2026/SEMAS/CRAS NOVA CIDADE.";;;;;;;;;;;;;;;;;;;;;;;;;;;;;;;;;;;;;
668;PREFEITURA MUNICIPAL DE BARBACENA;;31006940;576;2026;GLOBAL;0;0;"EMPENHO PARA COBRIR DESPESA COM PAGAMENTO DE BENEFÍCIO EVENTUAL ""AUXILIO ALIMENTAÇÃO"" NA MODALIDADE PECÚNIA, EM RAZÃO DA RESCISÃO CONTRATUAL COM A EMPRESA ANTERIORMENTE RESPONSÁEL PELA OPERACIONALIZAÇÃO VIA CARTÃOALIMENTAÇÃO. CONFORME DRO 170/2026, DELIBERAÇÃO 344/2025 E OFÍCIO 06/2026/SEMAS/CRAS NOVA CIDADE.";10/02/26 00:00;900,00;0,00;0,00;0,00;0,00;0,00;0,00;0,00;0,00;0,00;0,00;0,00;8357539;JESSICA ALMEIDA SILVA;;;393;56;2312;8;244;3.3.90.48.00.00.00.00;1.661.000.0000;33904800000000;0,00;0,00;900,00;MANUTENÇÃO DE BENEFICIOS EVENTUAIS;OUTROS AUXÍLIOS FINANCEIROS A PESSOAS FÍSICAS
Especificação: ;;"EMPENHO PARA COBRIR DESPESA COM PAGAMENTO DE BENEFÍCIO EVENTUAL ""AUXILIO ALIMENTAÇÃO"" NA MODALIDADE PECÚNIA, EM RAZÃO DA RESCISÃO CONTRATUAL COM A EMPRESA ANTERIORMENTE RESPONSÁEL PELA OPERACIONALIZAÇÃO VIA CARTÃOALIMENTAÇÃO. CONFORME DRO 170/2026, DELIBERAÇÃO 344/2025 E OFÍCIO 06/2026/SEMAS/CRAS NOVA CIDADE.";;;;;;;;;;;;;;;;;;;;;;;;;;;;;;;;;;;;;
668;PREFEITURA MUNICIPAL DE BARBACENA;;31006973;577;2026;GLOBAL;0;0;"EMPENHO PARA COBRIR DESPESA COM PAGAMENTO DE BENEFÍCIO EVENTUAL ""AUXILIO ALIMENTAÇÃO"" NA MODALIDADE PECÚNIA, EM RAZÃO DA RESCISÃO CONTRATUAL COM A EMPRESA ANTERIORMENTE RESPONSÁEL PELA OPERACIONALIZAÇÃO VIA CARTÃOALIMENTAÇÃO. CONFORME DRO 170/2026, DELIBERAÇÃO 344/2025 E OFÍCIO 06/2026/SEMAS/CRAS NOVA CIDADE.";10/02/26 00:00;900,00;0,00;0,00;0,00;0,00;0,00;0,00;0,00;0,00;0,00;0,00;0,00;8357557;MARIA APARECIDA CARDOSO DOS SANTOS;;;393;56;2312;8;244;3.3.90.48.00.00.00.00;1.661.000.0000;33904800000000;0,00;0,00;900,00;MANUTENÇÃO DE BENEFICIOS EVENTUAIS;OUTROS AUXÍLIOS FINANCEIROS A PESSOAS FÍSICAS
Especificação: ;;"EMPENHO PARA COBRIR DESPESA COM PAGAMENTO DE BENEFÍCIO EVENTUAL ""AUXILIO ALIMENTAÇÃO"" NA MODALIDADE PECÚNIA, EM RAZÃO DA RESCISÃO CONTRATUAL COM A EMPRESA ANTERIORMENTE RESPONSÁEL PELA OPERACIONALIZAÇÃO VIA CARTÃOALIMENTAÇÃO. CONFORME DRO 170/2026, DELIBERAÇÃO 344/2025 E OFÍCIO 06/2026/SEMAS/CRAS NOVA CIDADE.";;;;;;;;;;;;;;;;;;;;;;;;;;;;;;;;;;;;;
668;PREFEITURA MUNICIPAL DE BARBACENA;;31007127;578;2026;GLOBAL;0;0;"EMPENHO PARA COBRIR DESPESA COM PAGAMENTO DE BENEFÍCIO EVENTUAL ""AUXILIO ALIMENTAÇÃO"" NA MODALIDADE PECÚNIA, EM RAZÃO DA RESCISÃO CONTRATUAL COM A EMPRESA ANTERIORMENTE RESPONSÁEL PELA OPERACIONALIZAÇÃO VIA CARTÃOALIMENTAÇÃO. CONFORME DRO 170/2026, DELIBERAÇÃO 344/2025 E OFÍCIO 15/2026/CRAS SANTA MARIA/ SEMAS.";10/02/26 00:00;900,00;0,00;0,00;0,00;0,00;0,00;0,00;0,00;0,00;0,00;0,00;0,00;8357576;ALVINO SOARES DO AMARAL;;;393;56;2312;8;244;3.3.90.48.00.00.00.00;1.661.000.0000;33904800000000;0,00;0,00;900,00;MANUTENÇÃO DE BENEFICIOS EVENTUAIS;OUTROS AUXÍLIOS FINANCEIROS A PESSOAS FÍSICAS
Especificação: ;;"EMPENHO PARA COBRIR DESPESA COM PAGAMENTO DE BENEFÍCIO EVENTUAL ""AUXILIO ALIMENTAÇÃO"" NA MODALIDADE PECÚNIA, EM RAZÃO DA RESCISÃO CONTRATUAL COM A EMPRESA ANTERIORMENTE RESPONSÁEL PELA OPERACIONALIZAÇÃO VIA CARTÃOALIMENTAÇÃO. CONFORME DRO 170/2026, DELIBERAÇÃO 344/2025 E OFÍCIO 15/2026/CRAS SANTA MARIA/ SEMAS.";;;;;;;;;;;;;;;;;;;;;;;;;;;;;;;;;;;;;
668;PREFEITURA MUNICIPAL DE BARBACENA;;31007415;579;2026;GLOBAL;0;0;"EMPENHO PARA COBRIR DESPESA COM PAGAMENTO DE BENEFÍCIO EVENTUAL ""AUXILIO ALIMENTAÇÃO"" NA MODALIDADE PECÚNIA, EM RAZÃO DA RESCISÃO CONTRATUAL COM A EMPRESA ANTERIORMENTE RESPONSÁEL PELA OPERACIONALIZAÇÃO VIA CARTÃOALIMENTAÇÃO. CONFORME DRO 170/2026, DELIBERAÇÃO 344/2025 E OFÍCIO 15/2026/CRAS SANTA MARIA/ SEMAS.";10/02/26 00:00;900,00;0,00;0,00;0,00;0,00;0,00;0,00;0,00;0,00;0,00;0,00;0,00;8357578;AMANDA FIDELIS DA SILVA;;;393;56;2312;8;244;3.3.90.48.00.00.00.00;1.661.000.0000;33904800000000;0,00;0,00;900,00;MANUTENÇÃO DE BENEFICIOS EVENTUAIS;OUTROS AUXÍLIOS FINANCEIROS A PESSOAS FÍSICAS
Especificação: ;;"EMPENHO PARA COBRIR DESPESA COM PAGAMENTO DE BENEFÍCIO EVENTUAL ""AUXILIO ALIMENTAÇÃO"" NA MODALIDADE PECÚNIA, EM RAZÃO DA RESCISÃO CONTRATUAL COM A EMPRESA ANTERIORMENTE RESPONSÁEL PELA OPERACIONALIZAÇÃO VIA CARTÃOALIMENTAÇÃO. CONFORME DRO 170/2026, DELIBERAÇÃO 344/2025 E OFÍCIO 15/2026/CRAS SANTA MARIA/ SEMAS.";;;;;;;;;;;;;;;;;;;;;;;;;;;;;;;;;;;;;
668;PREFEITURA MUNICIPAL DE BARBACENA;;31007639;580;2026;GLOBAL;0;0;"EMPENHO PARA COBRIR DESPESA COM PAGAMENTO DE BENEFÍCIO EVENTUAL ""AUXILIO ALIMENTAÇÃO"" NA MODALIDADE PECÚNIA, EM RAZÃO DA RESCISÃO CONTRATUAL COM A EMPRESA ANTERIORMENTE RESPONSÁEL PELA OPERACIONALIZAÇÃO VIA CARTÃOALIMENTAÇÃO. CONFORME DRO 170/2026, DELIBERAÇÃO 344/2025 E OFÍCIO 15/2026/CRAS SANTA MARIA/ SEMAS.";10/02/26 00:00;900,00;0,00;0,00;0,00;0,00;0,00;0,00;0,00;0,00;0,00;0,00;0,00;8357581;CONCEICAO APARECIDA LUCAS DA SILVA;;;393;56;2312;8;244;3.3.90.48.00.00.00.00;1.661.000.0000;33904800000000;0,00;0,00;900,00;MANUTENÇÃO DE BENEFICIOS EVENTUAIS;OUTROS AUXÍLIOS FINANCEIROS A PESSOAS FÍSICAS
Especificação: ;;"EMPENHO PARA COBRIR DESPESA COM PAGAMENTO DE BENEFÍCIO EVENTUAL ""AUXILIO ALIMENTAÇÃO"" NA MODALIDADE PECÚNIA, EM RAZÃO DA RESCISÃO CONTRATUAL COM A EMPRESA ANTERIORMENTE RESPONSÁEL PELA OPERACIONALIZAÇÃO VIA CARTÃOALIMENTAÇÃO. CONFORME DRO 170/2026, DELIBERAÇÃO 344/2025 E OFÍCIO 15/2026/CRAS SANTA MARIA/ SEMAS.";;;;;;;;;;;;;;;;;;;;;;;;;;;;;;;;;;;;;
668;PREFEITURA MUNICIPAL DE BARBACENA;;31007757;581;2026;GLOBAL;0;0;"EMPENHO PARA COBRIR DESPESA COM PAGAMENTO DE BENEFÍCIO EVENTUAL ""AUXILIO ALIMENTAÇÃO"" NA MODALIDADE PECÚNIA, EM RAZÃO DA RESCISÃO CONTRATUAL COM A EMPRESA ANTERIORMENTE RESPONSÁEL PELA OPERACIONALIZAÇÃO VIA CARTÃOALIMENTAÇÃO. CONFORME DRO 170/2026, DELIBERAÇÃO 344/2025 E OFÍCIO 15/2026/CRAS SANTA MARIA/ SEMAS.";10/02/26 00:00;900,00;0,00;0,00;0,00;0,00;0,00;0,00;0,00;0,00;0,00;0,00;0,00;8357585;DIVINO DE ASSIS COSTA;;;393;56;2312;8;244;3.3.90.48.00.00.00.00;1.661.000.0000;33904800000000;0,00;0,00;900,00;MANUTENÇÃO DE BENEFICIOS EVENTUAIS;OUTROS AUXÍLIOS FINANCEIROS A PESSOAS FÍSICAS
Especificação: ;;"EMPENHO PARA COBRIR DESPESA COM PAGAMENTO DE BENEFÍCIO EVENTUAL ""AUXILIO ALIMENTAÇÃO"" NA MODALIDADE PECÚNIA, EM RAZÃO DA RESCISÃO CONTRATUAL COM A EMPRESA ANTERIORMENTE RESPONSÁEL PELA OPERACIONALIZAÇÃO VIA CARTÃOALIMENTAÇÃO. CONFORME DRO 170/2026, DELIBERAÇÃO 344/2025 E OFÍCIO 15/2026/CRAS SANTA MARIA/ SEMAS.";;;;;;;;;;;;;;;;;;;;;;;;;;;;;;;;;;;;;
668;PREFEITURA MUNICIPAL DE BARBACENA;;31007771;582;2026;GLOBAL;0;0;"EMPENHO PARA COBRIR DESPESA COM PAGAMENTO DE BENEFÍCIO EVENTUAL ""AUXILIO ALIMENTAÇÃO"" NA MODALIDADE PECÚNIA, EM RAZÃO DA RESCISÃO CONTRATUAL COM A EMPRESA ANTERIORMENTE RESPONSÁEL PELA OPERACIONALIZAÇÃO VIA CARTÃOALIMENTAÇÃO. CONFORME DRO 170/2026, DELIBERAÇÃO 344/2025 E OFÍCIO 15/2026/CRAS SANTA MARIA/ SEMAS.";10/02/26 00:00;450,00;0,00;0,00;0,00;0,00;0,00;0,00;0,00;0,00;0,00;0,00;0,00;7984668;FERNANDA APARECIDA CHAGAS;;;393;56;2312;8;244;3.3.90.48.00.00.00.00;1.661.000.0000;33904800000000;0,00;0,00;450,00;MANUTENÇÃO DE BENEFICIOS EVENTUAIS;OUTROS AUXÍLIOS FINANCEIROS A PESSOAS FÍSICAS
Especificação: ;;"EMPENHO PARA COBRIR DESPESA COM PAGAMENTO DE BENEFÍCIO EVENTUAL ""AUXILIO ALIMENTAÇÃO"" NA MODALIDADE PECÚNIA, EM RAZÃO DA RESCISÃO CONTRATUAL COM A EMPRESA ANTERIORMENTE RESPONSÁEL PELA OPERACIONALIZAÇÃO VIA CARTÃOALIMENTAÇÃO. CONFORME DRO 170/2026, DELIBERAÇÃO 344/2025 E OFÍCIO 15/2026/CRAS SANTA MARIA/ SEMAS.";;;;;;;;;;;;;;;;;;;;;;;;;;;;;;;;;;;;;
668;PREFEITURA MUNICIPAL DE BARBACENA;;31007987;583;2026;GLOBAL;0;0;"EMPENHO PARA COBRIR DESPESA COM PAGAMENTO DE BENEFÍCIO EVENTUAL ""AUXILIO ALIMENTAÇÃO"" NA MODALIDADE PECÚNIA, EM RAZÃO DA RESCISÃO CONTRATUAL COM A EMPRESA ANTERIORMENTE RESPONSÁEL PELA OPERACIONALIZAÇÃO VIA CARTÃOALIMENTAÇÃO. CONFORME DRO 170/2026, DELIBERAÇÃO 344/2025 E OFÍCIO 15/2026/CRAS SANTA MARIA/ SEMAS.";10/02/26 00:00;900,00;0,00;0,00;0,00;0,00;0,00;0,00;0,00;0,00;0,00;0,00;0,00;8357590;LUCIANA APARECIDA DO CARMO SOUZA MARQUES;;;393;56;2312;8;244;3.3.90.48.00.00.00.00;1.661.000.0000;33904800000000;0,00;0,00;900,00;MANUTENÇÃO DE BENEFICIOS EVENTUAIS;OUTROS AUXÍLIOS FINANCEIROS A PESSOAS FÍSICAS
Especificação: ;;"EMPENHO PARA COBRIR DESPESA COM PAGAMENTO DE BENEFÍCIO EVENTUAL ""AUXILIO ALIMENTAÇÃO"" NA MODALIDADE PECÚNIA, EM RAZÃO DA RESCISÃO CONTRATUAL COM A EMPRESA ANTERIORMENTE RESPONSÁEL PELA OPERACIONALIZAÇÃO VIA CARTÃOALIMENTAÇÃO. CONFORME DRO 170/2026, DELIBERAÇÃO 344/2025 E OFÍCIO 15/2026/CRAS SANTA MARIA/ SEMAS.";;;;;;;;;;;;;;;;;;;;;;;;;;;;;;;;;;;;;
668;PREFEITURA MUNICIPAL DE BARBACENA;;31008028;584;2026;GLOBAL;0;0;"EMPENHO PARA COBRIR DESPESA COM PAGAMENTO DE BENEFÍCIO EVENTUAL ""AUXILIO ALIMENTAÇÃO"" NA MODALIDADE PECÚNIA, EM RAZÃO DA RESCISÃO CONTRATUAL COM A EMPRESA ANTERIORMENTE RESPONSÁEL PELA OPERACIONALIZAÇÃO VIA CARTÃOALIMENTAÇÃO. CONFORME DRO 170/2026, DELIBERAÇÃO 344/2025 E OFÍCIO 15/2026/CRAS SANTA MARIA/ SEMAS.";10/02/26 00:00;450,00;0,00;0,00;0,00;0,00;0,00;0,00;0,00;0,00;0,00;0,00;0,00;8357596;ROGÉRIO DOMINGOS DA SILVA;;;393;56;2312;8;244;3.3.90.48.00.00.00.00;1.661.000.0000;33904800000000;0,00;0,00;450,00;MANUTENÇÃO DE BENEFICIOS EVENTUAIS;OUTROS AUXÍLIOS FINANCEIROS A PESSOAS FÍSICAS
Especificação: ;;"EMPENHO PARA COBRIR DESPESA COM PAGAMENTO DE BENEFÍCIO EVENTUAL ""AUXILIO ALIMENTAÇÃO"" NA MODALIDADE PECÚNIA, EM RAZÃO DA RESCISÃO CONTRATUAL COM A EMPRESA ANTERIORMENTE RESPONSÁEL PELA OPERACIONALIZAÇÃO VIA CARTÃOALIMENTAÇÃO. CONFORME DRO 170/2026, DELIBERAÇÃO 344/2025 E OFÍCIO 15/2026/CRAS SANTA MARIA/ SEMAS.";;;;;;;;;;;;;;;;;;;;;;;;;;;;;;;;;;;;;
668;PREFEITURA MUNICIPAL DE BARBACENA;;31008113;585;2026;GLOBAL;0;0;"EMPENHO PARA COBRIR DESPESA COM PAGAMENTO DE BENEFÍCIO EVENTUAL ""AUXILIO ALIMENTAÇÃO"" NA MODALIDADE PECÚNIA, EM RAZÃO DA RESCISÃO CONTRATUAL COM A EMPRESA ANTERIORMENTE RESPONSÁEL PELA OPERACIONALIZAÇÃO VIA CARTÃOALIMENTAÇÃO. CONFORME DRO 170/2026, DELIBERAÇÃO 344/2025 E OFÍCIO 15/2026/CRAS SANTA MARIA/ SEMAS.";10/02/26 00:00;900,00;0,00;0,00;0,00;0,00;0,00;0,00;0,00;0,00;0,00;0,00;0,00;8357601;WANIA MARIA DA SILVA;;;393;56;2312;8;244;3.3.90.48.00.00.00.00;1.661.000.0000;33904800000000;0,00;0,00;900,00;MANUTENÇÃO DE BENEFICIOS EVENTUAIS;OUTROS AUXÍLIOS FINANCEIROS A PESSOAS FÍSICAS
Especificação: ;;"EMPENHO PARA COBRIR DESPESA COM PAGAMENTO DE BENEFÍCIO EVENTUAL ""AUXILIO ALIMENTAÇÃO"" NA MODALIDADE PECÚNIA, EM RAZÃO DA RESCISÃO CONTRATUAL COM A EMPRESA ANTERIORMENTE RESPONSÁEL PELA OPERACIONALIZAÇÃO VIA CARTÃOALIMENTAÇÃO. CONFORME DRO 170/2026, DELIBERAÇÃO 344/2025 E OFÍCIO 15/2026/CRAS SANTA MARIA/ SEMAS.";;;;;;;;;;;;;;;;;;;;;;;;;;;;;;;;;;;;;
668;PREFEITURA MUNICIPAL DE BARBACENA;;31009642;588;2026;GLOBAL;0;0;"EMPENHO PARA COBRIR DESPESA COM PAGAMENTO DE BENEFÍCIO EVENTUAL ""AUXILIO ALIMENTAÇÃO"" NA MODALIDADE PECÚNIA, EM RAZÃO DA RESCISÃO CONTRATUAL COM A EMPRESA ANTERIORMENTE RESPONSÁEL PELA OPERACIONALIZAÇÃO VIA CARTÃOALIMENTAÇÃO. CONFORME DRO 170/2026, DELIBERAÇÃO 344/2025 E OFÍCIO 11/2026/CRAS SÃO PEDRO/ SEMAS.";10/02/26 00:00;900,00;0,00;0,00;0,00;0,00;0,00;0,00;0,00;0,00;0,00;0,00;0,00;8357804;ANTÔNIO DE MELLO JUNIOR;;;393;56;2312;8;244;3.3.90.48.00.00.00.00;1.661.000.0000;33904800000000;0,00;0,00;900,00;MANUTENÇÃO DE BENEFICIOS EVENTUAIS;OUTROS AUXÍLIOS FINANCEIROS A PESSOAS FÍSICAS
Especificação: ;;"EMPENHO PARA COBRIR DESPESA COM PAGAMENTO DE BENEFÍCIO EVENTUAL ""AUXILIO ALIMENTAÇÃO"" NA MODALIDADE PECÚNIA, EM RAZÃO DA RESCISÃO CONTRATUAL COM A EMPRESA ANTERIORMENTE ";;;;;;;;;;;;;;;;;;;;;;;;;;;;;;;;;;;;;
;;RESPONSÁEL PELA OPERACIONALIZAÇÃO VIA CARTÃOALIMENTAÇÃO. CONFORME DRO 170/2026, DELIBERAÇÃO 344/2025 E OFÍCIO 11/2026/CRAS SÃO PEDRO/ SEMAS.;;;;;;;;;;;;;;;;;;;;;;;;;;;;;;;;;;;;;
668;PREFEITURA MUNICIPAL DE BARBACENA;;31009736;589;2026;GLOBAL;0;0;"EMPENHO PARA COBRIR DESPESA COM PAGAMENTO DE BENEFÍCIO EVENTUAL ""AUXILIO ALIMENTAÇÃO"" NA MODALIDADE PECÚNIA, EM RAZÃO DA RESCISÃO CONTRATUAL COM A EMPRESA ANTERIORMENTE RESPONSÁEL PELA OPERACIONALIZAÇÃO VIA CARTÃOALIMENTAÇÃO. CONFORME DRO 170/2026, DELIBERAÇÃO 344/2025 E OFÍCIO 11/2026/CRAS SÃO PEDRO/ SEMAS.";10/02/26 00:00;900,00;0,00;0,00;0,00;0,00;0,00;0,00;0,00;0,00;0,00;0,00;0,00;8357818;CASSIA NUNES RODRIGUES LIMA;;;393;56;2312;8;244;3.3.90.48.00.00.00.00;1.661.000.0000;33904800000000;0,00;0,00;900,00;MANUTENÇÃO DE BENEFICIOS EVENTUAIS;OUTROS AUXÍLIOS FINANCEIROS A PESSOAS FÍSICAS
Especificação: ;;"EMPENHO PARA COBRIR DESPESA COM PAGAMENTO DE BENEFÍCIO EVENTUAL ""AUXILIO ALIMENTAÇÃO"" NA MODALIDADE PECÚNIA, EM RAZÃO DA RESCISÃO CONTRATUAL COM A EMPRESA ANTERIORMENTE RESPONSÁEL PELA OPERACIONALIZAÇÃO VIA CARTÃOALIMENTAÇÃO. CONFORME DRO 170/2026, DELIBERAÇÃO 344/2025 E OFÍCIO 11/2026/CRAS SÃO PEDRO/ SEMAS.";;;;;;;;;;;;;;;;;;;;;;;;;;;;;;;;;;;;;
668;PREFEITURA MUNICIPAL DE BARBACENA;;31009814;590;2026;GLOBAL;0;0;"EMPENHO PARA COBRIR DESPESA COM PAGAMENTO DE BENEFÍCIO EVENTUAL ""AUXILIO ALIMENTAÇÃO"" NA MODALIDADE PECÚNIA, EM RAZÃO DA RESCISÃO CONTRATUAL COM A EMPRESA ANTERIORMENTE RESPONSÁEL PELA OPERACIONALIZAÇÃO VIA CARTÃOALIMENTAÇÃO. CONFORME DRO 170/2026, DELIBERAÇÃO 344/2025 E OFÍCIO 11/2026/CRAS SÃO PEDRO/ SEMAS.";10/02/26 00:00;900,00;0,00;0,00;0,00;0,00;0,00;0,00;0,00;0,00;0,00;0,00;0,00;8357829;ÉDIPO SAVIO DA SILVA;;;393;56;2312;8;244;3.3.90.48.00.00.00.00;1.661.000.0000;33904800000000;0,00;0,00;900,00;MANUTENÇÃO DE BENEFICIOS EVENTUAIS;OUTROS AUXÍLIOS FINANCEIROS A PESSOAS FÍSICAS
Especificação: ;;"EMPENHO PARA COBRIR DESPESA COM PAGAMENTO DE BENEFÍCIO EVENTUAL ""AUXILIO ALIMENTAÇÃO"" NA MODALIDADE PECÚNIA, EM RAZÃO DA RESCISÃO CONTRATUAL COM A EMPRESA ANTERIORMENTE RESPONSÁEL PELA OPERACIONALIZAÇÃO VIA CARTÃOALIMENTAÇÃO. CONFORME DRO 170/2026, DELIBERAÇÃO 344/2025 E OFÍCIO 11/2026/CRAS SÃO PEDRO/ SEMAS.";;;;;;;;;;;;;;;;;;;;;;;;;;;;;;;;;;;;;
668;PREFEITURA MUNICIPAL DE BARBACENA;;31009919;591;2026;GLOBAL;0;0;"EMPENHO PARA COBRIR DESPESA COM PAGAMENTO DE BENEFÍCIO EVENTUAL ""AUXILIO ALIMENTAÇÃO"" NA MODALIDADE PECÚNIA, EM RAZÃO DA RESCISÃO CONTRATUAL COM A EMPRESA ANTERIORMENTE RESPONSÁEL PELA OPERACIONALIZAÇÃO VIA CARTÃOALIMENTAÇÃO. CONFORME DRO 170/2026, DELIBERAÇÃO 344/2025 E OFÍCIO 11/2026/CRAS SÃO PEDRO/ SEMAS.";10/02/26 00:00;900,00;0,00;0,00;0,00;0,00;0,00;0,00;0,00;0,00;0,00;0,00;0,00;8357841;EDNA MARCIA DA SILVA;;;393;56;2312;8;244;3.3.90.48.00.00.00.00;1.661.000.0000;33904800000000;0,00;0,00;900,00;MANUTENÇÃO DE BENEFICIOS EVENTUAIS;OUTROS AUXÍLIOS FINANCEIROS A PESSOAS FÍSICAS
Especificação: ;;"EMPENHO PARA COBRIR DESPESA COM PAGAMENTO DE BENEFÍCIO EVENTUAL ""AUXILIO ALIMENTAÇÃO"" NA MODALIDADE PECÚNIA, EM RAZÃO DA RESCISÃO CONTRATUAL COM A EMPRESA ANTERIORMENTE RESPONSÁEL PELA OPERACIONALIZAÇÃO VIA CARTÃOALIMENTAÇÃO. CONFORME DRO 170/2026, DELIBERAÇÃO 344/2025 E OFÍCIO 11/2026/CRAS SÃO PEDRO/ SEMAS.";;;;;;;;;;;;;;;;;;;;;;;;;;;;;;;;;;;;;
668;PREFEITURA MUNICIPAL DE BARBACENA;;31009971;592;2026;GLOBAL;0;0;"EMPENHO PARA COBRIR DESPESA COM PAGAMENTO DE BENEFÍCIO EVENTUAL ""AUXILIO ALIMENTAÇÃO"" NA MODALIDADE PECÚNIA, EM RAZÃO DA RESCISÃO CONTRATUAL COM A EMPRESA ANTERIORMENTE RESPONSÁEL PELA OPERACIONALIZAÇÃO VIA CARTÃOALIMENTAÇÃO. CONFORME DRO 170/2026, DELIBERAÇÃO 344/2025 E OFÍCIO 11/2026/CRAS SÃO PEDRO/ SEMAS.";10/02/26 00:00;900,00;0,00;0,00;0,00;0,00;0,00;0,00;0,00;0,00;0,00;0,00;0,00;8357852;GERMANO JORGE RETORIO;;;393;56;2312;8;244;3.3.90.48.00.00.00.00;1.661.000.0000;33904800000000;0,00;0,00;900,00;MANUTENÇÃO DE BENEFICIOS EVENTUAIS;OUTROS AUXÍLIOS FINANCEIROS A PESSOAS FÍSICAS
Especificação: ;;"EMPENHO PARA COBRIR DESPESA COM PAGAMENTO DE BENEFÍCIO EVENTUAL ""AUXILIO ALIMENTAÇÃO"" NA MODALIDADE PECÚNIA, EM RAZÃO DA RESCISÃO CONTRATUAL COM A EMPRESA ANTERIORMENTE RESPONSÁEL PELA OPERACIONALIZAÇÃO VIA CARTÃOALIMENTAÇÃO. CONFORME DRO 170/2026, DELIBERAÇÃO 344/2025 E OFÍCIO 11/2026/CRAS SÃO PEDRO/ SEMAS.";;;;;;;;;;;;;;;;;;;;;;;;;;;;;;;;;;;;;
668;PREFEITURA MUNICIPAL DE BARBACENA;;31010344;593;2026;GLOBAL;0;0;"EMPENHO PARA COBRIR DESPESA COM PAGAMENTO DE BENEFÍCIO EVENTUAL ""AUXILIO ALIMENTAÇÃO"" NA MODALIDADE PECÚNIA, EM RAZÃO DA RESCISÃO CONTRATUAL COM A EMPRESA ANTERIORMENTE RESPONSÁEL PELA OPERACIONALIZAÇÃO VIA CARTÃOALIMENTAÇÃO. CONFORME DRO 170/2026, DELIBERAÇÃO 344/2025 E OFÍCIO 11/2026/CRAS SÃO PEDRO/ SEMAS.";10/02/26 00:00;900,00;0,00;0,00;0,00;0,00;0,00;0,00;0,00;0,00;0,00;0,00;0,00;8357888;JOSÉ ADÃO DA COSTA;;;393;56;2312;8;244;3.3.90.48.00.00.00.00;1.661.000.0000;33904800000000;0,00;0,00;900,00;MANUTENÇÃO DE BENEFICIOS EVENTUAIS;OUTROS AUXÍLIOS FINANCEIROS A PESSOAS FÍSICAS
Especificação: ;;"EMPENHO PARA COBRIR DESPESA COM PAGAMENTO DE BENEFÍCIO EVENTUAL ""AUXILIO ALIMENTAÇÃO"" NA MODALIDADE PECÚNIA, EM RAZÃO DA RESCISÃO CONTRATUAL COM A EMPRESA ANTERIORMENTE RESPONSÁEL PELA OPERACIONALIZAÇÃO VIA CARTÃOALIMENTAÇÃO. CONFORME DRO 170/2026, DELIBERAÇÃO 344/2025 E OFÍCIO 11/2026/CRAS SÃO PEDRO/ SEMAS.";;;;;;;;;;;;;;;;;;;;;;;;;;;;;;;;;;;;;
668;PREFEITURA MUNICIPAL DE BARBACENA;;31010384;594;2026;GLOBAL;0;0;"EMPENHO PARA COBRIR DESPESA COM PAGAMENTO DE BENEFÍCIO EVENTUAL ""AUXILIO ALIMENTAÇÃO"" NA MODALIDADE PECÚNIA, EM RAZÃO DA RESCISÃO CONTRATUAL COM A EMPRESA ANTERIORMENTE RESPONSÁEL PELA OPERACIONALIZAÇÃO VIA CARTÃOALIMENTAÇÃO. CONFORME DRO 170/2026, DELIBERAÇÃO 344/2025 E OFÍCIO 11/2026/CRAS SÃO PEDRO/ SEMAS.";10/02/26 00:00;450,00;0,00;0,00;0,00;0,00;0,00;0,00;0,00;0,00;0,00;0,00;0,00;8357903;JOSIANE ROSA DE OLIEIRA;;;393;56;2312;8;244;3.3.90.48.00.00.00.00;1.661.000.0000;33904800000000;0,00;0,00;450,00;MANUTENÇÃO DE BENEFICIOS EVENTUAIS;OUTROS AUXÍLIOS FINANCEIROS A PESSOAS FÍSICAS
Especificação: ;;"EMPENHO PARA COBRIR DESPESA COM PAGAMENTO DE BENEFÍCIO EVENTUAL ""AUXILIO ALIMENTAÇÃO"" NA MODALIDADE PECÚNIA, EM RAZÃO DA RESCISÃO CONTRATUAL COM A EMPRESA ANTERIORMENTE RESPONSÁEL PELA OPERACIONALIZAÇÃO VIA CARTÃOALIMENTAÇÃO. CONFORME DRO 170/2026, DELIBERAÇÃO 344/2025 E OFÍCIO 11/2026/CRAS SÃO PEDRO/ SEMAS.";;;;;;;;;;;;;;;;;;;;;;;;;;;;;;;;;;;;;
668;PREFEITURA MUNICIPAL DE BARBACENA;;31010430;595;2026;GLOBAL;0;0;"EMPENHO PARA COBRIR DESPESA COM PAGAMENTO DE BENEFÍCIO EVENTUAL ""AUXILIO ALIMENTAÇÃO"" NA MODALIDADE PECÚNIA, EM RAZÃO DA RESCISÃO CONTRATUAL COM A EMPRESA ANTERIORMENTE RESPONSÁEL PELA OPERACIONALIZAÇÃO VIA CARTÃOALIMENTAÇÃO. CONFORME DRO 170/2026, DELIBERAÇÃO 344/2025 E OFÍCIO 11/2026/CRAS SÃO PEDRO/ SEMAS.";10/02/26 00:00;900,00;0,00;0,00;0,00;0,00;0,00;0,00;0,00;0,00;0,00;0,00;0,00;8357917;LAURIANE KETHEY DO NASCIMENTO MARÇAL;;;393;56;2312;8;244;3.3.90.48.00.00.00.00;1.661.000.0000;33904800000000;0,00;0,00;900,00;MANUTENÇÃO DE BENEFICIOS EVENTUAIS;OUTROS AUXÍLIOS FINANCEIROS A PESSOAS FÍSICAS
Especificação: ;;"EMPENHO PARA COBRIR DESPESA COM PAGAMENTO DE BENEFÍCIO EVENTUAL ""AUXILIO ALIMENTAÇÃO"" NA MODALIDADE PECÚNIA, EM RAZÃO DA RESCISÃO CONTRATUAL COM A EMPRESA ANTERIORMENTE RESPONSÁEL PELA OPERACIONALIZAÇÃO VIA CARTÃOALIMENTAÇÃO. CONFORME DRO 170/2026, DELIBERAÇÃO 344/2025 E OFÍCIO 11/2026/CRAS SÃO PEDRO/ SEMAS.";;;;;;;;;;;;;;;;;;;;;;;;;;;;;;;;;;;;;
668;PREFEITURA MUNICIPAL DE BARBACENA;;31010475;596;2026;GLOBAL;0;0;"EMPENHO PARA COBRIR DESPESA COM PAGAMENTO DE BENEFÍCIO EVENTUAL ""AUXILIO ALIMENTAÇÃO"" NA MODALIDADE PECÚNIA, EM RAZÃO DA RESCISÃO CONTRATUAL COM A EMPRESA ANTERIORMENTE RESPONSÁEL PELA OPERACIONALIZAÇÃO VIA CARTÃOALIMENTAÇÃO. CONFORME DRO 170/2026, DELIBERAÇÃO 344/2025 E OFÍCIO 11/2026/CRAS SÃO PEDRO/ SEMAS.";10/02/26 00:00;900,00;0,00;0,00;0,00;0,00;0,00;0,00;0,00;0,00;0,00;0,00;0,00;8357926;LUIZ CLAUDIO DE ANDRADE;;;393;56;2312;8;244;3.3.90.48.00.00.00.00;1.661.000.0000;33904800000000;0,00;0,00;900,00;MANUTENÇÃO DE BENEFICIOS EVENTUAIS;OUTROS AUXÍLIOS FINANCEIROS A PESSOAS FÍSICAS
Especificação: ;;"EMPENHO PARA COBRIR DESPESA COM PAGAMENTO DE BENEFÍCIO EVENTUAL ""AUXILIO ALIMENTAÇÃO"" NA MODALIDADE PECÚNIA, EM RAZÃO DA RESCISÃO CONTRATUAL COM A EMPRESA ANTERIORMENTE RESPONSÁEL PELA OPERACIONALIZAÇÃO VIA CARTÃOALIMENTAÇÃO. CONFORME DRO 170/2026, DELIBERAÇÃO 344/2025 E OFÍCIO 11/2026/CRAS SÃO PEDRO/ SEMAS.";;;;;;;;;;;;;;;;;;;;;;;;;;;;;;;;;;;;;
668;PREFEITURA MUNICIPAL DE BARBACENA;;31010513;597;2026;GLOBAL;0;0;"EMPENHO PARA COBRIR DESPESA COM PAGAMENTO DE BENEFÍCIO EVENTUAL ""AUXILIO ALIMENTAÇÃO"" NA MODALIDADE PECÚNIA, EM RAZÃO DA RESCISÃO CONTRATUAL COM A EMPRESA ANTERIORMENTE RESPONSÁEL PELA OPERACIONALIZAÇÃO VIA CARTÃOALIMENTAÇÃO. CONFORME DRO 170/2026, DELIBERAÇÃO 344/2025 E OFÍCIO 11/2026/CRAS SÃO PEDRO/ SEMAS.";10/02/26 00:00;900,00;0,00;0,00;0,00;0,00;0,00;0,00;0,00;0,00;0,00;0,00;0,00;8357934;MARIA APARECIDA DE SOUZA;;;393;56;2312;8;244;3.3.90.48.00.00.00.00;1.661.000.0000;33904800000000;0,00;0,00;900,00;MANUTENÇÃO DE BENEFICIOS EVENTUAIS;OUTROS AUXÍLIOS FINANCEIROS A PESSOAS FÍSICAS
Especificação: ;;"EMPENHO PARA COBRIR DESPESA COM PAGAMENTO DE BENEFÍCIO EVENTUAL ""AUXILIO ALIMENTAÇÃO"" NA MODALIDADE PECÚNIA, EM RAZÃO DA RESCISÃO CONTRATUAL COM A EMPRESA ANTERIORMENTE RESPONSÁEL PELA OPERACIONALIZAÇÃO VIA CARTÃOALIMENTAÇÃO. CONFORME DRO 170/2026, DELIBERAÇÃO 344/2025 E OFÍCIO 11/2026/CRAS SÃO PEDRO/ SEMAS.";;;;;;;;;;;;;;;;;;;;;;;;;;;;;;;;;;;;;
668;PREFEITURA MUNICIPAL DE BARBACENA;;31010579;598;2026;GLOBAL;0;0;"EMPENHO PARA COBRIR DESPESA COM PAGAMENTO DE BENEFÍCIO EVENTUAL ""AUXILIO ALIMENTAÇÃO"" NA MODALIDADE PECÚNIA, EM RAZÃO DA RESCISÃO CONTRATUAL COM A EMPRESA ANTERIORMENTE RESPONSÁEL PELA OPERACIONALIZAÇÃO VIA CARTÃOALIMENTAÇÃO. CONFORME DRO 170/2026, DELIBERAÇÃO 344/2025 E OFÍCIO 11/2026/CRAS SÃO PEDRO/ SEMAS.";10/02/26 00:00;900,00;0,00;0,00;0,00;0,00;0,00;0,00;0,00;0,00;0,00;0,00;0,00;8357948;MARY MOREIRA DE ALMEIDA;;;393;56;2312;8;244;3.3.90.48.00.00.00.00;1.661.000.0000;33904800000000;0,00;0,00;900,00;MANUTENÇÃO DE BENEFICIOS EVENTUAIS;OUTROS AUXÍLIOS FINANCEIROS A PESSOAS FÍSICAS
Especificação: ;;"EMPENHO PARA COBRIR DESPESA COM PAGAMENTO DE BENEFÍCIO EVENTUAL ""AUXILIO ALIMENTAÇÃO"" NA MODALIDADE PECÚNIA, EM RAZÃO DA RESCISÃO CONTRATUAL COM A EMPRESA ANTERIORMENTE RESPONSÁEL PELA OPERACIONALIZAÇÃO VIA CARTÃOALIMENTAÇÃO. CONFORME DRO 170/2026, DELIBERAÇÃO 344/2025 E OFÍCIO 11/2026/CRAS SÃO PEDRO/ SEMAS.";;;;;;;;;;;;;;;;;;;;;;;;;;;;;;;;;;;;;
668;PREFEITURA MUNICIPAL DE BARBACENA;;31010657;599;2026;GLOBAL;0;0;"EMPENHO PARA COBRIR DESPESA COM PAGAMENTO DE BENEFÍCIO EVENTUAL ""AUXILIO ALIMENTAÇÃO"" NA MODALIDADE PECÚNIA, EM RAZÃO DA RESCISÃO CONTRATUAL COM A EMPRESA ANTERIORMENTE RESPONSÁEL PELA OPERACIONALIZAÇÃO VIA CARTÃOALIMENTAÇÃO. CONFORME DRO 170/2026, DELIBERAÇÃO 344/2025 E OFÍCIO 11/2026/CRAS SÃO PEDRO/ SEMAS.";10/02/26 00:00;900,00;0,00;0,00;0,00;0,00;0,00;0,00;0,00;0,00;0,00;0,00;0,00;8357956;RENATA OTAVIA DO NASCIMENTO;;;393;56;2312;8;244;3.3.90.48.00.00.00.00;1.661.000.0000;33904800000000;0,00;0,00;900,00;MANUTENÇÃO DE BENEFICIOS EVENTUAIS;OUTROS AUXÍLIOS FINANCEIROS A PESSOAS FÍSICAS
Especificação: ;;"EMPENHO PARA COBRIR DESPESA COM PAGAMENTO DE BENEFÍCIO EVENTUAL ""AUXILIO ALIMENTAÇÃO"" NA MODALIDADE PECÚNIA, EM RAZÃO DA RESCISÃO CONTRATUAL COM A EMPRESA ANTERIORMENTE RESPONSÁEL PELA OPERACIONALIZAÇÃO VIA CARTÃOALIMENTAÇÃO. CONFORME DRO 170/2026, DELIBERAÇÃO 344/2025 E OFÍCIO 11/2026/CRAS SÃO PEDRO/ SEMAS.";;;;;;;;;;;;;;;;;;;;;;;;;;;;;;;;;;;;;
668;PREFEITURA MUNICIPAL DE BARBACENA;;31010712;600;2026;GLOBAL;0;0;"EMPENHO PARA COBRIR DESPESA COM PAGAMENTO DE BENEFÍCIO EVENTUAL ""AUXILIO ALIMENTAÇÃO"" NA MODALIDADE PECÚNIA, EM RAZÃO DA RESCISÃO CONTRATUAL COM A EMPRESA ANTERIORMENTE RESPONSÁEL PELA OPERACIONALIZAÇÃO VIA CARTÃOALIMENTAÇÃO. CONFORME DRO 170/2026, DELIBERAÇÃO 344/2025 E OFÍCIO 11/2026/CRAS SÃO PEDRO/ SEMAS.";10/02/26 00:00;600,00;0,00;0,00;0,00;0,00;0,00;0,00;0,00;0,00;0,00;0,00;0,00;8357960;TAMIRES APARECIDA SILVA SODRE GARCIA;;;393;56;2312;8;244;3.3.90.48.00.00.00.00;1.661.000.0000;33904800000000;0,00;0,00;600,00;MANUTENÇÃO DE BENEFICIOS EVENTUAIS;OUTROS AUXÍLIOS FINANCEIROS A PESSOAS FÍSICAS
Especificação: ;;"EMPENHO PARA COBRIR DESPESA COM PAGAMENTO DE BENEFÍCIO EVENTUAL ""AUXILIO ALIMENTAÇÃO"" NA MODALIDADE PECÚNIA, EM RAZÃO DA RESCISÃO CONTRATUAL COM A EMPRESA ANTERIORMENTE RESPONSÁEL PELA OPERACIONALIZAÇÃO VIA CARTÃOALIMENTAÇÃO. CONFORME DRO 170/2026, DELIBERAÇÃO 344/2025 E OFÍCIO 11/2026/CRAS SÃO PEDRO/ SEMAS.";;;;;;;;;;;;;;;;;;;;;;;;;;;;;;;;;;;;;
668;PREFEITURA MUNICIPAL DE BARBACENA;;31010756;601;2026;GLOBAL;0;0;"EMPENHO PARA COBRIR DESPESA COM PAGAMENTO DE BENEFÍCIO EVENTUAL ""AUXILIO ALIMENTAÇÃO"" NA MODALIDADE PECÚNIA, EM RAZÃO DA RESCISÃO CONTRATUAL COM A EMPRESA ANTERIORMENTE RESPONSÁEL PELA OPERACIONALIZAÇÃO VIA CARTÃOALIMENTAÇÃO. CONFORME DRO 170/2026, DELIBERAÇÃO 344/2025 E OFÍCIO 11/2026/CRAS SÃO PEDRO/ SEMAS.";10/02/26 00:00;900,00;0,00;0,00;0,00;0,00;0,00;0,00;0,00;0,00;0,00;0,00;0,00;8357967;WELLINGTON EDUARDO OLIVEIRA DOS SANTOS;;;393;56;2312;8;244;3.3.90.48.00.00.00.00;1.661.000.0000;33904800000000;0,00;0,00;900,00;MANUTENÇÃO DE BENEFICIOS EVENTUAIS;OUTROS AUXÍLIOS FINANCEIROS A PESSOAS FÍSICAS
Especificação: ;;"EMPENHO PARA COBRIR DESPESA COM PAGAMENTO DE BENEFÍCIO EVENTUAL ""AUXILIO ALIMENTAÇÃO"" NA MODALIDADE PECÚNIA, EM RAZÃO DA RESCISÃO CONTRATUAL COM A EMPRESA ANTERIORMENTE RESPONSÁEL PELA OPERACIONALIZAÇÃO VIA CARTÃOALIMENTAÇÃO. CONFORME DRO 170/2026, DELIBERAÇÃO 344/2025 E OFÍCIO 11/2026/CRAS SÃO PEDRO/ SEMAS.";;;;;;;;;;;;;;;;;;;;;;;;;;;;;;;;;;;;;
668;PREFEITURA MUNICIPAL DE BARBACENA;;31043957;722;2026;ORDINARIO;0;0;EMPENHO PARA COBRIR DESPESA COM PAGAMENTO DE RECONHECIMENTO DE DÍVIDA,PREVISTO PARA O ANO DE 2026,CONFORME  OFICIO Nº 109/2026-SESP.;10/02/26 00:00;342.316,71;0,00;342.316,71;0,00;0,00;0,00;0,00;0,00;0,00;0,00;0,00;0,00;1543470;TRANSPORTADORA & LOGISTICA CANAA ABP LTDA;;;691;18;2161;17;452;3.3.90.92.39.00.00.00;2.753.000.0000;33909200000000;0,00;0,00;342.316,71;MANUTENÇAO DAS ATIVIDADES DE LIMPEZA URBANA E DESTINAÇAO FINAL DE RESIDUOS;DESPESAS DE EXERCÍCIOS ANTERIORES
Especificação: ;;EMPENHO PARA COBRIR DESPESA COM PAGAMENTO DE RECONHECIMENTO DE DÍVIDA,PREVISTO PARA O ANO DE 2026,CONFORME  OFICIO Nº 109/2026-SESP.;;;;;;;;;;;;;;;;;;;;;;;;;;;;;;;;;;;;;
668;PREFEITURA MUNICIPAL DE BARBACENA;;31045214;725;2026;GLOBAL;0;0;"EMPENHO PARA COBRIR DESPESA COM PAGAMENTO DE BENEFÍCIO EVENTUAL ""AUXILIO ALIMENTAÇÃO"" NA MODALIDADE PECÚNIA, EM RAZÃO DA RESCISÃO CONTRATUAL COM A EMPRESA ANTERIORMENTE RESPONSÁEL PELA OPERACIONALIZAÇÃO VIA CARTÃOALIMENTAÇÃO. CONFORME DRO 170/2026, DELIBERAÇÃO 344/2025 E OFÍCIO 15/2026/CRAS SANTA MARIA /SEMAS.";10/02/26 00:00;450,00;0,00;0,00;0,00;0,00;0,00;0,00;0,00;0,00;0,00;0,00;0,00;8361951;CRISTIANE VALERANA LÚCIO FERREIRA;;;393;56;2312;8;244;3.3.90.48.00.00.00.00;1.661.000.0000;33904800000000;0,00;0,00;450,00;MANUTENÇÃO DE BENEFICIOS EVENTUAIS;OUTROS AUXÍLIOS FINANCEIROS A PESSOAS FÍSICAS
Especificação: ;;"EMPENHO PARA COBRIR DESPESA COM PAGAMENTO DE BENEFÍCIO EVENTUAL ""AUXILIO ALIMENTAÇÃO"" NA MODALIDADE PECÚNIA, EM RAZÃO DA RESCISÃO CONTRATUAL COM A EMPRESA ANTERIORMENTE RESPONSÁEL PELA OPERACIONALIZAÇÃO VIA CARTÃOALIMENTAÇÃO. CONFORME DRO 170/2026, DELIBERAÇÃO 344/2025 E OFÍCIO 15/2026/CRAS SANTA MARIA /SEMAS.";;;;;;;;;;;;;;;;;;;;;;;;;;;;;;;;;;;;;
713;FUNDO MUNICIPAL DE SAÚDE DE BARBACENA;;30282139;1;2026;ESTIMATIVO;0;0;EMPENHO ESTIMATIVO PARA COBRIR DESPESAS COM O PROCESSAMENTO SIA-SIH/SUS, FONTE DE RECURSO MAC/FAEC - FEDERAL - TERMO ADITIVO AO CONTRATO DE GESTAO ENTRE ENTES PUBLICOS (C.H.P.B. ) PROCESSO Nº 1320.01.0089667/202-09 , CUJO OBJETO E A PRESTACAO DE SERVICOS DO SUS DE BARBACENA E SUA REGIAO NA REDE REGIONALIZADA E HIERARQUIZADA DE ACOES E SERVICOS DE SAUDE, POR MEIO DA PRESTACAO DE SERVICOS DE CARATER HOSPITALAR, AMBULATORIAL E APOIO DIAGNOSTIVCO E TERAPEUTICO AOS USUARIOS DO SUS, DE NATUREZA ELETIVA E URGENCIA/EMERGENCIA, VISANDO A GARANTIA INTEGRAL A SAUDE, PARA O PERIODO DE JANEIRO A DEZEMBRO DE 2026, CONFORME OFICIO 006/2026-DAE-SESAP.;02/01/26 00:00;390.437,64;0,00;32.536,47;0,00;0,00;0,00;0,00;0,00;0,00;0,00;0,00;0,00;1543359;FUNDACAO HOSPITALAR DO ESTADO DE MG. FHEMIG;;;209;3;2654;10;302;3.3.90.39.36.00.00.00;1.600.000.0000;33903900000000;0,00;0,00;390.437,64;MANUTENÇÃO DA REDE DE ATENÇÃO ESPECIALIZADA;OUTROS SERVIÇOS DE TERCEIROS - PESSOA JURÍDICA
Especificação: ;;EMPENHO ESTIMATIVO PARA COBRIR DESPESAS COM O PROCESSAMENTO SIA-SIH/SUS, FONTE DE RECURSO MAC/FAEC - FEDERAL - TERMO ADITIVO AO CONTRATO DE GESTAO ENTRE ENTES PUBLICOS (C.H.P.B. ) PROCESSO Nº 1320.01.0089667/202-09 , CUJO OBJETO E A PRESTACAO DE SERVICOS DO SUS DE BARBACENA E SUA REGIAO NA REDE REGIONALIZADA E HIERARQUIZADA DE ACOES E SERVICOS DE SAUDE, POR MEIO DA PRESTACAO DE SERVICOS DE CARATER HOSPITALAR, AMBULATORIAL E APOIO DIAGNOSTIVCO E TERAPEUTICO AOS USUARIOS DO SUS, DE NATUREZA ELETIVA E URGENCIA/EMERGENCIA, VISANDO A GARANTIA INTEGRAL A SAUDE, PARA O PERIODO DE JANEIRO A DEZEMBRO DE 2026, CONFORME OFICIO 006/2026-DAE-SESAP.;;;;;;;;;;;;;;;;;;;;;;;;;;;;;;;;;;;;;
713;FUNDO MUNICIPAL DE SAÚDE DE BARBACENA;;30283808;10;2026;ESTIMATIVO;0;0;EMPENHO ESTIMATIVO PARA COBRIR DESPESAS COM O PROCESSAMENTO SIA-SIH/SUS, FONTE DE RECURSO MAC/FAEC - FEDERAL - TERMO ADITIVO AO CONTRATO DE GESTAO ENTRE ENTES PUBLICOS (H.R.B. ) PROCESSO Nº 1320.01.0089667/2022-09 , CUJO OBJETO E A PRESTACAO DE SERVICOS DO SUS DE BARBACENA E SUA REGIAO NA REDE REGIONALIZADA E HIERARQUIZADA DE ACOES E SERVICOS DE SAUDE, POR MEIO DA PRESTACAO DE SERVICOS DE CARATER HOSPITALAR, AMBULATORIAL E APOIO DIAGNOSTIVCO E TERAPEUTICO AOS USUARIOS DO SUS, DE NATUREZA ELETIVA E URGENCIA/EMERGENCIA, VISANDO A GARANTIA INTEGRAL A SAUDE, PARA O PERIODO DE JANEIRO A DEZEMBRO DE 2026, CONFORME OFICIO 006/2026-DAE-SESAP.;02/01/26 00:00;310.131,60;0,00;0,00;0,00;0,00;0,00;0,00;0,00;0,00;0,00;0,00;0,00;1543359;FUNDACAO HOSPITALAR DO ESTADO DE MG. FHEMIG;;;209;3;2654;10;302;3.3.90.39.36.00.00.00;1.600.000.0000;33903900000000;0,00;0,00;310.131,60;MANUTENÇÃO DA REDE DE ATENÇÃO ESPECIALIZADA;OUTROS SERVIÇOS DE TERCEIROS - PESSOA JURÍDICA
Especificação: ;;EMPENHO ESTIMATIVO PARA COBRIR DESPESAS COM O PROCESSAMENTO SIA-SIH/SUS, FONTE DE RECURSO MAC/FAEC - FEDERAL - TERMO ADITIVO AO CONTRATO DE GESTAO ENTRE ENTES PUBLICOS (H.R.B. ) PROCESSO Nº 1320.01.0089667/2022-09 , CUJO OBJETO E A PRESTACAO DE SERVICOS DO SUS DE BARBACENA E SUA REGIAO NA REDE REGIONALIZADA E HIERARQUIZADA DE ACOES E SERVICOS DE SAUDE, POR MEIO DA PRESTACAO DE SERVICOS DE CARATER HOSPITALAR, AMBULATORIAL E APOIO DIAGNOSTIVCO E TERAPEUTICO AOS USUARIOS DO SUS, DE NATUREZA ELETIVA E URGENCIA/EMERGENCIA, VISANDO A GARANTIA INTEGRAL A SAUDE, PARA O PERIODO DE JANEIRO A DEZEMBRO DE 2026, CONFORME OFICIO 006/2026-DAE-SESAP.;;;;;;;;;;;;;;;;;;;;;;;;;;;;;;;;;;;;;
713;FUNDO MUNICIPAL DE SAÚDE DE BARBACENA;;30536571;100;2026;ORDINARIO;0;0;EMPENHO PARA PARA COBRIR DESPESAS REFERENTE AO TERMO ADITIVO AO CONTRATO 001/2022, PRC. 0153/2022, IL. 003/2022, OCORRE FACE AO REPASSE EFETUADO PELO FUNDO NACIONAL DE SAUDE, OBJETIVANDO O PAGAMENTO DO PISO SALARIAL DOS PROFISSIONAIS DA ENFERMAGEM, ENFERMEIROS, TECNICOS, AUXILIARES DE ENFERMAGEM E PARTEIRAS, PARA REFERENTE AO MES DE DEZEMBRO DE 2025, PORTARIA GM/MS 9.624, CONFORME OFICIO 037/2026-DAE-SESAP.;02/01/26 00:00;391.354,73;0,00;391.354,73;0,00;391.354,73;0,00;0,00;0,00;0,00;0,00;0,00;0,00;1556317;CENTRO BARB. ASSIST.MED SOCIAL -CEBAMS;;;210;3;2654;10;302;3.3.90.92.99.00.00.00;2.605.000.0000;33909200000000;391.354,73;0,00;0,00;MANUTENÇÃO DA REDE DE ATENÇÃO ESPECIALIZADA;DESPESAS DE EXERCÍCIOS ANTERIORES
Especificação: ;;EMPENHO PARA PARA COBRIR DESPESAS REFERENTE AO TERMO ADITIVO AO CONTRATO 001/2022, PRC. 0153/2022, IL. 003/2022, OCORRE FACE AO REPASSE EFETUADO PELO FUNDO NACIONAL DE SAUDE, OBJETIVANDO O PAGAMENTO DO PISO SALARIAL DOS PROFISSIONAIS DA ENFERMAGEM, ENFERMEIROS, TECNICOS, AUXILIARES DE ENFERMAGEM E PARTEIRAS, PARA REFERENTE AO MES DE DEZEMBRO DE 2025, PORTARIA GM/MS 9.624, CONFORME OFICIO 037/2026-DAE-SESAP.;;;;;;;;;;;;;;;;;;;;;;;;;;;;;;;;;;;;;
713;FUNDO MUNICIPAL DE SAÚDE DE BARBACENA;;30536786;101;2026;ORDINARIO;0;0;EMPENHO PARA COBRIR DESPESAS REFERENTE TERMO ADITIVO AO CONTRATO 002/2022, PRC. 0153/2022, IL. 003/2022, OCORRE FACE AO REPASSE EFETUADO PELO FUNDO NACIONAL DE SAUDE OBJETIVANDO O PAGAMENTO DO PISO SALARIAL DOS PROFISSIONAIS DA ENFERMAGEM - ENFERMEIROS, TECNICOS, AUXILIARES DE ENFERMAGEM E PARTEIRAS, REFERENTE AO MES DE DEZEMBRO DE 2025, PORTARIA GM/MS 9.624, CONFORME OFICIO 037/2026-DAE-SESAP.;02/01/26 00:00;203.838,21;0,00;203.838,21;0,00;203.838,21;0,00;0,00;0,00;0,00;0,00;0,00;0,00;1546400;INST MATERN ASSIST A INFANC E POLICLIN DE BARBACENA;;;210;3;2654;10;302;3.3.90.92.99.00.00.00;2.605.000.0000;33909200000000;203.838,21;0,00;0,00;MANUTENÇÃO DA REDE DE ATENÇÃO ESPECIALIZADA;DESPESAS DE EXERCÍCIOS ANTERIORES
Especificação: ;;EMPENHO PARA COBRIR DESPESAS REFERENTE TERMO ADITIVO AO CONTRATO 002/2022, PRC. 0153/2022, IL. 003/2022, OCORRE FACE AO REPASSE EFETUADO PELO FUNDO NACIONAL DE SAUDE OBJETIVANDO O PAGAMENTO DO PISO SALARIAL DOS PROFISSIONAIS DA ENFERMAGEM - ENFERMEIROS, TECNICOS, AUXILIARES DE ENFERMAGEM E PARTEIRAS, REFERENTE AO MES DE DEZEMBRO DE 2025, PORTARIA GM/MS 9.624, CONFORME OFICIO 037/2026-DAE-SESAP.;;;;;;;;;;;;;;;;;;;;;;;;;;;;;;;;;;;;;
713;FUNDO MUNICIPAL DE SAÚDE DE BARBACENA;;30537286;102;2026;ORDINARIO;0;0;EMPENHO PARA COBRIR DESPESAS REFERENTE AO CONTRATO DE CREDENCIAMENTO 127/2025, PRC. 003/2025, IL. 003/2025, OCORRE FACE AO REPASSE EFETUADO PELO FUNDO NACIONAL DE SAUDE OBJETIVANDO O PAGAMENTO DO PISO SALARIAL DOS PROFISSINAIS DA ENFERMAGEM, ENFERMEIROS, TECNICOS, AUXILIARES DE ENFERMAGEM E PARTEIRAS, PARA O MES DE DEZEMBRO DE 2025, PORTARIA GM/MS 9.624, CONFORME OFICIO 037/2025-DAE-SESAP.;02/01/26 00:00;45.512,04;0,00;45.512,04;0,00;45.512,04;0,00;0,00;0,00;0,00;0,00;0,00;0,00;1556322;PRO-RENAL CENTRO DE NEFROLOGIA LTDA;;;210;3;2654;10;302;3.3.90.92.99.00.00.00;2.605.000.0000;33909200000000;45.512,04;0,00;0,00;MANUTENÇÃO DA REDE DE ATENÇÃO ESPECIALIZADA;DESPESAS DE EXERCÍCIOS ANTERIORES
Especificação: ;;EMPENHO PARA COBRIR DESPESAS REFERENTE AO CONTRATO DE CREDENCIAMENTO 127/2025, PRC. 003/2025, IL. 003/2025, OCORRE FACE AO REPASSE EFETUADO PELO FUNDO NACIONAL DE SAUDE OBJETIVANDO O PAGAMENTO DO PISO SALARIAL DOS PROFISSINAIS DA ENFERMAGEM, ENFERMEIROS, TECNICOS, AUXILIARES DE ENFERMAGEM E PARTEIRAS, PARA O MES DE DEZEMBRO DE 2025, PORTARIA GM/MS 9.624, CONFORME OFICIO 037/2025-DAE-SESAP.;;;;;;;;;;;;;;;;;;;;;;;;;;;;;;;;;;;;;
713;FUNDO MUNICIPAL DE SAÚDE DE BARBACENA;;30538200;103;2026;ORDINARIO;0;0;EMPENHO  PARA COBRIR DESPESAS REFERENTE AO TERCEIRO TERMO ADITIVO AO CONTRATO 001/2022, PRC. 0153/2022, IL. 003/2022, OCORRE FACE AO REPASSE EFETUADO PELO FUNDO NACIONAL DE SAUDE, OBJETIVANDO O PAGAMENTO DO PISO SALARIAL DOS PROFISSIONAIS DA ENFERMAGEM, ENFERMEIROS, TECNICOS, AUXILIARES DE ENFERMAGEM E PARTEIRAS, PARA O MES DE DEZEMBRO DE 2025, PORTARIA GM/MS 9.624, CONFORME OFICIO 002/2026-DAE-SESAP.;02/01/26 00:00;531.314,24;0,00;531.314,24;0,00;531.314,24;0,00;0,00;0,00;0,00;0,00;0,00;0,00;1556314;SANTA CASA DE MISERICORDIA DE BARBACENA;;;210;3;2654;10;302;3.3.90.92.99.00.00.00;2.605.000.0000;33909200000000;531.314,24;0,00;0,00;MANUTENÇÃO DA REDE DE ATENÇÃO ESPECIALIZADA;DESPESAS DE EXERCÍCIOS ANTERIORES
Especificação: ;;EMPENHO  PARA COBRIR DESPESAS REFERENTE AO TERCEIRO TERMO ADITIVO AO CONTRATO 001/2022, PRC. 0153/2022, IL. 003/2022, OCORRE FACE AO REPASSE EFETUADO PELO FUNDO NACIONAL DE SAUDE, OBJETIVANDO O PAGAMENTO DO PISO SALARIAL DOS PROFISSIONAIS DA ENFERMAGEM, ENFERMEIROS, TECNICOS, AUXILIARES DE ENFERMAGEM E PARTEIRAS, PARA O MES DE DEZEMBRO DE 2025, PORTARIA GM/MS 9.624, CONFORME OFICIO 002/2026-DAE-SESAP.;;;;;;;;;;;;;;;;;;;;;;;;;;;;;;;;;;;;;
713;FUNDO MUNICIPAL DE SAÚDE DE BARBACENA;;30539553;104;2026;GLOBAL;0;0;EMPENHO GLOBAL PARA COBRIR DESPESAS COM A CONTRATAÇÃO DE EMPRESA ESPECIALIZADA - MÃO DE OBRA - PARA CONTROLE DE ACESSO AOS PRÉDIOS PÚBLICOS, EM ATENDIMENTO AO CEM DA SESAP DA SESAP, PRC.  069/2022, PE. 050/2022, 4º TERMO ADITIVO AO CONTRATO 208/2022, PARA O PERIODO DE JANEIRO A NOVEMBRO DE 2026, CONFORME OFICIO 02/2026-GCM-SESAP.;02/01/26 00:00;228.017,46;0,00;0,00;0,00;0,00;0,00;0,00;0,00;0,00;0,00;0,00;0,00;3095490;LIDER PRESTADORA DE SERVICOS EIRELI;208611;5;223;3;2685;10;302;3.3.90.39.99.00.00.00;1.500.000.1002;33903900000000;0,00;0,00;228.017,46;MANUTENÇÃO DO CEM;OUTROS SERVIÇOS DE TERCEIROS - PESSOA JURÍDICA
Especificação: ;;EMPENHO GLOBAL PARA COBRIR DESPESAS COM A CONTRATAÇÃO DE EMPRESA ESPECIALIZADA - MÃO DE OBRA - PARA CONTROLE DE ACESSO AOS PRÉDIOS PÚBLICOS, EM ATENDIMENTO AO CEM DA SESAP DA SESAP, PRC.  069/2022, PE. 050/2022, 4º TERMO ADITIVO AO CONTRATO 208/2022, PARA O PERIODO DE JANEIRO A NOVEMBRO DE 2026, CONFORME OFICIO 02/2026-GCM-SESAP.;;;;;;;;;;;;;;;;;;;;;;;;;;;;;;;;;;;;;
713;FUNDO MUNICIPAL DE SAÚDE DE BARBACENA;;30265863;105;2026;ESTIMATIVO;8;2023;EMPENHO ESTIMATIVO PARA COBRIR DESPESAS COM A CONTRATACAO DE EMPRESA ESPECIALIZADA NA LOCACAO, COM TODOS OS ACESSORIOS DE CONCENTRADORES E CILINDROS DE OXIGENIO, PARA ATENDER AOS PACIENTES CADASTRADOS NO PROGRAMA ODP, EM ATENDIMENTO DA REDE DE CUIDADOS A PESSOA COM DEFICIENCIA, PREGAO ELETRONICO 005/2023, PRC. 008/2023, SEGUNDO TERMO ADITIVO AO CONTRATO Nº 092/2023,  PARA O PERIODO DE JANEIRO A JUNHO DE 2026, CONFORME OFICIO 33/2026 E SF. 08/2026-SC-SESAP.;02/01/26 00:00;10.000,00;0,00;0,00;0,00;0,00;0,00;0,00;0,00;0,00;0,00;0,00;0,00;3507709;WHITE MARTINS GASES INDUSTRIAIS LTDA;;;159;3;2043;10;302;3.3.90.39.99.00.00.00;1.600.000.0000;33903900000000;0,00;0,00;10.000,00;MANUTENÇÃO DE REDE DE CUIDADOS A PESSOA COM DEFICIÊNCIA;OUTROS SERVIÇOS DE TERCEIROS - PESSOA JURÍDICA
Especificação: ;;EMPENHO ESTIMATIVO PARA COBRIR DESPESAS COM A CONTRATACAO DE EMPRESA ESPECIALIZADA NA LOCACAO, COM TODOS OS ACESSORIOS DE CONCENTRADORES E CILINDROS DE OXIGENIO, PARA ATENDER AOS PACIENTES CADASTRADOS NO PROGRAMA ODP, EM ATENDIMENTO DA REDE DE CUIDADOS A PESSOA COM DEFICIENCIA, PREGAO ELETRONICO 005/2023, PRC. 008/2023, SEGUNDO TERMO ADITIVO AO CONTRATO Nº 092/2023,  PARA O PERIODO DE JANEIRO A JUNHO DE 2026, CONFORME OFICIO 33/2026 E SF. 08/2026-SC-SESAP.;;;;;;;;;;;;;;;;;;;;;;;;;;;;;;;;;;;;;
713;FUNDO MUNICIPAL DE SAÚDE DE BARBACENA;;30265916;106;2026;ESTIMATIVO;8;2023;EMPENHO ESTIMATIVO PARA COBRIR DESPESAS COM A CONTRATACAO DE EMPRESA ESPECIALIZADA NA LOCACAO, COM TODOS OS ACESSORIOS DE CONCENTRADORES E CILINDROS DE OXIGENIO, PARA ATENDER AOS PACIENTES CADASTRADOS NO PROGRAMA ODP, EM ATENDIMENTO DO PROGRAMA DE ATENCAO DOMICILIAR, PREGAO ELETRONICO 005/2023, PRC. 008/2023, SEGUNDO TERMO ADITIVO AO CONTRATO Nº 092/2023,  PARA O PERIODO DE JANEIRO A JUNHO DE 2026, CONFORME OFICIO 33/2026 E SF. 09/2026-SC-SESAP.;02/01/26 00:00;133.325,00;0,00;0,00;0,00;0,00;0,00;0,00;0,00;0,00;0,00;0,00;0,00;3507709;WHITE MARTINS GASES INDUSTRIAIS LTDA;;;145;3;2038;10;302;3.3.90.39.99.00.00.00;1.600.000.0000;33903900000000;0,00;0,00;133.325,00;MANUTENÇÃO DO PROGRAMA DE ATENÇÃO DOMICILIAR;OUTROS SERVIÇOS DE TERCEIROS - PESSOA JURÍDICA
Especificação: ;;EMPENHO ESTIMATIVO PARA COBRIR DESPESAS COM A CONTRATACAO DE EMPRESA ESPECIALIZADA NA LOCACAO, COM TODOS OS ACESSORIOS DE CONCENTRADORES E CILINDROS DE OXIGENIO, PARA ATENDER AOS PACIENTES CADASTRADOS NO PROGRAMA ODP, EM ATENDIMENTO DO PROGRAMA DE ATENCAO DOMICILIAR, PREGAO ELETRONICO 005/2023, PRC. 008/2023, SEGUNDO TERMO ADITIVO AO CONTRATO Nº 092/2023,  PARA O PERIODO DE JANEIRO A JUNHO DE 2026, CONFORME OFICIO 33/2026 E SF. 09/2026-SC-SESAP.;;;;;;;;;;;;;;;;;;;;;;;;;;;;;;;;;;;;;
713;FUNDO MUNICIPAL DE SAÚDE DE BARBACENA;;30265995;107;2026;ESTIMATIVO;8;2023;EMPENHO ESTIMATIVO PARA COBRIR DESPESAS COM A CONTRATACAO DE EMPRESA ESPECIALIZADA NA LOCACAO, COM TODOS OS ACESSORIOS DE CONCENTRADORES E CILINDROS DE OXIGENIO, PARA ATENDER AOS PACIENTES CADASTRADOS NO PROGRAMA ODP, EM ATENDIMENTO DA REDE DE ATENCAO PRIMARIA A SAUDE , PREGAO ELETRONICO 005/2023, PRC. 008/2023, SEGUNDO TERMO ADITIVO AO CONTRATO Nº 092/2023,  PARA O PERIODO DE JANEIRO A JUNHO DE 2026, CONFORME OFICIO 33/2026 E SF. 10/2026-SC-SESAP.;02/01/26 00:00;59.500,00;0,00;0,00;0,00;0,00;0,00;0,00;0,00;0,00;0,00;0,00;0,00;3507709;WHITE MARTINS GASES INDUSTRIAIS LTDA;;;89;2;2025;10;301;3.3.90.39.99.00.00.00;1.600.000.0000;33903900000000;0,00;0,00;59.500,00;MANUTENÇÃO DA REDE DE ATENÇÃO PRIMÁRIA;OUTROS SERVIÇOS DE TERCEIROS - PESSOA JURÍDICA
Especificação: ;;EMPENHO ESTIMATIVO PARA COBRIR DESPESAS COM A CONTRATACAO DE EMPRESA ESPECIALIZADA NA LOCACAO, COM TODOS OS ACESSORIOS DE CONCENTRADORES E CILINDROS DE OXIGENIO, PARA ATENDER AOS PACIENTES CADASTRADOS NO PROGRAMA ODP, EM ATENDIMENTO DA REDE DE ATENCAO PRIMARIA A SAUDE , PREGAO ELETRONICO 005/2023, PRC. 008/2023, SEGUNDO TERMO ADITIVO AO CONTRATO Nº 092/2023,  PARA O PERIODO DE JANEIRO A JUNHO DE 2026, CONFORME OFICIO 33/2026 E SF. 10/2026-SC-SESAP.;;;;;;;;;;;;;;;;;;;;;;;;;;;;;;;;;;;;;
713;FUNDO MUNICIPAL DE SAÚDE DE BARBACENA;;30266098;108;2026;ESTIMATIVO;8;2023;EMPENHO ESTIMATIVO PARA COBRIR DESPESAS COM A CONTRATACAO DE EMPRESA ESPECIALIZADA NA LOCACAO, COM TODOS OS ACESSORIOS DE CONCENTRADORES E CILINDROS DE OXIGENIO, PARA ATENDER AOS PACIENTES CADASTRADOS NO PROGRAMA ODP, EM ATENDIMENTO DA REDE DE ATENCAO PSICOSSOCIAL - RAPS , PREGAO ELETRONICO 005/2023, PRC. 008/2023, SEGUNDO TERMO ADITIVO AO CONTRATO Nº 092/2023,  PARA O PERIODO DE JANEIRO A JUNHO DE 2026, CONFORME OFICIO 33/2026 E SF. 11/2026-SC-SESAP.;02/01/26 00:00;4.900,00;0,00;0,00;0,00;0,00;0,00;0,00;0,00;0,00;0,00;0,00;0,00;3507709;WHITE MARTINS GASES INDUSTRIAIS LTDA;;;202;3;2642;10;302;3.3.90.39.99.00.00.00;1.621.000.0000;33903900000000;0,00;0,00;4.900,00;MANUTENÇÃO DA REDE DE ATENÇÃO PSICOSSOCIAL - RAPS;OUTROS SERVIÇOS DE TERCEIROS - PESSOA JURÍDICA
Especificação: ;;EMPENHO ESTIMATIVO PARA COBRIR DESPESAS COM A CONTRATACAO DE EMPRESA ESPECIALIZADA NA LOCACAO, COM TODOS OS ACESSORIOS DE CONCENTRADORES E CILINDROS DE OXIGENIO, PARA ATENDER AOS PACIENTES CADASTRADOS NO PROGRAMA ODP, EM ATENDIMENTO DA REDE DE ATENCAO PSICOSSOCIAL - RAPS , PREGAO ELETRONICO 005/2023, PRC. 008/2023, SEGUNDO TERMO ADITIVO AO CONTRATO Nº 092/2023,  PARA O PERIODO DE JANEIRO A JUNHO DE 2026, CONFORME OFICIO 33/2026 E SF. 11/2026-SC-SESAP.;;;;;;;;;;;;;;;;;;;;;;;;;;;;;;;;;;;;;
713;FUNDO MUNICIPAL DE SAÚDE DE BARBACENA;;30266162;109;2026;ESTIMATIVO;8;2023;EMPENHO ESTIMATIVO PARA COBRIR DESPESAS COM A CONTRATACAO DE EMPRESA ESPECIALIZADA NA LOCACAO, COM TODOS OS ACESSORIOS DE CONCENTRADORES E CILINDROS DE OXIGENIO, PARA ATENDER AOS PACIENTES CADASTRADOS NO PROGRAMA ODP, EM ATENDIMENTO AO CEM DA SESAP, PREGAO ELETRONICO 005/2023, PRC. 008/2023, SEGUNDO TERMO ADITIVO AO CONTRATO Nº 092/2023,  PARA O PERIODO DE JANEIRO A JUNHO DE 2026, CONFORME OFICIO 33/2026 E SF. 12/2026-SC-SESAP.;02/01/26 00:00;24.360,00;0,00;0,00;0,00;0,00;0,00;0,00;0,00;0,00;0,00;0,00;0,00;3507709;WHITE MARTINS GASES INDUSTRIAIS LTDA;;;223;3;2685;10;302;3.3.90.39.99.00.00.00;1.500.000.1002;33903900000000;0,00;0,00;24.360,00;MANUTENÇÃO DO CEM;OUTROS SERVIÇOS DE TERCEIROS - PESSOA JURÍDICA
;;EMPENHO ESTIMATIVO PARA COBRIR DESPESAS COM A CONTRATACAO DE EMPRESA ESPECIALIZADA NA LOCACAO, COM TODOS OS ACESSORIOS DE CONCENTRADORES E CILINDROS DE OXIGENIO, PARA ATENDER AOS PACIENTES CADASTRADOS NO PROGRAMA ODP, EM ATENDIMENTO AO CEM DA SESAP, PREGAO ELETRONICO 005/2023, PRC. 008/2023, SEGUNDO TERMO ADITIVO AO CONTRATO Nº 092/2023,  PARA O PERIODO DE JANEIRO A JUNHO DE 2026, CONFORME OFICIO 33/2026 E SF. 12/2026-SC-SESAP.;;;;;;;;;;;;;;;;;;;;;;;;;;;;;;;;;;;;;
713;FUNDO MUNICIPAL DE SAÚDE DE BARBACENA;;30283842;11;2026;ESTIMATIVO;0;0;EMPENHO ESTIMATIVO PARA COBRIR DESPESAS COM O PROCESSAMENTO SIA-SIH/SUS, FONTE DE RECURSO MAC/FAEC - ESTADUAL - TERMO ADITIVO AO CONTRATO DE GESTAO ENTRE ENTES PUBLICOS (H.R.B. ) PROCESSO Nº 1320.01.0089667/2022-09 , CUJO OBJETO E A PRESTACAO DE SERVICOS DO SUS DE BARBACENA E SUA REGIAO NA REDE REGIONALIZADA E HIERARQUIZADA DE ACOES E SERVICOS DE SAUDE, POR MEIO DA PRESTACAO DE SERVICOS DE CARATER HOSPITALAR, AMBULATORIAL E APOIO DIAGNOSTIVCO E TERAPEUTICO AOS USUARIOS DO SUS, DE NATUREZA ELETIVA E URGENCIA/EMERGENCIA, VISANDO A GARANTIA INTEGRAL A SAUDE, PARA O PERIODO DE JANEIRO A DEZEMBRO DE 2026, CONFORME OFICIO 006/2026-DAE-SESAP.;02/01/26 00:00;1.000.000,00;0,00;0,00;0,00;0,00;0,00;0,00;0,00;0,00;0,00;0,00;0,00;1543359;FUNDACAO HOSPITALAR DO ESTADO DE MG. FHEMIG;;;209;3;2654;10;302;3.3.90.39.36.00.00.00;1.621.000.0000;33903900000000;0,00;0,00;1.000.000,00;MANUTENÇÃO DA REDE DE ATENÇÃO ESPECIALIZADA;OUTROS SERVIÇOS DE TERCEIROS - PESSOA JURÍDICA
Especificação: ;;EMPENHO ESTIMATIVO PARA COBRIR DESPESAS COM O PROCESSAMENTO SIA-SIH/SUS, FONTE DE RECURSO MAC/FAEC - ESTADUAL - TERMO ADITIVO AO CONTRATO DE GESTAO ENTRE ENTES PUBLICOS (H.R.B. ) PROCESSO Nº 1320.01.0089667/2022-09 , CUJO OBJETO E A PRESTACAO DE SERVICOS DO SUS DE BARBACENA E SUA REGIAO NA REDE REGIONALIZADA E HIERARQUIZADA DE ACOES E SERVICOS DE SAUDE, POR MEIO DA PRESTACAO DE SERVICOS DE CARATER HOSPITALAR, AMBULATORIAL E APOIO DIAGNOSTIVCO E TERAPEUTICO AOS USUARIOS DO SUS, DE NATUREZA ELETIVA E URGENCIA/EMERGENCIA, VISANDO A GARANTIA INTEGRAL A SAUDE, PARA O PERIODO DE JANEIRO A DEZEMBRO DE 2026, CONFORME OFICIO 006/2026-DAE-SESAP.;;;;;;;;;;;;;;;;;;;;;;;;;;;;;;;;;;;;;
713;FUNDO MUNICIPAL DE SAÚDE DE BARBACENA;;30679754;110;2026;ESTIMATIVO;0;0;EMPENHO ESTIMATIVO PARA COBRIR DESPESAS COM A CONTRATACAO DE EMPRESA NA PRESTACAO DE SERVICOS DE HOSPEDAGEM NA CIDADE DE BELO HORIZONTE - MG, PARA ATENDER AOS PACIENTES BENEFICIADOS PELO PROGRAMA TRATAMENTO FORA DO DOMICILIO - TFD, ACOMPANHANDOS OU NAO, QUE REALIZAM TRATAMENTO DE SAUDE, VIA REGULACAO DO SUS, INEXIGIBILIDADE LIC. Nº 045/2023, PRC. Nº 224/2023, TERMO ADITIVO AO CONTRATO Nº 017/2024, PARA OS MESES DE JANEIRO A FEVEREIRO DE 2026, CONFORME OFICIO 001/2026-TFD-SESAP.;02/01/26 00:00;12.000,00;0,00;0,00;0,00;0,00;0,00;0,00;0,00;0,00;0,00;0,00;0,00;5653923;HOSPEDAGEM NOVA VISTA LTDA;;;154;3;2042;10;302;3.3.90.39.99.00.00.00;1.600.000.0000;33903900000000;0,00;0,00;12.000,00;MANUTENÇÃO DO TRATAMENTO FORA DO DOMICÍLIO - TFD;OUTROS SERVIÇOS DE TERCEIROS - PESSOA JURÍDICA
Especificação: ;;EMPENHO ESTIMATIVO PARA COBRIR DESPESAS COM A CONTRATACAO DE EMPRESA NA PRESTACAO DE SERVICOS DE HOSPEDAGEM NA CIDADE DE BELO HORIZONTE - MG, PARA ATENDER AOS PACIENTES BENEFICIADOS PELO PROGRAMA TRATAMENTO FORA DO DOMICILIO - TFD, ACOMPANHANDOS OU NAO, QUE REALIZAM TRATAMENTO DE SAUDE, VIA REGULACAO DO SUS, INEXIGIBILIDADE LIC. Nº 045/2023, PRC. Nº 224/2023, TERMO ADITIVO AO CONTRATO Nº 017/2024, PARA OS MESES DE JANEIRO A FEVEREIRO DE 2026, CONFORME OFICIO 001/2026-TFD-SESAP.;;;;;;;;;;;;;;;;;;;;;;;;;;;;;;;;;;;;;
713;FUNDO MUNICIPAL DE SAÚDE DE BARBACENA;;30680187;111;2026;GLOBAL;0;0;EMPENHO COMPELMENTAR AO GLOBAL DE Nº 1575/2025, PARA COBRIR DESPESAS COM A CONTRATACAO DE EMPRESA ESPECIALIZADA PARA A REFORMA DE IMOVEL DO PREDIO DO CENTRO DE ATENCAO PSICOSSOCIAL ( CAPS ), NO ENDERECO RUA ITALO AMERICO DE AZEVEDO, Nº 789, BAIRRO VILELA, EM BARBACENA/MG, IL. Nº 013/2025, PROCESSO Nº 095/2025, TERMO ADITIVO AO CONTRATO Nº 084/2025 - ACRESCIMO DE VALOR -, VIGENTE ATE 15/07/2026, CONFORME OFICIO 023/2026-GESTOR DE CONTRATO -SESAP.;02/01/26 00:00;94.219,43;0,00;0,00;0,00;0,00;0,00;0,00;0,00;0,00;0,00;0,00;0,00;3134307;VENTURA CONSTRUCOES E REFORMAS LTDA;6506274;4;110;3;1050;10;302;4.4.90.51.01.00.00.00;2.600.000.0000;44905100000000;0,00;0,00;94.219,43;CONSTRUÇAO, REFORMA, READEQUAÇAO E AMPLIAÇAO DO CAPS;OBRAS E INSTALAÇÕES
Especificação: ;;EMPENHO COMPELMENTAR AO GLOBAL DE Nº 1575/2025, PARA COBRIR DESPESAS COM A CONTRATACAO DE EMPRESA ESPECIALIZADA PARA A REFORMA DE IMOVEL DO PREDIO DO CENTRO DE ATENCAO PSICOSSOCIAL ( CAPS ), NO ENDERECO RUA ITALO AMERICO DE AZEVEDO, Nº 789, BAIRRO VILELA, EM BARBACENA/MG, IL. Nº 013/2025, PROCESSO Nº 095/2025, TERMO ADITIVO AO CONTRATO Nº 084/2025 - ACRESCIMO DE VALOR -, VIGENTE ATE 15/07/2026, CONFORME OFICIO 023/2026-GESTOR DE CONTRATO -SESAP.;;;;;;;;;;;;;;;;;;;;;;;;;;;;;;;;;;;;;
713;FUNDO MUNICIPAL DE SAÚDE DE BARBACENA;;30685457;112;2026;ESTIMATIVO;0;0;EMPENHO ESTIMATIVO PARA COBRIR COM A CONTRATACAO DE EMPRESA ESPECIALIZADA NA PRESTACAO DE SERVICOS DE GERENCIAMENTO E GESTAO DA MANUTENCAO DE FROTA POR SISTEMA INFORMATIZADO E INTEGRADO VIA CARTAO MAGNETICO OU METODO SIMILIAR OU SUPERIOR, ADMITIDOS SISTEMAS QUE DISPENSEM O USO DE CARTOES, ATENDENDO A TODOS OS VEICULOS PERTECENTES A REDE DE ATENCAO PRIMARIA A SAUDE, AQUISICAO DE PECAS, PREGAO 065/2023, PRC. 139/2023, 2º TERMO ADITIVO AO CONTRATO Nº 142/2024, PARA O PERIODO DE JANEIRO A OUTUBRO DE 2025, CONFORME OFICIO 009/2026-TS-SESAP.;02/01/26 00:00;98.440,87;0,00;0,00;0,00;0,00;0,00;0,00;0,00;0,00;0,00;0,00;0,00;5444283;CEGONHA SOLUCOES LTDA;29046;7;87;2;2025;10;301;3.3.90.30.37.00.00.00;2.621.000.0000;33903000000000;0,00;0,00;98.440,87;MANUTENÇÃO DA REDE DE ATENÇÃO PRIMÁRIA;MATERIAL DE CONSUMO
Especificação: ;;EMPENHO ESTIMATIVO PARA COBRIR COM A CONTRATACAO DE EMPRESA ESPECIALIZADA NA PRESTACAO DE SERVICOS DE GERENCIAMENTO E GESTAO DA MANUTENCAO DE FROTA POR SISTEMA INFORMATIZADO E INTEGRADO VIA CARTAO MAGNETICO OU METODO SIMILIAR OU SUPERIOR, ADMITIDOS SISTEMAS QUE DISPENSEM O USO DE CARTOES, ATENDENDO A TODOS OS VEICULOS PERTECENTES A REDE DE ATENCAO PRIMARIA A SAUDE, AQUISICAO DE PECAS, PREGAO 065/2023, PRC. 139/2023, 2º TERMO ADITIVO AO CONTRATO Nº 142/2024, PARA O PERIODO DE JANEIRO A OUTUBRO DE 2025, CONFORME OFICIO 009/2026-TS-SESAP.;;;;;;;;;;;;;;;;;;;;;;;;;;;;;;;;;;;;;
713;FUNDO MUNICIPAL DE SAÚDE DE BARBACENA;;30685537;113;2026;ESTIMATIVO;0;0;EMPENHO ESTIMATIVO PARA COBRIR COM A CONTRATACAO DE EMPRESA ESPECIALIZADA NA PRESTACAO DE SERVICOS DE GERENCIAMENTO E GESTAO DA MANUTENCAO DE FROTA POR SISTEMA INFORMATIZADO E INTEGRADO VIA CARTAO MAGNETICO OU METODO SIMILIAR OU SUPERIOR, ADMITIDOS SISTEMAS QUE DISPENSEM O USO DE CARTOES, ATENDENDO A TODOS OS VEICULOS PERTECENTES A REDE DE ATENCAO PRIMARIA A SAUDE, MAO DE OBRA, PREGAO 065/2023, PRC. 139/2023, 2º TERMO ADITIVO AO CONTRATO Nº 142/2024, PARA O PERIODO DE JANEIRO A OUTUBRO DE 2025, CONFORME OFICIO 009/2026-TS-SESAP.;02/01/26 00:00;78.271,85;0,00;0,00;0,00;0,00;0,00;0,00;0,00;0,00;0,00;0,00;0,00;5444283;CEGONHA SOLUCOES LTDA;29046;7;89;2;2025;10;301;3.3.90.39.16.00.00.00;2.621.000.0000;33903900000000;0,00;0,00;78.271,85;MANUTENÇÃO DA REDE DE ATENÇÃO PRIMÁRIA;OUTROS SERVIÇOS DE TERCEIROS - PESSOA JURÍDICA
Especificação: ;;EMPENHO ESTIMATIVO PARA COBRIR COM A CONTRATACAO DE EMPRESA ESPECIALIZADA NA PRESTACAO DE SERVICOS DE GERENCIAMENTO E GESTAO DA MANUTENCAO DE FROTA POR SISTEMA INFORMATIZADO E INTEGRADO VIA CARTAO MAGNETICO OU METODO SIMILIAR OU SUPERIOR, ADMITIDOS SISTEMAS QUE DISPENSEM O USO DE CARTOES, ATENDENDO A TODOS OS VEICULOS PERTECENTES A REDE DE ATENCAO PRIMARIA A SAUDE, MAO DE OBRA, PREGAO 065/2023, PRC. 139/2023, 2º TERMO ADITIVO AO CONTRATO Nº 142/2024, PARA O PERIODO DE JANEIRO A OUTUBRO DE 2025, CONFORME OFICIO 009/2026-TS-SESAP.;;;;;;;;;;;;;;;;;;;;;;;;;;;;;;;;;;;;;
713;FUNDO MUNICIPAL DE SAÚDE DE BARBACENA;;30685603;114;2026;ESTIMATIVO;0;0;EMPENHO ESTIMATIVO PARA COBRIR COM A CONTRATACAO DE EMPRESA ESPECIALIZADA NA PRESTACAO DE SERVICOS DE GERENCIAMENTO E GESTAO DA MANUTENCAO DE FROTA POR SISTEMA INFORMATIZADO E INTEGRADO VIA CARTAO MAGNETICO OU METODO SIMILIAR OU SUPERIOR, ADMITIDOS SISTEMAS QUE DISPENSEM O USO DE CARTOES, ATENDENDO A TODOS OS VEICULOS PERTECENTES A REDE DE ATENCAO PSICOSSOCIAL - RAPS, AQUISICAO DE PECAS, PREGAO 065/2023, PRC. 139/2023, 2º TERMO ADITIVO AO CONTRATO Nº 142/2024, PARA O PERIODO DE JANEIRO A OUTUBRO DE 2025, CONFORME OFICIO 009/2026-TS-SESAP.;02/01/26 00:00;50.121,43;0,00;0,00;0,00;0,00;0,00;0,00;0,00;0,00;0,00;0,00;0,00;5444283;CEGONHA SOLUCOES LTDA;29046;7;200;3;2642;10;302;3.3.90.30.37.00.00.00;2.621.000.0000;33903000000000;0,00;0,00;50.121,43;MANUTENÇÃO DA REDE DE ATENÇÃO PSICOSSOCIAL - RAPS;MATERIAL DE CONSUMO
Especificação: ;;EMPENHO ESTIMATIVO PARA COBRIR COM A CONTRATACAO DE EMPRESA ESPECIALIZADA NA PRESTACAO DE SERVICOS DE GERENCIAMENTO E GESTAO DA MANUTENCAO DE FROTA POR SISTEMA INFORMATIZADO E INTEGRADO VIA CARTAO MAGNETICO OU METODO SIMILIAR OU SUPERIOR, ADMITIDOS SISTEMAS QUE DISPENSEM O USO DE CARTOES, ATENDENDO A TODOS OS VEICULOS PERTECENTES A REDE DE ATENCAO PSICOSSOCIAL - RAPS, AQUISICAO DE PECAS, PREGAO 065/2023, PRC. 139/2023, 2º TERMO ADITIVO AO CONTRATO Nº 142/2024, PARA O PERIODO DE JANEIRO A OUTUBRO DE 2025, CONFORME OFICIO 009/2026-TS-SESAP.;;;;;;;;;;;;;;;;;;;;;;;;;;;;;;;;;;;;;
713;FUNDO MUNICIPAL DE SAÚDE DE BARBACENA;;30685659;115;2026;ESTIMATIVO;0;0;EMPENHO ESTIMATIVO PARA COBRIR COM A CONTRATACAO DE EMPRESA ESPECIALIZADA NA PRESTACAO DE SERVICOS DE GERENCIAMENTO E GESTAO DA MANUTENCAO DE FROTA POR SISTEMA INFORMATIZADO E INTEGRADO VIA CARTAO MAGNETICO OU METODO SIMILIAR OU SUPERIOR, ADMITIDOS SISTEMAS QUE DISPENSEM O USO DE CARTOES, ATENDENDO A TODOS OS VEICULOS PERTECENTES A REDE DE ATENCAO PSICOSSOCIAL - RAPS, MAO DE OBRA, PREGAO 065/2023, PRC. 139/2023, 2º TERMO ADITIVO AO CONTRATO Nº 142/2024, PARA O PERIODO DE JANEIRO A OUTUBRO DE 2025, CONFORME OFICIO 009/2026-TS-SESAP.;02/01/26 00:00;21.747,65;0,00;0,00;0,00;0,00;0,00;0,00;0,00;0,00;0,00;0,00;0,00;5444283;CEGONHA SOLUCOES LTDA;29046;7;202;3;2642;10;302;3.3.90.39.16.00.00.00;2.621.000.0000;33903900000000;0,00;0,00;21.747,65;MANUTENÇÃO DA REDE DE ATENÇÃO PSICOSSOCIAL - RAPS;OUTROS SERVIÇOS DE TERCEIROS - PESSOA JURÍDICA
Especificação: ;;EMPENHO ESTIMATIVO PARA COBRIR COM A CONTRATACAO DE EMPRESA ESPECIALIZADA NA PRESTACAO DE SERVICOS DE GERENCIAMENTO E GESTAO DA MANUTENCAO DE FROTA POR SISTEMA INFORMATIZADO E INTEGRADO VIA CARTAO MAGNETICO OU METODO SIMILIAR OU SUPERIOR, ADMITIDOS SISTEMAS QUE DISPENSEM O USO DE CARTOES, ATENDENDO A TODOS OS VEICULOS PERTECENTES A REDE DE ATENCAO PSICOSSOCIAL - RAPS, MAO DE OBRA, PREGAO 065/2023, PRC. 139/2023, 2º TERMO ADITIVO AO CONTRATO Nº 142/2024, PARA O PERIODO DE JANEIRO A OUTUBRO DE 2025, CONFORME OFICIO 009/2026-TS-SESAP.;;;;;;;;;;;;;;;;;;;;;;;;;;;;;;;;;;;;;
713;FUNDO MUNICIPAL DE SAÚDE DE BARBACENA;;30693754;116;2026;ESTIMATIVO;0;0;EMPENHO ESTIMATIVO PARA COBRIR COM A CONTRATACAO DE EMPRESA ESPECIALIZADA NA PRESTACAO DE SERVICOS DE GERENCIAMENTO E GESTAO DA MANUTENCAO DE FROTA POR SISTEMA INFORMATIZADO E INTEGRADO VIA CARTAO MAGNETICO OU METODO SIMILIAR OU SUPERIOR, ADMITIDOS SISTEMAS QUE DISPENSEM O USO DE CARTOES, ATENDENDO A TODOS OS VEICULOS PERTECENTES AO CENTRO DE TESTAGEM E ACONSELHAMENTO - DST/AIDS, AQUISICAO DE PECAS, PREGAO 065/2023, PRC. 139/2023, 2º TERMO ADITIVO AO CONTRATO Nº 142/2024, PARA O PERIODO DE JANEIRO A OUTUBRO DE 2025, CONFORME OFICIO 009/2026-TS-SESAP.;02/01/26 00:00;14.676,68;0,00;0,00;0,00;0,00;0,00;0,00;0,00;0,00;0,00;0,00;0,00;5444283;CEGONHA SOLUCOES LTDA;29046;7;276;4;2014;10;305;3.3.90.30.37.00.00.00;2.621.000.0000;33903000000000;0,00;0,00;14.676,68;MANUTENÇÃO DO CENTRO DE TESTAGEM E ACONSELHAMENTO - IST/AIDS;MATERIAL DE CONSUMO
Especificação: ;;EMPENHO ESTIMATIVO PARA COBRIR COM A CONTRATACAO DE EMPRESA ESPECIALIZADA NA PRESTACAO DE SERVICOS DE GERENCIAMENTO E GESTAO DA MANUTENCAO DE FROTA POR SISTEMA INFORMATIZADO E INTEGRADO VIA CARTAO MAGNETICO OU METODO SIMILIAR OU SUPERIOR, ADMITIDOS SISTEMAS QUE DISPENSEM O USO DE CARTOES, ATENDENDO A TODOS OS VEICULOS PERTECENTES AO CENTRO DE TESTAGEM E ACONSELHAMENTO - DST/AIDS, AQUISICAO DE PECAS, PREGAO 065/2023, PRC. 139/2023, 2º TERMO ADITIVO AO CONTRATO Nº 142/2024, PARA O PERIODO DE JANEIRO A OUTUBRO DE 2025, CONFORME OFICIO 009/2026-TS-SESAP.;;;;;;;;;;;;;;;;;;;;;;;;;;;;;;;;;;;;;
713;FUNDO MUNICIPAL DE SAÚDE DE BARBACENA;;30693838;117;2026;ESTIMATIVO;0;0;EMPENHO ESTIMATIVO PARA COBRIR COM A CONTRATACAO DE EMPRESA ESPECIALIZADA NA PRESTACAO DE SERVICOS DE GERENCIAMENTO E GESTAO DA MANUTENCAO DE FROTA POR SISTEMA INFORMATIZADO E INTEGRADO VIA CARTAO MAGNETICO OU METODO SIMILIAR OU SUPERIOR, ADMITIDOS SISTEMAS QUE DISPENSEM O USO DE CARTOES, ATENDENDO A TODOS OS VEICULOS PERTECENTES AO CENTRO DE TESTAGEM E ACONSELHAMENTO - DST/AIDS, MAO DE OBRA, PREGAO 065/2023, PRC. 139/2023, 2º TERMO ADITIVO AO CONTRATO Nº 142/2024, PARA O PERIODO DE JANEIRO A OUTUBRO DE 2025, CONFORME OFICIO 009/2026-TS-SESAP.;02/01/26 00:00;10.537,99;0,00;0,00;0,00;0,00;0,00;0,00;0,00;0,00;0,00;0,00;0,00;5444283;CEGONHA SOLUCOES LTDA;29046;7;277;4;2014;10;305;3.3.90.39.16.00.00.00;2.621.000.0000;33903900000000;0,00;0,00;10.537,99;MANUTENÇÃO DO CENTRO DE TESTAGEM E ACONSELHAMENTO - IST/AIDS;OUTROS SERVIÇOS DE TERCEIROS - PESSOA JURÍDICA
Especificação: ;;EMPENHO ESTIMATIVO PARA COBRIR COM A CONTRATACAO DE EMPRESA ESPECIALIZADA NA PRESTACAO DE SERVICOS DE GERENCIAMENTO E GESTAO DA MANUTENCAO DE FROTA POR SISTEMA INFORMATIZADO E INTEGRADO VIA CARTAO MAGNETICO OU METODO SIMILIAR OU SUPERIOR, ADMITIDOS SISTEMAS QUE DISPENSEM O USO DE CARTOES, ATENDENDO A TODOS OS VEICULOS PERTECENTES AO CENTRO DE TESTAGEM E ACONSELHAMENTO - DST/AIDS, MAO DE OBRA, PREGAO 065/2023, PRC. 139/2023, 2º TERMO ADITIVO AO CONTRATO Nº 142/2024, PARA O PERIODO DE JANEIRO A OUTUBRO DE 2025, CONFORME OFICIO 009/2026-TS-SESAP.;;;;;;;;;;;;;;;;;;;;;;;;;;;;;;;;;;;;;
713;FUNDO MUNICIPAL DE SAÚDE DE BARBACENA;;30694277;118;2026;ESTIMATIVO;0;0;EMPENHO ESTIMATIVO PARA COBRIR COM A CONTRATACAO DE EMPRESA ESPECIALIZADA NA PRESTACAO DE SERVICOS DE GERENCIAMENTO E GESTAO DA MANUTENCAO DE FROTA POR SISTEMA INFORMATIZADO E INTEGRADO VIA CARTAO MAGNETICO OU METODO SIMILIAR OU SUPERIOR, ADMITIDOS SISTEMAS QUE DISPENSEM O USO DE CARTOES, ATENDENDO A TODOS OS VEICULOS PERTECENTES A VIGILANCIA SANITARIA DA SESAP, AQUISICAO DE PECAS, PREGAO 065/2023, PRC. 139/2023, 2º TERMO ADITIVO AO CONTRATO Nº 142/2024, PARA O PERIODO DE JANEIRO A OUTUBRO DE 2025, CONFORME OFICIO 009/2026-TS-SESAP.;02/01/26 00:00;24.640,20;0,00;0,00;0,00;0,00;0,00;0,00;0,00;0,00;0,00;0,00;0,00;5444283;CEGONHA SOLUCOES LTDA;29046;7;252;4;2009;10;304;3.3.90.30.37.00.00.00;2.621.000.0000;33903000000000;0,00;0,00;24.640,20;MANUTENÇAO DA VIGILANCIA SANITARIA;MATERIAL DE CONSUMO
Especificação: ;;EMPENHO ESTIMATIVO PARA COBRIR COM A CONTRATACAO DE EMPRESA ESPECIALIZADA NA PRESTACAO DE SERVICOS DE GERENCIAMENTO E GESTAO DA MANUTENCAO DE FROTA POR SISTEMA INFORMATIZADO E INTEGRADO VIA CARTAO MAGNETICO OU METODO SIMILIAR OU SUPERIOR, ADMITIDOS SISTEMAS QUE DISPENSEM O USO DE CARTOES, ATENDENDO A TODOS OS VEICULOS PERTECENTES A VIGILANCIA SANITARIA DA SESAP, AQUISICAO DE PECAS, PREGAO 065/2023, PRC. 139/2023, 2º TERMO ADITIVO AO CONTRATO Nº 142/2024, PARA O PERIODO DE JANEIRO A OUTUBRO DE 2025, CONFORME OFICIO 009/2026-TS-SESAP.;;;;;;;;;;;;;;;;;;;;;;;;;;;;;;;;;;;;;
713;FUNDO MUNICIPAL DE SAÚDE DE BARBACENA;;30694433;119;2026;ESTIMATIVO;0;0;EMPENHO ESTIMATIVO PARA COBRIR COM A CONTRATACAO DE EMPRESA ESPECIALIZADA NA PRESTACAO DE SERVICOS DE GERENCIAMENTO E GESTAO DA MANUTENCAO DE FROTA POR SISTEMA INFORMATIZADO E INTEGRADO VIA CARTAO MAGNETICO OU METODO SIMILIAR OU SUPERIOR, ADMITIDOS SISTEMAS QUE DISPENSEM O USO DE CARTOES, ATENDENDO A TODOS OS VEICULOS PERTECENTES A VIGILANCIA SANITARIA DA SESAP, MAO DE OBRA, PREGAO 065/2023, PRC. 139/2023, 2º TERMO ADITIVO AO CONTRATO Nº 142/2024, PARA O PERIODO DE JANEIRO A OUTUBRO DE 2025, CONFORME OFICIO 009/2026-TS-SESAP.;02/01/26 00:00;18.093,48;0,00;0,00;0,00;0,00;0,00;0,00;0,00;0,00;0,00;0,00;0,00;5444283;CEGONHA SOLUCOES LTDA;29046;7;253;4;2009;10;304;3.3.90.39.16.00.00.00;2.621.000.0000;33903900000000;0,00;0,00;18.093,48;MANUTENÇAO DA VIGILANCIA SANITARIA;OUTROS SERVIÇOS DE TERCEIROS - PESSOA JURÍDICA
Especificação: ;;EMPENHO ESTIMATIVO PARA COBRIR COM A CONTRATACAO DE EMPRESA ESPECIALIZADA NA PRESTACAO DE SERVICOS DE GERENCIAMENTO E GESTAO DA MANUTENCAO DE FROTA POR SISTEMA INFORMATIZADO E INTEGRADO VIA CARTAO MAGNETICO OU METODO SIMILIAR OU SUPERIOR, ADMITIDOS SISTEMAS QUE DISPENSEM O USO DE CARTOES, ATENDENDO A TODOS OS VEICULOS PERTECENTES A VIGILANCIA SANITARIA DA SESAP, MAO DE OBRA, PREGAO 065/2023, PRC. 139/2023, 2º TERMO ADITIVO AO CONTRATO Nº 142/2024, PARA O PERIODO DE JANEIRO A OUTUBRO DE 2025, CONFORME OFICIO 009/2026-TS-SESAP.;;;;;;;;;;;;;;;;;;;;;;;;;;;;;;;;;;;;;
713;FUNDO MUNICIPAL DE SAÚDE DE BARBACENA;;30283980;12;2026;ESTIMATIVO;0;0;EMPENHO ESTIMATIVO PARA COBRIR DESPESAS COM O PROCESSAMENTO SIA/SUS, FONTE DE RECURSO MAC - FEDERAL, PROCEDIMENTOS DO GRUPO DE DIAGNOSTICO EM LABORATORIOS CLINICOS, PARA PACIENTES REGULADOS PELA REDE DE ASSISTENCIA DO SUS,  PRC. Nº 214/2023, IL. Nº  044/2023, CONTRATO Nº 034/2024, PARA O PERIODO DE JANEIRO A MARCO DE 2026, CONFORME OFICIO 006/2026-DAE-SESAP.;02/01/26 00:00;18.000,00;0,00;0,00;0,00;0,00;0,00;0,00;0,00;0,00;0,00;0,00;0,00;1556329;LABORATORIO DE ANALISES CLINICAS E CITOPATOLOGIA DE BARBACENA LTDA;103300;X;209;3;2654;10;302;3.3.90.39.36.00.00.00;1.600.000.0000;33903900000000;0,00;0,00;18.000,00;MANUTENÇÃO DA REDE DE ATENÇÃO ESPECIALIZADA;OUTROS SERVIÇOS DE TERCEIROS - PESSOA JURÍDICA
Especificação: ;;EMPENHO ESTIMATIVO PARA COBRIR DESPESAS COM O PROCESSAMENTO SIA/SUS, FONTE DE RECURSO MAC - FEDERAL, PROCEDIMENTOS DO GRUPO DE DIAGNOSTICO EM LABORATORIOS CLINICOS, PARA PACIENTES REGULADOS PELA REDE DE ASSISTENCIA DO SUS,  PRC. Nº 214/2023, IL. Nº  044/2023, CONTRATO Nº 034/2024, PARA O PERIODO DE JANEIRO A MARCO DE 2026, CONFORME OFICIO 006/2026-DAE-SESAP.;;;;;;;;;;;;;;;;;;;;;;;;;;;;;;;;;;;;;
713;FUNDO MUNICIPAL DE SAÚDE DE BARBACENA;;30695072;120;2026;ESTIMATIVO;0;0;EMPENHO ESTIMATIVO PARA COBRIR COM A CONTRATACAO DE EMPRESA ESPECIALIZADA NA PRESTACAO DE SERVICOS DE GERENCIAMENTO E GESTAO DA MANUTENCAO DE FROTA POR SISTEMA INFORMATIZADO E INTEGRADO VIA CARTAO MAGNETICO OU METODO SIMILIAR OU SUPERIOR, ADMITIDOS SISTEMAS QUE DISPENSEM O USO DE CARTOES, ATENDENDO A TODOS OS VEICULOS PERTECENTES A CEREST DA SESAP, AQUISICAO DE PECAS, PREGAO 065/2023, PRC. 139/2023, 2º TERMO ADITIVO AO CONTRATO Nº 142/2024, PARA O PERIODO DE JANEIRO A OUTUBRO DE 2025, CONFORME OFICIO 009/2026-TS-SESAP.;02/01/26 00:00;19.898,26;0,00;0,00;0,00;0,00;0,00;0,00;0,00;0,00;0,00;0,00;0,00;5444283;CEGONHA SOLUCOES LTDA;29046;7;119;3;2008;10;302;3.3.90.30.37.00.00.00;1.600.000.0000;33903000000000;0,00;0,00;19.898,26;MANUTENÇÃO DO CEREST;MATERIAL DE CONSUMO
;;EMPENHO ESTIMATIVO PARA COBRIR COM A CONTRATACAO DE EMPRESA ESPECIALIZADA NA PRESTACAO DE SERVICOS DE GERENCIAMENTO E GESTAO DA MANUTENCAO DE FROTA POR SISTEMA INFORMATIZADO E INTEGRADO VIA CARTAO MAGNETICO OU METODO SIMILIAR OU SUPERIOR, ADMITIDOS SISTEMAS QUE DISPENSEM O USO DE CARTOES, ATENDENDO A TODOS OS VEICULOS PERTECENTES A CEREST DA SESAP, AQUISICAO DE PECAS, PREGAO 065/2023, PRC. 139/2023, 2º TERMO ADITIVO AO CONTRATO Nº 142/2024, PARA O PERIODO DE JANEIRO A OUTUBRO DE 2025, CONFORME OFICIO 009/2026-TS-SESAP.;;;;;;;;;;;;;;;;;;;;;;;;;;;;;;;;;;;;;
713;FUNDO MUNICIPAL DE SAÚDE DE BARBACENA;;30695114;121;2026;ESTIMATIVO;0;0;EMPENHO ESTIMATIVO PARA COBRIR COM A CONTRATACAO DE EMPRESA ESPECIALIZADA NA PRESTACAO DE SERVICOS DE GERENCIAMENTO E GESTAO DA MANUTENCAO DE FROTA POR SISTEMA INFORMATIZADO E INTEGRADO VIA CARTAO MAGNETICO OU METODO SIMILIAR OU SUPERIOR, ADMITIDOS SISTEMAS QUE DISPENSEM O USO DE CARTOES, ATENDENDO A TODOS OS VEICULOS PERTECENTES A CEREST DA SESAP, MAO DE OBRA, PREGAO 065/2023, PRC. 139/2023, 2º TERMO ADITIVO AO CONTRATO Nº 142/2024, PARA O PERIODO DE JANEIRO A OUTUBRO DE 2025, CONFORME OFICIO 009/2026-TS-SESAP.;02/01/26 00:00;16.305,22;0,00;0,00;0,00;0,00;0,00;0,00;0,00;0,00;0,00;0,00;0,00;5444283;CEGONHA SOLUCOES LTDA;29046;7;121;3;2008;10;302;3.3.90.39.16.00.00.00;1.600.000.0000;33903900000000;0,00;0,00;16.305,22;MANUTENÇÃO DO CEREST;OUTROS SERVIÇOS DE TERCEIROS - PESSOA JURÍDICA
Especificação: ;;EMPENHO ESTIMATIVO PARA COBRIR COM A CONTRATACAO DE EMPRESA ESPECIALIZADA NA PRESTACAO DE SERVICOS DE GERENCIAMENTO E GESTAO DA MANUTENCAO DE FROTA POR SISTEMA INFORMATIZADO E INTEGRADO VIA CARTAO MAGNETICO OU METODO SIMILIAR OU SUPERIOR, ADMITIDOS SISTEMAS QUE DISPENSEM O USO DE CARTOES, ATENDENDO A TODOS OS VEICULOS PERTECENTES A CEREST DA SESAP, MAO DE OBRA, PREGAO 065/2023, PRC. 139/2023, 2º TERMO ADITIVO AO CONTRATO Nº 142/2024, PARA O PERIODO DE JANEIRO A OUTUBRO DE 2025, CONFORME OFICIO 009/2026-TS-SESAP.;;;;;;;;;;;;;;;;;;;;;;;;;;;;;;;;;;;;;
713;FUNDO MUNICIPAL DE SAÚDE DE BARBACENA;;30695315;122;2026;ESTIMATIVO;0;0;EMPENHO ESTIMATIVO PARA COBRIR COM A CONTRATACAO DE EMPRESA ESPECIALIZADA NA PRESTACAO DE SERVICOS DE GERENCIAMENTO E GESTAO DA MANUTENCAO DE FROTA POR SISTEMA INFORMATIZADO E INTEGRADO VIA CARTAO MAGNETICO OU METODO SIMILIAR OU SUPERIOR, ADMITIDOS SISTEMAS QUE DISPENSEM O USO DE CARTOES, ATENDENDO A TODOS OS VEICULOS PERTECENTES AO SETOR DE TRANSPORTE DA SESAP, AQUISICAO DE PECAS, PREGAO 065/2023, PRC. 139/2023, 2º TERMO ADITIVO AO CONTRATO Nº 142/2024, PARA O PERIODO DE JANEIRO A OUTUBRO DE 2025, CONFORME OFICIO 009/2026-TS-SESAP.;02/01/26 00:00;164.619,24;0,00;0,00;0,00;0,00;0,00;0,00;0,00;0,00;0,00;0,00;0,00;5444283;CEGONHA SOLUCOES LTDA;29046;7;127;3;2015;10;302;3.3.90.30.37.00.00.00;2.621.000.0000;33903000000000;0,00;0,00;164.619,24;MANUTENÇAO DO TRANSPORTE DE SAÚDE;MATERIAL DE CONSUMO
Especificação: ;;EMPENHO ESTIMATIVO PARA COBRIR COM A CONTRATACAO DE EMPRESA ESPECIALIZADA NA PRESTACAO DE SERVICOS DE GERENCIAMENTO E GESTAO DA MANUTENCAO DE FROTA POR SISTEMA INFORMATIZADO E INTEGRADO VIA CARTAO MAGNETICO OU METODO SIMILIAR OU SUPERIOR, ADMITIDOS SISTEMAS QUE DISPENSEM O USO DE CARTOES, ATENDENDO A TODOS OS VEICULOS PERTECENTES AO SETOR DE TRANSPORTE DA SESAP, AQUISICAO DE PECAS, PREGAO 065/2023, PRC. 139/2023, 2º TERMO ADITIVO AO CONTRATO Nº 142/2024, PARA O PERIODO DE JANEIRO A OUTUBRO DE 2025, CONFORME OFICIO 009/2026-TS-SESAP.;;;;;;;;;;;;;;;;;;;;;;;;;;;;;;;;;;;;;
713;FUNDO MUNICIPAL DE SAÚDE DE BARBACENA;;30695480;123;2026;ESTIMATIVO;0;0;EMPENHO ESTIMATIVO PARA COBRIR COM A CONTRATACAO DE EMPRESA ESPECIALIZADA NA PRESTACAO DE SERVICOS DE GERENCIAMENTO E GESTAO DA MANUTENCAO DE FROTA POR SISTEMA INFORMATIZADO E INTEGRADO VIA CARTAO MAGNETICO OU METODO SIMILIAR OU SUPERIOR, ADMITIDOS SISTEMAS QUE DISPENSEM O USO DE CARTOES, ATENDENDO A TODOS OS VEICULOS PERTECENTES AO SETOR DE TRANSPORTE DA SESAP, MAO DE OBRA, PREGAO 065/2023, PRC. 139/2023, 2º TERMO ADITIVO AO CONTRATO Nº 142/2024, PARA O PERIODO DE JANEIRO A OUTUBRO DE 2025, CONFORME OFICIO 009/2026-TS-SESAP.;02/01/26 00:00;116.460,00;0,00;0,00;0,00;0,00;0,00;0,00;0,00;0,00;0,00;0,00;0,00;5444283;CEGONHA SOLUCOES LTDA;29046;7;130;3;2015;10;302;3.3.90.39.16.00.00.00;2.621.000.0000;33903900000000;0,00;0,00;116.460,00;MANUTENÇAO DO TRANSPORTE DE SAÚDE;OUTROS SERVIÇOS DE TERCEIROS - PESSOA JURÍDICA
Especificação: ;;EMPENHO ESTIMATIVO PARA COBRIR COM A CONTRATACAO DE EMPRESA ESPECIALIZADA NA PRESTACAO DE SERVICOS DE GERENCIAMENTO E GESTAO DA MANUTENCAO DE FROTA POR SISTEMA INFORMATIZADO E INTEGRADO VIA CARTAO MAGNETICO OU METODO SIMILIAR OU SUPERIOR, ADMITIDOS SISTEMAS QUE DISPENSEM O USO DE CARTOES, ATENDENDO A TODOS OS VEICULOS PERTECENTES AO SETOR DE TRANSPORTE DA SESAP, MAO DE OBRA, PREGAO 065/2023, PRC. 139/2023, 2º TERMO ADITIVO AO CONTRATO Nº 142/2024, PARA O PERIODO DE JANEIRO A OUTUBRO DE 2025, CONFORME OFICIO 009/2026-TS-SESAP.;;;;;;;;;;;;;;;;;;;;;;;;;;;;;;;;;;;;;
713;FUNDO MUNICIPAL DE SAÚDE DE BARBACENA;;30696616;124;2026;ESTIMATIVO;0;0;EMPENHO ESTIMATIVO PARA COBRIR COM A CONTRATACAO DE EMPRESA ESPECIALIZADA NA PRESTACAO DE SERVICOS DE GERENCIAMENTO E GESTAO DA MANUTENCAO DE FROTA POR SISTEMA INFORMATIZADO E INTEGRADO VIA CARTAO MAGNETICO OU METODO SIMILIAR OU SUPERIOR, ADMITIDOS SISTEMAS QUE DISPENSEM O USO DE CARTOES, ATENDENDO A TODOS OS VEICULOS PERTECENTES A VIGILANCIA EPIDEMIOLOGICA, AQUISICAO DE PECAS, PREGAO 065/2023, PRC. 139/2023, 2º TERMO ADITIVO AO CONTRATO Nº 142/2024, PARA O PERIODO DE JANEIRO A OUTUBRO DE 2025, CONFORME OFICIO 009/2026-TS-SESAP.;02/01/26 00:00;59.646,10;0,00;0,00;0,00;0,00;0,00;0,00;0,00;0,00;0,00;0,00;0,00;5444283;CEGONHA SOLUCOES LTDA;29046;7;264;4;2010;10;305;3.3.90.30.37.00.00.00;2.621.000.0000;33903000000000;0,00;0,00;59.646,10;MANUTENÇAO DA VIGILÂNCIA EPIDEMIOLÓGICA;MATERIAL DE CONSUMO
Especificação: ;;EMPENHO ESTIMATIVO PARA COBRIR COM A CONTRATACAO DE EMPRESA ESPECIALIZADA NA PRESTACAO DE SERVICOS DE GERENCIAMENTO E GESTAO DA MANUTENCAO DE FROTA POR SISTEMA INFORMATIZADO E INTEGRADO VIA CARTAO MAGNETICO OU METODO SIMILIAR OU SUPERIOR, ADMITIDOS SISTEMAS QUE DISPENSEM O USO DE CARTOES, ATENDENDO A TODOS OS VEICULOS PERTECENTES A VIGILANCIA EPIDEMIOLOGICA, AQUISICAO DE PECAS, PREGAO 065/2023, PRC. 139/2023, 2º TERMO ADITIVO AO CONTRATO Nº 142/2024, PARA O PERIODO DE JANEIRO A OUTUBRO DE 2025, CONFORME OFICIO 009/2026-TS-SESAP.;;;;;;;;;;;;;;;;;;;;;;;;;;;;;;;;;;;;;
713;FUNDO MUNICIPAL DE SAÚDE DE BARBACENA;;30696703;125;2026;ESTIMATIVO;0;0;EMPENHO ESTIMATIVO PARA COBRIR COM A CONTRATACAO DE EMPRESA ESPECIALIZADA NA PRESTACAO DE SERVICOS DE GERENCIAMENTO E GESTAO DA MANUTENCAO DE FROTA POR SISTEMA INFORMATIZADO E INTEGRADO VIA CARTAO MAGNETICO OU METODO SIMILIAR OU SUPERIOR, ADMITIDOS SISTEMAS QUE DISPENSEM O USO DE CARTOES, ATENDENDO A TODOS OS VEICULOS PERTECENTES A VIGILANCIA EPIDEMIOLOGICA, MAO DE OBRA, PREGAO 065/2023, PRC. 139/2023, 2º TERMO ADITIVO AO CONTRATO Nº 142/2024, PARA O PERIODO DE JANEIRO A OUTUBRO DE 2025, CONFORME OFICIO 009/2026-TS-SESAP.;02/01/26 00:00;39.764,10;0,00;0,00;0,00;0,00;0,00;0,00;0,00;0,00;0,00;0,00;0,00;5444283;CEGONHA SOLUCOES LTDA;29046;7;265;4;2010;10;305;3.3.90.39.16.00.00.00;2.621.000.0000;33903900000000;0,00;0,00;39.764,10;MANUTENÇAO DA VIGILÂNCIA EPIDEMIOLÓGICA;OUTROS SERVIÇOS DE TERCEIROS - PESSOA JURÍDICA
Especificação: ;;EMPENHO ESTIMATIVO PARA COBRIR COM A CONTRATACAO DE EMPRESA ESPECIALIZADA NA PRESTACAO DE SERVICOS DE GERENCIAMENTO E GESTAO DA MANUTENCAO DE FROTA POR SISTEMA INFORMATIZADO E INTEGRADO VIA CARTAO MAGNETICO OU METODO SIMILIAR OU SUPERIOR, ADMITIDOS SISTEMAS QUE DISPENSEM O USO DE CARTOES, ATENDENDO A TODOS OS VEICULOS PERTECENTES A VIGILANCIA EPIDEMIOLOGICA, MAO DE OBRA, PREGAO 065/2023, PRC. 139/2023, 2º TERMO ADITIVO AO CONTRATO Nº 142/2024, PARA O PERIODO DE JANEIRO A OUTUBRO DE 2025, CONFORME OFICIO 009/2026-TS-SESAP.;;;;;;;;;;;;;;;;;;;;;;;;;;;;;;;;;;;;;
713;FUNDO MUNICIPAL DE SAÚDE DE BARBACENA;;30713754;126;2026;ORDINARIO;0;0;EMPENHO PARA COBRIR DESPESAS COM O PROCESSAMENTO SIA-SIH/SUS, FONTE DE RECURSO MAC/FAEC - FEDERAL ( PORTARIA 4494 ), TERMO ADITIVO AO CONTRATO 003/2022, PRC. 0153/2021, IL. 003/2022, REFERENTE AOS MESES DE OUTUBRO E NOVEMBRO DE 2026, CONFORME OFICIO 035/2026-DIRETORIA DE ATENCAO ESPECIALIZADA-SESAP. HEMODINAMICA, QUIMIOTERAPIA, CIRURGIAS ELETIVAS, MEDICINA NUCLEAR, PARCELA POS FIXADA 2/2 E TOMOGRAFIAS E RESSONANCIAS.;02/01/26 00:00;1.300.000,00;0,00;1.300.000,00;0,00;1.300.000,00;0,00;0,00;0,00;0,00;0,00;0,00;0,00;1556317;CENTRO BARB. ASSIST.MED SOCIAL -CEBAMS;;;210;3;2654;10;302;3.3.90.92.99.00.00.00;2.600.000.3120;33909200000000;1.300.000,00;0,00;0,00;MANUTENÇÃO DA REDE DE ATENÇÃO ESPECIALIZADA;DESPESAS DE EXERCÍCIOS ANTERIORES
Especificação: ;;EMPENHO PARA COBRIR DESPESAS COM O PROCESSAMENTO SIA-SIH/SUS, FONTE DE RECURSO MAC/FAEC - FEDERAL ( PORTARIA 4494 ), TERMO ADITIVO AO CONTRATO 003/2022, PRC. 0153/2021, IL. 003/2022, REFERENTE AOS MESES DE OUTUBRO E NOVEMBRO DE 2026, CONFORME OFICIO 035/2026-DIRETORIA DE ATENCAO ESPECIALIZADA-SESAP. HEMODINAMICA, QUIMIOTERAPIA, CIRURGIAS ELETIVAS, MEDICINA NUCLEAR, PARCELA POS FIXADA 2/2 E TOMOGRAFIAS E RESSONANCIAS.;;;;;;;;;;;;;;;;;;;;;;;;;;;;;;;;;;;;;
713;FUNDO MUNICIPAL DE SAÚDE DE BARBACENA;;30714948;127;2026;ORDINARIO;0;0;EMPENHO PARA COBRIR DESPESAS COM O PROCESSAMENTO SIA-SIH/SUS, FONTE DE RECURSO PROPRIO - SAUDE, TERMO ADITIVO AO CONTRATO 003/2022, PRC. 0153/2021, IL. 003/2022, REFERENTE AO MES DE NOVEMBRO DE 2026, CONFORME OFICIO 035/2026-DIRETORIA DE ATENCAO ESPECIALIZADA-SESAP. EXTRAPOLAMENTO DO TETO PACTUADO - COMPLEMENTO TABELA SUS CATETERISMO E ANGIOLASTIAS.;02/01/26 00:00;18.900,00;0,00;18.900,00;0,00;18.900,00;0,00;0,00;0,00;0,00;0,00;0,00;0,00;1556317;CENTRO BARB. ASSIST.MED SOCIAL -CEBAMS;;;210;3;2654;10;302;3.3.90.92.99.00.00.00;1.500.000.1002;33909200000000;18.900,00;0,00;0,00;MANUTENÇÃO DA REDE DE ATENÇÃO ESPECIALIZADA;DESPESAS DE EXERCÍCIOS ANTERIORES
Especificação: ;;EMPENHO PARA COBRIR DESPESAS COM O PROCESSAMENTO SIA-SIH/SUS, FONTE DE RECURSO PROPRIO - SAUDE, TERMO ADITIVO AO CONTRATO 003/2022, PRC. 0153/2021, IL. 003/2022, REFERENTE AO MES DE NOVEMBRO DE 2026, CONFORME OFICIO 035/2026-DIRETORIA DE ATENCAO ESPECIALIZADA-SESAP. EXTRAPOLAMENTO DO TETO PACTUADO - COMPLEMENTO TABELA SUS CATETERISMO E ANGIOLASTIAS.;;;;;;;;;;;;;;;;;;;;;;;;;;;;;;;;;;;;;
713;FUNDO MUNICIPAL DE SAÚDE DE BARBACENA;;30732760;128;2026;ORDINARIO;0;0;EMPENHO PARA COBRIR DESPESAS COM O PROCESSAMENTO SIA-SIH/SUS, FONTE DE RECURSO MAC/FAEC - TERMO ADITIVO AO CONTRATO 003/2022, PRC. 0153/2021, IL. 003/2022, REFERENTE AO MES DE NOVEMBRO DE 2025, CONFORME OFICIO 035/2026-DIRETORIA DE ATENCAO ESPECIALIZADA-SESAP. EXTRAPOLAMENTOS DO TETO PACTUADO - PARCELA POS FIXADA 2/2 E CAMPANHA DE CIRURGIAS ELETIVAS GM/MS 2.336 - VALOR DE INCREMENTO.;02/01/26 00:00;1.582.195,73;0,00;1.582.195,73;0,00;870.883,71;0,00;711.312,02;0,00;0,00;0,00;0,00;0,00;1556317;CENTRO BARB. ASSIST.MED SOCIAL -CEBAMS;;;210;3;2654;10;302;3.3.90.92.99.00.00.00;1.600.000.0000;33909200000000;1.582.195,73;0,00;0,00;MANUTENÇÃO DA REDE DE ATENÇÃO ESPECIALIZADA;DESPESAS DE EXERCÍCIOS ANTERIORES
Especificação: ;;EMPENHO PARA COBRIR DESPESAS COM O PROCESSAMENTO SIA-SIH/SUS, FONTE DE RECURSO MAC/FAEC - TERMO ADITIVO AO CONTRATO 003/2022, PRC. 0153/2021, IL. 003/2022, REFERENTE AO MES DE NOVEMBRO DE 2025, CONFORME OFICIO 035/2026-DIRETORIA DE ATENCAO ESPECIALIZADA-SESAP. EXTRAPOLAMENTOS DO TETO PACTUADO - PARCELA POS FIXADA 2/2 E CAMPANHA DE CIRURGIAS ELETIVAS GM/MS 2.336 - VALOR DE INCREMENTO.;;;;;;;;;;;;;;;;;;;;;;;;;;;;;;;;;;;;;
713;FUNDO MUNICIPAL DE SAÚDE DE BARBACENA;;30733107;129;2026;ORDINARIO;0;0;EMPENHO PARA COBRIR DESPESAS COM O PROCESSAMENTO SIA-SIH/SUS, FONTE DE RECURSO FAEC - TERMO ADITIVO AO CONTRATO 003/2022, PRC. 0153/2021, IL. 003/2022, REFERENTE AO MES DE NOVEMBRO DE 2025, CONFORME OFICIO 035/2026-DIRETORIA DE ATENCAO ESPECIALIZADA-SESAP. EXTRAPOLAMENTOS DO TETO PACTUADO - CAMPANHA CIRURGIAS ELETIVAS PORTARIA GM/MS 2.336 - VALOR DE INCREMENTO E DE PRODUCAO  E DE ALTA COMPLEXIDADE CARDIOLOGIA.;02/01/26 00:00;547.724,62;0,00;547.724,62;0,00;547.724,62;0,00;0,00;0,00;0,00;0,00;0,00;0,00;1556317;CENTRO BARB. ASSIST.MED SOCIAL -CEBAMS;;;210;3;2654;10;302;3.3.90.92.99.00.00.00;2.600.000.0000;33909200000000;547.724,62;0,00;0,00;MANUTENÇÃO DA REDE DE ATENÇÃO ESPECIALIZADA;DESPESAS DE EXERCÍCIOS ANTERIORES
Especificação: ;;EMPENHO PARA COBRIR DESPESAS COM O PROCESSAMENTO SIA-SIH/SUS, FONTE DE RECURSO FAEC - TERMO ADITIVO AO CONTRATO 003/2022, PRC. 0153/2021, IL. 003/2022, REFERENTE AO MES DE NOVEMBRO DE 2025, CONFORME OFICIO 035/2026-DIRETORIA DE ATENCAO ESPECIALIZADA-SESAP. EXTRAPOLAMENTOS DO TETO PACTUADO - CAMPANHA CIRURGIAS ELETIVAS PORTARIA GM/MS 2.336 - VALOR DE INCREMENTO E DE PRODUCAO  E DE ALTA COMPLEXIDADE CARDIOLOGIA.;;;;;;;;;;;;;;;;;;;;;;;;;;;;;;;;;;;;;
713;FUNDO MUNICIPAL DE SAÚDE DE BARBACENA;;30284092;13;2026;ESTIMATIVO;0;0;EMPENHO ESTIMATIVO PARA COBRIR DESPESAS COM O PROCESSAMENTO SIA/SUS, FONTE DE RECURSO MAC - FEDERAL, PROCEDIMENTOS DO GRUPO DE DIAGNOSTICO EM LABORATORIOS CLINICOS, PARA PACIENTES REGULADOS PELA REDE DE ASSISTENCIA DO SUS,  PRC. Nº 214/2023, IL. Nº  044/2023, TERMO ADITIVO AO CONTRATO Nº 035/2024, PARA O PERIODO DE JANEIRO A MARCO DE 2026, CONFORME OFICIO 006/2026-DAE-SESAP.;02/01/26 00:00;18.000,00;0,00;0,00;0,00;0,00;0,00;0,00;0,00;0,00;0,00;0,00;0,00;5759612;LABORATORIO DE CITOANALISE LTDA;17998;1;209;3;2654;10;302;3.3.90.39.36.00.00.00;1.600.000.0000;33903900000000;0,00;0,00;18.000,00;MANUTENÇÃO DA REDE DE ATENÇÃO ESPECIALIZADA;OUTROS SERVIÇOS DE TERCEIROS - PESSOA JURÍDICA
Especificação: ;;EMPENHO ESTIMATIVO PARA COBRIR DESPESAS COM O PROCESSAMENTO SIA/SUS, FONTE DE RECURSO MAC - FEDERAL, PROCEDIMENTOS DO GRUPO DE DIAGNOSTICO EM LABORATORIOS CLINICOS, PARA PACIENTES REGULADOS PELA REDE DE ASSISTENCIA DO SUS,  PRC. Nº 214/2023, IL. Nº  044/2023, TERMO ADITIVO AO CONTRATO Nº 035/2024, PARA O PERIODO DE JANEIRO A MARCO DE 2026, CONFORME OFICIO 006/2026-DAE-SESAP.;;;;;;;;;;;;;;;;;;;;;;;;;;;;;;;;;;;;;
713;FUNDO MUNICIPAL DE SAÚDE DE BARBACENA;;30763880;130;2026;ESTIMATIVO;0;0;EMPENHO ESTIMATIVO PARA COBRIR DESPESAS REFERENTE AO CONTRATO DE PRESTACAO DE SERVICOS Nº 095/2025, QUE ENTRE SI CELEBRAM O MUNICIPIO DE BARBACENA E O CONSORCIO, CUJO OBJETO DO PRESENTE INSTRUMENTO TEM POR FINALIDADE OS SERVICOS DE: PROCEDIMENTOS AMBULATORIAIS E HOSPITALARES ELETIVOS, ASSISTENCIA A SAUDE PUBLICA EM NIVEL AMBULATORIAL E HOSPITALAR ( SERVICOS MEDICOS ) E PROCEDIMENTOS AMBULATORIAIS E HOSPITALARES INSERIDOS NA PROGRAMACAO PACTUADA E INTEGRADA DO SISTEMA UNICO DE SAUDE - PPI/SUS, PARA O PERIODO 02/01/2026 A 02/09/2026, CONFORME OFICIO 009/2026-DAE-SESAP. EMPENHO PARCIAL CONFORME EMISSAO DA DRO E DRF. Nº 034/2026.;02/01/26 00:00;5.994.097,12;0,00;785.322,60;0,00;785.322,60;0,00;0,00;0,00;0,00;0,00;0,00;0,00;7694711;INSTITUICAO DE COOPERACAO INTERMUNICIPAL DO MEDIO PARAOPEBA;;;172;3;2054;10;302;3.3.72.39.00.00.00.00;1.500.000.1002;33723900000000;785.322,60;0,00;5.208.774,52;MANUTENÇÃO DO CONSÓRCIO INTERMUN. SAÚDE MÉDIO PARAOPEBA - ICISMEP;OUTROS SERVIÇOS DE TERCEIROS - PESSOA JURÍDICA
Especificação: ;;EMPENHO ESTIMATIVO PARA COBRIR DESPESAS REFERENTE AO CONTRATO DE PRESTACAO DE SERVICOS Nº 095/2025, QUE ENTRE SI CELEBRAM O MUNICIPIO DE BARBACENA E O CONSORCIO, CUJO OBJETO DO PRESENTE INSTRUMENTO TEM POR FINALIDADE OS SERVICOS DE: PROCEDIMENTOS AMBULATORIAIS E HOSPITALARES ELETIVOS, ASSISTENCIA A SAUDE PUBLICA EM NIVEL AMBULATORIAL E HOSPITALAR ( SERVICOS MEDICOS ) E PROCEDIMENTOS AMBULATORIAIS E HOSPITALARES INSERIDOS NA PROGRAMACAO PACTUADA E INTEGRADA DO SISTEMA UNICO DE SAUDE - PPI/SUS, PARA O PERIODO 02/01/2026 A 02/09/2026, CONFORME OFICIO 009/2026-DAE-SESAP. EMPENHO PARCIAL CONFORME EMISSAO DA DRO E DRF. Nº 034/2026.;;;;;;;;;;;;;;;;;;;;;;;;;;;;;;;;;;;;;
713;FUNDO MUNICIPAL DE SAÚDE DE BARBACENA;;30764234;131;2026;ORDINARIO;0;0;EMPENHO PARA COBRIR DESPESAS COM O PROCESSAMENTO SIA-SIH/SUS, FONTE DE RECURSO MAC/FAEC - FEDERAL, REFERENTE AO 10º TERMO ADITIVO AO CONTRATO 002/2022, PRC. 153/2022, IL. 003/2022, REFERENTE AO MES DE NOVEMBRO DE 2026, CONFORME OFICIO 036/2026-DAE-SESAP. EXTRAPOLAMENTO DO TETO PACTUADO - CAMPANHA DE CIRURGIAS ELETIVAS PORTARIA GM/MS 2.336 DE 12/12/2023 - VALOR DE INCREMENTO.;02/01/26 00:00;61.617,50;0,00;61.617,50;0,00;61.617,50;0,00;0,00;0,00;0,00;0,00;0,00;0,00;1546400;INST MATERN ASSIST A INFANC E POLICLIN DE BARBACENA;;;210;3;2654;10;302;3.3.90.92.99.00.00.00;1.600.000.0000;33909200000000;61.617,50;0,00;0,00;MANUTENÇÃO DA REDE DE ATENÇÃO ESPECIALIZADA;DESPESAS DE EXERCÍCIOS ANTERIORES
Especificação: ;;EMPENHO PARA COBRIR DESPESAS COM O PROCESSAMENTO SIA-SIH/SUS, FONTE DE RECURSO MAC/FAEC - FEDERAL, REFERENTE AO 10º TERMO ADITIVO AO CONTRATO 002/2022, PRC. 153/2022, IL. 003/2022, REFERENTE AO MES DE NOVEMBRO DE 2026, CONFORME OFICIO 036/2026-DAE-SESAP. EXTRAPOLAMENTO DO TETO PACTUADO - CAMPANHA DE CIRURGIAS ELETIVAS PORTARIA GM/MS 2.336 DE 12/12/2023 - VALOR DE INCREMENTO.;;;;;;;;;;;;;;;;;;;;;;;;;;;;;;;;;;;;;
713;FUNDO MUNICIPAL DE SAÚDE DE BARBACENA;;30417569;132;2026;GLOBAL;33;2024;EMPENHO GLOBAL PARA COBRIR DESPESAS COM LOCACAO DE IMOVEL, PARA FINS NAO RESIDENCIAIS, SITUADO NA PRACA NOSSA SENHORA DO PERPETUO SOCORRO, Nº 619, BAIRRO BOA VISTA, NA CIDADE DE BARBACENA - MG, QUE ABRIGARA AS INSTALACOES DO CENTRO DE TESTAGEM E ACONSELHAMENTO E SERVICO DE ASSISTENCIA ESPECIALIZADA - CTA/SAE - SESAP, PARA O PERIODO DE JANEIRO A MAIO DE 2026, IL. 039/2024, PRC. 033/2024, PRIMEIRO TERMO ADITIVO AO CONTRATO Nº 079/2024, RESOLUÇÃO SES MG 7550, 13/07/2020, CONFORME OFICIO 005/2026-CTA/SAE/CRIE E SF. 042/2026-SC-SESAP.;02/01/26 00:00;36.853,76;0,00;7.370,76;0,00;0,00;0,00;0,00;0,00;0,00;0,00;0,00;0,00;1543811;TERESINHA FLAUSINA DA SILVA;;;302;4;2014;10;305;3.3.90.36.14.00.00.00;2.621.000.0000;33903600000000;0,00;0,00;36.853,76;MANUTENÇÃO DO CENTRO DE TESTAGEM E ACONSELHAMENTO - IST/AIDS;OUTROS SERVIÇOS DE TERCEIROS - PESSOA FÍSICA
;;EMPENHO GLOBAL PARA COBRIR DESPESAS COM LOCACAO DE IMOVEL, PARA FINS NAO RESIDENCIAIS, SITUADO NA PRACA NOSSA SENHORA DO PERPETUO SOCORRO, Nº 619, BAIRRO BOA VISTA, NA CIDADE DE BARBACENA - MG, QUE ABRIGARA AS INSTALACOES DO CENTRO DE TESTAGEM E ACONSELHAMENTO E SERVICO DE ASSISTENCIA ESPECIALIZADA - CTA/SAE - SESAP, PARA O PERIODO DE JANEIRO A MAIO DE 2026, IL. 039/2024, PRC. 033/2024, PRIMEIRO TERMO ADITIVO AO CONTRATO Nº 079/2024, RESOLUÇÃO SES MG 7550, 13/07/2020, CONFORME OFICIO 005/2026-CTA/SAE/CRIE E SF. 042/2026-SC-SESAP.;;;;;;;;;;;;;;;;;;;;;;;;;;;;;;;;;;;;;
713;FUNDO MUNICIPAL DE SAÚDE DE BARBACENA;;30781626;133;2026;ESTIMATIVO;0;0;EMPENHO ESTIMATIVO P/ COBRIR DESPESAS COM A CONTRATACAO DE EMPRESA ESPECIALIZADA EM SERVICOS DE TELECOMUNICACOES P/ IMPLEMENTACAO, OPERACAO E MANUTENCAO DE UM LINK DE ACESSO, SINCRONO, DEDICADO A INTERNET, MEDIANTE IMPLANTACAO DE LINK DE COMUNICACAO DE DADOS DE ATIVA A SER INSTALADO DO DATACENTER DA PMB, COM FORNECIMENTO DOS EQUIPAMENTOS NECESSARIOS A EXECUCAO DO SERVICO E SUPORTE TECNICO, SERVIDOR WEB E SERVIDOR E MAILS, COM SERVIDOR DE DADOS ALOCADOS OBRIGATORIAMENTE NO TERRITORIO BRASILEIRO, PARA ATENDER A SECRETARIA MUNICIPAL DE SAUDE - SESAP, PREGAO 058/2022, PRC. 083/2022, 3º TERMO ADITIVO AO CONTRATO 100/2022, P/ O PERIODO DE JANEIRO A AGOSTO DE 2026, CONFORME MEMORANDO 020/2026-DIRTI-SESAP.;02/01/26 00:00;24.214,40;0,00;0,00;0,00;0,00;0,00;0,00;0,00;0,00;0,00;0,00;0,00;1543812;VERO S.A.;;;59;11;2021;10;122;3.3.90.40.99.00.00.00;1.500.000.1002;33904000000000;0,00;0,00;24.214,40;MANUTENÇAO DE AÇÕES DA SESAP;SERVIÇOS DE TECNOLOGIA DA INFORMAÇÃO E COMUNICAÇ
Especificação: ;;EMPENHO ESTIMATIVO P/ COBRIR DESPESAS COM A CONTRATACAO DE EMPRESA ESPECIALIZADA EM SERVICOS DE TELECOMUNICACOES P/ IMPLEMENTACAO, OPERACAO E MANUTENCAO DE UM LINK DE ACESSO, SINCRONO, DEDICADO A INTERNET, MEDIANTE IMPLANTACAO DE LINK DE COMUNICACAO DE DADOS DE ATIVA A SER INSTALADO DO DATACENTER DA PMB, COM FORNECIMENTO DOS EQUIPAMENTOS NECESSARIOS A EXECUCAO DO SERVICO E SUPORTE TECNICO, SERVIDOR WEB E SERVIDOR E MAILS, COM SERVIDOR DE DADOS ALOCADOS OBRIGATORIAMENTE NO TERRITORIO BRASILEIRO, PARA ATENDER A SECRETARIA MUNICIPAL DE SAUDE - SESAP, PREGAO 058/2022, PRC. 083/2022, 3º TERMO ADITIVO AO CONTRATO 100/2022, P/ O PERIODO DE JANEIRO A AGOSTO DE 2026, CONFORME MEMORANDO 020/2026-DIRTI-SESAP.;;;;;;;;;;;;;;;;;;;;;;;;;;;;;;;;;;;;;
713;FUNDO MUNICIPAL DE SAÚDE DE BARBACENA;;30472576;134;2026;ESTIMATIVO;192;2023;"EMPENHO ESTIMATIVO PARA COBRIR DESPESAS COM A CONTRATACAO DE SERVICOS DE TRANSPORTE CONTINUO DE PACIENTES COM FORNECIMENTO DE VEICULO E MOTORISTA PROPRIO, PARA ATENDER  AO SETOR DE TRANSPORTE DA SESAP ( FISIOTERAPIA UNIPAC E APAE/CEBAMS E SANTA CASA ), PREGAO ELETRONICO 080/2023, PRC. 192/2023, 
 3º TERMO ADITIVO AO CONTRATO 319/2023, PARA OS MESES DE JANEIRO A NOVEMBRO DE 2026,  CONFORME OFICIO 006/2025-TS E  SF. 49/2026-SC-SESAP.";02/01/26 00:00;390.000,00;0,00;0,00;0,00;0,00;0,00;0,00;0,00;0,00;0,00;0,00;0,00;3031486;COIMBRA TRANSPORTES E LANCHOTE;;;130;3;2015;10;302;3.3.90.39.99.00.00.00;2.621.000.0000;33903900000000;0,00;0,00;390.000,00;MANUTENÇAO DO TRANSPORTE DE SAÚDE;OUTROS SERVIÇOS DE TERCEIROS - PESSOA JURÍDICA
Especificação: ;;"EMPENHO ESTIMATIVO PARA COBRIR DESPESAS COM A CONTRATACAO DE SERVICOS DE TRANSPORTE CONTINUO DE PACIENTES COM FORNECIMENTO DE VEICULO E MOTORISTA PROPRIO, PARA ATENDER  AO SETOR DE TRANSPORTE DA SESAP ( FISIOTERAPIA UNIPAC E APAE/CEBAMS E SANTA CASA ), PREGAO ELETRONICO 080/2023, PRC. 192/2023, 
 3º TERMO ADITIVO AO CONTRATO 319/2023, PARA OS MESES DE JANEIRO A NOVEMBRO DE 2026,  CONFORME OFICIO 006/2025-TS E  SF. 49/2026-SC-SESAP.";;;;;;;;;;;;;;;;;;;;;;;;;;;;;;;;;;;;;
713;FUNDO MUNICIPAL DE SAÚDE DE BARBACENA;;30504070;135;2026;GLOBAL;6;2022;EMPENHO GLOBAL PARA COBRIR DESPESA REFERENTE A LOCAÇÃO DE IMOVEL, PARA FINS NAO RESIDENCIAIS, SITUADO NA RUA TEOFILO OTONI, Nº 102, CENTRO, BARBACENA, PARA ATENDER AS INSTALAÇOES DO CEREST CENTRO DE REFERENCIA SAUDE DO TRABALHADOR ( CEREST ), QUARTO TERMO ADITIVO AO CONTRATO Nº 009/2022, DL. 001/2022, PRC. Nº 006/2022, PARA O PERIODO DE JANEIRO A FEVEREIRO DE 2026, CONFORME OFICIO 001/2026-CEREST-E SF. 64/2026-SC-SESAP.;02/01/26 00:00;13.323,12;0,00;6.559,35;0,00;0,00;0,00;0,00;0,00;0,00;0,00;0,00;0,00;2321038;AGOSTINHO DA COSTA FILHO;01098184-9;;120;3;2008;10;302;3.3.90.36.14.00.00.00;2.621.000.0000;33903600000000;0,00;0,00;13.323,12;MANUTENÇÃO DO CEREST;OUTROS SERVIÇOS DE TERCEIROS - PESSOA FÍSICA
Especificação: ;;EMPENHO GLOBAL PARA COBRIR DESPESA REFERENTE A LOCAÇÃO DE IMOVEL, PARA FINS NAO RESIDENCIAIS, SITUADO NA RUA TEOFILO OTONI, Nº 102, CENTRO, BARBACENA, PARA ATENDER AS INSTALAÇOES DO CEREST CENTRO DE REFERENCIA SAUDE DO TRABALHADOR ( CEREST ), QUARTO TERMO ADITIVO AO CONTRATO Nº 009/2022, DL. 001/2022, PRC. Nº 006/2022, PARA O PERIODO DE JANEIRO A FEVEREIRO DE 2026, CONFORME OFICIO 001/2026-CEREST-E SF. 64/2026-SC-SESAP.;;;;;;;;;;;;;;;;;;;;;;;;;;;;;;;;;;;;;
713;FUNDO MUNICIPAL DE SAÚDE DE BARBACENA;;30417538;136;2026;ORDINARIO;2;2025;EMPENHO PARA COBRIR DESPESAS COM A AQUISICAO DE  02 VEICULOS 0 KM, DO TIPO PASSEIO ( 5 LUGARES ), TODOS NOVOS, EMPLACADOS E PLOTADOS - MODELO RENAULT KWID ZEN 1.0 - PARA ATENDER AO SETOR DE TRASNPORTE DE SAUDE DA SESAP, PROCESSO Nº 002/2025, PREGAO Nº 031/2025 E CONTRATO Nº 136/2025, VIGENTE ATE 13/11/2026, CONFORME OFICIO 003/2026-TS-SESAP E SF. 3/2026-TS-SESAP.;02/01/26 00:00;141.980,00;0,00;0,00;0,00;0,00;0,00;0,00;0,00;0,00;0,00;0,00;0,00;7959621;GTL COMERCIO DE VEICULOS;;;134;3;2015;10;302;4.4.90.52.30.00.00.00;2.621.000.0000;44905200000000;0,00;0,00;141.980,00;MANUTENÇAO DO TRANSPORTE DE SAÚDE;EQUIPAMENTOS E MATERIAL PERMANENTE
Especificação: ;;EMPENHO PARA COBRIR DESPESAS COM A AQUISICAO DE  02 VEICULOS 0 KM, DO TIPO PASSEIO ( 5 LUGARES ), TODOS NOVOS, EMPLACADOS E PLOTADOS - MODELO RENAULT KWID ZEN 1.0 - PARA ATENDER AO SETOR DE TRASNPORTE DE SAUDE DA SESAP, PROCESSO Nº 002/2025, PREGAO Nº 031/2025 E CONTRATO Nº 136/2025, VIGENTE ATE 13/11/2026, CONFORME OFICIO 003/2026-TS-SESAP E SF. 3/2026-TS-SESAP.;;;;;;;;;;;;;;;;;;;;;;;;;;;;;;;;;;;;;
713;FUNDO MUNICIPAL DE SAÚDE DE BARBACENA;;30504035;137;2026;GLOBAL;95;2024;EMPENHO GLOBAL PARA COBRIR DESPESAS COM A CONTRATACAO DE EMPRESA ESPECIALIZADA PARA A REFORMA DE IMOVEL DO PREDIO DO CENTRO DE ATENCAO PSICOSSOCIAL ( CAPS ), NO ENDERECO RUA ITALO AMERICO DE AZEVEDO, Nº 789, BAIRRO VILELA, EM BARBACENA/MG, IL. Nº 013/2025, PROCESSO Nº 095/2025, CONTRATO Nº 084/2025, VIGENTE ATE 15/07/2026, CONFORME OFICIO 016/2026-GESTOR DE CONTRATO E SF. 65/2025-SC-SESAP.;02/01/26 00:00;2.372.555,52;0,00;0,00;0,00;0,00;0,00;0,00;0,00;0,00;0,00;0,00;0,00;3134307;VENTURA CONSTRUCOES E REFORMAS LTDA;6506274;4;110;3;1050;10;302;4.4.90.51.01.00.00.00;2.600.000.0000;44905100000000;0,00;0,00;2.372.555,52;CONSTRUÇAO, REFORMA, READEQUAÇAO E AMPLIAÇAO DO CAPS;OBRAS E INSTALAÇÕES
Especificação: ;;EMPENHO GLOBAL PARA COBRIR DESPESAS COM A CONTRATACAO DE EMPRESA ESPECIALIZADA PARA A REFORMA DE IMOVEL DO PREDIO DO CENTRO DE ATENCAO PSICOSSOCIAL ( CAPS ), NO ENDERECO RUA ITALO AMERICO DE AZEVEDO, Nº 789, BAIRRO VILELA, EM BARBACENA/MG, IL. Nº 013/2025, PROCESSO Nº 095/2025, CONTRATO Nº 084/2025, VIGENTE ATE 15/07/2026, CONFORME OFICIO 016/2026-GESTOR DE CONTRATO E SF. 65/2025-SC-SESAP.;;;;;;;;;;;;;;;;;;;;;;;;;;;;;;;;;;;;;
713;FUNDO MUNICIPAL DE SAÚDE DE BARBACENA;;30410589;138;2026;GLOBAL;61;2016;EMPENHO GLOBAL PARA COBRIR DESPESAS COM LOCACAO DE IMOVEL, SITUADO NA RUA MARIA DA PIEDADE, Nº 62, BAIRRO SANTA MARIA,PARA FINS NAO RESIDENCIAIS, QUE DESTINARA AO FUNCIONAMENTO TEMPORARIO DA UNIDADE BASICA DE SAUDE-UBS DO BAIRRO NOVE DE MARCO, PARA ATENDER A REDE DE ATENCAO PRIMARIA A SAUDE, PRC. 061/2016, 11º TERMO ADITIVO AO CONTRATO 005/2018, PARA O PERIODO DE JANEIRO A DEZEMBRO DE 2026, CONFORME OFICIO 055/2026 E SF. 36/2026-SC-SESAP.;02/01/26 00:00;8.400,00;0,00;700,00;0,00;0,00;0,00;0,00;0,00;0,00;0,00;0,00;0,00;1546702;JOÃO MARTINS LOPES;;;88;2;2025;10;301;3.3.90.36.14.00.00.00;2.621.000.0000;33903600000000;0,00;0,00;8.400,00;MANUTENÇÃO DA REDE DE ATENÇÃO PRIMÁRIA;OUTROS SERVIÇOS DE TERCEIROS - PESSOA FÍSICA
Especificação: ;;EMPENHO GLOBAL PARA COBRIR DESPESAS COM LOCACAO DE IMOVEL, SITUADO NA RUA MARIA DA PIEDADE, Nº 62, BAIRRO SANTA MARIA,PARA FINS NAO RESIDENCIAIS, QUE DESTINARA AO FUNCIONAMENTO TEMPORARIO DA UNIDADE BASICA DE SAUDE-UBS DO BAIRRO NOVE DE MARCO, PARA ATENDER A REDE DE ATENCAO PRIMARIA A SAUDE, PRC. 061/2016, 11º TERMO ADITIVO AO CONTRATO 005/2018, PARA O PERIODO DE JANEIRO A DEZEMBRO DE 2026, CONFORME OFICIO 055/2026 E SF. 36/2026-SC-SESAP.;;;;;;;;;;;;;;;;;;;;;;;;;;;;;;;;;;;;;
713;FUNDO MUNICIPAL DE SAÚDE DE BARBACENA;;30411193;139;2026;GLOBAL;116;2025;EMPENHO GLOBAL PARA COBRIR DESPESAS  COM A CONTRATACAO DE EMPRESA ESPECIALIZADA NA PRESTACAO DE SERVICOS EM LOCACAO, FORNECIMENTO DE LICENCA DE USO, IMPLANTACAO, MIGRAÇÃO DE DADOS, TREINAMENTO E MANUTENÇÃO CORRETIVA, PREVENTIVA E EVOLUTIVA DE SOFWARES DE GESTÃO ADIMINSITRATIVA E FINANCEIRA, EM AMBIENTE 100% - WEB - PARA ATENDER A SECRETARIA MUNICIPAL DE SAUDE - SESAP, PREGAO Nº 018/2025, PRC. Nº 116/2025, CONTRATO Nº 159/2025, PARA O PERIODO DE JANEIRO A DEZEMBRO DE 2026, CONFORME MEMORANDO Nº 028/2026-DIRTI E SF. 27/2026-SC-SESAP.;02/01/26 00:00;233.348,28;0,00;0,00;0,00;0,00;0,00;0,00;0,00;0,00;0,00;0,00;0,00;1543347;CMM SISTEMAS DE INFORMACAO E SERVICOS LTDA;120345;2;59;11;2021;10;122;3.3.90.40.99.00.00.00;1.500.000.1002;33904000000000;0,00;0,00;233.348,28;MANUTENÇAO DE AÇÕES DA SESAP;SERVIÇOS DE TECNOLOGIA DA INFORMAÇÃO E COMUNICAÇ
Especificação: ;;EMPENHO GLOBAL PARA COBRIR DESPESAS  COM A CONTRATACAO DE EMPRESA ESPECIALIZADA NA PRESTACAO DE SERVICOS EM LOCACAO, FORNECIMENTO DE LICENCA DE USO, IMPLANTACAO, MIGRAÇÃO DE DADOS, TREINAMENTO E MANUTENÇÃO CORRETIVA, PREVENTIVA E EVOLUTIVA DE SOFWARES DE GESTÃO ADIMINSITRATIVA E FINANCEIRA, EM AMBIENTE 100% - WEB - PARA ATENDER A SECRETARIA MUNICIPAL DE SAUDE - SESAP, PREGAO Nº 018/2025, PRC. Nº 116/2025, CONTRATO Nº 159/2025, PARA O PERIODO DE JANEIRO A DEZEMBRO DE 2026, CONFORME MEMORANDO Nº 028/2026-DIRTI E SF. 27/2026-SC-SESAP.;;;;;;;;;;;;;;;;;;;;;;;;;;;;;;;;;;;;;
713;FUNDO MUNICIPAL DE SAÚDE DE BARBACENA;;30284149;14;2026;ESTIMATIVO;0;0;EMPENHO ESTIMATIVO PARA COBRIR DESPESAS COM O PROCESSAMENTO SIA/SUS, FONTE DE RECURSO MAC - FEDERAL, PROCEDIMENTOS DO GRUPO DE DIAGNOSTICO EM LABORATORIOS CLINICOS, PARA PACIENTES REGULADOS PELA REDE DE ASSISTENCIA DO SUS,  PRC. Nº 214/2023, IL. Nº  044/2023, TERMO ADITIVO AO CONTRATO Nº 033/2024, PARA O PERIODO DE JANEIRO A MARCO DE 2026, CONFORME OFICIO 006/2026-DAE-SESAP.;02/01/26 00:00;18.000,00;0,00;0,00;0,00;0,00;0,00;0,00;0,00;0,00;0,00;0,00;0,00;1546643;LABORATORIO DR. ITAMAR PINTO LTDA;;;209;3;2654;10;302;3.3.90.39.36.00.00.00;1.600.000.0000;33903900000000;0,00;0,00;18.000,00;MANUTENÇÃO DA REDE DE ATENÇÃO ESPECIALIZADA;OUTROS SERVIÇOS DE TERCEIROS - PESSOA JURÍDICA
Especificação: ;;EMPENHO ESTIMATIVO PARA COBRIR DESPESAS COM O PROCESSAMENTO SIA/SUS, FONTE DE RECURSO MAC - FEDERAL, PROCEDIMENTOS DO GRUPO DE DIAGNOSTICO EM LABORATORIOS CLINICOS, PARA PACIENTES REGULADOS PELA REDE DE ASSISTENCIA DO SUS,  PRC. Nº 214/2023, IL. Nº  044/2023, TERMO ADITIVO AO CONTRATO Nº 033/2024, PARA O PERIODO DE JANEIRO A MARCO DE 2026, CONFORME OFICIO 006/2026-DAE-SESAP.;;;;;;;;;;;;;;;;;;;;;;;;;;;;;;;;;;;;;
713;FUNDO MUNICIPAL DE SAÚDE DE BARBACENA;;30416506;140;2026;GLOBAL;128;2022;EMPENHO GLOBAL PARA COBRIR DESPESAS COM A LOCACAO DE IMOVEL, NAO RESIDENCIAL, SITUADO NA RUA DEZ, VILA TORRES, 120 CX, ZONA RURAL, DISTRITO DE TORRES DE SAO SEBASTIAO, PARA FINS DE INSTALACAO DA UNIDADE BASICA DE SAUDE - UBS, EM ATENDIMENTO A REDE DE ATENCAO PRIMARIA DA SAUDE, DL. 019/2022, PRC. 128/2022, 4º TERMO ADITIVO AO CONTRATO 117/2022, PARA O PERÍODO DE JANEIRO A DEZEMBRO DE 2026, CONFORME OFICIOS 05/2026 E 057/2026-APS E SF. 41/2026-SC.SESAP.;02/01/26 00:00;30.000,00;0,00;0,00;0,00;0,00;0,00;0,00;0,00;0,00;0,00;0,00;0,00;2878434;MARCIO ANTONIO LOURENCO BARBOSA;;;88;2;2025;10;301;3.3.90.36.14.00.00.00;2.621.000.0000;33903600000000;0,00;0,00;30.000,00;MANUTENÇÃO DA REDE DE ATENÇÃO PRIMÁRIA;OUTROS SERVIÇOS DE TERCEIROS - PESSOA FÍSICA
Especificação: ;;EMPENHO GLOBAL PARA COBRIR DESPESAS COM A LOCACAO DE IMOVEL, NAO RESIDENCIAL, SITUADO NA RUA DEZ, VILA TORRES, 120 CX, ZONA RURAL, DISTRITO DE TORRES DE SAO SEBASTIAO, PARA FINS DE INSTALACAO DA UNIDADE BASICA DE SAUDE - UBS, EM ATENDIMENTO A REDE DE ATENCAO PRIMARIA DA SAUDE, DL. 019/2022, PRC. 128/2022, 4º TERMO ADITIVO AO CONTRATO 117/2022, PARA O PERÍODO DE JANEIRO A DEZEMBRO DE 2026, CONFORME OFICIOS 05/2026 E 057/2026-APS E SF. 41/2026-SC.SESAP.;;;;;;;;;;;;;;;;;;;;;;;;;;;;;;;;;;;;;
713;FUNDO MUNICIPAL DE SAÚDE DE BARBACENA;;30402415;141;2026;GLOBAL;95;2023;EMPENHO GLOBAL PARA COBRIR DESPESAS REFERENTE A LOCACAO DE IMOVEL , LOCALIZADO NA AVENIDA OLEGARIO MACIEL Nº 355, CENTRO, BARBACENA - MG - GALPAO 1 -PARA ATENDER AS DEMANDAS DO ALMOXARIFADO DA SECRETARIA MUNICIPAL DE SAUDE PUBLICA - SESAP, DL. Nº 017/2023, PREGAO Nº 095/2026, 1ºTERMO ADITIVO AO CONTRATO DE Nº 052/2024,  PARA O PERIODO DE 01/01/2026 A 09/04/2026, CONFORME OFICIO 009/2026-ALMOXARIFADO E SF. 31/2026-SC-SESAP.;02/01/26 00:00;43.371,90;0,00;0,00;0,00;0,00;0,00;0,00;0,00;0,00;0,00;0,00;0,00;1601187;ANGELO JOSE PEQUENO VELOSO;68500;3;57;11;2021;10;122;3.3.90.36.14.00.00.00;1.500.000.1002;33903600000000;0,00;0,00;43.371,90;MANUTENÇAO DE AÇÕES DA SESAP;OUTROS SERVIÇOS DE TERCEIROS - PESSOA FÍSICA
Especificação: ;;EMPENHO GLOBAL PARA COBRIR DESPESAS REFERENTE A LOCACAO DE IMOVEL , LOCALIZADO NA AVENIDA OLEGARIO MACIEL Nº 355, CENTRO, BARBACENA - MG - GALPAO 1 -PARA ATENDER AS DEMANDAS DO ALMOXARIFADO DA SECRETARIA MUNICIPAL DE SAUDE PUBLICA - SESAP, DL. Nº 017/2023, PREGAO Nº 095/2026, 1ºTERMO ADITIVO AO CONTRATO DE Nº 052/2024,  PARA O PERIODO DE 01/01/2026 A 09/04/2026, CONFORME OFICIO 009/2026-ALMOXARIFADO E SF. 31/2026-SC-SESAP.;;;;;;;;;;;;;;;;;;;;;;;;;;;;;;;;;;;;;
713;FUNDO MUNICIPAL DE SAÚDE DE BARBACENA;;30798626;142;2026;ORDINARIO;0;0;EMPENHO PARA COBRIR DESPESAS COM O PROCESSAMENTO SIA-SIH/SUS, FONTE DE RECURSO MAC/FAEC ( RESOLUCAO SES/MG Nº 8229/2022 ) , TERMO ADITIVO AO CONTRATO 003/2022, PRC. 0153/2021, IL. 003/2022, REFERENTE AO MES DE NOVEMBRO DE 2025, CONFORME OFICIO 046/2026-DIRETORIA DE ATENCAO ESPECIALIZADA-SESAP. EXTRAPOLAMENTOS DO TETO PACTUADO - INCENTIVO ESPECIALIDADES ONCOLOGIAS PARCELA 1/2 E PARCELA 2/2, COMPLEMENTO TABELA SUS E COMPLEMENTO DE TABELA SUS PARA TOMOGRAFIAS E RESSONACIAS.;02/01/26 00:00;235.925,76;0,00;235.925,72;0,00;235.925,72;0,00;0,00;0,00;0,00;0,00;0,00;0,00;1556317;CENTRO BARB. ASSIST.MED SOCIAL -CEBAMS;;;210;3;2654;10;302;3.3.90.92.99.00.00.00;2.621.000.0000;33909200000000;235.925,72;0,00;0,04;MANUTENÇÃO DA REDE DE ATENÇÃO ESPECIALIZADA;DESPESAS DE EXERCÍCIOS ANTERIORES
Especificação: ;;EMPENHO PARA COBRIR DESPESAS COM O PROCESSAMENTO SIA-SIH/SUS, FONTE DE RECURSO MAC/FAEC ( RESOLUCAO SES/MG Nº 8229/2022 ) , TERMO ADITIVO AO CONTRATO 003/2022, PRC. 0153/2021, IL. 003/2022, REFERENTE AO MES DE NOVEMBRO DE 2025, CONFORME OFICIO 046/2026-DIRETORIA DE ATENCAO ESPECIALIZADA-SESAP. EXTRAPOLAMENTOS DO TETO PACTUADO - INCENTIVO ESPECIALIDADES ONCOLOGIAS PARCELA 1/2 E PARCELA 2/2, COMPLEMENTO TABELA SUS E COMPLEMENTO DE TABELA SUS PARA TOMOGRAFIAS E RESSONACIAS.;;;;;;;;;;;;;;;;;;;;;;;;;;;;;;;;;;;;;
713;FUNDO MUNICIPAL DE SAÚDE DE BARBACENA;;30504254;143;2026;GLOBAL;36;2024;EMPENHO GLOBAL PARA COBRIR DESPESAS COM A LOCACAO DE IMOVEL, PARA FINS NAO RESIDENCIAIS, SITUADO NA AV. PEREIRA TEIXEIRA, Nº 653, 4º ANDAR, BAIRRO URIAS BARBOSA DE CASTRO, NA CIDADE DE BARBACENA -MG, PARA O FUNCIONAMENTO DAS INSTALACOES DO CENTRO DE ESPECIALIDADES MULTIPROFISSIONAL - CEM - DA SESAP, IL. Nº 026/2024, PRC. Nº 036/2024, TERMO ADITIVO AO CONTRATO Nº 074/2024, PARA O PERIODO DE JANEIRO A JUNHO DE 2026. CONFORME OFICIO 003/2026-CEM E SF. 61/2026-SC-SESAP.;02/01/26 00:00;123.000,00;0,00;0,00;0,00;0,00;0,00;0,00;0,00;0,00;0,00;0,00;0,00;5810635;W C NASCIMENTO TURQUETTI EMPREENDIMENTOS LTDA;;;223;3;2685;10;302;3.3.90.39.10.00.00.00;2.621.000.0000;33903900000000;0,00;0,00;123.000,00;MANUTENÇÃO DO CEM;OUTROS SERVIÇOS DE TERCEIROS - PESSOA JURÍDICA
Especificação: ;;EMPENHO GLOBAL PARA COBRIR DESPESAS COM A LOCACAO DE IMOVEL, PARA FINS NAO RESIDENCIAIS, SITUADO NA AV. PEREIRA TEIXEIRA, Nº 653, 4º ANDAR, BAIRRO URIAS BARBOSA DE CASTRO, NA CIDADE DE BARBACENA -MG, PARA O FUNCIONAMENTO DAS INSTALACOES DO CENTRO DE ESPECIALIDADES MULTIPROFISSIONAL - CEM - DA SESAP, IL. Nº 026/2024, PRC. Nº 036/2024, TERMO ADITIVO AO CONTRATO Nº 074/2024, PARA O PERIODO DE JANEIRO A JUNHO DE 2026. CONFORME OFICIO 003/2026-CEM E SF. 61/2026-SC-SESAP.;;;;;;;;;;;;;;;;;;;;;;;;;;;;;;;;;;;;;
713;FUNDO MUNICIPAL DE SAÚDE DE BARBACENA;;30508672;144;2026;GLOBAL;36;2024;EMPENHO GLOBAL PARA COBRIR DESPESAS COM A LOCACAO DE IMOVEL, PARA FINS NAO RESIDENCIAIS, SITUADO NA AV. PEREIRA TEIXEIRA, Nº 653, 5º ANDAR, BAIRRO URIAS BARBOSA DE CASTRO, NA CIDADE DE BARBACENA -MG, PARA O FUNCIONAMENTO DAS INSTALACOES ASSISTENCIA FARMACEUTICA DA SESAP, IL. Nº 026/2024, PRC. Nº 036/2024, TERMO ADITIVO AO CONTRATO Nº 080/2024, PARA O PERIODO DE JANEIRO A JUNHO DE 2026. CONFORME OFICIO 004/2026-CEM E SF. 62/2026-SC-SESAP.;02/01/26 00:00;123.000,00;0,00;0,00;0,00;0,00;0,00;0,00;0,00;0,00;0,00;0,00;0,00;5810635;W C NASCIMENTO TURQUETTI EMPREENDIMENTOS LTDA;;;242;2;2012;10;303;3.3.90.39.10.00.00.00;2.621.000.0000;33903900000000;0,00;0,00;123.000,00;MANUTENÇAO DA ASSISTENCIA FARMACEUTICA;OUTROS SERVIÇOS DE TERCEIROS - PESSOA JURÍDICA
;;EMPENHO GLOBAL PARA COBRIR DESPESAS COM A LOCACAO DE IMOVEL, PARA FINS NAO RESIDENCIAIS, SITUADO NA AV. PEREIRA TEIXEIRA, Nº 653, 5º ANDAR, BAIRRO URIAS BARBOSA DE CASTRO, NA CIDADE DE BARBACENA -MG, PARA O FUNCIONAMENTO DAS INSTALACOES ASSISTENCIA FARMACEUTICA DA SESAP, IL. Nº 026/2024, PRC. Nº 036/2024, TERMO ADITIVO AO CONTRATO Nº 080/2024, PARA O PERIODO DE JANEIRO A JUNHO DE 2026. CONFORME OFICIO 004/2026-CEM E SF. 62/2026-SC-SESAP.;;;;;;;;;;;;;;;;;;;;;;;;;;;;;;;;;;;;;
713;FUNDO MUNICIPAL DE SAÚDE DE BARBACENA;;30473345;145;2026;ESTIMATIVO;207;2022;EMPENHO ESTIMATIVO PARA COBRIR DESPESAS COM A CONTRATACAO DE EMPRESA EM FORNECIMENTO DE RECARGA DE GAS LIQUEFEITO DE PETROLEO (GLP) P13, PARA ATENDER A REDE DE ATENCAO PSICOSSOCIAL - RAPS, PREGAO 118/2022, PRC. 207/2022, SEGUNDO TERMO ADITIVO AO CONTRATO Nº 066/2023, PARA O PERIODO DE JANEIRO A DEZEMBRO DE 2026, CONFORME OFICIO 60/2026 E SF. 57/2026-SC-SESAP.;02/01/26 00:00;6.780,00;0,00;0,00;0,00;0,00;0,00;0,00;0,00;0,00;0,00;0,00;0,00;2825712;LUIZ DO NASCIMENTO AMARAL & CIA LTDA;48162;9;200;3;2642;10;302;3.3.90.30.04.00.00.00;2.621.000.0000;33903000000000;0,00;0,00;6.780,00;MANUTENÇÃO DA REDE DE ATENÇÃO PSICOSSOCIAL - RAPS;MATERIAL DE CONSUMO
Especificação: ;;EMPENHO ESTIMATIVO PARA COBRIR DESPESAS COM A CONTRATACAO DE EMPRESA EM FORNECIMENTO DE RECARGA DE GAS LIQUEFEITO DE PETROLEO (GLP) P13, PARA ATENDER A REDE DE ATENCAO PSICOSSOCIAL - RAPS, PREGAO 118/2022, PRC. 207/2022, SEGUNDO TERMO ADITIVO AO CONTRATO Nº 066/2023, PARA O PERIODO DE JANEIRO A DEZEMBRO DE 2026, CONFORME OFICIO 60/2026 E SF. 57/2026-SC-SESAP.;;;;;;;;;;;;;;;;;;;;;;;;;;;;;;;;;;;;;
713;FUNDO MUNICIPAL DE SAÚDE DE BARBACENA;;30473427;146;2026;ESTIMATIVO;207;2022;EMPENHO ESTIMATIVO PARA COBRIR DESPESAS COM A CONTRATACAO DE EMPRESA EM FORNECIMENTO DE RECARGA DE GAS LIQUEFEITO DE PETROLEO (GLP) P13, PARA ATENDER A OUVIDORIA DE SAUDE DA SESAP, PREGAO 118/2022, PRC. 207/2022, SEGUNDO TERMO ADITIVO AO CONTRATO Nº 066/2023, PARA O PERIODO DE JANEIRO A DEZEMBRO DE 2026, CONFORME OFICIO 60/2026 E SF. 58/2026-SC-SESAP.;02/01/26 00:00;113,00;0,00;0,00;0,00;0,00;0,00;0,00;0,00;0,00;0,00;0,00;0,00;2825712;LUIZ DO NASCIMENTO AMARAL & CIA LTDA;48162;9;20;6;2024;10;122;3.3.90.30.04.00.00.00;1.500.000.1002;33903000000000;0,00;0,00;113,00;MANUTENÇAO DA OUVIDORIA;MATERIAL DE CONSUMO
Especificação: ;;EMPENHO ESTIMATIVO PARA COBRIR DESPESAS COM A CONTRATACAO DE EMPRESA EM FORNECIMENTO DE RECARGA DE GAS LIQUEFEITO DE PETROLEO (GLP) P13, PARA ATENDER A OUVIDORIA DE SAUDE DA SESAP, PREGAO 118/2022, PRC. 207/2022, SEGUNDO TERMO ADITIVO AO CONTRATO Nº 066/2023, PARA O PERIODO DE JANEIRO A DEZEMBRO DE 2026, CONFORME OFICIO 60/2026 E SF. 58/2026-SC-SESAP.;;;;;;;;;;;;;;;;;;;;;;;;;;;;;;;;;;;;;
713;FUNDO MUNICIPAL DE SAÚDE DE BARBACENA;;30473944;147;2026;ESTIMATIVO;207;2022;EMPENHO ESTIMATIVO PARA COBRIR DESPESAS COM A CONTRATACAO DE EMPRESA EM FORNECIMENTO DE RECARGA DE GAS LIQUEFEITO DE PETROLEO (GLP) P13, PARA ATENDER AO CEM DA SESAP, PREGAO 118/2022, PRC. 207/2022, SEGUNDO TERMO ADITIVO AO CONTRATO Nº 066/2023, PARA O PERIODO DE JANEIRO A DEZEMBRO DE 2026, CONFORME OFICIO 60/2026 E SF. 59/2026-SC-SESAP.;02/01/26 00:00;113,00;0,00;0,00;0,00;0,00;0,00;0,00;0,00;0,00;0,00;0,00;0,00;2825712;LUIZ DO NASCIMENTO AMARAL & CIA LTDA;48162;9;222;3;2685;10;302;3.3.90.30.04.00.00.00;1.500.000.1002;33903000000000;0,00;0,00;113,00;MANUTENÇÃO DO CEM;MATERIAL DE CONSUMO
Especificação: ;;EMPENHO ESTIMATIVO PARA COBRIR DESPESAS COM A CONTRATACAO DE EMPRESA EM FORNECIMENTO DE RECARGA DE GAS LIQUEFEITO DE PETROLEO (GLP) P13, PARA ATENDER AO CEM DA SESAP, PREGAO 118/2022, PRC. 207/2022, SEGUNDO TERMO ADITIVO AO CONTRATO Nº 066/2023, PARA O PERIODO DE JANEIRO A DEZEMBRO DE 2026, CONFORME OFICIO 60/2026 E SF. 59/2026-SC-SESAP.;;;;;;;;;;;;;;;;;;;;;;;;;;;;;;;;;;;;;
713;FUNDO MUNICIPAL DE SAÚDE DE BARBACENA;;30474135;148;2026;ESTIMATIVO;207;2022;EMPENHO ESTIMATIVO PARA COBRIR DESPESAS COM A CONTRATACAO DE EMPRESA EM FORNECIMENTO DE RECARGA DE GAS LIQUEFEITO DE PETROLEO (GLP) P13, PARA ATENDER A REDE DE ATENCAO PRIMARIA A SAUDE DA SESAP, PREGAO 118/2022, PRC. 207/2022, SEGUNDO TERMO ADITIVO AO CONTRATO Nº 066/2023, PARA O PERIODO DE JANEIRO A DEZEMBRO DE 2026, CONFORME OFICIO 60/2026 E SF. 60/2026-SC-SESAP.;02/01/26 00:00;6.554,00;0,00;0,00;0,00;0,00;0,00;0,00;0,00;0,00;0,00;0,00;0,00;2825712;LUIZ DO NASCIMENTO AMARAL & CIA LTDA;48162;9;87;2;2025;10;301;3.3.90.30.04.00.00.00;2.621.000.0000;33903000000000;0,00;0,00;6.554,00;MANUTENÇÃO DA REDE DE ATENÇÃO PRIMÁRIA;MATERIAL DE CONSUMO
Especificação: ;;EMPENHO ESTIMATIVO PARA COBRIR DESPESAS COM A CONTRATACAO DE EMPRESA EM FORNECIMENTO DE RECARGA DE GAS LIQUEFEITO DE PETROLEO (GLP) P13, PARA ATENDER A REDE DE ATENCAO PRIMARIA A SAUDE DA SESAP, PREGAO 118/2022, PRC. 207/2022, SEGUNDO TERMO ADITIVO AO CONTRATO Nº 066/2023, PARA O PERIODO DE JANEIRO A DEZEMBRO DE 2026, CONFORME OFICIO 60/2026 E SF. 60/2026-SC-SESAP.;;;;;;;;;;;;;;;;;;;;;;;;;;;;;;;;;;;;;
713;FUNDO MUNICIPAL DE SAÚDE DE BARBACENA;;30542252;149;2026;ORDINARIO;80;2025;EMPENHO PARA COBRIR DESPESAS COM A AQUISICAO DE MATERIAIS E EQUIPAMENTOS PERMANETES DE USO ODONTOLOGICO, PARA ATENDER AO CENTRO DE ESPECIALIDADE ODONTOLOGICA ( CEO ), PRC, Nº 080/2025, PREGAO Nº 013/2025, CONTRATO Nº 143/2025, VIGENTE ATE 28/11/2026, CONFORME OFICIO 05/2026-SB-DAS E SF. 67/2026-SC-SESAP.;02/01/26 00:00;10.866,00;0,00;0,00;0,00;0,00;0,00;0,00;0,00;0,00;0,00;0,00;0,00;7836250;CAPIXABA SAUDE SERRA COMERCIO DE PRODUTOS HOSPITALARES LTDA;;;304;2;2047;10;301;4.4.90.52.04.00.00.00;2.621.000.0000;44905200000000;0,00;0,00;10.866,00;MANUTENÇÃO DO CENTRO DE ESPECIALIDADE ODONTOLÓGICA (CEO);EQUIPAMENTOS E MATERIAL PERMANENTE
Especificação: ;;EMPENHO PARA COBRIR DESPESAS COM A AQUISICAO DE MATERIAIS E EQUIPAMENTOS PERMANETES DE USO ODONTOLOGICO, PARA ATENDER AO CENTRO DE ESPECIALIDADE ODONTOLOGICA ( CEO ), PRC, Nº 080/2025, PREGAO Nº 013/2025, CONTRATO Nº 143/2025, VIGENTE ATE 28/11/2026, CONFORME OFICIO 05/2026-SB-DAS E SF. 67/2026-SC-SESAP.;;;;;;;;;;;;;;;;;;;;;;;;;;;;;;;;;;;;;
713;FUNDO MUNICIPAL DE SAÚDE DE BARBACENA;;30284399;15;2026;ESTIMATIVO;0;0;EMPENHO ESTIMATIVO PARA COBRIR DESPESAS COM O PROCESSAMENTO SIA/SUS, FONTE DE RECURSO MAC - FEDERAL, PROCEDIMENTOS DO GRUPO DE DIAGNOSTICO EM LABORATORIOS CLINICOS, PARA PACIENTES REGULADOS PELA REDE DE ASSISTENCIA DO SUS,  PRC. Nº 214/2023, IL. Nº  044/2023, TERMO ADITIVO AO CONTRATO Nº 031/2024, PARA O PERIODO DE JANEIRO A MARCO 2026, CONFORME OFICIO 006/2026-DAE-SESAP.;02/01/26 00:00;18.000,00;0,00;0,00;0,00;0,00;0,00;0,00;0,00;0,00;0,00;0,00;0,00;1546412;LABORATORIO DE ANALISES MOURA BRASIL LTDA;;;209;3;2654;10;302;3.3.90.39.36.00.00.00;1.600.000.0000;33903900000000;0,00;0,00;18.000,00;MANUTENÇÃO DA REDE DE ATENÇÃO ESPECIALIZADA;OUTROS SERVIÇOS DE TERCEIROS - PESSOA JURÍDICA
Especificação: ;;EMPENHO ESTIMATIVO PARA COBRIR DESPESAS COM O PROCESSAMENTO SIA/SUS, FONTE DE RECURSO MAC - FEDERAL, PROCEDIMENTOS DO GRUPO DE DIAGNOSTICO EM LABORATORIOS CLINICOS, PARA PACIENTES REGULADOS PELA REDE DE ASSISTENCIA DO SUS,  PRC. Nº 214/2023, IL. Nº  044/2023, TERMO ADITIVO AO CONTRATO Nº 031/2024, PARA O PERIODO DE JANEIRO A MARCO 2026, CONFORME OFICIO 006/2026-DAE-SESAP.;;;;;;;;;;;;;;;;;;;;;;;;;;;;;;;;;;;;;
713;FUNDO MUNICIPAL DE SAÚDE DE BARBACENA;;30541596;150;2026;ORDINARIO;80;2025;EMPENHO PARA COBRIR DESPESAS COM A AQUISICAO DE MATERIAIS E EQUIPAMENTOS PERMANETES DE USO ODONTOLOGICO, PARA ATENDER AO CENTRO DE ESPECIALIDADE ODONTOLOGICA ( CEO ), PRC, Nº 080/2025, PREGAO Nº 013/2025, CONTRATO Nº 139/2025, VIGENTE ATE 28/11/2026, CONFORME OFICIO 02/2026-SB-DAS E SF. 68/2026-SC-SESAP.;02/01/26 00:00;320,88;0,00;0,00;0,00;0,00;0,00;0,00;0,00;0,00;0,00;0,00;0,00;2991236;AMB DISTRIBUIDORA DE MEDICAMENTO E MATERIAIS  HOSPITALARES LTDA;;;304;2;2047;10;301;4.4.90.52.04.00.00.00;2.621.000.0000;44905200000000;0,00;0,00;320,88;MANUTENÇÃO DO CENTRO DE ESPECIALIDADE ODONTOLÓGICA (CEO);EQUIPAMENTOS E MATERIAL PERMANENTE
Especificação: ;;EMPENHO PARA COBRIR DESPESAS COM A AQUISICAO DE MATERIAIS E EQUIPAMENTOS PERMANETES DE USO ODONTOLOGICO, PARA ATENDER AO CENTRO DE ESPECIALIDADE ODONTOLOGICA ( CEO ), PRC, Nº 080/2025, PREGAO Nº 013/2025, CONTRATO Nº 139/2025, VIGENTE ATE 28/11/2026, CONFORME OFICIO 02/2026-SB-DAS E SF. 68/2026-SC-SESAP.;;;;;;;;;;;;;;;;;;;;;;;;;;;;;;;;;;;;;
713;FUNDO MUNICIPAL DE SAÚDE DE BARBACENA;;30541610;151;2026;ORDINARIO;80;2025;EMPENHO PARA COBRIR DESPESAS COM A AQUISICAO DE MATERIAIS E EQUIPAMENTOS PERMANETES DE USO ODONTOLOGICO, PARA ATENDER AO CENTRO DE ESPECIALIDADE ODONTOLOGICA ( CEO ), PRC, Nº 080/2025, PREGAO Nº 013/2025, CONTRATO Nº 140/2025, VIGENTE ATE 28/11/2026, CONFORME OFICIO 01/2026-SB-DAS E SF. 69/2026-SC-SESAP.;02/01/26 00:00;42.950,00;0,00;0,00;0,00;0,00;0,00;0,00;0,00;0,00;0,00;0,00;0,00;7833780;AZUL TEC LICITACOES EM INFORMATICA E SUPRIMENTOS LTDA;;;304;2;2047;10;301;4.4.90.52.04.00.00.00;2.621.000.0000;44905200000000;0,00;0,00;42.950,00;MANUTENÇÃO DO CENTRO DE ESPECIALIDADE ODONTOLÓGICA (CEO);EQUIPAMENTOS E MATERIAL PERMANENTE
Especificação: ;;EMPENHO PARA COBRIR DESPESAS COM A AQUISICAO DE MATERIAIS E EQUIPAMENTOS PERMANETES DE USO ODONTOLOGICO, PARA ATENDER AO CENTRO DE ESPECIALIDADE ODONTOLOGICA ( CEO ), PRC, Nº 080/2025, PREGAO Nº 013/2025, CONTRATO Nº 140/2025, VIGENTE ATE 28/11/2026, CONFORME OFICIO 01/2026-SB-DAS E SF. 69/2026-SC-SESAP.;;;;;;;;;;;;;;;;;;;;;;;;;;;;;;;;;;;;;
713;FUNDO MUNICIPAL DE SAÚDE DE BARBACENA;;30541618;152;2026;ORDINARIO;80;2025;EMPENHO PARA COBRIR DESPESAS COM A AQUISICAO DE MATERIAIS E EQUIPAMENTOS PERMANETES DE USO ODONTOLOGICO, PARA ATENDER AO CENTRO DE ESPECIALIDADE ODONTOLOGICA ( CEO ), PRC, Nº 080/2025, PREGAO Nº 013/2025, CONTRATO Nº 141/2025, VIGENTE ATE 28/11/2026, CONFORME OFICIO 03/2026-SB-DAS E SF. 70/2026-SC-SESAP.;02/01/26 00:00;2.590,00;0,00;0,00;0,00;0,00;0,00;0,00;0,00;0,00;0,00;0,00;0,00;6940238;BD INFORMATICA LTDA;;;304;2;2047;10;301;4.4.90.52.04.00.00.00;2.621.000.0000;44905200000000;0,00;0,00;2.590,00;MANUTENÇÃO DO CENTRO DE ESPECIALIDADE ODONTOLÓGICA (CEO);EQUIPAMENTOS E MATERIAL PERMANENTE
Especificação: ;;EMPENHO PARA COBRIR DESPESAS COM A AQUISICAO DE MATERIAIS E EQUIPAMENTOS PERMANETES DE USO ODONTOLOGICO, PARA ATENDER AO CENTRO DE ESPECIALIDADE ODONTOLOGICA ( CEO ), PRC, Nº 080/2025, PREGAO Nº 013/2025, CONTRATO Nº 141/2025, VIGENTE ATE 28/11/2026, CONFORME OFICIO 03/2026-SB-DAS E SF. 70/2026-SC-SESAP.;;;;;;;;;;;;;;;;;;;;;;;;;;;;;;;;;;;;;
713;FUNDO MUNICIPAL DE SAÚDE DE BARBACENA;;30541629;153;2026;ORDINARIO;80;2025;EMPENHO PARA COBRIR DESPESAS COM A AQUISICAO DE MATERIAIS E EQUIPAMENTOS PERMANETES DE USO ODONTOLOGICO, PARA ATENDER AO CENTRO DE ESPECIALIDADE ODONTOLOGICA ( CEO ), PRC, Nº 080/2025, PREGAO Nº 013/2025, CONTRATO Nº 142/2025, VIGENTE ATE 28/11/2026, CONFORME OFICIO 04/2026-SB-DAS E SF. 71/2026-SC-SESAP.;02/01/26 00:00;1.949,85;0,00;0,00;0,00;0,00;0,00;0,00;0,00;0,00;0,00;0,00;0,00;7586878;CAMBE MED DISTRIBUIDORA DE MEDICAMENTOS E MATERIAIS HOSPITALARES LTDA;;;304;2;2047;10;301;4.4.90.52.04.00.00.00;2.621.000.0000;44905200000000;0,00;0,00;1.949,85;MANUTENÇÃO DO CENTRO DE ESPECIALIDADE ODONTOLÓGICA (CEO);EQUIPAMENTOS E MATERIAL PERMANENTE
Especificação: ;;EMPENHO PARA COBRIR DESPESAS COM A AQUISICAO DE MATERIAIS E EQUIPAMENTOS PERMANETES DE USO ODONTOLOGICO, PARA ATENDER AO CENTRO DE ESPECIALIDADE ODONTOLOGICA ( CEO ), PRC, Nº 080/2025, PREGAO Nº 013/2025, CONTRATO Nº 142/2025, VIGENTE ATE 28/11/2026, CONFORME OFICIO 04/2026-SB-DAS E SF. 71/2026-SC-SESAP.;;;;;;;;;;;;;;;;;;;;;;;;;;;;;;;;;;;;;
713;FUNDO MUNICIPAL DE SAÚDE DE BARBACENA;;30541640;154;2026;ORDINARIO;80;2025;EMPENHO PARA COBRIR DESPESAS COM A AQUISICAO DE MATERIAIS E EQUIPAMENTOS PERMANETES DE USO ODONTOLOGICO, PARA ATENDER AO CENTRO DE ESPECIALIDADE ODONTOLOGICA ( CEO ), PRC, Nº 080/2025, PREGAO Nº 013/2025, CONTRATO Nº 146/2025, VIGENTE ATE 02/12/2026, CONFORME OFICIO 08/2026-SB-DAS E SF. 72/2026-SC-SESAP.;02/01/26 00:00;438,12;0,00;0,00;0,00;0,00;0,00;0,00;0,00;0,00;0,00;0,00;0,00;2816346;DENTAL BH BRASIL COMERCIO DE PRODUTOS ODONTO-MEDICO-HOSPITALAR LTDA;;;304;2;2047;10;301;4.4.90.52.04.00.00.00;2.621.000.0000;44905200000000;0,00;0,00;438,12;MANUTENÇÃO DO CENTRO DE ESPECIALIDADE ODONTOLÓGICA (CEO);EQUIPAMENTOS E MATERIAL PERMANENTE
Especificação: ;;EMPENHO PARA COBRIR DESPESAS COM A AQUISICAO DE MATERIAIS E EQUIPAMENTOS PERMANETES DE USO ODONTOLOGICO, PARA ATENDER AO CENTRO DE ESPECIALIDADE ODONTOLOGICA ( CEO ), PRC, Nº 080/2025, PREGAO Nº 013/2025, CONTRATO Nº 146/2025, VIGENTE ATE 02/12/2026, CONFORME OFICIO 08/2026-SB-DAS E SF. 72/2026-SC-SESAP.;;;;;;;;;;;;;;;;;;;;;;;;;;;;;;;;;;;;;
713;FUNDO MUNICIPAL DE SAÚDE DE BARBACENA;;30541650;155;2026;ORDINARIO;80;2025;EMPENHO PARA COBRIR DESPESAS COM A AQUISICAO DE MATERIAIS E EQUIPAMENTOS PERMANETES DE USO ODONTOLOGICO, PARA ATENDER AO CENTRO DE ESPECIALIDADE ODONTOLOGICA ( CEO ), PRC, Nº 080/2025, PREGAO Nº 013/2025, CONTRATO Nº 147/2025, VIGENTE ATE 28/11/2026, CONFORME OFICIO 22/2026-SB-DAS E SF. 73/2026-SC-SESAP.;02/01/26 00:00;245.201,76;0,00;0,00;0,00;0,00;0,00;0,00;0,00;0,00;0,00;0,00;0,00;2816347;DENTAL SAO CRISTOVAO LTDA;1480;X;304;2;2047;10;301;4.4.90.52.04.00.00.00;2.621.000.0000;44905200000000;0,00;0,00;245.201,76;MANUTENÇÃO DO CENTRO DE ESPECIALIDADE ODONTOLÓGICA (CEO);EQUIPAMENTOS E MATERIAL PERMANENTE
Especificação: ;;EMPENHO PARA COBRIR DESPESAS COM A AQUISICAO DE MATERIAIS E EQUIPAMENTOS PERMANETES DE USO ODONTOLOGICO, PARA ATENDER AO CENTRO DE ESPECIALIDADE ODONTOLOGICA ( CEO ), PRC, Nº 080/2025, PREGAO Nº 013/2025, CONTRATO Nº 147/2025, VIGENTE ATE 28/11/2026, CONFORME OFICIO 22/2026-SB-DAS E SF. 73/2026-SC-SESAP.;;;;;;;;;;;;;;;;;;;;;;;;;;;;;;;;;;;;;
713;FUNDO MUNICIPAL DE SAÚDE DE BARBACENA;;30541659;156;2026;ORDINARIO;80;2025;EMPENHO PARA COBRIR DESPESAS COM A AQUISICAO DE MATERIAIS E EQUIPAMENTOS PERMANETES DE USO ODONTOLOGICO, PARA ATENDER AO CENTRO DE ESPECIALIDADE ODONTOLOGICA ( CEO ), PRC, Nº 080/2025, PREGAO Nº 013/2025, CONTRATO Nº 148/2025, VIGENTE ATE 28/11/2026, CONFORME OFICIO 09/2026-SB-DAS E SF. 74/2026-SC-SESAP.;02/01/26 00:00;19.000,00;0,00;0,00;0,00;0,00;0,00;0,00;0,00;0,00;0,00;0,00;0,00;7836752;EGR EQUIPAMENTOS E SOLUCOES LTDA;;;304;2;2047;10;301;4.4.90.52.04.00.00.00;2.621.000.0000;44905200000000;0,00;0,00;19.000,00;MANUTENÇÃO DO CENTRO DE ESPECIALIDADE ODONTOLÓGICA (CEO);EQUIPAMENTOS E MATERIAL PERMANENTE
Especificação: ;;EMPENHO PARA COBRIR DESPESAS COM A AQUISICAO DE MATERIAIS E EQUIPAMENTOS PERMANETES DE USO ODONTOLOGICO, PARA ATENDER AO CENTRO DE ESPECIALIDADE ODONTOLOGICA ( CEO ), PRC, Nº 080/2025, PREGAO Nº 013/2025, CONTRATO Nº 148/2025, VIGENTE ATE 28/11/2026, CONFORME OFICIO 09/2026-SB-DAS E SF. 74/2026-SC-SESAP.;;;;;;;;;;;;;;;;;;;;;;;;;;;;;;;;;;;;;
713;FUNDO MUNICIPAL DE SAÚDE DE BARBACENA;;30541670;157;2026;ORDINARIO;80;2025;EMPENHO PARA COBRIR DESPESAS COM A AQUISICAO DE MATERIAIS E EQUIPAMENTOS PERMANETES DE USO ODONTOLOGICO, PARA ATENDER AO CENTRO DE ESPECIALIDADE ODONTOLOGICA ( CEO ), PRC, Nº 080/2025, PREGAO Nº 013/2025, CONTRATO Nº 149/2025, VIGENTE ATE 28/11/2026, CONFORME OFICIO 10/2026-SB-DAS E SF. 75/2026-SC-SESAP.;02/01/26 00:00;13.282,92;0,00;0,00;0,00;0,00;0,00;0,00;0,00;0,00;0,00;0,00;0,00;5889021;GOLDEN PRODUTOS ODONTOLOGICOS LTDA;;;304;2;2047;10;301;4.4.90.52.04.00.00.00;2.621.000.0000;44905200000000;0,00;0,00;13.282,92;MANUTENÇÃO DO CENTRO DE ESPECIALIDADE ODONTOLÓGICA (CEO);EQUIPAMENTOS E MATERIAL PERMANENTE
Especificação: ;;EMPENHO PARA COBRIR DESPESAS COM A AQUISICAO DE MATERIAIS E EQUIPAMENTOS PERMANETES DE USO ODONTOLOGICO, PARA ATENDER AO CENTRO DE ESPECIALIDADE ODONTOLOGICA ( CEO ), PRC, Nº 080/2025, PREGAO Nº 013/2025, CONTRATO Nº 149/2025, VIGENTE ATE 28/11/2026, CONFORME OFICIO 10/2026-SB-DAS E SF. 75/2026-SC-SESAP.;;;;;;;;;;;;;;;;;;;;;;;;;;;;;;;;;;;;;
713;FUNDO MUNICIPAL DE SAÚDE DE BARBACENA;;30542273;158;2026;ORDINARIO;80;2025;EMPENHO PARA COBRIR DESPESAS COM A AQUISICAO DE MATERIAIS E EQUIPAMENTOS PERMANENTES DE USO ODONTOLOGICO, PARA ATENDER AO CENTRO DE ESPECIALIDADE ODONTOLOGICA ( CEO ), PRC, Nº 080/2025, PREGAO Nº 013/2025, CONTRATO Nº 144/2025, VIGENTE ATE 28/11/2026, CONFORME OFICIO 06/2026-SB-DAS E SF. 76/2026-SC-SESAP.;02/01/26 00:00;12.058,00;0,00;0,00;0,00;0,00;0,00;0,00;0,00;0,00;0,00;0,00;0,00;7836282;CENTRAL HOLDING LOGISTICA LTDA;;;304;2;2047;10;301;4.4.90.52.04.00.00.00;2.621.000.0000;44905200000000;0,00;0,00;12.058,00;MANUTENÇÃO DO CENTRO DE ESPECIALIDADE ODONTOLÓGICA (CEO);EQUIPAMENTOS E MATERIAL PERMANENTE
Especificação: ;;EMPENHO PARA COBRIR DESPESAS COM A AQUISICAO DE MATERIAIS E EQUIPAMENTOS PERMANENTES DE USO ODONTOLOGICO, PARA ATENDER AO CENTRO DE ESPECIALIDADE ODONTOLOGICA ( CEO ), PRC, Nº 080/2025, PREGAO Nº 013/2025, CONTRATO Nº 144/2025, VIGENTE ATE 28/11/2026, CONFORME OFICIO 06/2026-SB-DAS E SF. 76/2026-SC-SESAP.;;;;;;;;;;;;;;;;;;;;;;;;;;;;;;;;;;;;;
713;FUNDO MUNICIPAL DE SAÚDE DE BARBACENA;;30541684;159;2026;ORDINARIO;80;2025;EMPENHO PARA COBRIR DESPESAS COM A AQUISICAO DE MATERIAIS E EQUIPAMENTOS PERMANENTES DE USO ODONTOLOGICO, PARA ATENDER AO CENTRO DE ESPECIALIDADE ODONTOLOGICA ( CEO ), PRC, Nº 080/2025, PREGAO Nº 013/2025, CONTRATO Nº 150/2025, VIGENTE ATE 28/11/2026, CONFORME OFICIO 11/2026-SB-DAS E SF. 77/2026-SC-SESAP;02/01/26 00:00;144.978,16;0,00;0,00;0,00;0,00;0,00;0,00;0,00;0,00;0,00;0,00;0,00;6976564;ITAPEMED IMPORTADORA E EXPORTADORA DE EQUIPAMENTOS HOSPITALARES LTDA;;;304;2;2047;10;301;4.4.90.52.04.00.00.00;2.621.000.0000;44905200000000;0,00;0,00;144.978,16;MANUTENÇÃO DO CENTRO DE ESPECIALIDADE ODONTOLÓGICA (CEO);EQUIPAMENTOS E MATERIAL PERMANENTE
Especificação: ;;EMPENHO PARA COBRIR DESPESAS COM A AQUISICAO DE MATERIAIS E EQUIPAMENTOS PERMANENTES DE USO ODONTOLOGICO, PARA ATENDER AO CENTRO DE ESPECIALIDADE ODONTOLOGICA ( CEO ), PRC, Nº 080/2025, PREGAO Nº 013/2025, CONTRATO Nº 150/2025, VIGENTE ATE 28/11/2026, CONFORME OFICIO 11/2026-SB-DAS E SF. 77/2026-SC-SESAP;;;;;;;;;;;;;;;;;;;;;;;;;;;;;;;;;;;;;
713;FUNDO MUNICIPAL DE SAÚDE DE BARBACENA;;30284523;16;2026;ESTIMATIVO;0;0;EMPENHO ESTIMATIVO PARA COBRIR DESPESAS COM O PROCESSAMENTO SIA/SUS, FONTE DE RECURSO MAC - FEDERAL, PROCEDIMENTOS DO GRUPO DE DIAGNOSTICO EM LABORATORIOS CLINICOS, PARA PACIENTES REGULADOS PELA REDE DE ASSISTENCIA DO SUS,  PRC. Nº 214/2023, IL. Nº  044/2023, TERMO ADITIVO AO CONTRATO Nº 032/2024, PARA O PERIODO DE JANEIRO A MARCO 2026, CONFORME OFICIO 006/2026-DAE-SESAP.;02/01/26 00:00;18.000,00;0,00;0,00;0,00;0,00;0,00;0,00;0,00;0,00;0,00;0,00;0,00;1546395;LABORATORIO SANTA CLARA DE BARBACENA LTDA;;;209;3;2654;10;302;3.3.90.39.36.00.00.00;1.600.000.0000;33903900000000;0,00;0,00;18.000,00;MANUTENÇÃO DA REDE DE ATENÇÃO ESPECIALIZADA;OUTROS SERVIÇOS DE TERCEIROS - PESSOA JURÍDICA
Especificação: ;;EMPENHO ESTIMATIVO PARA COBRIR DESPESAS COM O PROCESSAMENTO SIA/SUS, FONTE DE RECURSO MAC - FEDERAL, PROCEDIMENTOS DO GRUPO DE DIAGNOSTICO EM LABORATORIOS CLINICOS, PARA PACIENTES REGULADOS PELA REDE DE ASSISTENCIA DO SUS,  PRC. Nº 214/2023, IL. Nº  044/2023, TERMO ADITIVO AO CONTRATO Nº 032/2024, PARA O PERIODO DE JANEIRO A MARCO 2026, CONFORME OFICIO 006/2026-DAE-SESAP.;;;;;;;;;;;;;;;;;;;;;;;;;;;;;;;;;;;;;
713;FUNDO MUNICIPAL DE SAÚDE DE BARBACENA;;30542290;160;2026;ORDINARIO;80;2025;EMPENHO PARA COBRIR DESPESAS COM A AQUISICAO DE MATERIAIS E EQUIPAMENTOS PERMANENTES DE USO ODONTOLOGICO, PARA ATENDER AO CENTRO DE ESPECIALIDADE ODONTOLOGICA ( CEO ), PRC, Nº 080/2025, PREGAO Nº 013/2025, CONTRATO Nº 145/2025, VIGENTE ATE 28/11/2026, CONFORME OFICIO 07/2026-SB-DAS E SF. 78/2026-SC-SESAP;02/01/26 00:00;8.565,91;0,00;0,00;0,00;0,00;0,00;0,00;0,00;0,00;0,00;0,00;0,00;2553528;D & D EMPREENDIMENTOS COMERCIAIS LTDA;;;304;2;2047;10;301;4.4.90.52.04.00.00.00;2.621.000.0000;44905200000000;0,00;0,00;8.565,91;MANUTENÇÃO DO CENTRO DE ESPECIALIDADE ODONTOLÓGICA (CEO);EQUIPAMENTOS E MATERIAL PERMANENTE
Especificação: ;;EMPENHO PARA COBRIR DESPESAS COM A AQUISICAO DE MATERIAIS E EQUIPAMENTOS PERMANENTES DE USO ODONTOLOGICO, PARA ATENDER AO CENTRO DE ESPECIALIDADE ODONTOLOGICA ( CEO ), PRC, Nº 080/2025, PREGAO Nº 013/2025, CONTRATO Nº 145/2025, VIGENTE ATE 28/11/2026, CONFORME OFICIO 07/2026-SB-DAS E SF. 78/2026-SC-SESAP;;;;;;;;;;;;;;;;;;;;;;;;;;;;;;;;;;;;;
713;FUNDO MUNICIPAL DE SAÚDE DE BARBACENA;;30542325;161;2026;ORDINARIO;80;2025;EMPENHO PARA COBRIR DESPESAS COM A AQUISICAO DE MATERIAIS E EQUIPAMENTOS PERMANENTES DE USO ODONTOLOGICO, PARA ATENDER AO CENTRO DE ESPECIALIDADE ODONTOLOGICA ( CEO ), PRC, Nº 080/2025, PREGAO Nº 013/2025, CONTRATO Nº 151/2025, VIGENTE ATE 28/11/2026, CONFORME OFICIO 12/2026-SB-DAS E SF. 79/2026-SC-SESAP;02/01/26 00:00;19.278,00;0,00;0,00;0,00;0,00;0,00;0,00;0,00;0,00;0,00;0,00;0,00;7837037;K T TYSKI;;;304;2;2047;10;301;4.4.90.52.04.00.00.00;2.621.000.0000;44905200000000;0,00;0,00;19.278,00;MANUTENÇÃO DO CENTRO DE ESPECIALIDADE ODONTOLÓGICA (CEO);EQUIPAMENTOS E MATERIAL PERMANENTE
Especificação: ;;EMPENHO PARA COBRIR DESPESAS COM A AQUISICAO DE MATERIAIS E EQUIPAMENTOS PERMANENTES DE USO ODONTOLOGICO, PARA ATENDER AO CENTRO DE ESPECIALIDADE ODONTOLOGICA ( CEO ), PRC, Nº 080/2025, PREGAO Nº 013/2025, CONTRATO Nº 151/2025, VIGENTE ATE 28/11/2026, CONFORME OFICIO 12/2026-SB-DAS E SF. 79/2026-SC-SESAP;;;;;;;;;;;;;;;;;;;;;;;;;;;;;;;;;;;;;
713;FUNDO MUNICIPAL DE SAÚDE DE BARBACENA;;30542410;162;2026;ORDINARIO;80;2025;EMPENHO PARA COBRIR DESPESAS COM A AQUISICAO DE MATERIAIS E EQUIPAMENTOS PERMANENTES DE USO ODONTOLOGICO, PARA ATENDER AO CENTRO DE ESPECIALIDADE ODONTOLOGICA ( CEO ), PRC, Nº 080/2025, PREGAO Nº 013/2025, CONTRATO Nº 152/2025, VIGENTE ATE 28/11/2026, CONFORME OFICIO 13/2026-SB-DAS E SF. 80/2026-SC-SESAP.;02/01/26 00:00;12.400,00;0,00;0,00;0,00;0,00;0,00;0,00;0,00;0,00;0,00;0,00;0,00;6973251;M.H.M. DO COUTO - COMERCIAL LTDA;;;304;2;2047;10;301;4.4.90.52.04.00.00.00;2.621.000.0000;44905200000000;0,00;0,00;12.400,00;MANUTENÇÃO DO CENTRO DE ESPECIALIDADE ODONTOLÓGICA (CEO);EQUIPAMENTOS E MATERIAL PERMANENTE
Especificação: ;;EMPENHO PARA COBRIR DESPESAS COM A AQUISICAO DE MATERIAIS E EQUIPAMENTOS PERMANENTES DE USO ODONTOLOGICO, PARA ATENDER AO CENTRO DE ESPECIALIDADE ODONTOLOGICA ( CEO ), PRC, Nº 080/2025, PREGAO Nº 013/2025, CONTRATO Nº 152/2025, VIGENTE ATE 28/11/2026, CONFORME OFICIO 13/2026-SB-DAS E SF. 80/2026-SC-SESAP.;;;;;;;;;;;;;;;;;;;;;;;;;;;;;;;;;;;;;
713;FUNDO MUNICIPAL DE SAÚDE DE BARBACENA;;30542062;163;2026;ORDINARIO;80;2025;EMPENHO PARA COBRIR DESPESAS COM A AQUISICAO DE MATERIAIS E EQUIPAMENTOS PERMANENTES DE USO ODONTOLOGICO, PARA ATENDER AO CENTRO DE ESPECIALIDADE ODONTOLOGICA ( CEO ), PRC, Nº 080/2025, PREGAO Nº 013/2025, CONTRATO Nº 153/2025, VIGENTE ATE 28/11/2026, CONFORME OFICIO 14/2026-SB-DAS E SF. 81/2026-SC-SESAP;02/01/26 00:00;19.511,96;0,00;0,00;0,00;0,00;0,00;0,00;0,00;0,00;0,00;0,00;0,00;2816349;MEGA DENTAL IMPORTACAO, EXPORTACAO E COMERCIO DE PRODUTOS ODONTOLOGICOS LTDA;;;304;2;2047;10;301;4.4.90.52.04.00.00.00;2.621.000.0000;44905200000000;0,00;0,00;19.511,96;MANUTENÇÃO DO CENTRO DE ESPECIALIDADE ODONTOLÓGICA (CEO);EQUIPAMENTOS E MATERIAL PERMANENTE
Especificação: ;;EMPENHO PARA COBRIR DESPESAS COM A AQUISICAO DE MATERIAIS E EQUIPAMENTOS PERMANENTES DE USO ODONTOLOGICO, PARA ATENDER AO CENTRO DE ESPECIALIDADE ODONTOLOGICA ( CEO ), PRC, Nº 080/2025, PREGAO Nº 013/2025, CONTRATO Nº 153/2025, VIGENTE ATE 28/11/2026, CONFORME OFICIO 14/2026-SB-DAS E SF. 81/2026-SC-SESAP;;;;;;;;;;;;;;;;;;;;;;;;;;;;;;;;;;;;;
713;FUNDO MUNICIPAL DE SAÚDE DE BARBACENA;;30542080;164;2026;ORDINARIO;80;2025;EMPENHO PARA COBRIR DESPESAS COM A AQUISICAO DE MATERIAIS E EQUIPAMENTOS PERMANENTES DE USO ODONTOLOGICO, PARA ATENDER AO CENTRO DE ESPECIALIDADE ODONTOLOGICA ( CEO ), PRC, Nº 080/2025, PREGAO Nº 013/2025, CONTRATO Nº 154/2025, VIGENTE ATE 28/11/2026, CONFORME OFICIO 15/2026-SB-DAS E SF. 82/2026-SC-SESAP;02/01/26 00:00;322.498,50;0,00;0,00;0,00;0,00;0,00;0,00;0,00;0,00;0,00;0,00;0,00;4787330;MF DE ALMEIDA & CIA. LTDA;;;304;2;2047;10;301;4.4.90.52.04.00.00.00;2.621.000.0000;44905200000000;0,00;0,00;322.498,50;MANUTENÇÃO DO CENTRO DE ESPECIALIDADE ODONTOLÓGICA (CEO);EQUIPAMENTOS E MATERIAL PERMANENTE
Especificação: ;;EMPENHO PARA COBRIR DESPESAS COM A AQUISICAO DE MATERIAIS E EQUIPAMENTOS PERMANENTES DE USO ODONTOLOGICO, PARA ATENDER AO CENTRO DE ESPECIALIDADE ODONTOLOGICA ( CEO ), PRC, Nº ;;;;;;;;;;;;;;;;;;;;;;;;;;;;;;;;;;;;;
;;080/2025, PREGAO Nº 013/2025, CONTRATO Nº 154/2025, VIGENTE ATE 28/11/2026, CONFORME OFICIO 15/2026-SB-DAS E SF. 82/2026-SC-SESAP;;;;;;;;;;;;;;;;;;;;;;;;;;;;;;;;;;;;;
713;FUNDO MUNICIPAL DE SAÚDE DE BARBACENA;;30542100;165;2026;ORDINARIO;80;2025;EMPENHO PARA COBRIR DESPESAS COM A AQUISICAO DE MATERIAIS E EQUIPAMENTOS PERMANENTES DE USO ODONTOLOGICO, PARA ATENDER AO CENTRO DE ESPECIALIDADE ODONTOLOGICA ( CEO ), PRC, Nº 080/2025, PREGAO Nº 013/2025, CONTRATO Nº 155/2025, VIGENTE ATE 28/11/2026, CONFORME OFICIO 16/2026-SB-DAS E SF. 83/2026-SC-SESAP;02/01/26 00:00;30.564,90;0,00;0,00;0,00;0,00;0,00;0,00;0,00;0,00;0,00;0,00;0,00;7837504;ODONTOMASTER EQUIPAMENTOS LTDA;;;304;2;2047;10;301;4.4.90.52.04.00.00.00;2.621.000.0000;44905200000000;0,00;0,00;30.564,90;MANUTENÇÃO DO CENTRO DE ESPECIALIDADE ODONTOLÓGICA (CEO);EQUIPAMENTOS E MATERIAL PERMANENTE
Especificação: ;;EMPENHO PARA COBRIR DESPESAS COM A AQUISICAO DE MATERIAIS E EQUIPAMENTOS PERMANENTES DE USO ODONTOLOGICO, PARA ATENDER AO CENTRO DE ESPECIALIDADE ODONTOLOGICA ( CEO ), PRC, Nº 080/2025, PREGAO Nº 013/2025, CONTRATO Nº 155/2025, VIGENTE ATE 28/11/2026, CONFORME OFICIO 16/2026-SB-DAS E SF. 83/2026-SC-SESAP;;;;;;;;;;;;;;;;;;;;;;;;;;;;;;;;;;;;;
713;FUNDO MUNICIPAL DE SAÚDE DE BARBACENA;;30542346;166;2026;ORDINARIO;80;2025;EMPENHO PARA COBRIR DESPESAS COM A AQUISICAO DE MATERIAIS E EQUIPAMENTOS PERMANENTES DE USO ODONTOLOGICO, PARA ATENDER AO CENTRO DE ESPECIALIDADE ODONTOLOGICA ( CEO ), PRC, Nº 080/2025, PREGAO Nº 013/2025, CONTRATO Nº 156/2025, VIGENTE ATE 28/11/2026, CONFORME OFICIO 17/2026-SB-DAS E SF. 84/2026-SC-SESAP;02/01/26 00:00;2.367,41;0,00;0,00;0,00;0,00;0,00;0,00;0,00;0,00;0,00;0,00;0,00;6246541;YNEMED PRODUTOS MEDICOS E HOSPITALARES LTDA;733;1;304;2;2047;10;301;4.4.90.52.04.00.00.00;2.621.000.0000;44905200000000;0,00;0,00;2.367,41;MANUTENÇÃO DO CENTRO DE ESPECIALIDADE ODONTOLÓGICA (CEO);EQUIPAMENTOS E MATERIAL PERMANENTE
Especificação: ;;EMPENHO PARA COBRIR DESPESAS COM A AQUISICAO DE MATERIAIS E EQUIPAMENTOS PERMANENTES DE USO ODONTOLOGICO, PARA ATENDER AO CENTRO DE ESPECIALIDADE ODONTOLOGICA ( CEO ), PRC, Nº 080/2025, PREGAO Nº 013/2025, CONTRATO Nº 156/2025, VIGENTE ATE 28/11/2026, CONFORME OFICIO 17/2026-SB-DAS E SF. 84/2026-SC-SESAP;;;;;;;;;;;;;;;;;;;;;;;;;;;;;;;;;;;;;
713;FUNDO MUNICIPAL DE SAÚDE DE BARBACENA;;30542367;167;2026;ORDINARIO;80;2025;EMPENHO PARA COBRIR DESPESAS COM A AQUISICAO DE MATERIAIS E EQUIPAMENTOS PERMANENTES DE USO ODONTOLOGICO, PARA ATENDER AO CENTRO DE ESPECIALIDADE ODONTOLOGICA ( CEO ), PRC, Nº 080/2025, PREGAO Nº 013/2025, CONTRATO Nº 157/2025, VIGENTE ATE 28/11/2026, CONFORME OFICIO 18/2026-SB-DAS E SF. 85/2026-SC-SESAP.;02/01/26 00:00;579,00;0,00;0,00;0,00;0,00;0,00;0,00;0,00;0,00;0,00;0,00;0,00;3010242;ENDOGERAIS EQUIPAMENTOS MEDICOS LTDA;;;304;2;2047;10;301;4.4.90.52.04.00.00.00;2.621.000.0000;44905200000000;0,00;0,00;579,00;MANUTENÇÃO DO CENTRO DE ESPECIALIDADE ODONTOLÓGICA (CEO);EQUIPAMENTOS E MATERIAL PERMANENTE
Especificação: ;;EMPENHO PARA COBRIR DESPESAS COM A AQUISICAO DE MATERIAIS E EQUIPAMENTOS PERMANENTES DE USO ODONTOLOGICO, PARA ATENDER AO CENTRO DE ESPECIALIDADE ODONTOLOGICA ( CEO ), PRC, Nº 080/2025, PREGAO Nº 013/2025, CONTRATO Nº 157/2025, VIGENTE ATE 28/11/2026, CONFORME OFICIO 18/2026-SB-DAS E SF. 85/2026-SC-SESAP.;;;;;;;;;;;;;;;;;;;;;;;;;;;;;;;;;;;;;
713;FUNDO MUNICIPAL DE SAÚDE DE BARBACENA;;30402672;168;2026;ORDINARIO;192;2024;EMPENHO PARA COBRIR DESPESAS COM AQUISICAO DE MATERIAL DE CONSUMO DE HIGIENE E LIMPEZA,  PARA ATENDER A REDE DE ATENCAO PSICOSSOCIAL - RAPS, PREGAO Nº 098/2024, PRC. Nº 192/2024, ATA DE REGISTRO DE PRECOS Nº 031/2025, VIGENTE ATE 06/06/2026, CONFORME OFICIO 007/2026-ALMOXARIFADO E SF. 32/2026-SC-SESAP.;02/01/26 00:00;3.360,00;0,00;0,00;0,00;0,00;0,00;0,00;0,00;0,00;0,00;0,00;0,00;7280974;STATUS PRO HIGIENE E LIMPEZA LTDA;6449;1;200;3;2642;10;302;3.3.90.30.22.00.00.00;2.621.000.0000;33903000000000;0,00;0,00;3.360,00;MANUTENÇÃO DA REDE DE ATENÇÃO PSICOSSOCIAL - RAPS;MATERIAL DE CONSUMO
Especificação: ;;EMPENHO PARA COBRIR DESPESAS COM AQUISICAO DE MATERIAL DE CONSUMO DE HIGIENE E LIMPEZA,  PARA ATENDER A REDE DE ATENCAO PSICOSSOCIAL - RAPS, PREGAO Nº 098/2024, PRC. Nº 192/2024, ATA DE REGISTRO DE PRECOS Nº 031/2025, VIGENTE ATE 06/06/2026, CONFORME OFICIO 007/2026-ALMOXARIFADO E SF. 32/2026-SC-SESAP.;;;;;;;;;;;;;;;;;;;;;;;;;;;;;;;;;;;;;
713;FUNDO MUNICIPAL DE SAÚDE DE BARBACENA;;30402670;169;2026;ORDINARIO;192;2024;EMPENHO PARA COBRIR DESPESAS COM AQUISICAO DE MATERIAL DE CONSUMO DE HIGIENE E LIMPEZA, PARA ATENDER A VIGIALNCIA EPIDEMIOLOGICA DA SESAP, PREGAO Nº 098/2024, PRC. Nº 192/2024, ATA DE REGISTRO DE PRECOS Nº 031/2025, VIGENTE ATE 06/06/2026, CONFORME OFICIO 007/2026-ALMOXARIFADO E SF. 33/2026-SC-SESAP.;02/01/26 00:00;7.840,00;0,00;0,00;0,00;0,00;0,00;0,00;0,00;0,00;0,00;0,00;0,00;7280974;STATUS PRO HIGIENE E LIMPEZA LTDA;6449;1;264;4;2010;10;305;3.3.90.30.22.00.00.00;2.621.000.0000;33903000000000;0,00;0,00;7.840,00;MANUTENÇAO DA VIGILÂNCIA EPIDEMIOLÓGICA;MATERIAL DE CONSUMO
Especificação: ;;EMPENHO PARA COBRIR DESPESAS COM AQUISICAO DE MATERIAL DE CONSUMO DE HIGIENE E LIMPEZA, PARA ATENDER A VIGIALNCIA EPIDEMIOLOGICA DA SESAP, PREGAO Nº 098/2024, PRC. Nº 192/2024, ATA DE REGISTRO DE PRECOS Nº 031/2025, VIGENTE ATE 06/06/2026, CONFORME OFICIO 007/2026-ALMOXARIFADO E SF. 33/2026-SC-SESAP.;;;;;;;;;;;;;;;;;;;;;;;;;;;;;;;;;;;;;
713;FUNDO MUNICIPAL DE SAÚDE DE BARBACENA;;30284620;17;2026;ESTIMATIVO;0;0;EMPENHO ESTIMATIVO PARA COBRIR DESPESAS COM O PROCESSAMENTO SIA-SIH/SUS, FONTE DE RECURSO MAC/FAEC - FEDERAL, TERMO ADITIVO AO CONTRATO 001/2022, PRC. 0153/2022, IL. 003/2022, PARA O PERIODO DE JANEIRO A JUNHO  DE 2026, CONFORME OFICIO 006/2026-DAE-SESAP.;02/01/26 00:00;10.313.852,46;0,00;2.750.591,00;0,00;2.750.591,00;0,00;0,00;0,00;0,00;0,00;0,00;0,00;1556314;SANTA CASA DE MISERICORDIA DE BARBACENA;;;209;3;2654;10;302;3.3.90.39.36.00.00.00;1.600.000.0000;33903900000000;2.750.591,00;0,00;7.563.261,46;MANUTENÇÃO DA REDE DE ATENÇÃO ESPECIALIZADA;OUTROS SERVIÇOS DE TERCEIROS - PESSOA JURÍDICA
Especificação: ;;EMPENHO ESTIMATIVO PARA COBRIR DESPESAS COM O PROCESSAMENTO SIA-SIH/SUS, FONTE DE RECURSO MAC/FAEC - FEDERAL, TERMO ADITIVO AO CONTRATO 001/2022, PRC. 0153/2022, IL. 003/2022, PARA O PERIODO DE JANEIRO A JUNHO  DE 2026, CONFORME OFICIO 006/2026-DAE-SESAP.;;;;;;;;;;;;;;;;;;;;;;;;;;;;;;;;;;;;;
713;FUNDO MUNICIPAL DE SAÚDE DE BARBACENA;;30409826;170;2026;ORDINARIO;192;2024;EMPENHO PARA COBRIR DESPESAS COM AQUISICAO DE MATERIAL DE CONSUMO DE HIGIENE E LIMPEZA, PARA ATENDER A REDE DE ATENCAO PSICOSSOCIAL - RAPS, PREGAO Nº 098/2024, PRC Nº 192/2024 E ATA DE REGISTRO DE PRECOS Nº 030/2025, VIGENTE ATE 06/06/2026, CONFORME OFICIO 008/2026-ALMOXARIFADO E SF. 34/2026-SC-SESAP.;02/01/26 00:00;3.669,60;0,00;0,00;0,00;0,00;0,00;0,00;0,00;0,00;0,00;0,00;0,00;1543706;SNOP CORRELATOS INDÚSTRIA E COMÉRCIO LTDA - ME;665045;;200;3;2642;10;302;3.3.90.30.22.00.00.00;2.621.000.0000;33903000000000;0,00;0,00;3.669,60;MANUTENÇÃO DA REDE DE ATENÇÃO PSICOSSOCIAL - RAPS;MATERIAL DE CONSUMO
Especificação: ;;EMPENHO PARA COBRIR DESPESAS COM AQUISICAO DE MATERIAL DE CONSUMO DE HIGIENE E LIMPEZA, PARA ATENDER A REDE DE ATENCAO PSICOSSOCIAL - RAPS, PREGAO Nº 098/2024, PRC Nº 192/2024 E ATA DE REGISTRO DE PRECOS Nº 030/2025, VIGENTE ATE 06/06/2026, CONFORME OFICIO 008/2026-ALMOXARIFADO E SF. 34/2026-SC-SESAP.;;;;;;;;;;;;;;;;;;;;;;;;;;;;;;;;;;;;;
713;FUNDO MUNICIPAL DE SAÚDE DE BARBACENA;;30409923;171;2026;ORDINARIO;192;2024;EMPENHO PARA COBRIR DESPESAS COM AQUISICAO DE MATERIAL DE CONSUMO DE HIGIENE E LIMPEZA, PARA ATENDER A VIGILANCIA EPIDEMIOLOGICA DA SESAP, PREGAO Nº 098/2024, PRC Nº 192/2024 E ATA DE REGISTRO DE PRECOS Nº 030/2025, VIGENTE ATE 06/06/2026, CONFORME OFICIO 008/2026-ALMOXARIFADO E SF. 35/2026-SC-SESAP.;02/01/26 00:00;8.566,80;0,00;0,00;0,00;0,00;0,00;0,00;0,00;0,00;0,00;0,00;0,00;1543706;SNOP CORRELATOS INDÚSTRIA E COMÉRCIO LTDA - ME;665045;;264;4;2010;10;305;3.3.90.30.22.00.00.00;2.621.000.0000;33903000000000;0,00;0,00;8.566,80;MANUTENÇAO DA VIGILÂNCIA EPIDEMIOLÓGICA;MATERIAL DE CONSUMO
Especificação: ;;EMPENHO PARA COBRIR DESPESAS COM AQUISICAO DE MATERIAL DE CONSUMO DE HIGIENE E LIMPEZA, PARA ATENDER A VIGILANCIA EPIDEMIOLOGICA DA SESAP, PREGAO Nº 098/2024, PRC Nº 192/2024 E ATA DE REGISTRO DE PRECOS Nº 030/2025, VIGENTE ATE 06/06/2026, CONFORME OFICIO 008/2026-ALMOXARIFADO E SF. 35/2026-SC-SESAP.;;;;;;;;;;;;;;;;;;;;;;;;;;;;;;;;;;;;;
713;FUNDO MUNICIPAL DE SAÚDE DE BARBACENA;;30419696;172;2026;ESTIMATIVO;23;2024;EMPENHO ESTIMATIVO PARA COBRIR DESPESAS COM A AQUISICAO DE MATERIAL DE CONSUMO - GENEROS ALIMENTICIOS -, PARA ATENDER  A REDE DE ATENACAO PSICOSSOCIAL - RAPS, PREGAO Nº 044/2024, PRC. Nº 023/2024, CONTRATO Nº 003/2025, PARA O PERIODO DE JANEIRO A DEZEMBRO DE 2026, CONFORME OFICIO 003/2026-CAPS AD III E SF. 48/2026-SC-SESAP.;02/01/26 00:00;18.933,75;0,00;0,00;0,00;0,00;0,00;0,00;0,00;0,00;0,00;0,00;0,00;2825693;GUSTAVO DE PAULA SILVA LTDA;;;200;3;2642;10;302;3.3.90.30.07.00.00.00;2.621.000.0000;33903000000000;0,00;0,00;18.933,75;MANUTENÇÃO DA REDE DE ATENÇÃO PSICOSSOCIAL - RAPS;MATERIAL DE CONSUMO
Especificação: ;;EMPENHO ESTIMATIVO PARA COBRIR DESPESAS COM A AQUISICAO DE MATERIAL DE CONSUMO - GENEROS ALIMENTICIOS -, PARA ATENDER  A REDE DE ATENACAO PSICOSSOCIAL - RAPS, PREGAO Nº 044/2024, PRC. Nº 023/2024, CONTRATO Nº 003/2025, PARA O PERIODO DE JANEIRO A DEZEMBRO DE 2026, CONFORME OFICIO 003/2026-CAPS AD III E SF. 48/2026-SC-SESAP.;;;;;;;;;;;;;;;;;;;;;;;;;;;;;;;;;;;;;
713;FUNDO MUNICIPAL DE SAÚDE DE BARBACENA;;30418128;173;2026;ESTIMATIVO;23;2024;EMPENHO ESTIMATIVO PARA COBRIR DESPESAS COM A AQUISICAO DE GENEROS ALIMENTICIOS  - PAES DO TIPO DOCE E FRANCES - PARA ATENDER  A REDE DE ATENCAO PSICOSSOCIAL - RAPS, PREGAO Nº 044/2024, PRC. Nº 023/2024, TERMO ADITIVO AO CONTRATO Nº 004/2025, PARA O PERIODO DE JANEIRO A DEZEMBRO DE 2026, CONFORME OFICIO 004/2026-CAPS AD III E SF. 43/2026-SC-SESAP.;02/01/26 00:00;31.200,00;0,00;0,00;0,00;0,00;0,00;0,00;0,00;0,00;0,00;0,00;0,00;1548959;PANIFICADORA LAGUARDIA LTDA;8417;4;200;3;2642;10;302;3.3.90.30.07.00.00.00;2.621.000.0000;33903000000000;0,00;0,00;31.200,00;MANUTENÇÃO DA REDE DE ATENÇÃO PSICOSSOCIAL - RAPS;MATERIAL DE CONSUMO
Especificação: ;;EMPENHO ESTIMATIVO PARA COBRIR DESPESAS COM A AQUISICAO DE GENEROS ALIMENTICIOS  - PAES DO TIPO DOCE E FRANCES - PARA ATENDER  A REDE DE ATENCAO PSICOSSOCIAL - RAPS, PREGAO Nº 044/2024, PRC. Nº 023/2024, TERMO ADITIVO AO CONTRATO Nº 004/2025, PARA O PERIODO DE JANEIRO A DEZEMBRO DE 2026, CONFORME OFICIO 004/2026-CAPS AD III E SF. 43/2026-SC-SESAP.;;;;;;;;;;;;;;;;;;;;;;;;;;;;;;;;;;;;;
713;FUNDO MUNICIPAL DE SAÚDE DE BARBACENA;;30419758;174;2026;ESTIMATIVO;121;2024;EMPENHO ESTIMATIVO PARA COBRIR DESPESAS COM CONTRATAÇÃO DE EMPRESA NA PRESTAÇÃO DE SERVIÇOS DE LOCAÇÃO DE VEÍCULOS, SEM MOTORISTAS E SEM FORNECIMENTO DE COMBUSTÍVEL, COM QULOMETRAGEM LIVRE, PARA ATENDER A VIGILANCIA SANITARIA DA SESAP, PREGÃO ELETRONICO Nº 096/2024 - PRC. LICITATORIO 121/2024, CONTRATO 019/2025, PARA O PERIODO DE JANEIRO A FEVEREIRO DE 2026, CONFORME OFICIO 010/2026-TS-SESAP E SF Nº 44/2025-SC-SESAP.;02/01/26 00:00;6.700,00;0,00;0,00;0,00;0,00;0,00;0,00;0,00;0,00;0,00;0,00;0,00;6892201;RONDAVE LTDA;;;253;4;2009;10;304;3.3.90.39.73.00.00.00;2.621.000.0000;33903900000000;0,00;0,00;6.700,00;MANUTENÇAO DA VIGILANCIA SANITARIA;OUTROS SERVIÇOS DE TERCEIROS - PESSOA JURÍDICA
Especificação: ;;EMPENHO ESTIMATIVO PARA COBRIR DESPESAS COM CONTRATAÇÃO DE EMPRESA NA PRESTAÇÃO DE SERVIÇOS DE LOCAÇÃO DE VEÍCULOS, SEM MOTORISTAS E SEM FORNECIMENTO DE COMBUSTÍVEL, COM QULOMETRAGEM LIVRE, PARA ATENDER A VIGILANCIA SANITARIA DA SESAP, PREGÃO ELETRONICO Nº 096/2024 - PRC. LICITATORIO 121/2024, CONTRATO 019/2025, PARA O PERIODO DE JANEIRO A FEVEREIRO DE 2026, CONFORME OFICIO 010/2026-TS-SESAP E SF Nº 44/2025-SC-SESAP.;;;;;;;;;;;;;;;;;;;;;;;;;;;;;;;;;;;;;
713;FUNDO MUNICIPAL DE SAÚDE DE BARBACENA;;30419760;175;2026;ESTIMATIVO;121;2024;EMPENHO ESTIMATIVO PARA COBRIR DESPESAS COM CONTRATAÇÃO DE EMPRESA NA PRESTAÇÃO DE SERVIÇOS DE LOCAÇÃO DE VEÍCULOS, SEM MOTORISTAS E SEM FORNECIMENTO DE COMBUSTÍVEL, COM QULOMETRAGEM LIVRE, PARA ATENDER AO PROGRAMA DE ATENCAO DOMICILIAR, PREGÃO ELETRONICO Nº 096/2024 - PRC. LICITATORIO 121/2024, CONTRATO 019/2025, PARA O PERIODO DE JANEIRO A FEVEREIRO DE 2026, CONFORME OFICIO 010/2026-TS-SESAP E SF Nº 45/2025-SC-SESAP.;02/01/26 00:00;8.480,00;0,00;0,00;0,00;0,00;0,00;0,00;0,00;0,00;0,00;0,00;0,00;6892201;RONDAVE LTDA;;;145;3;2038;10;302;3.3.90.39.73.00.00.00;1.600.000.0000;33903900000000;0,00;0,00;8.480,00;MANUTENÇÃO DO PROGRAMA DE ATENÇÃO DOMICILIAR;OUTROS SERVIÇOS DE TERCEIROS - PESSOA JURÍDICA
Especificação: ;;EMPENHO ESTIMATIVO PARA COBRIR DESPESAS COM CONTRATAÇÃO DE EMPRESA NA PRESTAÇÃO DE SERVIÇOS DE LOCAÇÃO DE VEÍCULOS, SEM MOTORISTAS E SEM FORNECIMENTO DE COMBUSTÍVEL, COM QULOMETRAGEM LIVRE, PARA ATENDER AO PROGRAMA DE ATENCAO DOMICILIAR, PREGÃO ELETRONICO Nº 096/2024 - PRC. LICITATORIO 121/2024, CONTRATO 019/2025, PARA O PERIODO DE JANEIRO A FEVEREIRO DE 2026, CONFORME OFICIO 010/2026-TS-SESAP E SF Nº 45/2025-SC-SESAP.;;;;;;;;;;;;;;;;;;;;;;;;;;;;;;;;;;;;;
713;FUNDO MUNICIPAL DE SAÚDE DE BARBACENA;;30419764;176;2026;ESTIMATIVO;121;2024;EMPENHO ESTIMATIVO PARA COBRIR DESPESAS COM CONTRATAÇÃO DE EMPRESA NA PRESTAÇÃO DE SERVIÇOS DE LOCAÇÃO DE VEÍCULOS, SEM MOTORISTAS E SEM FORNECIMENTO DE COMBUSTÍVEL, COM QULOMETRAGEM LIVRE, PARA ATENDER AO SETOR DE TRANPORTE DA SESAP, PREGÃO ELETRONICO Nº 096/2024 - PRC. LICITATORIO 121/2024, CONTRATO 019/2025, PARA O PERIODO DE JANEIRO A FEVEREIRO DE 2026, CONFORME OFICIO 010/2026-TS-SESAP E SF Nº 46/2025-SC-SESAP.;02/01/26 00:00;58.486,00;0,00;0,00;0,00;0,00;0,00;0,00;0,00;0,00;0,00;0,00;0,00;6892201;RONDAVE LTDA;;;130;3;2015;10;302;3.3.90.39.73.00.00.00;2.621.000.0000;33903900000000;0,00;0,00;58.486,00;MANUTENÇAO DO TRANSPORTE DE SAÚDE;OUTROS SERVIÇOS DE TERCEIROS - PESSOA JURÍDICA
Especificação: ;;EMPENHO ESTIMATIVO PARA COBRIR DESPESAS COM CONTRATAÇÃO DE EMPRESA NA PRESTAÇÃO DE SERVIÇOS DE LOCAÇÃO DE VEÍCULOS, SEM MOTORISTAS E SEM FORNECIMENTO DE COMBUSTÍVEL, COM QULOMETRAGEM LIVRE, PARA ATENDER AO SETOR DE TRANPORTE DA SESAP, PREGÃO ELETRONICO Nº 096/2024 - PRC. LICITATORIO 121/2024, CONTRATO 019/2025, PARA O PERIODO DE JANEIRO A FEVEREIRO DE 2026, CONFORME OFICIO 010/2026-TS-SESAP E SF Nº 46/2025-SC-SESAP.;;;;;;;;;;;;;;;;;;;;;;;;;;;;;;;;;;;;;
713;FUNDO MUNICIPAL DE SAÚDE DE BARBACENA;;30419767;177;2026;ESTIMATIVO;121;2024;EMPENHO ESTIMATIVO PARA COBRIR DESPESAS COM CONTRATAÇÃO DE EMPRESA NA PRESTAÇÃO DE SERVIÇOS DE LOCAÇÃO DE VEÍCULOS, SEM MOTORISTAS E SEM FORNECIMENTO DE COMBUSTÍVEL, COM QULOMETRAGEM LIVRE, PARA ATENDER A REDE DE ATENCAO PSICOSSOCIAL - RAPS, PREGÃO ELETRONICO Nº 096/2024 - PRC. LICITATORIO 121/2024, CONTRATO 019/2025, PARA O PERIODO DE JANEIRO A FEVEREIRO DE 2026, CONFORME OFICIO 010/2026-TS-SESAP E SF Nº 47/2025-SC-SESAP.;02/01/26 00:00;21.200,00;0,00;0,00;0,00;0,00;0,00;0,00;0,00;0,00;0,00;0,00;0,00;6892201;RONDAVE LTDA;;;202;3;2642;10;302;3.3.90.39.73.00.00.00;2.621.000.0000;33903900000000;0,00;0,00;21.200,00;MANUTENÇÃO DA REDE DE ATENÇÃO PSICOSSOCIAL - RAPS;OUTROS SERVIÇOS DE TERCEIROS - PESSOA JURÍDICA
Especificação: ;;EMPENHO ESTIMATIVO PARA COBRIR DESPESAS COM CONTRATAÇÃO DE EMPRESA NA PRESTAÇÃO DE SERVIÇOS DE LOCAÇÃO DE VEÍCULOS, SEM MOTORISTAS E SEM FORNECIMENTO DE COMBUSTÍVEL, COM QULOMETRAGEM LIVRE, PARA ATENDER A REDE DE ATENCAO PSICOSSOCIAL - RAPS, PREGÃO ELETRONICO Nº 096/2024 - PRC. LICITATORIO 121/2024, CONTRATO 019/2025, PARA O PERIODO DE JANEIRO A FEVEREIRO DE ;;;;;;;;;;;;;;;;;;;;;;;;;;;;;;;;;;;;;
;;2026, CONFORME OFICIO 010/2026-TS-SESAP E SF Nº 47/2025-SC-SESAP.;;;;;;;;;;;;;;;;;;;;;;;;;;;;;;;;;;;;;
713;FUNDO MUNICIPAL DE SAÚDE DE BARBACENA;;30767414;178;2026;ESTIMATIVO;73;2025;EMPENHO ESTIMATIVO PARA COBRIR DESPESAS COM A CONTRATACAO DE EMPRESA ESPECIALIZADA NA RECARGA/PERDIODICA DE NITROGENIO LIQUIDO E BOTIJAO ( GALAO/CONTAINER ) CRIOGENICO COM CAPACIDADE DE 20 LITROS PARA NITROGENIO LIQUIDO, PARA ATENDER AO CEM DA SESAP, PREGAO Nº 017/2025, PRC. Nº 073/2025, CONTRATO Nº 100/2025, PARA O PERIODO DE JANEIRO A SETEMBRO DE 2026, CONFORME OFICIO 002/2026-CEM E SF. 63/2026-SC-SESAP.;02/01/26 00:00;2.884,00;0,00;0,00;0,00;0,00;0,00;0,00;0,00;0,00;0,00;0,00;0,00;2334794;DANILO APARECIDO BORELLA;;;222;3;2685;10;302;3.3.90.30.04.00.00.00;2.621.000.0000;33903000000000;0,00;0,00;2.884,00;MANUTENÇÃO DO CEM;MATERIAL DE CONSUMO
Especificação: ;;EMPENHO ESTIMATIVO PARA COBRIR DESPESAS COM A CONTRATACAO DE EMPRESA ESPECIALIZADA NA RECARGA/PERDIODICA DE NITROGENIO LIQUIDO E BOTIJAO ( GALAO/CONTAINER ) CRIOGENICO COM CAPACIDADE DE 20 LITROS PARA NITROGENIO LIQUIDO, PARA ATENDER AO CEM DA SESAP, PREGAO Nº 017/2025, PRC. Nº 073/2025, CONTRATO Nº 100/2025, PARA O PERIODO DE JANEIRO A SETEMBRO DE 2026, CONFORME OFICIO 002/2026-CEM E SF. 63/2026-SC-SESAP.;;;;;;;;;;;;;;;;;;;;;;;;;;;;;;;;;;;;;
713;FUNDO MUNICIPAL DE SAÚDE DE BARBACENA;;30702851;179;2026;ESTIMATIVO;78;2022;EMPENHO ESTIMATIVO PARA COBRIR DESPESAS COM A CONTRATACAO DE EMPRESA PARA O FORNECIMENTO DE GENEROS ALIMENTICIOS PERECIVEIS E NAO PERECIVEIS - LANCHES - PARA ATENDER AO SISTEMA DE IMUNIZACAO DA SESAP, PREGAO Nº 053/2022, PRC. Nº 078/2022, QUARTO TERMO ADITIVO AO CONTRATO Nº 214/2022, PARA OS MESES DE  JANEIRO A MAIO DE 2026, CONFORME OFICIO 96/2026-SB-DAS E SF. 108/2026-SC-SESAP.;02/01/26 00:00;3.011,00;0,00;0,00;0,00;0,00;0,00;0,00;0,00;0,00;0,00;0,00;0,00;1548959;PANIFICADORA LAGUARDIA LTDA;8417;4;293;4;2034;10;305;3.3.90.39.27.00.00.00;2.621.000.0000;33903900000000;0,00;0,00;3.011,00;MANUTENÇÃO DO SISTEMA DE IMUNIZAÇÃO;OUTROS SERVIÇOS DE TERCEIROS - PESSOA JURÍDICA
Especificação: ;;EMPENHO ESTIMATIVO PARA COBRIR DESPESAS COM A CONTRATACAO DE EMPRESA PARA O FORNECIMENTO DE GENEROS ALIMENTICIOS PERECIVEIS E NAO PERECIVEIS - LANCHES - PARA ATENDER AO SISTEMA DE IMUNIZACAO DA SESAP, PREGAO Nº 053/2022, PRC. Nº 078/2022, QUARTO TERMO ADITIVO AO CONTRATO Nº 214/2022, PARA OS MESES DE  JANEIRO A MAIO DE 2026, CONFORME OFICIO 96/2026-SB-DAS E SF. 108/2026-SC-SESAP.;;;;;;;;;;;;;;;;;;;;;;;;;;;;;;;;;;;;;
713;FUNDO MUNICIPAL DE SAÚDE DE BARBACENA;;30294245;18;2026;ESTIMATIVO;0;0;EMPENHO ESTIMATIVO PARA COBRIR DESPESAS COM O PROCESSAMENTO SIA-SIH/SUS, FONTE DE RECURSO MAC/FAEC - ESTADUAL, TERMO ADITIVO AO CONTRATO 001/2022, PRC. 0153/2022, IL. 003/2022, PARA O PERIODO DE JANEIRO A JUNHO  DE 2026, CONFORME OFICIO 006/2026-DAE-SESAP.;02/01/26 00:00;3.028.325,40;0,00;0,00;0,00;0,00;0,00;0,00;0,00;0,00;0,00;0,00;0,00;1556314;SANTA CASA DE MISERICORDIA DE BARBACENA;;;209;3;2654;10;302;3.3.90.39.36.00.00.00;1.621.000.0000;33903900000000;0,00;0,00;3.028.325,40;MANUTENÇÃO DA REDE DE ATENÇÃO ESPECIALIZADA;OUTROS SERVIÇOS DE TERCEIROS - PESSOA JURÍDICA
Especificação: ;;EMPENHO ESTIMATIVO PARA COBRIR DESPESAS COM O PROCESSAMENTO SIA-SIH/SUS, FONTE DE RECURSO MAC/FAEC - ESTADUAL, TERMO ADITIVO AO CONTRATO 001/2022, PRC. 0153/2022, IL. 003/2022, PARA O PERIODO DE JANEIRO A JUNHO  DE 2026, CONFORME OFICIO 006/2026-DAE-SESAP.;;;;;;;;;;;;;;;;;;;;;;;;;;;;;;;;;;;;;
713;FUNDO MUNICIPAL DE SAÚDE DE BARBACENA;;30702854;180;2026;ESTIMATIVO;78;2022;EMPENHO ESTIMATIVO PARA COBRIR DESPESAS COM A CONTRATACAO DE EMPRESA PARA O FORNECIMENTO DE GENEROS ALIMENTICIOS PERECIVEIS E NAO PERECIVEIS - LANCHES - PARA ATENDER A REDE DE ATENCAO PRIMARIA A SAUDE DA SESAP, PREGAO Nº 053/2022, PRC. Nº 078/2022, QUARTO TERMO ADITIVO AO CONTRATO Nº 214/2022, PARA OS MESES DE  JANEIRO A MAIO DE 2026, CONFORME OFICIO 96/2026-SB-DAS E SF. 109/2026-SC-SESAP.;02/01/26 00:00;8.515,00;0,00;0,00;0,00;0,00;0,00;0,00;0,00;0,00;0,00;0,00;0,00;1548959;PANIFICADORA LAGUARDIA LTDA;8417;4;89;2;2025;10;301;3.3.90.39.27.00.00.00;2.621.000.0000;33903900000000;0,00;0,00;8.515,00;MANUTENÇÃO DA REDE DE ATENÇÃO PRIMÁRIA;OUTROS SERVIÇOS DE TERCEIROS - PESSOA JURÍDICA
Especificação: ;;EMPENHO ESTIMATIVO PARA COBRIR DESPESAS COM A CONTRATACAO DE EMPRESA PARA O FORNECIMENTO DE GENEROS ALIMENTICIOS PERECIVEIS E NAO PERECIVEIS - LANCHES - PARA ATENDER A REDE DE ATENCAO PRIMARIA A SAUDE DA SESAP, PREGAO Nº 053/2022, PRC. Nº 078/2022, QUARTO TERMO ADITIVO AO CONTRATO Nº 214/2022, PARA OS MESES DE  JANEIRO A MAIO DE 2026, CONFORME OFICIO 96/2026-SB-DAS E SF. 109/2026-SC-SESAP.;;;;;;;;;;;;;;;;;;;;;;;;;;;;;;;;;;;;;
713;FUNDO MUNICIPAL DE SAÚDE DE BARBACENA;;30702855;181;2026;ESTIMATIVO;78;2022;EMPENHO ESTIMATIVO PARA COBRIR DESPESAS COM A CONTRATACAO DE EMPRESA PARA O FORNECIMENTO DE GENEROS ALIMENTICIOS PERECIVEIS E NAO PERECIVEIS - LANCHES - PARA ATENDER A REDE DE ATENCAO PSICOSSOCIAL - RAPS, PREGAO Nº 053/2022, PRC. Nº 078/2022, QUARTO TERMO ADITIVO AO CONTRATO Nº 214/2022, PARA OS MESES DE  JANEIRO A MAIO DE 2026, CONFORME OFICIO 96/2026-SB-DAS E SF. 110/2026-SC-SESAP.;02/01/26 00:00;3.000,00;0,00;0,00;0,00;0,00;0,00;0,00;0,00;0,00;0,00;0,00;0,00;1548959;PANIFICADORA LAGUARDIA LTDA;8417;4;202;3;2642;10;302;3.3.90.39.27.00.00.00;2.621.000.0000;33903900000000;0,00;0,00;3.000,00;MANUTENÇÃO DA REDE DE ATENÇÃO PSICOSSOCIAL - RAPS;OUTROS SERVIÇOS DE TERCEIROS - PESSOA JURÍDICA
Especificação: ;;EMPENHO ESTIMATIVO PARA COBRIR DESPESAS COM A CONTRATACAO DE EMPRESA PARA O FORNECIMENTO DE GENEROS ALIMENTICIOS PERECIVEIS E NAO PERECIVEIS - LANCHES - PARA ATENDER A REDE DE ATENCAO PSICOSSOCIAL - RAPS, PREGAO Nº 053/2022, PRC. Nº 078/2022, QUARTO TERMO ADITIVO AO CONTRATO Nº 214/2022, PARA OS MESES DE  JANEIRO A MAIO DE 2026, CONFORME OFICIO 96/2026-SB-DAS E SF. 110/2026-SC-SESAP.;;;;;;;;;;;;;;;;;;;;;;;;;;;;;;;;;;;;;
713;FUNDO MUNICIPAL DE SAÚDE DE BARBACENA;;30702856;182;2026;ESTIMATIVO;78;2022;EMPENHO ESTIMATIVO PARA COBRIR DESPESAS COM A CONTRATACAO DE EMPRESA PARA O FORNECIMENTO DE GENEROS ALIMENTICIOS PERECIVEIS E NAO PERECIVEIS - LANCHES - PARA ATENDER AO CONTROLE SOCIAL DA SESAP, PREGAO Nº 053/2022, PRC. Nº 078/2022, QUARTO TERMO ADITIVO AO CONTRATO Nº 214/2022, PARA OS MESES DE  JANEIRO A MAIO DE 2026, CONFORME OFICIO 96/2026-SB-DAS E SF. 111/2026-SC-SESAP.;02/01/26 00:00;2.993,90;0,00;0,00;0,00;0,00;0,00;0,00;0,00;0,00;0,00;0,00;0,00;1548959;PANIFICADORA LAGUARDIA LTDA;8417;4;11;6;2022;10;122;3.3.90.39.27.00.00.00;1.500.000.1002;33903900000000;0,00;0,00;2.993,90;MANUTENÇAO DO CONTROLE SOCIAL;OUTROS SERVIÇOS DE TERCEIROS - PESSOA JURÍDICA
Especificação: ;;EMPENHO ESTIMATIVO PARA COBRIR DESPESAS COM A CONTRATACAO DE EMPRESA PARA O FORNECIMENTO DE GENEROS ALIMENTICIOS PERECIVEIS E NAO PERECIVEIS - LANCHES - PARA ATENDER AO CONTROLE SOCIAL DA SESAP, PREGAO Nº 053/2022, PRC. Nº 078/2022, QUARTO TERMO ADITIVO AO CONTRATO Nº 214/2022, PARA OS MESES DE  JANEIRO A MAIO DE 2026, CONFORME OFICIO 96/2026-SB-DAS E SF. 111/2026-SC-SESAP.;;;;;;;;;;;;;;;;;;;;;;;;;;;;;;;;;;;;;
713;FUNDO MUNICIPAL DE SAÚDE DE BARBACENA;;30702857;183;2026;ESTIMATIVO;78;2022;EMPENHO ESTIMATIVO PARA COBRIR DESPESAS COM A CONTRATACAO DE EMPRESA PARA O FORNECIMENTO DE GENEROS ALIMENTICIOS PERECIVEIS E NAO PERECIVEIS - LANCHES - PARA ATENDER AO CEREST DA SESAP, PREGAO Nº 053/2022, PRC. Nº 078/2022, QUARTO TERMO ADITIVO AO CONTRATO Nº 214/2022, PARA OS MESES DE  JANEIRO A MAIO DE 2026, CONFORME OFICIO 96/2026-SB-DAS E SF. 112/2026-SC-SESAP.;02/01/26 00:00;1.718,75;0,00;0,00;0,00;0,00;0,00;0,00;0,00;0,00;0,00;0,00;0,00;1548959;PANIFICADORA LAGUARDIA LTDA;8417;4;121;3;2008;10;302;3.3.90.39.27.00.00.00;2.621.000.0000;33903900000000;0,00;0,00;1.718,75;MANUTENÇÃO DO CEREST;OUTROS SERVIÇOS DE TERCEIROS - PESSOA JURÍDICA
;;EMPENHO ESTIMATIVO PARA COBRIR DESPESAS COM A CONTRATACAO DE EMPRESA PARA O FORNECIMENTO DE GENEROS ALIMENTICIOS PERECIVEIS E NAO PERECIVEIS - LANCHES - PARA ATENDER AO CEREST DA SESAP, PREGAO Nº 053/2022, PRC. Nº 078/2022, QUARTO TERMO ADITIVO AO CONTRATO Nº 214/2022, PARA OS MESES DE  JANEIRO A MAIO DE 2026, CONFORME OFICIO 96/2026-SB-DAS E SF. 112/2026-SC-SESAP.;;;;;;;;;;;;;;;;;;;;;;;;;;;;;;;;;;;;;
713;FUNDO MUNICIPAL DE SAÚDE DE BARBACENA;;30401629;184;2026;ESTIMATIVO;36;2025;EMPENHO ESTIMATIVO PARA COBRIR DESPESAS COM A CONTRATACAO DE EMPRESA ESPECIALIZADA, PARA A PRESTACAO DE SERVICOS DE ANALISE DA QUALIDADE DA AGUA QUANTO A SUA POTABILIDADE PARA CONSUMO HUMANO, PARA ATENDER AS DEMANDAS DA VIGILANCIA AMBIENTAL DA SECRETARIA MUNICIAPL DE SAUDE, VIGILANCIA EPIDEMIOLOGICA, PARA O PERIODO DE JANEIRO A SETEMBRO DE 2026, CONFORME OFICIO 01/2026-DAS-CVC-CCE E SF. 029/2026-SC-SESAP.;02/01/26 00:00;28.500,00;0,00;0,00;0,00;0,00;0,00;0,00;0,00;0,00;0,00;0,00;0,00;7560944;CELASA ANALISES LTDA;12330;7;265;4;2010;10;305;3.3.90.39.99.00.00.00;2.621.000.0000;33903900000000;0,00;0,00;28.500,00;MANUTENÇAO DA VIGILÂNCIA EPIDEMIOLÓGICA;OUTROS SERVIÇOS DE TERCEIROS - PESSOA JURÍDICA
Especificação: ;;EMPENHO ESTIMATIVO PARA COBRIR DESPESAS COM A CONTRATACAO DE EMPRESA ESPECIALIZADA, PARA A PRESTACAO DE SERVICOS DE ANALISE DA QUALIDADE DA AGUA QUANTO A SUA POTABILIDADE PARA CONSUMO HUMANO, PARA ATENDER AS DEMANDAS DA VIGILANCIA AMBIENTAL DA SECRETARIA MUNICIAPL DE SAUDE, VIGILANCIA EPIDEMIOLOGICA, PARA O PERIODO DE JANEIRO A SETEMBRO DE 2026, CONFORME OFICIO 01/2026-DAS-CVC-CCE E SF. 029/2026-SC-SESAP.;;;;;;;;;;;;;;;;;;;;;;;;;;;;;;;;;;;;;
713;FUNDO MUNICIPAL DE SAÚDE DE BARBACENA;;30401649;185;2026;ESTIMATIVO;36;2025;EMPENHO ESTIMATIVO PARA COBRIR DESPESAS COM A CONTRATACAO DE EMPRESA ESPECIALIZADA, PARA A PRESTACAO DE SERVICOS DE ANALISE DA QUALIDADE DA AGUA QUANTO A SUA POTABILIDADE PARA CONSUMO HUMANO, PARA ATENDER AS DEMANDAS DA VIGILANCIA AMBIENTAL DA SECRETARIA MUNICIAPL DE SAUDE, VIGILANCIA AMBIENTAL E ACOES DE CONTROLE DE ZOONOSES, PARA O PERIODO DE JANEIRO A SETEMBRO DE 2026, CONFORME OFICIO 01/2026-DAS-CVC-CCE E SF. 030/2026-SC-SESAP.;02/01/26 00:00;9.500,00;0,00;0,00;0,00;0,00;0,00;0,00;0,00;0,00;0,00;0,00;0,00;7560944;CELASA ANALISES LTDA;12330;7;286;4;2028;10;305;3.3.90.39.99.00.00.00;2.621.000.0000;33903900000000;0,00;0,00;9.500,00;MANUTENÇÃO DA VIGILÂNCIA AMBIENTAL E AÇÕES DE CONTROLE DE ZOONOSES;OUTROS SERVIÇOS DE TERCEIROS - PESSOA JURÍDICA
Especificação: ;;EMPENHO ESTIMATIVO PARA COBRIR DESPESAS COM A CONTRATACAO DE EMPRESA ESPECIALIZADA, PARA A PRESTACAO DE SERVICOS DE ANALISE DA QUALIDADE DA AGUA QUANTO A SUA POTABILIDADE PARA CONSUMO HUMANO, PARA ATENDER AS DEMANDAS DA VIGILANCIA AMBIENTAL DA SECRETARIA MUNICIAPL DE SAUDE, VIGILANCIA AMBIENTAL E ACOES DE CONTROLE DE ZOONOSES, PARA O PERIODO DE JANEIRO A SETEMBRO DE 2026, CONFORME OFICIO 01/2026-DAS-CVC-CCE E SF. 030/2026-SC-SESAP.;;;;;;;;;;;;;;;;;;;;;;;;;;;;;;;;;;;;;
713;FUNDO MUNICIPAL DE SAÚDE DE BARBACENA;;30678498;186;2026;GLOBAL;110;2024;EMPENHO GLOBAL PARA COBRIR DESPESAS COM A CONTRATACAO DE EMPRESA ESPECIALIZADA PARA A CONSTRUCAO DE IMOVEL QUE FUNCIONARA O PONTO DE APOIO - UBS - DA COMUNIDADE PONTO CHIQUE DO MARTELO, NO ENDERECO RODOVIA MG 338, KM 28, DISTRITO DO PONTO CHIQUE DO MARTELO, PARA ATENDER A REDE DE ATENCAO PRIMARIA A SAUDE DA SESAP, CONCORRENCIA Nº 028/2024, PRC. Nº 110/2024, CONTRATO Nº 010/2025, VIGENTE ATE 10/02/2026, CONFORME OFICIO 026/2026 E SF. 95/2026-SC-SESAP.;02/01/26 00:00;22.153,94;0,00;0,00;0,00;0,00;0,00;0,00;0,00;0,00;0,00;0,00;0,00;5575439;JK CONSTRUCAO PAI E FILHO LTDA;13004401;5;79;2;1288;10;301;4.4.90.51.01.00.00.00;2.600.000.0000;44905100000000;0,00;0,00;22.153,94;CONSTRUÇAO, REFORMA, READEQUAÇAO E AMPLIAÇAO DE UBS;OBRAS E INSTALAÇÕES
Especificação: ;;EMPENHO GLOBAL PARA COBRIR DESPESAS COM A CONTRATACAO DE EMPRESA ESPECIALIZADA PARA A CONSTRUCAO DE IMOVEL QUE FUNCIONARA O PONTO DE APOIO - UBS - DA COMUNIDADE PONTO CHIQUE DO MARTELO, NO ENDERECO RODOVIA MG 338, KM 28, DISTRITO DO PONTO CHIQUE DO MARTELO, PARA ATENDER A REDE DE ATENCAO PRIMARIA A SAUDE DA SESAP, CONCORRENCIA Nº 028/2024, PRC. Nº 110/2024, CONTRATO Nº 010/2025, VIGENTE ATE 10/02/2026, CONFORME OFICIO 026/2026 E SF. 95/2026-SC-SESAP.;;;;;;;;;;;;;;;;;;;;;;;;;;;;;;;;;;;;;
713;FUNDO MUNICIPAL DE SAÚDE DE BARBACENA;;30678392;187;2026;GLOBAL;111;2024;EMPENHO GLOBAL PARA COBRIR DESPESAS COM A CONTRATACAO DE EMPRESA ESPECIALIZADA PARA A CONSTRUCAO DE IMOVEL QUE FUNCIONARA O PONTO DE APOIO DA COMUNIDADE DO GALEGO, NO ENDERECO RUA LAURITA TORQUETE, S/Nº, DISTRITO DO GALEGO, PARA ATENDER A REDE DE ATENCAO PRIMARIA A SAUDE DA SESAP, CONCORRENCIA Nº 029/2024, PRC. Nº 111/2024,1º TERMO ADITIVO AO CONTRATO Nº 006/2025, VIGENTE ATE 27/01/2026, CONFORME OFICIO 025/2026 E SF. 92/2026-SC-SESAP.;02/01/26 00:00;27.595,37;0,00;0,00;0,00;0,00;0,00;0,00;0,00;0,00;0,00;0,00;0,00;5575439;JK CONSTRUCAO PAI E FILHO LTDA;13004401;5;79;2;1288;10;301;4.4.90.51.01.00.00.00;2.600.000.0000;44905100000000;0,00;0,00;27.595,37;CONSTRUÇAO, REFORMA, READEQUAÇAO E AMPLIAÇAO DE UBS;OBRAS E INSTALAÇÕES
Especificação: ;;EMPENHO GLOBAL PARA COBRIR DESPESAS COM A CONTRATACAO DE EMPRESA ESPECIALIZADA PARA A CONSTRUCAO DE IMOVEL QUE FUNCIONARA O PONTO DE APOIO DA COMUNIDADE DO GALEGO, NO ENDERECO RUA LAURITA TORQUETE, S/Nº, DISTRITO DO GALEGO, PARA ATENDER A REDE DE ATENCAO PRIMARIA A SAUDE DA SESAP, CONCORRENCIA Nº 029/2024, PRC. Nº 111/2024,1º TERMO ADITIVO AO CONTRATO Nº 006/2025, VIGENTE ATE 27/01/2026, CONFORME OFICIO 025/2026 E SF. 92/2026-SC-SESAP.;;;;;;;;;;;;;;;;;;;;;;;;;;;;;;;;;;;;;
713;FUNDO MUNICIPAL DE SAÚDE DE BARBACENA;;31064517;188;2026;GLOBAL;0;0;EMPENHO GLOBAL PARA COBRIR DESPESAS COM LOCACAO DE IMOVEL, PARA FINS NAO RESIDENCIAIS, SITUADO NA RUA RIO DE JANEIRO, Nº 32, CENTRO, BARBACENA/MG, PARA ATENDER AS INSTALACOES DO CENTRO DE ATENCAO PSOCOSSOCIAL - CAPS III, DL. 027/2022, PRC. 182/2022, 3º TERMO ADITIVO AO CONTATO 232/2022, PARA O MESES DE JANEIRO A NOVEMBRO DE 2026, CONFORME OFICIO 04/2026-CAPS III-SESAP.;02/01/26 00:00;53.985,80;0,00;0,00;0,00;0,00;0,00;0,00;0,00;0,00;0,00;0,00;0,00;2186224;ACJ IMOVEIS LTDA;700114;7;202;3;2642;10;302;3.3.90.39.10.00.00.00;2.621.000.0000;33903900000000;0,00;0,00;53.985,80;MANUTENÇÃO DA REDE DE ATENÇÃO PSICOSSOCIAL - RAPS;OUTROS SERVIÇOS DE TERCEIROS - PESSOA JURÍDICA
Especificação: ;;EMPENHO GLOBAL PARA COBRIR DESPESAS COM LOCACAO DE IMOVEL, PARA FINS NAO RESIDENCIAIS, SITUADO NA RUA RIO DE JANEIRO, Nº 32, CENTRO, BARBACENA/MG, PARA ATENDER AS INSTALACOES DO CENTRO DE ATENCAO PSOCOSSOCIAL - CAPS III, DL. 027/2022, PRC. 182/2022, 3º TERMO ADITIVO AO CONTATO 232/2022, PARA O MESES DE JANEIRO A NOVEMBRO DE 2026, CONFORME OFICIO 04/2026-CAPS III-SESAP.;;;;;;;;;;;;;;;;;;;;;;;;;;;;;;;;;;;;;
713;FUNDO MUNICIPAL DE SAÚDE DE BARBACENA;;31080564;189;2026;GLOBAL;126;2024;EMPENHO GLOBAL PARA COBRIR DESPESAS COM LOCACAO DE IMOVEL, PARA FINS NAO RESIDENCIAIS, SITUADO NA RUA FRANCISCO SA, Nº 153, CENTRO NA CIDADE DE BARBACENA/MG, QUE ABRIGARA AS INSTALACOES DO CAPS AD - CENTRO DE ASSISTENCIA PSICOSSOCIAL ALCOOL E DROGAS, EM ATENDIMENTO AO CENTRO DE ATENCAO PSICOSSOCIAL - RAPS DA SESAP, IL. 082/2024, PRC. 126/2024, TERMO ADITIVO AO CONTRATO Nº 118/2024, PARA O PERIODO DE JANEIRO A 02/09/2026, CONFORME OFICIO SF. 39/2026-SC-SESAP.;02/01/26 00:00;108.627,82;0,00;0,00;0,00;0,00;0,00;0,00;0,00;0,00;0,00;0,00;0,00;6245962;RAPENTE E GUIMARAES NEGOCIOS IMOBILIARIOS LTDA.;;;202;3;2642;10;302;3.3.90.39.10.00.00.00;2.621.000.0000;33903900000000;0,00;0,00;108.627,82;MANUTENÇÃO DA REDE DE ATENÇÃO PSICOSSOCIAL - RAPS;OUTROS SERVIÇOS DE TERCEIROS - PESSOA JURÍDICA
Especificação: ;;EMPENHO GLOBAL PARA COBRIR DESPESAS COM LOCACAO DE IMOVEL, PARA FINS NAO RESIDENCIAIS, SITUADO NA RUA FRANCISCO SA, Nº 153, CENTRO NA CIDADE DE BARBACENA/MG, QUE ABRIGARA AS INSTALACOES DO CAPS AD - CENTRO DE ASSISTENCIA PSICOSSOCIAL ALCOOL E DROGAS, EM ATENDIMENTO AO CENTRO DE ATENCAO PSICOSSOCIAL - RAPS DA SESAP, IL. 082/2024, PRC. 126/2024, TERMO ADITIVO AO CONTRATO Nº 118/2024, PARA O PERIODO DE JANEIRO A 02/09/2026, CONFORME OFICIO SF. 39/2026-SC-SESAP.;;;;;;;;;;;;;;;;;;;;;;;;;;;;;;;;;;;;;
713;FUNDO MUNICIPAL DE SAÚDE DE BARBACENA;;30295554;19;2026;ESTIMATIVO;0;0;LIBERACAO DE PAGTO PARA COBRIR DESPESAS COM O PROCESSAMENTO SIA-SIH/SUS, FONTE DE RECURSO MAC/FAEC - FEDERAL, PRC. Nº 003/2025, IL. Nº 003 003/2025, CONTRATO DE CREDENCIAMENTO Nº 127/2025, PARA O PERIODO DE JANEIRO A SETEMBRO DE 2026, CONFORME OFICIO 006/2026-DAE-SESAP.;02/01/26 00:00;5.430.786,57;0,00;0,00;0,00;0,00;0,00;0,00;0,00;0,00;0,00;0,00;0,00;1556322;PRO-RENAL CENTRO DE NEFROLOGIA LTDA;;;209;3;2654;10;302;3.3.90.39.36.00.00.00;1.600.000.0000;33903900000000;0,00;0,00;5.430.786,57;MANUTENÇÃO DA REDE DE ATENÇÃO ESPECIALIZADA;OUTROS SERVIÇOS DE TERCEIROS - PESSOA JURÍDICA
Especificação: ;;LIBERACAO DE PAGTO PARA COBRIR DESPESAS COM O PROCESSAMENTO SIA-SIH/SUS, FONTE DE RECURSO MAC/FAEC - FEDERAL, PRC. Nº 003/2025, IL. Nº 003 003/2025, CONTRATO DE CREDENCIAMENTO Nº 127/2025, PARA O PERIODO DE JANEIRO A SETEMBRO DE 2026, CONFORME OFICIO 006/2026-DAE-SESAP.;;;;;;;;;;;;;;;;;;;;;;;;;;;;;;;;;;;;;
713;FUNDO MUNICIPAL DE SAÚDE DE BARBACENA;;30922521;190;2026;ESTIMATIVO;192;2023;EMPENHO ESTIMATIVO PARA COBRIR DESPESAS COM A CONTRATACAO DE SERVICOS DE TRANSPORTE CONTINUO DE PACIENTES COM FORNECIMENTO DE VEICULO E MOTORISTA PROPRIO, PARA ATENDER AO SETOR DE TRANSPORTE DA SESAP, PREGAO 080/2023, PRC. 192/2023, 3º TERMO ADITIVO AO CONTRATO 321/2023, PARA O PERIODO DE JANEIRO A NOVEMBRO DE 2026,  CONFORME OFICIO 007/2026-TS E SF. 4/2026-SC-SESAP. EMPENHO ESTIMATIVO PARCIAL CONFORME DRO Nº 183/2026 E DRF. Nº 144/2026.;02/01/26 00:00;43.654,54;0,00;0,00;0,00;0,00;0,00;0,00;0,00;0,00;0,00;0,00;0,00;3031716;MAGAZINE TEM TUDO LTDA;;;130;3;2015;10;302;3.3.90.39.99.00.00.00;2.621.000.0000;33903900000000;0,00;0,00;43.654,54;MANUTENÇAO DO TRANSPORTE DE SAÚDE;OUTROS SERVIÇOS DE TERCEIROS - PESSOA JURÍDICA
Especificação: ;;EMPENHO ESTIMATIVO PARA COBRIR DESPESAS COM A CONTRATACAO DE SERVICOS DE TRANSPORTE CONTINUO DE PACIENTES COM FORNECIMENTO DE VEICULO E MOTORISTA PROPRIO, PARA ATENDER AO SETOR DE TRANSPORTE DA SESAP, PREGAO 080/2023, PRC. 192/2023, 3º TERMO ADITIVO AO CONTRATO 321/2023, PARA O PERIODO DE JANEIRO A NOVEMBRO DE 2026,  CONFORME OFICIO 007/2026-TS E SF. 4/2026-SC-SESAP. EMPENHO ESTIMATIVO PARCIAL CONFORME DRO Nº 183/2026 E DRF. Nº 144/2026.;;;;;;;;;;;;;;;;;;;;;;;;;;;;;;;;;;;;;
713;FUNDO MUNICIPAL DE SAÚDE DE BARBACENA;;31015024;191;2026;ESTIMATIVO;192;2023;EMPENHO ESTIMATIVO PARA COBRIR DESPESAS COM A CONTRATACAO DE SERVICOS DE TRANSPORTE CONTINUO DE PACIENTES COM FORNECIMENTO DE VEICULO E MOTORISTA PROPRIO, PARA ATENDER  AO SETOR DE TRANSPORTE DA SESAP ( TRANSPORTE DE PACIENTE FORA DO DOMICILIO BARBACENA - BELO HORIZONTE ), PREGAO 080/2023, PROCESSO 192/2023, 4º TERMO ADITIVO AO CONTRATO 320/2023, PARA OS MESES DE JANEIRO A NOVEMBRO DE 2026, CONFORME OFICIO 005/2026-TS E SF. 40/2026-SC-SESAP. EMPENHO ESTIMATIVO PARCIAL CONFORME DRO º 184/2026 E DRF. Nº 145/2026.;02/01/26 00:00;73.636,36;0,00;0,00;0,00;0,00;0,00;0,00;0,00;0,00;0,00;0,00;0,00;1546432;FRANCIELLY CRISTINA DE MELO ASSIS;;;130;3;2015;10;302;3.3.90.39.99.00.00.00;2.621.000.0000;33903900000000;0,00;0,00;73.636,36;MANUTENÇAO DO TRANSPORTE DE SAÚDE;OUTROS SERVIÇOS DE TERCEIROS - PESSOA JURÍDICA
Especificação: ;;EMPENHO ESTIMATIVO PARA COBRIR DESPESAS COM A CONTRATACAO DE SERVICOS DE TRANSPORTE CONTINUO DE PACIENTES COM FORNECIMENTO DE VEICULO E MOTORISTA PROPRIO, PARA ATENDER  AO SETOR DE TRANSPORTE DA SESAP ( TRANSPORTE DE PACIENTE FORA DO DOMICILIO BARBACENA - BELO HORIZONTE ), PREGAO 080/2023, PROCESSO 192/2023, 4º TERMO ADITIVO AO CONTRATO 320/2023, PARA OS MESES DE JANEIRO A NOVEMBRO DE 2026, CONFORME OFICIO 005/2026-TS E SF. 40/2026-SC-SESAP. EMPENHO ESTIMATIVO PARCIAL CONFORME DRO º 184/2026 E DRF. Nº 145/2026.;;;;;;;;;;;;;;;;;;;;;;;;;;;;;;;;;;;;;
713;FUNDO MUNICIPAL DE SAÚDE DE BARBACENA;;30936214;192;2026;ESTIMATIVO;1;2024;EMPENHO ESTIMATIVO PARA COBRIR DESPESAS COM A CONTRATACAO DE EMPRESA  ESPECIALIZADA EM TRANSPORTE E REMOCAO DE PACIENTES ATRAVES DE AMBULANCIAS DOS TIPOS B E D, COM MOTORISTA, MATERIAIS E EQUIPAMENTOS, INSUMOS E EQUIPE DE SAUDE PROPRIOS, EM ATENCAO A PORTARIA Nº 2048/2022 DO MINISTERIO DA SAUDE, EM ATENDIMENTO AO SETOR DE TRANSPORTE DA SESAP, PREGAO Nº 001/2024, PRC. Nº 001/2024, SEGUNDO TERMO ADITIVO AO CONTRATO Nº 116/2024, PARA O PERIODO DE JANEIRO A AGOSTO DE 2026, CONFORME OFICIO 002/2026-TS E SF. 38/2026-SC-SESAP. EMPENHO ESTIMATIVO PARCIAL CONFORME DRO Nº 182/2026 E DRF. Nº 143/2026.;02/01/26 00:00;90.666,80;0,00;0,00;0,00;0,00;0,00;0,00;0,00;0,00;0,00;0,00;0,00;6097088;MEDCALL INTER-HOSPITALAR LTDA;;;130;3;2015;10;302;3.3.90.39.99.00.00.00;2.621.000.0000;33903900000000;0,00;0,00;90.666,80;MANUTENÇAO DO TRANSPORTE DE SAÚDE;OUTROS SERVIÇOS DE TERCEIROS - PESSOA JURÍDICA
Especificação: ;;EMPENHO ESTIMATIVO PARA COBRIR DESPESAS COM A CONTRATACAO DE EMPRESA  ESPECIALIZADA EM TRANSPORTE E REMOCAO DE PACIENTES ATRAVES DE AMBULANCIAS DOS TIPOS B E D, COM MOTORISTA, MATERIAIS E EQUIPAMENTOS, INSUMOS E EQUIPE DE SAUDE PROPRIOS, EM ATENCAO A PORTARIA Nº 2048/2022 DO MINISTERIO DA SAUDE, EM ATENDIMENTO AO SETOR DE TRANSPORTE DA SESAP, PREGAO Nº 001/2024, PRC. Nº 001/2024, SEGUNDO TERMO ADITIVO AO CONTRATO Nº 116/2024, PARA O PERIODO DE JANEIRO A AGOSTO DE 2026, CONFORME OFICIO 002/2026-TS E SF. 38/2026-SC-SESAP. EMPENHO ESTIMATIVO PARCIAL CONFORME DRO Nº 182/2026 E DRF. Nº 143/2026.;;;;;;;;;;;;;;;;;;;;;;;;;;;;;;;;;;;;;
713;FUNDO MUNICIPAL DE SAÚDE DE BARBACENA;;31095184;193;2026;GLOBAL;0;0;EMPENHO GLOBAL PARA COBRIR DESPESAS REFERENTE AO CONTRATO DE CONCESSAO ADMINISTRATIVA Nº 209/2022, EDITAL 001/2022, PRC. Nº 042/2022, MODALIDADE PARCERIA PUBLICO PRIVADA, TENDO COMO OBJETO OS SERVICOS DE EFICINTIZACAO, OPERACAO E MANUTENCAO DA ILUMINACAO PUBLICA, IMPLANTACAO, OPERACAO E MANUTENCAO DA INFRAESTRUTURA DE TELECOMUNICACOES E USINA FOTOVOLTAICA DO MUNICIPIO DE BARBACENA E IMPLANTACAO DOS SERVICOS DE INTERNET DAS EDIFICACOES PUBLICAS ATRAVES DE LINKS DEDICADOS, INTEGRACAO DO SISTEMA DE VIDEOMONITORAMENTO POR CAMERAS INTELIGENTES AO CCO E INSTALACAO DE PONTOS DE ACESSO E WI-FI PUBLICO, PARA ATENDER A REDE DE ATENCAO PSICOSSOCIAL - RAPS (INFRAESTRUTURA DE TELECOMUNICACOES - INSTALACAO DE LINK DEDICADO ), PARA O PERIODO DE JANEIRO A DEZEMBRO DE 2026, CONFORME OFICIO 01/2026-SEMOP-SESAP.;02/01/26 00:00;5.679,24;0,00;0,00;0,00;0,00;0,00;0,00;0,00;0,00;0,00;0,00;0,00;4698476;BARBACENA ILUMINACAO PUBLICA LTDA;;;306;3;2642;10;302;3.3.67.83.00.00.00.00;1.600.000.0000;33678300000000;0,00;0,00;5.679,24;;
Especificação: ;;EMPENHO GLOBAL PARA COBRIR DESPESAS REFERENTE AO CONTRATO DE CONCESSAO ADMINISTRATIVA Nº 209/2022, EDITAL 001/2022, PRC. Nº 042/2022, MODALIDADE PARCERIA PUBLICO PRIVADA, TENDO COMO OBJETO OS SERVICOS DE EFICINTIZACAO, OPERACAO E MANUTENCAO DA ILUMINACAO PUBLICA, IMPLANTACAO, OPERACAO E MANUTENCAO DA INFRAESTRUTURA DE TELECOMUNICACOES E USINA FOTOVOLTAICA DO MUNICIPIO DE BARBACENA E IMPLANTACAO DOS SERVICOS DE INTERNET DAS EDIFICACOES PUBLICAS ATRAVES DE LINKS DEDICADOS, INTEGRACAO DO SISTEMA DE VIDEOMONITORAMENTO POR CAMERAS INTELIGENTES AO CCO E INSTALACAO DE PONTOS DE ACESSO E WI-FI PUBLICO, PARA ATENDER A REDE DE ATENCAO PSICOSSOCIAL - RAPS (INFRAESTRUTURA DE TELECOMUNICACOES - INSTALACAO DE LINK DEDICADO ), PARA O PERIODO DE JANEIRO A DEZEMBRO DE 2026, CONFORME OFICIO 01/2026-SEMOP-SESAP.;;;;;;;;;;;;;;;;;;;;;;;;;;;;;;;;;;;;;
713;FUNDO MUNICIPAL DE SAÚDE DE BARBACENA;;31095342;194;2026;GLOBAL;0;0;EMPENHO GLOBAL PARA COBRIR DESPESAS REFERENTE AO CONTRATO DE CONCESSAO ADMINISTRATIVA Nº 209/2022, EDITAL 001/2022, PRC. Nº 042/2022, MODALIDADE PARCERIA PUBLICO PRIVADA, TENDO COMO OBJETO OS SERVICOS DE EFICINTIZACAO, OPERACAO E MANUTENCAO DA ILUMINACAO PUBLICA, IMPLANTACAO, OPERACAO E MANUTENCAO DA INFRAESTRUTURA DE TELECOMUNICACOES E USINA FOTOVOLTAICA DO MUNICIPIO DE BARBACENA E IMPLANTACAO DOS SERVICOS DE INTERNET DAS EDIFICACOES PUBLICAS ATRAVES DE LINKS DEDICADOS, INTEGRACAO DO SISTEMA DE VIDEOMONITORAMENTO POR CAMERAS INTELIGENTES AO CCO E INSTALACAO DE PONTOS DE ACESSO E WI-FI PUBLICO, PARA ATENDER AO CEM DA SESAP,  (INFRAESTRUTURA DE TELECOMUNICACOES - INSTALACAO DE LINK DEDICADO ), PARA O PERIODO DE JANEIRO A DEZEMBRO DE 2026, CONFORME OFICIO 01/2026-SEMOP-SESAP.;02/01/26 00:00;5.679,24;0,00;0,00;0,00;0,00;0,00;0,00;0,00;0,00;0,00;0,00;0,00;4698476;BARBACENA ILUMINACAO PUBLICA LTDA;;;307;3;2685;10;302;3.3.67.83.00.00.00.00;1.500.000.1002;33678300000000;0,00;0,00;5.679,24;;
Especificação: ;;EMPENHO GLOBAL PARA COBRIR DESPESAS REFERENTE AO CONTRATO DE CONCESSAO ADMINISTRATIVA Nº 209/2022, EDITAL 001/2022, PRC. Nº 042/2022, MODALIDADE PARCERIA PUBLICO PRIVADA, TENDO COMO OBJETO OS SERVICOS DE EFICINTIZACAO, OPERACAO E MANUTENCAO DA ILUMINACAO PUBLICA, IMPLANTACAO, OPERACAO E MANUTENCAO DA INFRAESTRUTURA DE TELECOMUNICACOES E USINA FOTOVOLTAICA DO MUNICIPIO DE BARBACENA E IMPLANTACAO DOS SERVICOS DE INTERNET DAS EDIFICACOES PUBLICAS ATRAVES DE LINKS DEDICADOS, INTEGRACAO DO SISTEMA DE VIDEOMONITORAMENTO POR CAMERAS INTELIGENTES AO CCO E INSTALACAO DE PONTOS DE ACESSO E WI-FI PUBLICO, PARA ATENDER AO CEM DA SESAP,  (INFRAESTRUTURA DE TELECOMUNICACOES - INSTALACAO DE LINK DEDICADO ), PARA O PERIODO DE JANEIRO A DEZEMBRO DE 2026, CONFORME OFICIO 01/2026-SEMOP-SESAP.;;;;;;;;;;;;;;;;;;;;;;;;;;;;;;;;;;;;;
713;FUNDO MUNICIPAL DE SAÚDE DE BARBACENA;;31095417;195;2026;GLOBAL;0;0;EMPENHO GLOBAL PARA COBRIR DESPESAS REFERENTE AO CONTRATO DE CONCESSAO ADMINISTRATIVA Nº 209/2022, EDITAL 001/2022, PRC. Nº 042/2022, MODALIDADE PARCERIA PUBLICO PRIVADA, TENDO COMO OBJETO OS SERVICOS DE EFICINTIZACAO, OPERACAO E MANUTENCAO DA ILUMINACAO PUBLICA, IMPLANTACAO, OPERACAO E MANUTENCAO DA INFRAESTRUTURA DE TELECOMUNICACOES E USINA FOTOVOLTAICA DO MUNICIPIO DE BARBACENA E IMPLANTACAO DOS SERVICOS DE INTERNET DAS EDIFICACOES PUBLICAS ATRAVES DE LINKS DEDICADOS, INTEGRACAO DO SISTEMA DE VIDEOMONITORAMENTO POR CAMERAS INTELIGENTES AO CCO E INSTALACAO DE PONTOS DE ACESSO E WI-FI PUBLICO, PARA ATENDER A ASSISTENCIA FARMACEUTICA DA  SESAP,  (INFRAESTRUTURA DE TELECOMUNICACOES - INSTALACAO DE LINK DEDICADO ), PARA O PERIODO DE JANEIRO A DEZEMBRO DE 2026, CONFORME OFICIO 01/2026-SEMOP-SESAP.;02/01/26 00:00;5.679,24;0,00;0,00;0,00;0,00;0,00;0,00;0,00;0,00;0,00;0,00;0,00;4698476;BARBACENA ILUMINACAO PUBLICA LTDA;;;308;2;2012;10;303;3.3.67.83.00.00.00.00;1.621.000.0000;33678300000000;0,00;0,00;5.679,24;;
Especificação: ;;EMPENHO GLOBAL PARA COBRIR DESPESAS REFERENTE AO CONTRATO DE CONCESSAO ADMINISTRATIVA Nº 209/2022, EDITAL 001/2022, PRC. Nº 042/2022, MODALIDADE PARCERIA PUBLICO PRIVADA, TENDO COMO OBJETO OS SERVICOS DE EFICINTIZACAO, OPERACAO E MANUTENCAO DA ILUMINACAO PUBLICA, IMPLANTACAO, OPERACAO E MANUTENCAO DA INFRAESTRUTURA DE TELECOMUNICACOES E USINA FOTOVOLTAICA DO MUNICIPIO DE BARBACENA E IMPLANTACAO DOS SERVICOS DE INTERNET DAS EDIFICACOES PUBLICAS ATRAVES DE LINKS DEDICADOS, INTEGRACAO DO SISTEMA DE VIDEOMONITORAMENTO POR CAMERAS INTELIGENTES AO CCO E INSTALACAO DE PONTOS DE ACESSO E WI-FI PUBLICO, PARA ATENDER A ASSISTENCIA FARMACEUTICA DA  SESAP,  (INFRAESTRUTURA DE TELECOMUNICACOES - INSTALACAO DE LINK DEDICADO ), PARA O PERIODO DE JANEIRO A DEZEMBRO DE 2026, CONFORME OFICIO 01/2026-SEMOP-SESAP.;;;;;;;;;;;;;;;;;;;;;;;;;;;;;;;;;;;;;
713;FUNDO MUNICIPAL DE SAÚDE DE BARBACENA;;31095449;196;2026;GLOBAL;0;0;EMPENHO GLOBAL PARA COBRIR DESPESAS REFERENTE AO CONTRATO DE CONCESSAO ADMINISTRATIVA Nº 209/2022, EDITAL 001/2022, PRC. Nº 042/2022, MODALIDADE PARCERIA PUBLICO PRIVADA, TENDO COMO OBJETO OS SERVICOS DE EFICINTIZACAO, OPERACAO E MANUTENCAO DA ILUMINACAO PUBLICA, IMPLANTACAO, OPERACAO E MANUTENCAO DA INFRAESTRUTURA DE TELECOMUNICACOES E USINA FOTOVOLTAICA DO MUNICIPIO DE BARBACENA E IMPLANTACAO DOS SERVICOS DE INTERNET DAS EDIFICACOES PUBLICAS ATRAVES DE LINKS DEDICADOS, INTEGRACAO DO SISTEMA DE VIDEOMONITORAMENTO POR CAMERAS INTELIGENTES AO CCO E INSTALACAO DE PONTOS DE ACESSO E WI-FI PUBLICO, PARA ATENDER AO SETOR DE TRANSPORTE DA SESAP,  (INFRAESTRUTURA DE TELECOMUNICACOES - INSTALACAO DE LINK DEDICADO ), PARA O PERIODO DE JANEIRO A DEZEMBRO DE 2026, CONFORME OFICIO 01/2026-SEMOP-SESAP.;02/01/26 00:00;5.679,24;0,00;0,00;0,00;0,00;0,00;0,00;0,00;0,00;0,00;0,00;0,00;4698476;BARBACENA ILUMINACAO PUBLICA LTDA;;;309;3;2015;10;302;3.3.67.83.00.00.00.00;1.500.000.1002;33678300000000;0,00;0,00;5.679,24;;
Especificação: ;;EMPENHO GLOBAL PARA COBRIR DESPESAS REFERENTE AO CONTRATO DE CONCESSAO ADMINISTRATIVA Nº 209/2022, EDITAL 001/2022, PRC. Nº 042/2022, MODALIDADE PARCERIA PUBLICO PRIVADA, TENDO COMO OBJETO OS SERVICOS DE EFICINTIZACAO, OPERACAO E MANUTENCAO DA ILUMINACAO PUBLICA, IMPLANTACAO, OPERACAO E MANUTENCAO DA INFRAESTRUTURA DE TELECOMUNICACOES E USINA FOTOVOLTAICA DO MUNICIPIO DE BARBACENA E IMPLANTACAO DOS SERVICOS DE INTERNET DAS EDIFICACOES PUBLICAS ATRAVES DE LINKS DEDICADOS, INTEGRACAO DO SISTEMA DE VIDEOMONITORAMENTO POR CAMERAS INTELIGENTES AO CCO E INSTALACAO DE PONTOS DE ACESSO E WI-FI PUBLICO, PARA ATENDER AO SETOR DE TRANSPORTE DA SESAP,  (INFRAESTRUTURA DE TELECOMUNICACOES - INSTALACAO DE LINK DEDICADO ), PARA O PERIODO DE JANEIRO A DEZEMBRO DE 2026, CONFORME OFICIO 01/2026-SEMOP-SESAP.;;;;;;;;;;;;;;;;;;;;;;;;;;;;;;;;;;;;;
713;FUNDO MUNICIPAL DE SAÚDE DE BARBACENA;;31095607;197;2026;GLOBAL;0;0;EMPENHO GLOBAL PARA COBRIR DESPESAS REFERENTE AO CONTRATO DE CONCESSAO ADMINISTRATIVA Nº 209/2022, EDITAL 001/2022, PRC. Nº 042/2022, MODALIDADE PARCERIA PUBLICO PRIVADA, TENDO COMO OBJETO OS SERVICOS DE EFICINTIZACAO, OPERACAO E MANUTENCAO DA ILUMINACAO PUBLICA, IMPLANTACAO, OPERACAO E MANUTENCAO DA INFRAESTRUTURA DE TELECOMUNICACOES E USINA FOTOVOLTAICA DO MUNICIPIO DE BARBACENA E IMPLANTACAO DOS SERVICOS DE INTERNET DAS EDIFICACOES PUBLICAS ATRAVES DE LINKS DEDICADOS, INTEGRACAO DO SISTEMA DE VIDEOMONITORAMENTO POR CAMERAS INTELIGENTES AO CCO E INSTALACAO DE PONTOS DE ACESSO E WI-FI PUBLICO, PARA ATENDER A REDE DE ATENCAO PRIMARIA A SAUDE DA SESAP,  (INFRAESTRUTURA DE TELECOMUNICACOES - INSTALACAO DE LINK DEDICADO ), PARA O PERIODO DE JANEIRO A DEZEMBRO DE 2026, CONFORME OFICIO 01/2026-SEMOP-SESAP.;02/01/26 00:00;113.254,92;0,00;0,00;0,00;0,00;0,00;0,00;0,00;0,00;0,00;0,00;0,00;4698476;BARBACENA ILUMINACAO PUBLICA LTDA;;;310;2;2025;10;301;3.3.67.83.00.00.00.00;1.600.000.0000;33678300000000;0,00;0,00;113.254,92;;
Especificação: ;;EMPENHO GLOBAL PARA COBRIR DESPESAS REFERENTE AO CONTRATO DE CONCESSAO ADMINISTRATIVA Nº 209/2022, EDITAL 001/2022, PRC. Nº 042/2022, MODALIDADE PARCERIA PUBLICO PRIVADA, TENDO COMO OBJETO OS SERVICOS DE EFICINTIZACAO, OPERACAO E MANUTENCAO DA ILUMINACAO PUBLICA, IMPLANTACAO, OPERACAO E MANUTENCAO DA INFRAESTRUTURA DE TELECOMUNICACOES E USINA FOTOVOLTAICA DO MUNICIPIO DE BARBACENA E IMPLANTACAO DOS SERVICOS DE INTERNET DAS EDIFICACOES PUBLICAS ATRAVES DE LINKS DEDICADOS, INTEGRACAO DO SISTEMA DE VIDEOMONITORAMENTO POR CAMERAS INTELIGENTES AO CCO E INSTALACAO DE PONTOS DE ACESSO E WI-FI PUBLICO, PARA ATENDER A REDE DE ATENCAO PRIMARIA A SAUDE DA SESAP,  (INFRAESTRUTURA DE TELECOMUNICACOES - INSTALACAO DE LINK DEDICADO ), PARA O PERIODO DE JANEIRO A DEZEMBRO DE 2026, CONFORME OFICIO 01/2026-SEMOP-SESAP.;;;;;;;;;;;;;;;;;;;;;;;;;;;;;;;;;;;;;
713;FUNDO MUNICIPAL DE SAÚDE DE BARBACENA;;30282273;2;2026;ESTIMATIVO;0;0;EMPENHO ESTIMATIVO PARA COBRIR DESPESAS COM O PROCESSAMENTO SIA-SIH/SUS, FONTE DE RECURSO MAC/FAEC - FEDERAL, PRC. 125/2022, IL. 023/2022, QUARTO TERMO ADITIVO AO CONTRATO 164/2022, PARA O PERIODO DE JANEIRO A SETEMBRO DE 2026, CONFORME OFICIO 006/2026-DAE-SESAP.;02/01/26 00:00;736.977,78;0,00;0,00;0,00;0,00;0,00;0,00;0,00;0,00;0,00;0,00;0,00;2970818;FUNDACAO PRESIDENTE ANTONIO CARLOS;;;209;3;2654;10;302;3.3.90.39.36.00.00.00;1.600.000.0000;33903900000000;0,00;0,00;736.977,78;MANUTENÇÃO DA REDE DE ATENÇÃO ESPECIALIZADA;OUTROS SERVIÇOS DE TERCEIROS - PESSOA JURÍDICA
Especificação: ;;EMPENHO ESTIMATIVO PARA COBRIR DESPESAS COM O PROCESSAMENTO SIA-SIH/SUS, FONTE DE RECURSO MAC/FAEC - FEDERAL, PRC. 125/2022, IL. 023/2022, QUARTO TERMO ADITIVO AO CONTRATO 164/2022, PARA O PERIODO DE JANEIRO A SETEMBRO DE 2026, CONFORME OFICIO 006/2026-DAE-SESAP.;;;;;;;;;;;;;;;;;;;;;;;;;;;;;;;;;;;;;
713;FUNDO MUNICIPAL DE SAÚDE DE BARBACENA;;30295664;20;2026;ESTIMATIVO;0;0;EMPENHO ESTIMATIVO PARA COBRIR DESPESAS REFERENTE AS FATURAS DE CONTAS DE AGUA, PARA ATENDER A REDE DE ATENCAO PRIMARIA A SAUDE - UBS, PARA O PERIODO DE JANEIRO A DEZEMBRO DE 2026, CONFORME OFICIO 14/2026-ATENCAO PRIMARIA-SESAP.;02/01/26 00:00;15.000,00;0,00;1.489,27;0,00;872,49;0,00;0,00;0,00;0,00;0,00;0,00;0,00;1556325;COPASA - COMPANHIA DE SANEAMENTO DE MINAS GERAIS;;;89;2;2025;10;301;3.3.90.39.30.00.00.00;1.500.000.1002;33903900000000;872,49;0,00;14.127,51;MANUTENÇÃO DA REDE DE ATENÇÃO PRIMÁRIA;OUTROS SERVIÇOS DE TERCEIROS - PESSOA JURÍDICA
Especificação: ;;EMPENHO ESTIMATIVO PARA COBRIR DESPESAS REFERENTE AS FATURAS DE CONTAS DE AGUA, PARA ATENDER A REDE DE ATENCAO PRIMARIA A SAUDE - UBS, PARA O PERIODO DE JANEIRO A DEZEMBRO DE 2026, CONFORME OFICIO 14/2026-ATENCAO PRIMARIA-SESAP.;;;;;;;;;;;;;;;;;;;;;;;;;;;;;;;;;;;;;
713;FUNDO MUNICIPAL DE SAÚDE DE BARBACENA;;31011261;200;2026;ESTIMATIVO;154;2024;EMPENHO ESTIMATIVO PARA COBRIR DESPESAS COM A CONTRATACAO DE EMPRESA PARA O FORNECIMENTO FUTURO E EVENTUAL DE REFEICOES DO TIPO MARMITEX, PARA ATENDER A REDE DE ATENCAO PSICOSSOCIAL - RAPS, PREGAO Nº 100/2024, PRC. Nº 154/2024, ATA DE REGISTRO DE PRECOS Nº 003/2025, PARA OS MESES DE JANEIRO A FEVEREIRO DE 2026, CONFORME OFICIO 007/2026-CAPS-AD E SF. 117/2026-SC-SESAP.;02/01/26 00:00;14.618,61;0,00;0,00;0,00;0,00;0,00;0,00;0,00;0,00;0,00;0,00;0,00;6802032;RKV ALIMENTOS LTDA;1022;7;202;3;2642;10;302;3.3.90.39.27.00.00.00;2.621.000.0000;33903900000000;0,00;0,00;14.618,61;MANUTENÇÃO DA REDE DE ATENÇÃO PSICOSSOCIAL - RAPS;OUTROS SERVIÇOS DE TERCEIROS - PESSOA JURÍDICA
Especificação: ;;EMPENHO ESTIMATIVO PARA COBRIR DESPESAS COM A CONTRATACAO DE EMPRESA PARA O FORNECIMENTO FUTURO E EVENTUAL DE REFEICOES DO TIPO MARMITEX, PARA ATENDER A REDE DE ATENCAO PSICOSSOCIAL - RAPS, PREGAO Nº 100/2024, PRC. Nº 154/2024, ATA DE REGISTRO DE PRECOS Nº 003/2025, PARA OS MESES DE JANEIRO A FEVEREIRO DE 2026, CONFORME OFICIO 007/2026-CAPS-AD E SF. 117/2026-SC-SESAP.;;;;;;;;;;;;;;;;;;;;;;;;;;;;;;;;;;;;;
713;FUNDO MUNICIPAL DE SAÚDE DE BARBACENA;;30296197;21;2026;ESTIMATIVO;0;0;EMPENHO ESTIMATIVO PARA COBRIR DESPESAS REFERENTE A PRESTAÇÃO DE SERVIÇOS DE FORNECIMENTO DE ENERGIA ELÉTRICA, PARA ATENDER A REDE DE ATENCAO PRIMARIA A SAUDE - UBS, PARA O PERIODO DE JANEIRO A DEZEMBRO DE 2026, CONFORME OFICIO Nº 20/2026-ATENCAO PRIMARIA-SESAP.;02/01/26 00:00;20.000,00;0,00;8.796,38;0,00;1.011,98;0,00;0,00;0,00;0,00;0,00;0,00;0,00;1546390;CEMIG DISTRIBUICAO S/A;;;89;2;2025;10;301;3.3.90.39.29.00.00.00;1.500.000.1002;33903900000000;1.011,98;0,00;18.988,02;MANUTENÇÃO DA REDE DE ATENÇÃO PRIMÁRIA;OUTROS SERVIÇOS DE TERCEIROS - PESSOA JURÍDICA
Especificação: ;;EMPENHO ESTIMATIVO PARA COBRIR DESPESAS REFERENTE A PRESTAÇÃO DE SERVIÇOS DE FORNECIMENTO DE ENERGIA ELÉTRICA, PARA ATENDER A REDE DE ATENCAO PRIMARIA A SAUDE - UBS, PARA O PERIODO DE JANEIRO A DEZEMBRO DE 2026, CONFORME OFICIO Nº 20/2026-ATENCAO PRIMARIA-SESAP.;;;;;;;;;;;;;;;;;;;;;;;;;;;;;;;;;;;;;
713;FUNDO MUNICIPAL DE SAÚDE DE BARBACENA;;30296235;22;2026;ESTIMATIVO;0;0;EMPENHO ESTIMATIVO PARA COBRIR DESPESAS REFERENTE A PRESTAÇÃO DE SERVIÇOS DE FORNECIMENTO DE ENERGIA ELÉTRICA, PARA ATENDER AO CEREST DA SESAP, PARA O PERIODO DE JANEIRO A DEZEMBRO DE 2026, CONFORME OFICIO Nº 15/2026-ATENCAO PRIMARIA-SESAP.;02/01/26 00:00;3.500,00;0,00;251,41;0,00;251,41;0,00;0,00;0,00;0,00;0,00;0,00;0,00;1546390;CEMIG DISTRIBUICAO S/A;;;121;3;2008;10;302;3.3.90.39.29.00.00.00;1.500.000.1002;33903900000000;251,41;0,00;3.248,59;MANUTENÇÃO DO CEREST;OUTROS SERVIÇOS DE TERCEIROS - PESSOA JURÍDICA
Especificação: ;;EMPENHO ESTIMATIVO PARA COBRIR DESPESAS REFERENTE A PRESTAÇÃO DE SERVIÇOS DE FORNECIMENTO DE ENERGIA ELÉTRICA, PARA ATENDER AO CEREST DA SESAP, PARA O PERIODO DE JANEIRO A DEZEMBRO DE 2026, CONFORME OFICIO Nº 15/2026-ATENCAO PRIMARIA-SESAP.;;;;;;;;;;;;;;;;;;;;;;;;;;;;;;;;;;;;;
713;FUNDO MUNICIPAL DE SAÚDE DE BARBACENA;;30296310;23;2026;ESTIMATIVO;0;0;EMPENHO ESTIMATIVO PARA COBRIR DESPESAS REFERENTE A PRESTAÇÃO DE SERVIÇOS DE FORNECIMENTO DE ENERGIA ELÉTRICA, PARA ATENDER AO CENTRO DE TESTEGAME E ACOMSELHAMENTO IST-AIDS, PARA O PERIODO DE JANEIRO A DEZEMBRO DE 2026, CONFORME OFICIO Nº 16/2026-ATENCAO PRIMARIA-SESAP.;02/01/26 00:00;10.000,00;0,00;955,08;0,00;955,08;0,00;0,00;0,00;0,00;0,00;0,00;0,00;1546390;CEMIG DISTRIBUICAO S/A;;;277;4;2014;10;305;3.3.90.39.29.00.00.00;1.500.000.1002;33903900000000;955,08;0,00;9.044,92;MANUTENÇÃO DO CENTRO DE TESTAGEM E ACONSELHAMENTO - IST/AIDS;OUTROS SERVIÇOS DE TERCEIROS - PESSOA JURÍDICA
Especificação: ;;EMPENHO ESTIMATIVO PARA COBRIR DESPESAS REFERENTE A PRESTAÇÃO DE SERVIÇOS DE FORNECIMENTO DE ENERGIA ELÉTRICA, PARA ATENDER AO CENTRO DE TESTEGAME E ACOMSELHAMENTO IST-AIDS, PARA O PERIODO DE JANEIRO A DEZEMBRO DE 2026, CONFORME OFICIO Nº 16/2026-ATENCAO PRIMARIA-SESAP.;;;;;;;;;;;;;;;;;;;;;;;;;;;;;;;;;;;;;
713;FUNDO MUNICIPAL DE SAÚDE DE BARBACENA;;30296389;24;2026;ESTIMATIVO;0;0;EMPENHO ESTIMATIVO PARA COBRIR DESPESAS REFERENTE A PRESTAÇÃO DE SERVIÇOS DE FORNECIMENTO DE ENERGIA ELÉTRICA, PARA ATENDER AO SETOR DE TRANSPORTE DA SESAP, PARA O PERIODO DE JANEIRO A DEZEMBRO DE 2026, CONFORME OFICIO Nº 24/2026-ATENCAO PRIMARIA-SESAP.;02/01/26 00:00;6.000,00;0,00;358,85;0,00;354,55;0,00;4,30;0,00;0,00;0,00;0,00;0,00;1546390;CEMIG DISTRIBUICAO S/A;;;130;3;2015;10;302;3.3.90.39.29.00.00.00;1.500.000.1002;33903900000000;358,85;0,00;5.641,15;MANUTENÇAO DO TRANSPORTE DE SAÚDE;OUTROS SERVIÇOS DE TERCEIROS - PESSOA JURÍDICA
Especificação: ;;EMPENHO ESTIMATIVO PARA COBRIR DESPESAS REFERENTE A PRESTAÇÃO DE SERVIÇOS DE FORNECIMENTO DE ENERGIA ELÉTRICA, PARA ATENDER AO SETOR DE TRANSPORTE DA SESAP, PARA O PERIODO DE JANEIRO A DEZEMBRO DE 2026, CONFORME OFICIO Nº 24/2026-ATENCAO PRIMARIA-SESAP.;;;;;;;;;;;;;;;;;;;;;;;;;;;;;;;;;;;;;
713;FUNDO MUNICIPAL DE SAÚDE DE BARBACENA;;30296439;25;2026;ESTIMATIVO;0;0;EMPENHO ESTIMATIVO PARA COBRIR DESPESAS REFERENTE A PRESTAÇÃO DE SERVIÇOS DE FORNECIMENTO DE ENERGIA ELÉTRICA, PARA ATENDER A REDE DE ATENCAO PSICOSSOCIAL - RAPS, PARA O PERIODO DE JANEIRO A DEZEMBRO DE 2026, CONFORME OFICIO Nº 17/2026-ATENCAO PRIMARIA-SESAP.;02/01/26 00:00;30.000,00;0,00;361,20;0,00;179,04;0,00;0,00;0,00;0,00;0,00;0,00;0,00;1546390;CEMIG DISTRIBUICAO S/A;;;202;3;2642;10;302;3.3.90.39.29.00.00.00;1.500.000.1002;33903900000000;179,04;0,00;29.820,96;MANUTENÇÃO DA REDE DE ATENÇÃO PSICOSSOCIAL - RAPS;OUTROS SERVIÇOS DE TERCEIROS - PESSOA JURÍDICA
Especificação: ;;EMPENHO ESTIMATIVO PARA COBRIR DESPESAS REFERENTE A PRESTAÇÃO DE SERVIÇOS DE FORNECIMENTO DE ENERGIA ELÉTRICA, PARA ATENDER A REDE DE ATENCAO PSICOSSOCIAL - RAPS, PARA O PERIODO DE JANEIRO A DEZEMBRO DE 2026, CONFORME OFICIO Nº 17/2026-ATENCAO PRIMARIA-SESAP.;;;;;;;;;;;;;;;;;;;;;;;;;;;;;;;;;;;;;
713;FUNDO MUNICIPAL DE SAÚDE DE BARBACENA;;31160095;252;2026;GLOBAL;0;0;EMPENHO GLOBAL PARA COBRIR REFERENTE AO TERMO DE CONTRATO DE RATEIO Nº 73/2025, CUJO OBJETO DO PRESENTE INSTRUMENTO E A TRANSFERENCIA DE RECURSOS FINANCEIROS DO MUNICIPIO AO CONSORCIO DESTINADOS A DEFINICAO DAS CLAUSULAS E CRITERIOS PARA A PARTICIPACAO, NOS REPASSES DE OBRIGACOES FINANCEIRAS, DE MODO A ASSEGURAR O CUSTEIO DE TODAS AS ATIVIDADES ADMIISTRATIVAS A SEREM DESENVOLVIDAS PELO CONSORCIO, NO QUAL O MUNICIPIO E PARTE INTEGRANTE, PARA O EXERCICIO DE 2026, CONFORME OFICIO 001/2026-DAE-SESAP.;02/01/26 00:00;44.364,49;0,00;0,00;0,00;0,00;0,00;0,00;0,00;0,00;0,00;0,00;0,00;1556319;CONSORCIO INTERMUNICIPAL DE SAUDE ALTO DAS VERTENTES;;;164;3;2053;10;302;3.1.71.70.00.00.00.00;1.500.000.1002;31717000000000;0,00;0,00;44.364,49;MANUTENÇÃO DO CONSÓRCIO INTERMUNICIPAL DE SAÚDE ALTO DAS VERTENTES - CISALV;RATEIO PELA PARTICIPAÇÃO EM CONSÓRCIO PÚBLICO
Especificação: ;;EMPENHO GLOBAL PARA COBRIR REFERENTE AO TERMO DE CONTRATO DE RATEIO Nº 73/2025, CUJO OBJETO DO PRESENTE INSTRUMENTO E A TRANSFERENCIA DE RECURSOS FINANCEIROS DO MUNICIPIO AO CONSORCIO DESTINADOS A DEFINICAO DAS CLAUSULAS E CRITERIOS PARA A PARTICIPACAO, NOS REPASSES DE OBRIGACOES FINANCEIRAS, DE MODO A ASSEGURAR O CUSTEIO DE TODAS AS ATIVIDADES ADMIISTRATIVAS A SEREM DESENVOLVIDAS PELO CONSORCIO, NO QUAL O MUNICIPIO E PARTE INTEGRANTE, PARA O EXERCICIO DE 2026, CONFORME OFICIO 001/2026-DAE-SESAP.;;;;;;;;;;;;;;;;;;;;;;;;;;;;;;;;;;;;;
713;FUNDO MUNICIPAL DE SAÚDE DE BARBACENA;;31160119;253;2026;GLOBAL;0;0;EMPENHO GLOBAL PARA COBRIR REFERENTE AO TERMO DE CONTRATO DE RATEIO Nº 73/2025, CUJO OBJETO DO PRESENTE INSTRUMENTO E A TRANSFERENCIA DE RECURSOS FINANCEIROS DO MUNICIPIO AO CONSORCIO DESTINADOS A DEFINICAO DAS CLAUSULAS E CRITERIOS PARA A PARTICIPACAO, NOS REPASSES DE OBRIGACOES FINANCEIRAS, DE MODO A ASSEGURAR O CUSTEIO DE TODAS AS ATIVIDADES ADMIISTRATIVAS A SEREM DESENVOLVIDAS PELO CONSORCIO, NO QUAL O MUNICIPIO E PARTE INTEGRANTE, PARA O EXERCICIO DE 2026, CONFORME OFICIO 001/2026-DAE-SESAP.;02/01/26 00:00;12.035,51;0,00;0,00;0,00;0,00;0,00;0,00;0,00;0,00;0,00;0,00;0,00;1556319;CONSORCIO INTERMUNICIPAL DE SAUDE ALTO DAS VERTENTES;;;165;3;2053;10;302;3.3.71.70.00.00.00.00;1.500.000.1002;33717000000000;0,00;0,00;12.035,51;MANUTENÇÃO DO CONSÓRCIO INTERMUNICIPAL DE SAÚDE ALTO DAS VERTENTES - CISALV;RATEIO PELA PARTICIPAÇÃO EM CONSÓRCIO PÚBLICO
Especificação: ;;EMPENHO GLOBAL PARA COBRIR REFERENTE AO TERMO DE CONTRATO DE RATEIO Nº 73/2025, CUJO OBJETO DO PRESENTE INSTRUMENTO E A TRANSFERENCIA DE RECURSOS FINANCEIROS DO MUNICIPIO AO CONSORCIO DESTINADOS A DEFINICAO DAS CLAUSULAS E CRITERIOS PARA A PARTICIPACAO, NOS REPASSES DE OBRIGACOES FINANCEIRAS, DE MODO A ASSEGURAR O CUSTEIO DE TODAS AS ATIVIDADES ADMIISTRATIVAS A SEREM DESENVOLVIDAS PELO CONSORCIO, NO QUAL O MUNICIPIO E PARTE INTEGRANTE, PARA O EXERCICIO DE 2026, CONFORME OFICIO 001/2026-DAE-SESAP.;;;;;;;;;;;;;;;;;;;;;;;;;;;;;;;;;;;;;
713;FUNDO MUNICIPAL DE SAÚDE DE BARBACENA;;31160173;254;2026;GLOBAL;0;0;EMPENHO GLOBAL PARA COBRIR REFERENTE AO TERMO DE CONTRATO DE RATEIO Nº 73/2025, CUJO OBJETO DO PRESENTE INSTRUMENTO E A TRANSFERENCIA DE RECURSOS FINANCEIROS DO MUNICIPIO AO CONSORCIO DESTINADOS A DEFINICAO DAS CLAUSULAS E CRITERIOS PARA A PARTICIPACAO, NOS REPASSES DE OBRIGACOES FINANCEIRAS, DE MODO A ASSEGURAR O CUSTEIO DE TODAS AS ATIVIDADES ADMIISTRATIVAS A SEREM DESENVOLVIDAS PELO CONSORCIO, NO QUAL O MUNICIPIO E PARTE INTEGRANTE, PARA O EXERCICIO DE 2026, CONFORME OFICIO 001/2026-DAE-SESAP.;02/01/26 00:00;58.531,26;0,00;0,00;0,00;0,00;0,00;0,00;0,00;0,00;0,00;0,00;0,00;1556319;CONSORCIO INTERMUNICIPAL DE SAUDE ALTO DAS VERTENTES;;;168;3;2053;10;302;4.4.71.70.00.00.00.00;1.500.000.1002;44717000000000;0,00;0,00;58.531,26;MANUTENÇÃO DO CONSÓRCIO INTERMUNICIPAL DE SAÚDE ALTO DAS VERTENTES - CISALV;RATEIO PELA PARTICIPAÇÃO EM CONSÓRCIO PÚBLICO
713;FUNDO MUNICIPAL DE SAÚDE DE BARBACENA;;31160287;255;2026;GLOBAL;0;0;EMPENHO GLOBAL PARA COBRIR REFERENTE AO TERMO DE CONTRATO DE RATEIO Nº 74/2025, CUJO OBJETO DO PRESENTE INSTRUMENTO E A TRANSFERENCIA DE RECURSOS FINANCEIROS DO MUNICIPIO AO CONSORCIO DESTINADOS A DEFINICAO DAS CLAUSULAS E CRITERIOS PARA A PARTICIPACAO, NOS REPASSES DE OBRIGACOES FINANCEIRAS, DE MODO A ASSEGURAR O CUSTEIO DE TODAS AS ATIVIDADES ADMINISTRATIVAS DO SERVICO DE TRANSPORTE DE SAUDE A SEREM DESENVOLVIDAS PELO CONSORCIO, NO QUAL O MUNICIPIO E PARTE INTEGRANTE, E A TRANSFERENCIA DE RECURSOS FINANCNEIROS DESTINADOS A GESTAO ASSOCIADA DE TRANSPORTE SANITARIO DE USUARIOS DO SUS, PARA O EXERCICIO DE 2026, CONFORME OFICIO 002/2026-DAE-SESAP.;02/01/26 00:00;16.799,95;0,00;0,00;0,00;0,00;0,00;0,00;0,00;0,00;0,00;0,00;0,00;1556319;CONSORCIO INTERMUNICIPAL DE SAUDE ALTO DAS VERTENTES;;;164;3;2053;10;302;3.1.71.70.00.00.00.00;1.500.000.1002;31717000000000;0,00;0,00;16.799,95;MANUTENÇÃO DO CONSÓRCIO INTERMUNICIPAL DE SAÚDE ALTO DAS VERTENTES - CISALV;RATEIO PELA PARTICIPAÇÃO EM CONSÓRCIO PÚBLICO
Especificação: ;;EMPENHO GLOBAL PARA COBRIR REFERENTE AO TERMO DE CONTRATO DE RATEIO Nº 74/2025, CUJO OBJETO DO PRESENTE INSTRUMENTO E A TRANSFERENCIA DE RECURSOS FINANCEIROS DO MUNICIPIO AO CONSORCIO DESTINADOS A DEFINICAO DAS CLAUSULAS E CRITERIOS PARA A PARTICIPACAO, NOS REPASSES DE OBRIGACOES FINANCEIRAS, DE MODO A ASSEGURAR O CUSTEIO DE TODAS AS ATIVIDADES ADMINISTRATIVAS DO SERVICO DE TRANSPORTE DE SAUDE A SEREM DESENVOLVIDAS PELO CONSORCIO, NO QUAL O MUNICIPIO E PARTE INTEGRANTE, E A TRANSFERENCIA DE RECURSOS FINANCNEIROS DESTINADOS A GESTAO ASSOCIADA DE TRANSPORTE SANITARIO DE USUARIOS DO SUS, PARA O EXERCICIO DE 2026, CONFORME OFICIO 002/2026-DAE-SESAP.;;;;;;;;;;;;;;;;;;;;;;;;;;;;;;;;;;;;;
713;FUNDO MUNICIPAL DE SAÚDE DE BARBACENA;;31160312;256;2026;GLOBAL;0;0;EMPENHO GLOBAL PARA COBRIR REFERENTE AO TERMO DE CONTRATO DE RATEIO Nº 74/2025, CUJO OBJETO DO PRESENTE INSTRUMENTO E A TRANSFERENCIA DE RECURSOS FINANCEIROS DO MUNICIPIO AO CONSORCIO DESTINADOS A DEFINICAO DAS CLAUSULAS E CRITERIOS PARA A PARTICIPACAO, NOS REPASSES DE OBRIGACOES FINANCEIRAS, DE MODO A ASSEGURAR O CUSTEIO DE TODAS AS ATIVIDADES ADMINISTRATIVAS DO SERVICO DE TRANSPORTE DE SAUDE A SEREM DESENVOLVIDAS PELO CONSORCIO, NO QUAL O MUNICIPIO E PARTE INTEGRANTE, E A TRANSFERENCIA DE RECURSOS FINANCNEIROS DESTINADOS A GESTAO ASSOCIADA DE TRANSPORTE SANITARIO DE USUARIOS DO SUS, PARA O EXERCICIO DE 2026, CONFORME OFICIO 002/2026-DAE-SESAP.;02/01/26 00:00;218.990,36;0,00;0,00;0,00;0,00;0,00;0,00;0,00;0,00;0,00;0,00;0,00;1556319;CONSORCIO INTERMUNICIPAL DE SAUDE ALTO DAS VERTENTES;;;165;3;2053;10;302;3.3.71.70.00.00.00.00;1.500.000.1002;33717000000000;0,00;0,00;218.990,36;MANUTENÇÃO DO CONSÓRCIO INTERMUNICIPAL DE SAÚDE ALTO DAS VERTENTES - CISALV;RATEIO PELA PARTICIPAÇÃO EM CONSÓRCIO PÚBLICO
Especificação: ;;EMPENHO GLOBAL PARA COBRIR REFERENTE AO TERMO DE CONTRATO DE RATEIO Nº 74/2025, CUJO OBJETO DO PRESENTE INSTRUMENTO E A TRANSFERENCIA DE RECURSOS FINANCEIROS DO MUNICIPIO AO CONSORCIO DESTINADOS A DEFINICAO DAS CLAUSULAS E CRITERIOS PARA A PARTICIPACAO, NOS REPASSES DE OBRIGACOES FINANCEIRAS, DE MODO A ASSEGURAR O CUSTEIO DE TODAS AS ATIVIDADES ADMINISTRATIVAS DO SERVICO DE TRANSPORTE DE SAUDE A SEREM DESENVOLVIDAS PELO CONSORCIO, NO QUAL O MUNICIPIO E PARTE INTEGRANTE, E A TRANSFERENCIA DE RECURSOS FINANCNEIROS DESTINADOS A GESTAO ASSOCIADA DE TRANSPORTE SANITARIO DE USUARIOS DO SUS, PARA O EXERCICIO DE 2026, CONFORME OFICIO 002/2026-DAE-SESAP.;;;;;;;;;;;;;;;;;;;;;;;;;;;;;;;;;;;;;
713;FUNDO MUNICIPAL DE SAÚDE DE BARBACENA;;31160344;257;2026;GLOBAL;0;0;EMPENHO GLOBAL PARA COBRIR REFERENTE AO TERMO DE CONTRATO DE RATEIO Nº 74/2025, CUJO OBJETO DO PRESENTE INSTRUMENTO E A TRANSFERENCIA DE RECURSOS FINANCEIROS DO MUNICIPIO AO CONSORCIO DESTINADOS A DEFINICAO DAS CLAUSULAS E CRITERIOS PARA A PARTICIPACAO, NOS REPASSES DE OBRIGACOES FINANCEIRAS, DE MODO A ASSEGURAR O CUSTEIO DE TODAS AS ATIVIDADES ADMINISTRATIVAS DO SERVICO DE TRANSPORTE DE SAUDE A SEREM DESENVOLVIDAS PELO CONSORCIO, NO QUAL O MUNICIPIO E PARTE INTEGRANTE, E A TRANSFERENCIA DE RECURSOS FINANCNEIROS DESTINADOS A GESTAO ASSOCIADA DE TRANSPORTE SANITARIO DE USUARIOS DO SUS, PARA O EXERCICIO DE 2026, CONFORME OFICIO 002/2026-DAE-SESAP.;02/01/26 00:00;38,37;0,00;0,00;0,00;0,00;0,00;0,00;0,00;0,00;0,00;0,00;0,00;1556319;CONSORCIO INTERMUNICIPAL DE SAUDE ALTO DAS VERTENTES;;;168;3;2053;10;302;4.4.71.70.00.00.00.00;1.500.000.1002;44717000000000;0,00;0,00;38,37;MANUTENÇÃO DO CONSÓRCIO INTERMUNICIPAL DE SAÚDE ALTO DAS VERTENTES - CISALV;RATEIO PELA PARTICIPAÇÃO EM CONSÓRCIO PÚBLICO
Especificação: ;;EMPENHO GLOBAL PARA COBRIR REFERENTE AO TERMO DE CONTRATO DE RATEIO Nº 74/2025, CUJO OBJETO DO PRESENTE INSTRUMENTO E A TRANSFERENCIA DE RECURSOS FINANCEIROS DO MUNICIPIO AO CONSORCIO DESTINADOS A DEFINICAO DAS CLAUSULAS E CRITERIOS PARA A PARTICIPACAO, NOS REPASSES DE OBRIGACOES FINANCEIRAS, DE MODO A ASSEGURAR O CUSTEIO DE TODAS AS ATIVIDADES ADMINISTRATIVAS DO SERVICO DE TRANSPORTE DE SAUDE A SEREM DESENVOLVIDAS PELO CONSORCIO, NO QUAL O MUNICIPIO E PARTE INTEGRANTE, E A TRANSFERENCIA DE RECURSOS FINANCNEIROS DESTINADOS A GESTAO ASSOCIADA DE TRANSPORTE SANITARIO DE USUARIOS DO SUS, PARA O EXERCICIO DE 2026, CONFORME OFICIO 002/2026-DAE-SESAP.;;;;;;;;;;;;;;;;;;;;;;;;;;;;;;;;;;;;;
713;FUNDO MUNICIPAL DE SAÚDE DE BARBACENA;;31160465;258;2026;ESTIMATIVO;0;0;EMPENHO ESTIMATIVO PARA COBRIR DESPESAS COM A CONTRATAÇÃO DE EMPRESA ESPECIALIZADA NA PRESTAÇÃO DE SERVIÇOS DE LOCAÇÃO DE SOLUÇÃO DE TELEFONIA FIXA CORPORATIVA BASEADA NA TECNOLOGIA DE VOZ SOBRE IP (VOIP), PARA ATENDER A SECRETARIA MUNICIPAL DE SAUDE - SESAP,  PREGÃO Nº 102/2022, PRC. Nº 171/2022, TERCEIRO TERMO ADITIVO AO CONTRATO Nº 025/2023, PARA O PERIODO DE JANEIRO A MARCO DE 2026, CONFORME MEMORANDO 064/2026-DIRTI-SESAP.;02/01/26 00:00;4.803,34;0,00;0,00;0,00;0,00;0,00;0,00;0,00;0,00;0,00;0,00;0,00;3662797;3CORP SERVICOS DE TECNOLOGIA LTDA.;64361;0;58;11;2021;10;122;3.3.90.39.43.00.00.00;1.500.000.1002;33903900000000;0,00;0,00;4.803,34;MANUTENÇAO DE AÇÕES DA SESAP;OUTROS SERVIÇOS DE TERCEIROS - PESSOA JURÍDICA
Especificação: ;;EMPENHO ESTIMATIVO PARA COBRIR DESPESAS COM A CONTRATAÇÃO DE EMPRESA ESPECIALIZADA NA PRESTAÇÃO DE SERVIÇOS DE LOCAÇÃO DE SOLUÇÃO DE TELEFONIA FIXA CORPORATIVA BASEADA NA TECNOLOGIA DE VOZ SOBRE IP (VOIP), PARA ATENDER A SECRETARIA MUNICIPAL DE SAUDE - SESAP,  PREGÃO Nº 102/2022, PRC. Nº 171/2022, TERCEIRO TERMO ADITIVO AO CONTRATO Nº 025/2023, PARA O PERIODO DE JANEIRO A MARCO DE 2026, CONFORME MEMORANDO 064/2026-DIRTI-SESAP.;;;;;;;;;;;;;;;;;;;;;;;;;;;;;;;;;;;;;
713;FUNDO MUNICIPAL DE SAÚDE DE BARBACENA;;30296476;26;2026;ESTIMATIVO;0;0;EMPENHO ESTIMATIVO PARA COBRIR DESPESAS REFERENTE A PRESTAÇÃO DE SERVIÇOS DE FORNECIMENTO DE ENERGIA ELÉTRICA, PARA ATENDER AO ADMINISTRATIVO DA SESAP , PARA O PERIODO DE JANEIRO A DEZEMBRO DE 2026, CONFORME OFICIO Nº 18/2026-ATENCAO PRIMARIA-SESAP.;02/01/26 00:00;5.000,00;0,00;819,33;0,00;343,90;0,00;0,00;0,00;0,00;0,00;0,00;0,00;1546390;CEMIG DISTRIBUICAO S/A;;;58;11;2021;10;122;3.3.90.39.29.00.00.00;1.500.000.1002;33903900000000;343,90;0,00;4.656,10;MANUTENÇAO DE AÇÕES DA SESAP;OUTROS SERVIÇOS DE TERCEIROS - PESSOA JURÍDICA
Especificação: ;;EMPENHO ESTIMATIVO PARA COBRIR DESPESAS REFERENTE A PRESTAÇÃO DE SERVIÇOS DE FORNECIMENTO DE ENERGIA ELÉTRICA, PARA ATENDER AO ADMINISTRATIVO DA SESAP , PARA O PERIODO DE JANEIRO A DEZEMBRO DE 2026, CONFORME OFICIO Nº 18/2026-ATENCAO PRIMARIA-SESAP.;;;;;;;;;;;;;;;;;;;;;;;;;;;;;;;;;;;;;
713;FUNDO MUNICIPAL DE SAÚDE DE BARBACENA;;30296513;27;2026;ESTIMATIVO;0;0;EMPENHO ESTIMATIVO PARA COBRIR DESPESAS REFERENTE A PRESTAÇÃO DE SERVIÇOS DE FORNECIMENTO DE ENERGIA ELÉTRICA, PARA ATENDER AO CEM DA SESAP , PARA O PERIODO DE JANEIRO A DEZEMBRO DE 2026, CONFORME OFICIO Nº 23/2026-ATENCAO PRIMARIA-SESAP.;02/01/26 00:00;30.000,00;0,00;2.845,72;0,00;2.845,72;0,00;0,00;0,00;0,00;0,00;0,00;0,00;1546390;CEMIG DISTRIBUICAO S/A;;;223;3;2685;10;302;3.3.90.39.29.00.00.00;1.500.000.1002;33903900000000;2.845,72;0,00;27.154,28;MANUTENÇÃO DO CEM;OUTROS SERVIÇOS DE TERCEIROS - PESSOA JURÍDICA
Especificação: ;;EMPENHO ESTIMATIVO PARA COBRIR DESPESAS REFERENTE A PRESTAÇÃO DE SERVIÇOS DE FORNECIMENTO DE ENERGIA ELÉTRICA, PARA ATENDER AO CEM DA SESAP , PARA O PERIODO DE JANEIRO A DEZEMBRO DE 2026, CONFORME OFICIO Nº 23/2026-ATENCAO PRIMARIA-SESAP.;;;;;;;;;;;;;;;;;;;;;;;;;;;;;;;;;;;;;
713;FUNDO MUNICIPAL DE SAÚDE DE BARBACENA;;30296566;28;2026;ESTIMATIVO;0;0;EMPENHO ESTIMATIVO PARA COBRIR DESPESAS REFERENTE A PRESTAÇÃO DE SERVIÇOS DE FORNECIMENTO DE ENERGIA ELÉTRICA, PARA ATENDER AS DEMANDAS DA OXIGENOTERAPIA - CEM DA SESAP - , PARA O PERIODO DE JANEIRO A DEZEMBRO DE 2026, CONFORME OFICIO Nº 21/2026-ATENCAO PRIMARIA-SESAP.;02/01/26 00:00;25.000,00;0,00;0,00;0,00;0,00;0,00;0,00;0,00;0,00;0,00;0,00;0,00;1546390;CEMIG DISTRIBUICAO S/A;;;223;3;2685;10;302;3.3.90.39.29.00.00.00;1.500.000.1002;33903900000000;0,00;0,00;25.000,00;MANUTENÇÃO DO CEM;OUTROS SERVIÇOS DE TERCEIROS - PESSOA JURÍDICA
Especificação: ;;EMPENHO ESTIMATIVO PARA COBRIR DESPESAS REFERENTE A PRESTAÇÃO DE SERVIÇOS DE FORNECIMENTO DE ENERGIA ELÉTRICA, PARA ATENDER AS DEMANDAS DA OXIGENOTERAPIA - CEM DA SESAP - , PARA O PERIODO DE JANEIRO A DEZEMBRO DE 2026, CONFORME OFICIO Nº 21/2026-ATENCAO PRIMARIA-SESAP.;;;;;;;;;;;;;;;;;;;;;;;;;;;;;;;;;;;;;
713;FUNDO MUNICIPAL DE SAÚDE DE BARBACENA;;30296596;29;2026;ESTIMATIVO;0;0;EMPENHO ESTIMATIVO PARA COBRIR DESPESAS REFERENTE A PRESTAÇÃO DE SERVIÇOS DE FORNECIMENTO DE ENERGIA ELÉTRICA, PARA ATENDER A OUVIDORIA DE SAUDE DA SESAP - , PARA O PERIODO DE JANEIRO A DEZEMBRO DE 2026, CONFORME OFICIO Nº 22/2026-ATENCAO PRIMARIA-SESAP.;02/01/26 00:00;4.000,00;0,00;224,26;0,00;224,26;0,00;0,00;0,00;0,00;0,00;0,00;0,00;1546390;CEMIG DISTRIBUICAO S/A;;;22;6;2024;10;122;3.3.90.39.29.00.00.00;1.500.000.1002;33903900000000;224,26;0,00;3.775,74;MANUTENÇAO DA OUVIDORIA;OUTROS SERVIÇOS DE TERCEIROS - PESSOA JURÍDICA
Especificação: ;;EMPENHO ESTIMATIVO PARA COBRIR DESPESAS REFERENTE A PRESTAÇÃO DE SERVIÇOS DE FORNECIMENTO DE ENERGIA ELÉTRICA, PARA ATENDER A OUVIDORIA DE SAUDE DA SESAP - , PARA O PERIODO DE JANEIRO A DEZEMBRO DE 2026, CONFORME OFICIO Nº 22/2026-ATENCAO PRIMARIA-SESAP.;;;;;;;;;;;;;;;;;;;;;;;;;;;;;;;;;;;;;
713;FUNDO MUNICIPAL DE SAÚDE DE BARBACENA;;30282383;3;2026;ESTIMATIVO;0;0;EMPENHO ESTIMATIVO PARA COBRIR DESPESAS COM O PROCESSAMENTO SIA-SIH/SUS, FONTE DE RECURSO MAC/FAEC - ESTADUAL, PRC. 125/2022, IL. 023/2022, QUARTO TERMO ADITIVO AO CONTRATO 164/2022, PARA O PERIODO DE JANEIRO A SETEMBRO DE 2026, CONFORME OFICIO 006/2026-DAE-SESAP.;02/01/26 00:00;921.365,96;0,00;0,00;0,00;0,00;0,00;0,00;0,00;0,00;0,00;0,00;0,00;2970818;FUNDACAO PRESIDENTE ANTONIO CARLOS;;;209;3;2654;10;302;3.3.90.39.36.00.00.00;1.621.000.0000;33903900000000;0,00;0,00;921.365,96;MANUTENÇÃO DA REDE DE ATENÇÃO ESPECIALIZADA;OUTROS SERVIÇOS DE TERCEIROS - PESSOA JURÍDICA
Especificação: ;;EMPENHO ESTIMATIVO PARA COBRIR DESPESAS COM O PROCESSAMENTO SIA-SIH/SUS, FONTE DE RECURSO MAC/FAEC - ESTADUAL, PRC. 125/2022, IL. 023/2022, QUARTO TERMO ADITIVO AO CONTRATO 164/2022, PARA O PERIODO DE JANEIRO A SETEMBRO DE 2026, CONFORME OFICIO 006/2026-DAE-SESAP.;;;;;;;;;;;;;;;;;;;;;;;;;;;;;;;;;;;;;
713;FUNDO MUNICIPAL DE SAÚDE DE BARBACENA;;30296628;30;2026;ESTIMATIVO;0;0;EMPENHO ESTIMATIVO PARA COBRIR DESPESAS REFERENTE A PRESTAÇÃO DE SERVIÇOS DE FORNECIMENTO DE ENERGIA ELÉTRICA, PARA ATENDER A UPA DA SESAP, PARA O PERIODO DE JANEIRO A DEZEMBRO DE 2026, CONFORME OFICIO Nº 19/2026-ATENCAO PRIMARIA-SESAP.;02/01/26 00:00;30.000,00;0,00;0,00;0,00;0,00;0,00;0,00;0,00;0,00;0,00;0,00;0,00;1546390;CEMIG DISTRIBUICAO S/A;;;163;3;2049;10;302;3.3.90.39.29.00.00.00;1.500.000.1002;33903900000000;0,00;0,00;30.000,00;MANUTENÇÃO DA UNIDADE DE PRONTO ATENDIMENTO (UPA);OUTROS SERVIÇOS DE TERCEIROS - PESSOA JURÍDICA
Especificação: ;;EMPENHO ESTIMATIVO PARA COBRIR DESPESAS REFERENTE A PRESTAÇÃO DE SERVIÇOS DE FORNECIMENTO DE ENERGIA ELÉTRICA, PARA ATENDER A UPA DA SESAP, PARA O PERIODO DE JANEIRO A DEZEMBRO DE 2026, CONFORME OFICIO Nº 19/2026-ATENCAO PRIMARIA-SESAP.;;;;;;;;;;;;;;;;;;;;;;;;;;;;;;;;;;;;;
713;FUNDO MUNICIPAL DE SAÚDE DE BARBACENA;;30317147;31;2026;ESTIMATIVO;0;0;EMPENHO ESTIMATIVO PARA COBRIR DESPESAS COM O PROCESSAMENTO SIA-SIH/SUS, FONTE DE RECURSO MAC/FAEC - FEDERAL, PRC. Nº 150/2025, IL. Nº 029/2025, CONTRATO Nº 130/2025, PARA O PERIODO DE JANEIRO A SETEMBRO DE 2026, CONFORME OFICIO 006/2026-DAE-SESAP.;02/01/26 00:00;4.032.368,64;0,00;378.000,00;0,00;189.000,00;0,00;0,00;0,00;0,00;0,00;0,00;0,00;1556315;ASSOCIACAO DE PAIS E AMIGOS DOS EXCEPCIONAIS DE BARBACENA-MG;;;209;3;2654;10;302;3.3.90.39.36.00.00.00;1.600.000.0000;33903900000000;189.000,00;0,00;3.843.368,64;MANUTENÇÃO DA REDE DE ATENÇÃO ESPECIALIZADA;OUTROS SERVIÇOS DE TERCEIROS - PESSOA JURÍDICA
Especificação: ;;EMPENHO ESTIMATIVO PARA COBRIR DESPESAS COM O PROCESSAMENTO SIA-SIH/SUS, FONTE DE RECURSO MAC/FAEC - FEDERAL, PRC. Nº 150/2025, IL. Nº 029/2025, CONTRATO Nº 130/2025, PARA O PERIODO DE JANEIRO A SETEMBRO DE 2026, CONFORME OFICIO 006/2026-DAE-SESAP.;;;;;;;;;;;;;;;;;;;;;;;;;;;;;;;;;;;;;
713;FUNDO MUNICIPAL DE SAÚDE DE BARBACENA;;30317237;32;2026;ESTIMATIVO;0;0;EMPENHO ESTIMATIVO PARA COBRIR DESPESAS COM O PROCESSAMENTO SIA-SIH/SUS, FONTE DE RECURSO MAC/FAEC - ESTADUAL, PRC. Nº 150/2025, IL. Nº 029/2025, CONTRATO Nº 130/2025, PARA O PERIODO DE JANEIRO A SETEMBRO DE 2026, CONFORME OFICIO 006/2026-DAE-SESAP.;02/01/26 00:00;24.000,00;0,00;0,00;0,00;0,00;0,00;0,00;0,00;0,00;0,00;0,00;0,00;1556315;ASSOCIACAO DE PAIS E AMIGOS DOS EXCEPCIONAIS DE BARBACENA-MG;;;209;3;2654;10;302;3.3.90.39.36.00.00.00;2.621.000.0000;33903900000000;0,00;0,00;24.000,00;MANUTENÇÃO DA REDE DE ATENÇÃO ESPECIALIZADA;OUTROS SERVIÇOS DE TERCEIROS - PESSOA JURÍDICA
Especificação: ;;EMPENHO ESTIMATIVO PARA COBRIR DESPESAS COM O PROCESSAMENTO SIA-SIH/SUS, FONTE DE RECURSO MAC/FAEC - ESTADUAL, PRC. Nº 150/2025, IL. Nº 029/2025, CONTRATO Nº 130/2025, PARA O PERIODO DE JANEIRO A SETEMBRO DE 2026, CONFORME OFICIO 006/2026-DAE-SESAP.;;;;;;;;;;;;;;;;;;;;;;;;;;;;;;;;;;;;;
713;FUNDO MUNICIPAL DE SAÚDE DE BARBACENA;;30317337;33;2026;ESTIMATIVO;0;0;EMPENHO ESTIMATIVO PARA COBRIR DESPESAS COM O PROCESSAMENTO SIA-SIH/SUS, FONTE DE RECURSO MAC/FAEC - ESTADUAL, PRC. Nº 150/2025, IL. Nº 029/2025, CONTRATO Nº 130/2025, PARA O PERIODO DE JANEIRO A SETEMBRO DE 2026, CONFORME OFICIO 006/2026-DAE-SESAP.;02/01/26 00:00;243.672,60;0,00;0,00;0,00;0,00;0,00;0,00;0,00;0,00;0,00;0,00;0,00;1556315;ASSOCIACAO DE PAIS E AMIGOS DOS EXCEPCIONAIS DE BARBACENA-MG;;;209;3;2654;10;302;3.3.90.39.36.00.00.00;1.621.000.0000;33903900000000;0,00;0,00;243.672,60;MANUTENÇÃO DA REDE DE ATENÇÃO ESPECIALIZADA;OUTROS SERVIÇOS DE TERCEIROS - PESSOA JURÍDICA
Especificação: ;;EMPENHO ESTIMATIVO PARA COBRIR DESPESAS COM O PROCESSAMENTO SIA-SIH/SUS, FONTE DE RECURSO MAC/FAEC - ESTADUAL, PRC. Nº 150/2025, IL. Nº 029/2025, CONTRATO Nº 130/2025, PARA O PERIODO DE JANEIRO A SETEMBRO DE 2026, CONFORME OFICIO 006/2026-DAE-SESAP.;;;;;;;;;;;;;;;;;;;;;;;;;;;;;;;;;;;;;
713;FUNDO MUNICIPAL DE SAÚDE DE BARBACENA;;30330443;34;2026;GLOBAL;0;0;EMPENHO GLOBAL PARA COBRIR DESPESAS COM A MANUTENCAO DAS RESIDENCIAS TERAPEUTICAS, TENDO COMO OBJETIVO O APOIO FINANCEIRO, NO SENTIDO DE GARANTIR, MANTER E ADMINISTRAR, DENTRO DO PROJETO DE DESOSPITALIZACAO PSIQUIATRICA DO MUNICIPIO DE BARBACENA, TERMO ADITIVO AO CONVENIO Nº 021/2022, PARA O PERIODO DE JANEIRO A DEZEMBRO DE 2026, ATRAVES DE REPASSE DO FUNDO MUNICIPAL DE SAUDE, LEI 10.216/2001 E PORTARIA 3.090/2011, RECURSO FEDERAL, CONFORME OFICIO 001/2026-SAUDE MENTAL-SESAP.;02/01/26 00:00;6.776.996,76;0,00;0,00;0,00;0,00;0,00;0,00;0,00;0,00;0,00;0,00;0,00;1556323;INSTITUTO JOSE LUIZ FERREIRA;4589;0;202;3;2642;10;302;3.3.90.39.99.00.00.00;1.600.000.0000;33903900000000;0,00;0,00;6.776.996,76;MANUTENÇÃO DA REDE DE ATENÇÃO PSICOSSOCIAL - RAPS;OUTROS SERVIÇOS DE TERCEIROS - PESSOA JURÍDICA
Especificação: ;;EMPENHO GLOBAL PARA COBRIR DESPESAS COM A MANUTENCAO DAS RESIDENCIAS TERAPEUTICAS, TENDO COMO OBJETIVO O APOIO FINANCEIRO, NO SENTIDO DE GARANTIR, MANTER E ADMINISTRAR, DENTRO DO ;;;;;;;;;;;;;;;;;;;;;;;;;;;;;;;;;;;;;
;;PROJETO DE DESOSPITALIZACAO PSIQUIATRICA DO MUNICIPIO DE BARBACENA, TERMO ADITIVO AO CONVENIO Nº 021/2022, PARA O PERIODO DE JANEIRO A DEZEMBRO DE 2026, ATRAVES DE REPASSE DO FUNDO MUNICIPAL DE SAUDE, LEI 10.216/2001 E PORTARIA 3.090/2011, RECURSO FEDERAL, CONFORME OFICIO 001/2026-SAUDE MENTAL-SESAP.;;;;;;;;;;;;;;;;;;;;;;;;;;;;;;;;;;;;;
713;FUNDO MUNICIPAL DE SAÚDE DE BARBACENA;;30330517;35;2026;GLOBAL;0;0;EMPENHO GLOBAL PARA COBRIR DESPESAS COM A MANUTENCAO DAS RESIDENCIAS TERAPEUTICAS, TENDO COMO OBJETIVO O APOIO FINANCEIRO, NO SENTIDO DE GARANTIR, MANTER E ADMINISTRAR, DENTRO DO PROJETO DE DESOSPITALIZACAO PSIQUIATRICA DO MUNICIPIO DE BARBACENA, TERMO ADITIVO AO CONVENIO Nº 021/2022, PARA O PERIODO DE JANEIRO A DEZEMBRO DE 2026, ATRAVES DE REPASSE DO FUNDO MUNICIPAL DE SAUDE, LEI 10.216/2001 E PORTARIA 3.090/2011, RECURSO ESTADUAL, CONFORME OFICIO 001/2026-SAUDE MENTAL-SESAP.;02/01/26 00:00;1.712.555,52;0,00;1.414.925,38;0,00;707.462,69;0,00;0,00;0,00;0,00;0,00;0,00;0,00;1556323;INSTITUTO JOSE LUIZ FERREIRA;4589;0;202;3;2642;10;302;3.3.90.39.99.00.00.00;2.621.000.0000;33903900000000;707.462,69;0,00;1.005.092,83;MANUTENÇÃO DA REDE DE ATENÇÃO PSICOSSOCIAL - RAPS;OUTROS SERVIÇOS DE TERCEIROS - PESSOA JURÍDICA
Especificação: ;;EMPENHO GLOBAL PARA COBRIR DESPESAS COM A MANUTENCAO DAS RESIDENCIAS TERAPEUTICAS, TENDO COMO OBJETIVO O APOIO FINANCEIRO, NO SENTIDO DE GARANTIR, MANTER E ADMINISTRAR, DENTRO DO PROJETO DE DESOSPITALIZACAO PSIQUIATRICA DO MUNICIPIO DE BARBACENA, TERMO ADITIVO AO CONVENIO Nº 021/2022, PARA O PERIODO DE JANEIRO A DEZEMBRO DE 2026, ATRAVES DE REPASSE DO FUNDO MUNICIPAL DE SAUDE, LEI 10.216/2001 E PORTARIA 3.090/2011, RECURSO ESTADUAL, CONFORME OFICIO 001/2026-SAUDE MENTAL-SESAP.;;;;;;;;;;;;;;;;;;;;;;;;;;;;;;;;;;;;;
713;FUNDO MUNICIPAL DE SAÚDE DE BARBACENA;;30360373;36;2026;ESTIMATIVO;0;0;"EMPENHO ESTIMATIVO PARA COBRIR DESPESAS COM A CONTRATACAO DE EMPRESA ESPECIALIZADA NA PRESTACAO DE SERVICOS DE RESSONANCIA MAGNETICA DO ENCEFALO COM SEDACAO EM PACIENTES MAIORES E MENORES DE IDADE, EM ATENDIMENTO A DEMANDA DA REDE DE ATENCAO ESPECIALIZADA DA SESAP, PRC. Nº 202/2023, IL. 040/2023, 
TERMO ADITIVO AO CONTRATO Nº 019/2024, PARA O PERIODO DE JANEIRO E FEVEREIRO DE 2026, CONFORME OFICIO 006/2026-SIMACRA-SESAP.";02/01/26 00:00;13.120,00;0,00;0,00;0,00;0,00;0,00;0,00;0,00;0,00;0,00;0,00;0,00;5704846;ALLIANCA SAUDE E PARTICIPACOES S.A.;;;209;3;2654;10;302;3.3.90.39.36.00.00.00;1.500.000.1002;33903900000000;0,00;0,00;13.120,00;MANUTENÇÃO DA REDE DE ATENÇÃO ESPECIALIZADA;OUTROS SERVIÇOS DE TERCEIROS - PESSOA JURÍDICA
Especificação: ;;"EMPENHO ESTIMATIVO PARA COBRIR DESPESAS COM A CONTRATACAO DE EMPRESA ESPECIALIZADA NA PRESTACAO DE SERVICOS DE RESSONANCIA MAGNETICA DO ENCEFALO COM SEDACAO EM PACIENTES MAIORES E MENORES DE IDADE, EM ATENDIMENTO A DEMANDA DA REDE DE ATENCAO ESPECIALIZADA DA SESAP, PRC. Nº 202/2023, IL. 040/2023, 
TERMO ADITIVO AO CONTRATO Nº 019/2024, PARA O PERIODO DE JANEIRO E FEVEREIRO DE 2026, CONFORME OFICIO 006/2026-SIMACRA-SESAP.";;;;;;;;;;;;;;;;;;;;;;;;;;;;;;;;;;;;;
713;FUNDO MUNICIPAL DE SAÚDE DE BARBACENA;;30361856;37;2026;ESTIMATIVO;0;0;EMPENHO ESTIMATIVO PARA COBRIR DESPESAS COM O PROCESSAMENTO SIA-SIH/SUS, FONTE DE RECURSO PROPRIO SAUDE, PRC. Nº 150/2025, IL. Nº 029/2025, CONTRATO Nº 130/2025, PARA O PERIODO DE JANEIRO A SETEMBRO DE 2026, CONFORME OFICIO 006/2026-DAE-SESAP. EMPENHO ESTIMATIVO PARCIAL CONFORME LIBERACAO DA DRO Nº 040/2026 DA DIRETORIA DE PLANEJAMENTO ORCAMENTARIO.;02/01/26 00:00;115.840,00;0,00;32.600,00;0,00;16.300,00;0,00;0,00;0,00;0,00;0,00;0,00;0,00;1556315;ASSOCIACAO DE PAIS E AMIGOS DOS EXCEPCIONAIS DE BARBACENA-MG;;;209;3;2654;10;302;3.3.90.39.36.00.00.00;1.500.000.1002;33903900000000;16.300,00;0,00;99.540,00;MANUTENÇÃO DA REDE DE ATENÇÃO ESPECIALIZADA;OUTROS SERVIÇOS DE TERCEIROS - PESSOA JURÍDICA
Especificação: ;;EMPENHO ESTIMATIVO PARA COBRIR DESPESAS COM O PROCESSAMENTO SIA-SIH/SUS, FONTE DE RECURSO PROPRIO SAUDE, PRC. Nº 150/2025, IL. Nº 029/2025, CONTRATO Nº 130/2025, PARA O PERIODO DE JANEIRO A SETEMBRO DE 2026, CONFORME OFICIO 006/2026-DAE-SESAP. EMPENHO ESTIMATIVO PARCIAL CONFORME LIBERACAO DA DRO Nº 040/2026 DA DIRETORIA DE PLANEJAMENTO ORCAMENTARIO.;;;;;;;;;;;;;;;;;;;;;;;;;;;;;;;;;;;;;
713;FUNDO MUNICIPAL DE SAÚDE DE BARBACENA;;30364055;38;2026;ESTIMATIVO;0;0;EMPENHO ESTIMATIVO PARA COBRIR DESPESAS COM O PROCESSAMENTO SIA-SIH/SUS, FONTE DE RECURSO PROPRIO - SAUDE, TERMO ADITIVO AO CONTRATO 003/2022, PRC. 0153/2021, IL. 003/2022, PARA O PERIODO DE JANEIRO A JUNHO  DE 2026, CONFORME OFICIO 006/2026-DIRETORIA DE ATENCAO ESPECIALIZADA-SESAP. EMPENHO ESTIMATIVO PARACIAL CONFORME LIBERACAO DA DRO Nº 041/2026 DA DIRETORIA DE PLANEJAMENTO ORCAMNTARIO.;02/01/26 00:00;1.557.356,35;0,00;222.992,00;0,00;222.992,00;0,00;0,00;0,00;0,00;0,00;0,00;0,00;1556317;CENTRO BARB. ASSIST.MED SOCIAL -CEBAMS;;;209;3;2654;10;302;3.3.90.39.36.00.00.00;1.500.000.1002;33903900000000;222.992,00;0,00;1.334.364,35;MANUTENÇÃO DA REDE DE ATENÇÃO ESPECIALIZADA;OUTROS SERVIÇOS DE TERCEIROS - PESSOA JURÍDICA
Especificação: ;;EMPENHO ESTIMATIVO PARA COBRIR DESPESAS COM O PROCESSAMENTO SIA-SIH/SUS, FONTE DE RECURSO PROPRIO - SAUDE, TERMO ADITIVO AO CONTRATO 003/2022, PRC. 0153/2021, IL. 003/2022, PARA O PERIODO DE JANEIRO A JUNHO  DE 2026, CONFORME OFICIO 006/2026-DIRETORIA DE ATENCAO ESPECIALIZADA-SESAP. EMPENHO ESTIMATIVO PARACIAL CONFORME LIBERACAO DA DRO Nº 041/2026 DA DIRETORIA DE PLANEJAMENTO ORCAMNTARIO.;;;;;;;;;;;;;;;;;;;;;;;;;;;;;;;;;;;;;
713;FUNDO MUNICIPAL DE SAÚDE DE BARBACENA;;30364238;39;2026;ESTIMATIVO;0;0;EMPENHO ESTIMATIVO PARA COBRIR DESPESAS COM O PROCESSAMENTO SIA-SIH/SUS, FONTE DE RECURSO PROPRIO - SAUDE, REFERENTE AO 10º TERMO ADITIVO AO CONTRATO 002/2022, PRC. 153/2022, IL. 003/2022,  PARA O PERIODO DE JANEIRO A JUNHO DE 2026, CONFORME OFICIO 006/2026-DAE-SESAP. EMPENHO ESTIMATIVO PARCIAL CONFORME LIBERACAO DA DRO Nº 042/2026 EMITIDA PELA DIRETORIA DE PLANEJAMENTO ORCAEMENTARIO.;02/01/26 00:00;869.975,51;0,00;151.295,96;0,00;151.295,96;0,00;0,00;0,00;0,00;0,00;0,00;0,00;1546400;INST MATERN ASSIST A INFANC E POLICLIN DE BARBACENA;;;209;3;2654;10;302;3.3.90.39.36.00.00.00;1.500.000.1002;33903900000000;151.295,96;0,00;718.679,55;MANUTENÇÃO DA REDE DE ATENÇÃO ESPECIALIZADA;OUTROS SERVIÇOS DE TERCEIROS - PESSOA JURÍDICA
Especificação: ;;EMPENHO ESTIMATIVO PARA COBRIR DESPESAS COM O PROCESSAMENTO SIA-SIH/SUS, FONTE DE RECURSO PROPRIO - SAUDE, REFERENTE AO 10º TERMO ADITIVO AO CONTRATO 002/2022, PRC. 153/2022, IL. 003/2022,  PARA O PERIODO DE JANEIRO A JUNHO DE 2026, CONFORME OFICIO 006/2026-DAE-SESAP. EMPENHO ESTIMATIVO PARCIAL CONFORME LIBERACAO DA DRO Nº 042/2026 EMITIDA PELA DIRETORIA DE PLANEJAMENTO ORCAEMENTARIO.;;;;;;;;;;;;;;;;;;;;;;;;;;;;;;;;;;;;;
713;FUNDO MUNICIPAL DE SAÚDE DE BARBACENA;;30282546;4;2026;ESTIMATIVO;0;0;EMPENHO ESTIMATIVO PARA COBRIR DESPESAS COM A CONTRATACAO DE LABORATORIO PARA EXECUCAO DE SERVICOS LABORATORIAIS EM BENEFICIO DE PACIENTES REGULADOS PELA REDE SUS, REF. AO PROCESSAMENTO SIA/SUS, FONTE DE RECURSO MAC - FEDERAL, TERMO ADITIVO AO CONTRATO 036/2024, PRC. 214/2023 IL. 044/2023, PERIODO DE JANEIRO A MARCO DE 2026, CONFORME OFICIO 006/2026-DAE-SESAP.;02/01/26 00:00;510.000,00;0,00;0,00;0,00;0,00;0,00;0,00;0,00;0,00;0,00;0,00;0,00;1556332;FUNDACAO JOSE BONIFACIO LAFAYETTE DE ANDRADA - FUNJOBE;;;209;3;2654;10;302;3.3.90.39.36.00.00.00;1.600.000.0000;33903900000000;0,00;0,00;510.000,00;MANUTENÇÃO DA REDE DE ATENÇÃO ESPECIALIZADA;OUTROS SERVIÇOS DE TERCEIROS - PESSOA JURÍDICA
Especificação: ;;EMPENHO ESTIMATIVO PARA COBRIR DESPESAS COM A CONTRATACAO DE LABORATORIO PARA EXECUCAO DE SERVICOS LABORATORIAIS EM BENEFICIO DE PACIENTES REGULADOS PELA REDE SUS, REF. AO PROCESSAMENTO SIA/SUS, FONTE DE RECURSO MAC - FEDERAL, TERMO ADITIVO AO CONTRATO 036/2024, PRC. 214/2023 IL. 044/2023, PERIODO DE JANEIRO A MARCO DE 2026, CONFORME OFICIO 006/2026-DAE-SESAP.;;;;;;;;;;;;;;;;;;;;;;;;;;;;;;;;;;;;;
713;FUNDO MUNICIPAL DE SAÚDE DE BARBACENA;;30364396;40;2026;ESTIMATIVO;0;0;EMPENHO ESTIMATIVO PARA COBRIR DESPESAS COM O PROCESSAMENTO SIA-SIH/SUS, FONTE DE RECURSO PROPRIO - SAUDE, TERMO ADITIVO AO CONTRATO 001/2022, PRC. 0153/2022, IL. 003/2022, PARA O PERIODO DE JANEIRO A JUNHO  DE 2026, CONFORME OFICIO 006/2026-DAE-SESAP. EMPENHO ESTIMATIVO PARCIAL CONFORME LIBERACAO DA DRO Nº 043/2026 EMITIDA PELA DIRETORIA DE PLANEJAMENTO ORCAMENTARIO.;02/01/26 00:00;1.466.064,95;0,00;545.000,00;0,00;545.000,00;0,00;0,00;0,00;0,00;0,00;0,00;0,00;1556314;SANTA CASA DE MISERICORDIA DE BARBACENA;;;209;3;2654;10;302;3.3.90.39.36.00.00.00;1.500.000.1002;33903900000000;545.000,00;0,00;921.064,95;MANUTENÇÃO DA REDE DE ATENÇÃO ESPECIALIZADA;OUTROS SERVIÇOS DE TERCEIROS - PESSOA JURÍDICA
Especificação: ;;EMPENHO ESTIMATIVO PARA COBRIR DESPESAS COM O PROCESSAMENTO SIA-SIH/SUS, FONTE DE RECURSO PROPRIO - SAUDE, TERMO ADITIVO AO CONTRATO 001/2022, PRC. 0153/2022, IL. 003/2022, PARA O PERIODO DE JANEIRO A JUNHO  DE 2026, CONFORME OFICIO 006/2026-DAE-SESAP. EMPENHO ESTIMATIVO PARCIAL CONFORME LIBERACAO DA DRO Nº 043/2026 EMITIDA PELA DIRETORIA DE PLANEJAMENTO ORCAMENTARIO.;;;;;;;;;;;;;;;;;;;;;;;;;;;;;;;;;;;;;
713;FUNDO MUNICIPAL DE SAÚDE DE BARBACENA;;30364512;41;2026;ESTIMATIVO;0;0;LIBERACAO DE PAGTO PARA COBRIR DESPESAS COM O PROCESSAMENTO SIA-SIH/SUS, FONTE DE RECURSO PROPRIO - SAUDE, PRC. Nº 003/2025, IL. Nº 003 003/2025, CONTRATO DE CREDENCIAMENTO Nº 127/2025, PARA O PERIODO DE JANEIRO A SETEMBRO DE 2026, CONFORME OFICIO 006/2026-DAE-SESAP. EMPENHO ESTIMATIVO PARCIAL CONFORME LIBERACAO DA DRO Nº 044/2026 EMITIDA PELA DIRETORIA DE PLANEJAMENTO ORCAMENTARIO.;02/01/26 00:00;27.000,00;0,00;0,00;0,00;0,00;0,00;0,00;0,00;0,00;0,00;0,00;0,00;1556322;PRO-RENAL CENTRO DE NEFROLOGIA LTDA;;;209;3;2654;10;302;3.3.90.39.36.00.00.00;1.500.000.1002;33903900000000;0,00;0,00;27.000,00;MANUTENÇÃO DA REDE DE ATENÇÃO ESPECIALIZADA;OUTROS SERVIÇOS DE TERCEIROS - PESSOA JURÍDICA
Especificação: ;;LIBERACAO DE PAGTO PARA COBRIR DESPESAS COM O PROCESSAMENTO SIA-SIH/SUS, FONTE DE RECURSO PROPRIO - SAUDE, PRC. Nº 003/2025, IL. Nº 003 003/2025, CONTRATO DE CREDENCIAMENTO Nº 127/2025, PARA O PERIODO DE JANEIRO A SETEMBRO DE 2026, CONFORME OFICIO 006/2026-DAE-SESAP. EMPENHO ESTIMATIVO PARCIAL CONFORME LIBERACAO DA DRO Nº 044/2026 EMITIDA PELA DIRETORIA DE PLANEJAMENTO ORCAMENTARIO.;;;;;;;;;;;;;;;;;;;;;;;;;;;;;;;;;;;;;
713;FUNDO MUNICIPAL DE SAÚDE DE BARBACENA;;30417854;42;2026;ESTIMATIVO;0;0;EMPENHO ESTIMATIVO PARA COBRIR DESPESAS COM AJUDA DE CUSTO A MOTORISTAS EM DESLOCAMENTOS OFICIAIS PARA FORA DO TERRITORIO DO MUNICIPIO, PARA FINS DE ALIMENTACAO, EM CONFORMIDADE AO DECRETO MUNICIPAL Nº 8.581, PARA O PERIODO DE 02/01/2026 A 31/12/2026, CONFORME OFICIO 004/2026-TS-SESAP.;02/01/26 00:00;3.000,00;0,00;0,00;0,00;0,00;0,00;0,00;0,00;0,00;0,00;0,00;0,00;1546484;AILTON DOS SANTOS;;;128;3;2015;10;302;3.3.90.33.99.00.00.00;1.500.000.1002;33903300000000;0,00;0,00;3.000,00;MANUTENÇAO DO TRANSPORTE DE SAÚDE;PASSAGENS E DESPESAS COM LOCOMOÇÃO
Especificação: ;;EMPENHO ESTIMATIVO PARA COBRIR DESPESAS COM AJUDA DE CUSTO A MOTORISTAS EM DESLOCAMENTOS OFICIAIS PARA FORA DO TERRITORIO DO MUNICIPIO, PARA FINS DE ALIMENTACAO, EM CONFORMIDADE AO DECRETO MUNICIPAL Nº 8.581, PARA O PERIODO DE 02/01/2026 A 31/12/2026, CONFORME OFICIO 004/2026-TS-SESAP.;;;;;;;;;;;;;;;;;;;;;;;;;;;;;;;;;;;;;
713;FUNDO MUNICIPAL DE SAÚDE DE BARBACENA;;30418237;43;2026;ESTIMATIVO;0;0;EMPENHO ESTIMATIVO PARA COBRIR DESPESAS COM AJUDA DE CUSTO A MOTORISTAS EM DESLOCAMENTOS OFICIAIS PARA FORA DO TERRITORIO DO MUNICIPIO, PARA FINS DE ALIMENTACAO, EM CONFORMIDADE AO DECRETO MUNICIPAL Nº 8.581, PARA O PERIODO DE 02/01/2026 A 31/12/2026, CONFORME OFICIO 004/2026-TS-SESAP.;02/01/26 00:00;3.000,00;0,00;0,00;0,00;0,00;0,00;0,00;0,00;0,00;0,00;0,00;0,00;1546779;ARMANDO FELIPE NASCIMENTO DE OLIVEIRA;;;128;3;2015;10;302;3.3.90.33.99.00.00.00;1.500.000.1002;33903300000000;0,00;0,00;3.000,00;MANUTENÇAO DO TRANSPORTE DE SAÚDE;PASSAGENS E DESPESAS COM LOCOMOÇÃO
Especificação: ;;EMPENHO ESTIMATIVO PARA COBRIR DESPESAS COM AJUDA DE CUSTO A MOTORISTAS EM DESLOCAMENTOS OFICIAIS PARA FORA DO TERRITORIO DO MUNICIPIO, PARA FINS DE ALIMENTACAO, EM CONFORMIDADE AO DECRETO MUNICIPAL Nº 8.581, PARA O PERIODO DE 02/01/2026 A 31/12/2026, CONFORME OFICIO 004/2026-TS-SESAP.;;;;;;;;;;;;;;;;;;;;;;;;;;;;;;;;;;;;;
713;FUNDO MUNICIPAL DE SAÚDE DE BARBACENA;;30418337;44;2026;ESTIMATIVO;0;0;EMPENHO ESTIMATIVO PARA COBRIR DESPESAS COM AJUDA DE CUSTO A MOTORISTAS EM DESLOCAMENTOS OFICIAIS PARA FORA DO TERRITORIO DO MUNICIPIO, PARA FINS DE ALIMENTACAO, EM CONFORMIDADE AO DECRETO MUNICIPAL Nº 8.581, PARA O PERIODO DE 02/01/2026 A 31/12/2026, CONFORME OFICIO 004/2026-TS-SESAP.;02/01/26 00:00;20.000,00;0,00;1.190,00;0,00;1.090,00;0,00;0,00;0,00;0,00;0,00;0,00;0,00;1546656;CHRISTIAN VINICIUS DE SIQUEIRA;;;128;3;2015;10;302;3.3.90.33.99.00.00.00;1.500.000.1002;33903300000000;1.090,00;0,00;18.910,00;MANUTENÇAO DO TRANSPORTE DE SAÚDE;PASSAGENS E DESPESAS COM LOCOMOÇÃO
Especificação: ;;EMPENHO ESTIMATIVO PARA COBRIR DESPESAS COM AJUDA DE CUSTO A MOTORISTAS EM DESLOCAMENTOS OFICIAIS PARA FORA DO TERRITORIO DO MUNICIPIO, PARA FINS DE ALIMENTACAO, EM CONFORMIDADE AO DECRETO MUNICIPAL Nº 8.581, PARA O PERIODO DE 02/01/2026 A 31/12/2026, CONFORME OFICIO 004/2026-TS-SESAP.;;;;;;;;;;;;;;;;;;;;;;;;;;;;;;;;;;;;;
713;FUNDO MUNICIPAL DE SAÚDE DE BARBACENA;;30418371;45;2026;ESTIMATIVO;0;0;EMPENHO ESTIMATIVO PARA COBRIR DESPESAS COM AJUDA DE CUSTO A MOTORISTAS EM DESLOCAMENTOS OFICIAIS PARA FORA DO TERRITORIO DO MUNICIPIO, PARA FINS DE ALIMENTACAO, EM CONFORMIDADE AO DECRETO MUNICIPAL Nº 8.581, PARA O PERIODO DE 02/01/2026 A 31/12/2026, CONFORME OFICIO 004/2026-TS-SESAP.;02/01/26 00:00;3.000,00;0,00;100,00;0,00;100,00;0,00;0,00;0,00;0,00;0,00;0,00;0,00;1556337;FLAVIO JOSE DE ARAUJO;;;128;3;2015;10;302;3.3.90.33.99.00.00.00;1.500.000.1002;33903300000000;100,00;0,00;2.900,00;MANUTENÇAO DO TRANSPORTE DE SAÚDE;PASSAGENS E DESPESAS COM LOCOMOÇÃO
Especificação: ;;EMPENHO ESTIMATIVO PARA COBRIR DESPESAS COM AJUDA DE CUSTO A MOTORISTAS EM DESLOCAMENTOS OFICIAIS PARA FORA DO TERRITORIO DO MUNICIPIO, PARA FINS DE ALIMENTACAO, EM CONFORMIDADE AO DECRETO MUNICIPAL Nº 8.581, PARA O PERIODO DE 02/01/2026 A 31/12/2026, CONFORME OFICIO 004/2026-TS-SESAP.;;;;;;;;;;;;;;;;;;;;;;;;;;;;;;;;;;;;;
713;FUNDO MUNICIPAL DE SAÚDE DE BARBACENA;;30418497;46;2026;ESTIMATIVO;0;0;EMPENHO ESTIMATIVO PARA COBRIR DESPESAS COM AJUDA DE CUSTO A MOTORISTAS EM DESLOCAMENTOS OFICIAIS PARA FORA DO TERRITORIO DO MUNICIPIO, PARA FINS DE ALIMENTACAO, EM CONFORMIDADE AO DECRETO MUNICIPAL Nº 8.581, PARA O PERIODO DE 02/01/2026 A 31/12/2026, CONFORME OFICIO 004/2026-TS-SESAP.;02/01/26 00:00;5.000,00;0,00;0,00;0,00;0,00;0,00;0,00;0,00;0,00;0,00;0,00;0,00;1546743;IGOR MAIKE REZENDE;;;128;3;2015;10;302;3.3.90.33.99.00.00.00;1.500.000.1002;33903300000000;0,00;0,00;5.000,00;MANUTENÇAO DO TRANSPORTE DE SAÚDE;PASSAGENS E DESPESAS COM LOCOMOÇÃO
Especificação: ;;EMPENHO ESTIMATIVO PARA COBRIR DESPESAS COM AJUDA DE CUSTO A MOTORISTAS EM DESLOCAMENTOS OFICIAIS PARA FORA DO TERRITORIO DO MUNICIPIO, PARA FINS DE ALIMENTACAO, EM CONFORMIDADE AO DECRETO MUNICIPAL Nº 8.581, PARA O PERIODO DE 02/01/2026 A 31/12/2026, CONFORME OFICIO 004/2026-TS-SESAP.;;;;;;;;;;;;;;;;;;;;;;;;;;;;;;;;;;;;;
713;FUNDO MUNICIPAL DE SAÚDE DE BARBACENA;;30418911;47;2026;ESTIMATIVO;0;0;EMPENHO ESTIMATIVO PARA COBRIR DESPESAS COM AJUDA DE CUSTO A MOTORISTAS EM DESLOCAMENTOS OFICIAIS PARA FORA DO TERRITORIO DO MUNICIPIO, PARA FINS DE ALIMENTACAO, EM CONFORMIDADE AO DECRETO MUNICIPAL Nº 8.581, PARA O PERIODO DE 02/01/2026 A 31/12/2026, CONFORME OFICIO 004/2026-TS-SESAP.;02/01/26 00:00;20.000,00;0,00;1.640,00;0,00;1.400,00;0,00;0,00;0,00;0,00;0,00;0,00;0,00;2526369;JEFFERSON LUIZ DA SILVA;;;128;3;2015;10;302;3.3.90.33.99.00.00.00;1.500.000.1002;33903300000000;1.400,00;0,00;18.600,00;MANUTENÇAO DO TRANSPORTE DE SAÚDE;PASSAGENS E DESPESAS COM LOCOMOÇÃO
713;FUNDO MUNICIPAL DE SAÚDE DE BARBACENA;;30419196;48;2026;ESTIMATIVO;0;0;EMPENHO ESTIMATIVO PARA COBRIR DESPESAS COM AJUDA DE CUSTO A MOTORISTAS EM DESLOCAMENTOS OFICIAIS PARA FORA DO TERRITORIO DO MUNICIPIO, PARA FINS DE ALIMENTACAO, EM CONFORMIDADE AO DECRETO MUNICIPAL Nº 8.581, PARA O PERIODO DE 02/01/2026 A 31/12/2026, CONFORME OFICIO 004/2026-TS-SESAP.;02/01/26 00:00;1.500,00;0,00;0,00;0,00;0,00;0,00;0,00;0,00;0,00;0,00;0,00;0,00;1556345;JOSE LOPES DA SILVA;;;128;3;2015;10;302;3.3.90.33.99.00.00.00;1.500.000.1002;33903300000000;0,00;0,00;1.500,00;MANUTENÇAO DO TRANSPORTE DE SAÚDE;PASSAGENS E DESPESAS COM LOCOMOÇÃO
Especificação: ;;EMPENHO ESTIMATIVO PARA COBRIR DESPESAS COM AJUDA DE CUSTO A MOTORISTAS EM DESLOCAMENTOS OFICIAIS PARA FORA DO TERRITORIO DO MUNICIPIO, PARA FINS DE ALIMENTACAO, EM CONFORMIDADE AO DECRETO MUNICIPAL Nº 8.581, PARA O PERIODO DE 02/01/2026 A 31/12/2026, CONFORME OFICIO 004/2026-TS-SESAP.;;;;;;;;;;;;;;;;;;;;;;;;;;;;;;;;;;;;;
713;FUNDO MUNICIPAL DE SAÚDE DE BARBACENA;;30419762;49;2026;ESTIMATIVO;0;0;EMPENHO ESTIMATIVO PARA COBRIR DESPESAS COM AJUDA DE CUSTO A MOTORISTAS EM DESLOCAMENTOS OFICIAIS PARA FORA DO TERRITORIO DO MUNICIPIO, PARA FINS DE ALIMENTACAO, EM CONFORMIDADE AO DECRETO MUNICIPAL Nº 8.581, PARA O PERIODO DE 02/01/2026 A 31/12/2026, CONFORME OFICIO 004/2026-TS-SESAP.;02/01/26 00:00;25.000,00;0,00;2.600,00;0,00;2.400,00;0,00;0,00;0,00;0,00;0,00;0,00;0,00;1546518;JOSE ROBERTO ZEFERINO;;;128;3;2015;10;302;3.3.90.33.99.00.00.00;1.500.000.1002;33903300000000;2.400,00;0,00;22.600,00;MANUTENÇAO DO TRANSPORTE DE SAÚDE;PASSAGENS E DESPESAS COM LOCOMOÇÃO
Especificação: ;;EMPENHO ESTIMATIVO PARA COBRIR DESPESAS COM AJUDA DE CUSTO A MOTORISTAS EM DESLOCAMENTOS OFICIAIS PARA FORA DO TERRITORIO DO MUNICIPIO, PARA FINS DE ALIMENTACAO, EM CONFORMIDADE AO DECRETO MUNICIPAL Nº 8.581, PARA O PERIODO DE 02/01/2026 A 31/12/2026, CONFORME OFICIO 004/2026-TS-SESAP.;;;;;;;;;;;;;;;;;;;;;;;;;;;;;;;;;;;;;
713;FUNDO MUNICIPAL DE SAÚDE DE BARBACENA;;30282813;5;2026;ESTIMATIVO;0;0;EMPENHO ESTIMATIVO PARA COBRIR DESPESAS COM OS PROCEDIMENTOS SIA/SUS, FONTE DE RECURSOS MAC - FEDERAL, PARA ATENDER AOS USUARIOS DO SUS, PRC. Nº 003/2025, IL. 003/2025, CONTRATO Nº 086/2025, PARA O PERIODO DE JANEIRO A JULHO DE 2026, CONFORME OFICIO 006/2026-DAE-SESAP.;02/01/26 00:00;202.873,79;0,00;0,00;0,00;0,00;0,00;0,00;0,00;0,00;0,00;0,00;0,00;1556332;FUNDACAO JOSE BONIFACIO LAFAYETTE DE ANDRADA - FUNJOBE;;;209;3;2654;10;302;3.3.90.39.36.00.00.00;1.600.000.0000;33903900000000;0,00;0,00;202.873,79;MANUTENÇÃO DA REDE DE ATENÇÃO ESPECIALIZADA;OUTROS SERVIÇOS DE TERCEIROS - PESSOA JURÍDICA
Especificação: ;;EMPENHO ESTIMATIVO PARA COBRIR DESPESAS COM OS PROCEDIMENTOS SIA/SUS, FONTE DE RECURSOS MAC - FEDERAL, PARA ATENDER AOS USUARIOS DO SUS, PRC. Nº 003/2025, IL. 003/2025, CONTRATO Nº 086/2025, PARA O PERIODO DE JANEIRO A JULHO DE 2026, CONFORME OFICIO 006/2026-DAE-SESAP.;;;;;;;;;;;;;;;;;;;;;;;;;;;;;;;;;;;;;
713;FUNDO MUNICIPAL DE SAÚDE DE BARBACENA;;30420577;50;2026;ESTIMATIVO;0;0;EMPENHO ESTIMATIVO PARA COBRIR DESPESAS COM AJUDA DE CUSTO A MOTORISTAS EM DESLOCAMENTOS OFICIAIS PARA FORA DO TERRITORIO DO MUNICIPIO, PARA FINS DE ALIMENTACAO, EM CONFORMIDADE AO DECRETO MUNICIPAL Nº 8.581, PARA O PERIODO DE 02/01/2026 A 31/12/2026, CONFORME OFICIO 004/2026-TS-SESAP.;02/01/26 00:00;3.000,00;0,00;0,00;0,00;0,00;0,00;0,00;0,00;0,00;0,00;0,00;0,00;1546624;LOURENCO LIMA DE PAULA;;;128;3;2015;10;302;3.3.90.33.99.00.00.00;1.500.000.1002;33903300000000;0,00;0,00;3.000,00;MANUTENÇAO DO TRANSPORTE DE SAÚDE;PASSAGENS E DESPESAS COM LOCOMOÇÃO
Especificação: ;;EMPENHO ESTIMATIVO PARA COBRIR DESPESAS COM AJUDA DE CUSTO A MOTORISTAS EM DESLOCAMENTOS OFICIAIS PARA FORA DO TERRITORIO DO MUNICIPIO, PARA FINS DE ALIMENTACAO, EM CONFORMIDADE AO DECRETO MUNICIPAL Nº 8.581, PARA O PERIODO DE 02/01/2026 A 31/12/2026, CONFORME OFICIO 004/2026-TS-SESAP.;;;;;;;;;;;;;;;;;;;;;;;;;;;;;;;;;;;;;
713;FUNDO MUNICIPAL DE SAÚDE DE BARBACENA;;30420615;51;2026;ESTIMATIVO;0;0;EMPENHO ESTIMATIVO PARA COBRIR DESPESAS COM AJUDA DE CUSTO A MOTORISTAS EM DESLOCAMENTOS OFICIAIS PARA FORA DO TERRITORIO DO MUNICIPIO, PARA FINS DE ALIMENTACAO, EM CONFORMIDADE AO DECRETO MUNICIPAL Nº 8.581, PARA O PERIODO DE 02/01/2026 A 31/12/2026, CONFORME OFICIO 004/2026-TS-SESAP.;02/01/26 00:00;20.000,00;0,00;1.360,00;0,00;1.160,00;0,00;0,00;0,00;0,00;0,00;0,00;0,00;1546569;MARCELO VIEIRA NEVES;;;128;3;2015;10;302;3.3.90.33.99.00.00.00;1.500.000.1002;33903300000000;1.160,00;0,00;18.840,00;MANUTENÇAO DO TRANSPORTE DE SAÚDE;PASSAGENS E DESPESAS COM LOCOMOÇÃO
Especificação: ;;EMPENHO ESTIMATIVO PARA COBRIR DESPESAS COM AJUDA DE CUSTO A MOTORISTAS EM DESLOCAMENTOS OFICIAIS PARA FORA DO TERRITORIO DO MUNICIPIO, PARA FINS DE ALIMENTACAO, EM CONFORMIDADE AO DECRETO MUNICIPAL Nº 8.581, PARA O PERIODO DE 02/01/2026 A 31/12/2026, CONFORME OFICIO 004/2026-TS-SESAP.;;;;;;;;;;;;;;;;;;;;;;;;;;;;;;;;;;;;;
713;FUNDO MUNICIPAL DE SAÚDE DE BARBACENA;;30420772;52;2026;ESTIMATIVO;0;0;EMPENHO ESTIMATIVO PARA COBRIR DESPESAS COM AJUDA DE CUSTO A MOTORISTAS EM DESLOCAMENTOS OFICIAIS PARA FORA DO TERRITORIO DO MUNICIPIO, PARA FINS DE ALIMENTACAO, EM CONFORMIDADE AO DECRETO MUNICIPAL Nº 8.581, PARA O PERIODO DE 02/01/2026 A 31/12/2026, CONFORME OFICIO 004/2026-TS-SESAP.;02/01/26 00:00;20.000,00;0,00;1.810,00;0,00;1.570,00;0,00;0,00;0,00;0,00;0,00;0,00;0,00;1546528;MARCO ANTONIO COSTA FONTES;;;128;3;2015;10;302;3.3.90.33.99.00.00.00;1.500.000.1002;33903300000000;1.570,00;0,00;18.430,00;MANUTENÇAO DO TRANSPORTE DE SAÚDE;PASSAGENS E DESPESAS COM LOCOMOÇÃO
Especificação: ;;EMPENHO ESTIMATIVO PARA COBRIR DESPESAS COM AJUDA DE CUSTO A MOTORISTAS EM DESLOCAMENTOS OFICIAIS PARA FORA DO TERRITORIO DO MUNICIPIO, PARA FINS DE ALIMENTACAO, EM CONFORMIDADE AO DECRETO MUNICIPAL Nº 8.581, PARA O PERIODO DE 02/01/2026 A 31/12/2026, CONFORME OFICIO 004/2026-TS-SESAP.;;;;;;;;;;;;;;;;;;;;;;;;;;;;;;;;;;;;;
713;FUNDO MUNICIPAL DE SAÚDE DE BARBACENA;;30420877;53;2026;ESTIMATIVO;0;0;EMPENHO ESTIMATIVO PARA COBRIR DESPESAS COM AJUDA DE CUSTO A MOTORISTAS EM DESLOCAMENTOS OFICIAIS PARA FORA DO TERRITORIO DO MUNICIPIO, PARA FINS DE ALIMENTACAO, EM CONFORMIDADE AO DECRETO MUNICIPAL Nº 8.581, PARA O PERIODO DE 02/01/2026 A 31/12/2026, CONFORME OFICIO 004/2026-TS-SESAP.;02/01/26 00:00;20.000,00;0,00;1.830,00;0,00;1.760,00;0,00;0,00;0,00;0,00;0,00;0,00;0,00;1546774;NILSON DAMIAO VIGIANI;;;128;3;2015;10;302;3.3.90.33.99.00.00.00;1.500.000.1002;33903300000000;1.760,00;0,00;18.240,00;MANUTENÇAO DO TRANSPORTE DE SAÚDE;PASSAGENS E DESPESAS COM LOCOMOÇÃO
Especificação: ;;EMPENHO ESTIMATIVO PARA COBRIR DESPESAS COM AJUDA DE CUSTO A MOTORISTAS EM DESLOCAMENTOS OFICIAIS PARA FORA DO TERRITORIO DO MUNICIPIO, PARA FINS DE ALIMENTACAO, EM CONFORMIDADE AO DECRETO MUNICIPAL Nº 8.581, PARA O PERIODO DE 02/01/2026 A 31/12/2026, CONFORME OFICIO 004/2026-TS-SESAP.;;;;;;;;;;;;;;;;;;;;;;;;;;;;;;;;;;;;;
713;FUNDO MUNICIPAL DE SAÚDE DE BARBACENA;;30420894;54;2026;ESTIMATIVO;0;0;EMPENHO ESTIMATIVO PARA COBRIR DESPESAS COM AJUDA DE CUSTO A MOTORISTAS EM DESLOCAMENTOS OFICIAIS PARA FORA DO TERRITORIO DO MUNICIPIO, PARA FINS DE ALIMENTACAO, EM CONFORMIDADE AO DECRETO MUNICIPAL Nº 8.581, PARA O PERIODO DE 02/01/2026 A 31/12/2026, CONFORME OFICIO 004/2026-TS-SESAP.;02/01/26 00:00;10.000,00;0,00;570,00;0,00;400,00;0,00;0,00;0,00;0,00;0,00;0,00;0,00;1546472;RAFAEL JOSE MENDES AUGUSTO;;;128;3;2015;10;302;3.3.90.33.99.00.00.00;1.500.000.1002;33903300000000;400,00;0,00;9.600,00;MANUTENÇAO DO TRANSPORTE DE SAÚDE;PASSAGENS E DESPESAS COM LOCOMOÇÃO
Especificação: ;;EMPENHO ESTIMATIVO PARA COBRIR DESPESAS COM AJUDA DE CUSTO A MOTORISTAS EM DESLOCAMENTOS OFICIAIS PARA FORA DO TERRITORIO DO MUNICIPIO, PARA FINS DE ALIMENTACAO, EM CONFORMIDADE AO DECRETO MUNICIPAL Nº 8.581, PARA O PERIODO DE 02/01/2026 A 31/12/2026, CONFORME OFICIO 004/2026-TS-SESAP.;;;;;;;;;;;;;;;;;;;;;;;;;;;;;;;;;;;;;
713;FUNDO MUNICIPAL DE SAÚDE DE BARBACENA;;30420919;55;2026;ESTIMATIVO;0;0;EMPENHO ESTIMATIVO PARA COBRIR DESPESAS COM AJUDA DE CUSTO A MOTORISTAS EM DESLOCAMENTOS OFICIAIS PARA FORA DO TERRITORIO DO MUNICIPIO, PARA FINS DE ALIMENTACAO, EM CONFORMIDADE AO DECRETO MUNICIPAL Nº 8.581, PARA O PERIODO DE 02/01/2026 A 31/12/2026, CONFORME OFICIO 004/2026-TS-SESAP.;02/01/26 00:00;3.000,00;0,00;0,00;0,00;0,00;0,00;0,00;0,00;0,00;0,00;0,00;0,00;1556336;RENATO LUIZ CANDIDO DA SILVA;;;128;3;2015;10;302;3.3.90.33.99.00.00.00;1.500.000.1002;33903300000000;0,00;0,00;3.000,00;MANUTENÇAO DO TRANSPORTE DE SAÚDE;PASSAGENS E DESPESAS COM LOCOMOÇÃO
Especificação: ;;EMPENHO ESTIMATIVO PARA COBRIR DESPESAS COM AJUDA DE CUSTO A MOTORISTAS EM DESLOCAMENTOS OFICIAIS PARA FORA DO TERRITORIO DO MUNICIPIO, PARA FINS DE ALIMENTACAO, EM CONFORMIDADE AO DECRETO MUNICIPAL Nº 8.581, PARA O PERIODO DE 02/01/2026 A 31/12/2026, CONFORME OFICIO 004/2026-TS-SESAP.;;;;;;;;;;;;;;;;;;;;;;;;;;;;;;;;;;;;;
713;FUNDO MUNICIPAL DE SAÚDE DE BARBACENA;;30420975;56;2026;ESTIMATIVO;0;0;EMPENHO ESTIMATIVO PARA COBRIR DESPESAS COM AJUDA DE CUSTO A MOTORISTAS EM DESLOCAMENTOS OFICIAIS PARA FORA DO TERRITORIO DO MUNICIPIO, PARA FINS DE ALIMENTACAO, EM CONFORMIDADE AO DECRETO MUNICIPAL Nº 8.581, PARA O PERIODO DE 02/01/2026 A 31/12/2026, CONFORME OFICIO 004/2026-TS-SESAP.;02/01/26 00:00;20.000,00;0,00;70,00;0,00;0,00;0,00;0,00;0,00;0,00;0,00;0,00;0,00;4343520;Daniel dos Santos Silva;;;128;3;2015;10;302;3.3.90.33.99.00.00.00;1.500.000.1002;33903300000000;0,00;0,00;20.000,00;MANUTENÇAO DO TRANSPORTE DE SAÚDE;PASSAGENS E DESPESAS COM LOCOMOÇÃO
Especificação: ;;EMPENHO ESTIMATIVO PARA COBRIR DESPESAS COM AJUDA DE CUSTO A MOTORISTAS EM DESLOCAMENTOS OFICIAIS PARA FORA DO TERRITORIO DO MUNICIPIO, PARA FINS DE ALIMENTACAO, EM CONFORMIDADE AO DECRETO MUNICIPAL Nº 8.581, PARA O PERIODO DE 02/01/2026 A 31/12/2026, CONFORME OFICIO 004/2026-TS-SESAP.;;;;;;;;;;;;;;;;;;;;;;;;;;;;;;;;;;;;;
713;FUNDO MUNICIPAL DE SAÚDE DE BARBACENA;;30421304;57;2026;ESTIMATIVO;0;0;EMPENHO ESTIMATIVO PARA COBRIR DESPESAS COM AJUDA DE CUSTO A MOTORISTAS EM DESLOCAMENTOS OFICIAIS PARA FORA DO TERRITORIO DO MUNICIPIO, PARA FINS DE ALIMENTACAO, EM CONFORMIDADE AO DECRETO MUNICIPAL Nº 8.581, PARA O PERIODO DE 02/01/2026 A 31/12/2026, CONFORME OFICIO 004/2026-TS-SESAP.;02/01/26 00:00;3.000,00;0,00;0,00;0,00;0,00;0,00;0,00;0,00;0,00;0,00;0,00;0,00;1546489;HELDER RIBEIRO DA SILVA;;;128;3;2015;10;302;3.3.90.33.99.00.00.00;1.500.000.1002;33903300000000;0,00;0,00;3.000,00;MANUTENÇAO DO TRANSPORTE DE SAÚDE;PASSAGENS E DESPESAS COM LOCOMOÇÃO
Especificação: ;;EMPENHO ESTIMATIVO PARA COBRIR DESPESAS COM AJUDA DE CUSTO A MOTORISTAS EM DESLOCAMENTOS OFICIAIS PARA FORA DO TERRITORIO DO MUNICIPIO, PARA FINS DE ALIMENTACAO, EM CONFORMIDADE AO DECRETO MUNICIPAL Nº 8.581, PARA O PERIODO DE 02/01/2026 A 31/12/2026, CONFORME OFICIO 004/2026-TS-SESAP.;;;;;;;;;;;;;;;;;;;;;;;;;;;;;;;;;;;;;
713;FUNDO MUNICIPAL DE SAÚDE DE BARBACENA;;30421468;58;2026;ESTIMATIVO;0;0;EMPENHO ESTIMATIVO PARA COBRIR DESPESAS COM AJUDA DE CUSTO A MOTORISTAS EM DESLOCAMENTOS OFICIAIS PARA FORA DO TERRITORIO DO MUNICIPIO, PARA FINS DE ALIMENTACAO, EM CONFORMIDADE AO DECRETO MUNICIPAL Nº 8.581, PARA O PERIODO DE 02/01/2026 A 31/12/2026, CONFORME OFICIO 004/2026-TS-SESAP.;02/01/26 00:00;20.000,00;0,00;1.350,00;0,00;1.210,00;0,00;0,00;0,00;0,00;0,00;0,00;0,00;1546634;LUCAS MOREIRA CARVALHO GARCIA;;;128;3;2015;10;302;3.3.90.33.99.00.00.00;1.500.000.1002;33903300000000;1.210,00;0,00;18.790,00;MANUTENÇAO DO TRANSPORTE DE SAÚDE;PASSAGENS E DESPESAS COM LOCOMOÇÃO
Especificação: ;;EMPENHO ESTIMATIVO PARA COBRIR DESPESAS COM AJUDA DE CUSTO A MOTORISTAS EM DESLOCAMENTOS OFICIAIS PARA FORA DO TERRITORIO DO MUNICIPIO, PARA FINS DE ALIMENTACAO, EM CONFORMIDADE AO DECRETO MUNICIPAL Nº 8.581, PARA O PERIODO DE 02/01/2026 A 31/12/2026, CONFORME OFICIO 004/2026-TS-SESAP.;;;;;;;;;;;;;;;;;;;;;;;;;;;;;;;;;;;;;
713;FUNDO MUNICIPAL DE SAÚDE DE BARBACENA;;30421559;59;2026;ESTIMATIVO;0;0;EMPENHO ESTIMATIVO PARA COBRIR DESPESAS COM AJUDA DE CUSTO A MOTORISTAS EM DESLOCAMENTOS OFICIAIS PARA FORA DO TERRITORIO DO MUNICIPIO, PARA FINS DE ALIMENTACAO, EM CONFORMIDADE AO DECRETO MUNICIPAL Nº 8.581, PARA O PERIODO DE 02/01/2026 A 31/12/2026, CONFORME OFICIO 004/2026-TS-SESAP.;02/01/26 00:00;5.000,00;0,00;210,00;0,00;140,00;0,00;0,00;0,00;0,00;0,00;0,00;0,00;7634618;ALISON FELIPE DA COSTA PAIXÃO;;;128;3;2015;10;302;3.3.90.33.99.00.00.00;1.500.000.1002;33903300000000;140,00;0,00;4.860,00;MANUTENÇAO DO TRANSPORTE DE SAÚDE;PASSAGENS E DESPESAS COM LOCOMOÇÃO
Especificação: ;;EMPENHO ESTIMATIVO PARA COBRIR DESPESAS COM AJUDA DE CUSTO A MOTORISTAS EM DESLOCAMENTOS OFICIAIS PARA FORA DO TERRITORIO DO MUNICIPIO, PARA FINS DE ALIMENTACAO, EM CONFORMIDADE AO DECRETO MUNICIPAL Nº 8.581, PARA O PERIODO DE 02/01/2026 A 31/12/2026, CONFORME OFICIO 004/2026-TS-SESAP.;;;;;;;;;;;;;;;;;;;;;;;;;;;;;;;;;;;;;
713;FUNDO MUNICIPAL DE SAÚDE DE BARBACENA;;30283265;6;2026;ESTIMATIVO;0;0;EMPENHO ESTIMATIVO PARA COBRIR DESPESAS COM O PROCESSAMENTO SIA-SIH/SUS, FONTE DE RECURSO MAC/FAEC - FEDERAL, TERMO ADITIVO AO CONTRATO 003/2022, PRC. 0153/2021, IL. 003/2022, PARA O PERIODO DE JANEIRO A JUNHO  DE 2026, CONFORME OFICIO 006/2026-DIRETORIA DE ATENCAO ESPECIALIZADA-SESAP.;02/01/26 00:00;18.323.271,36;0,00;1.409.784,96;0,00;1.409.784,96;0,00;0,00;0,00;0,00;0,00;0,00;0,00;1556317;CENTRO BARB. ASSIST.MED SOCIAL -CEBAMS;;;209;3;2654;10;302;3.3.90.39.36.00.00.00;1.600.000.0000;33903900000000;1.409.784,96;0,00;16.913.486,40;MANUTENÇÃO DA REDE DE ATENÇÃO ESPECIALIZADA;OUTROS SERVIÇOS DE TERCEIROS - PESSOA JURÍDICA
Especificação: ;;EMPENHO ESTIMATIVO PARA COBRIR DESPESAS COM O PROCESSAMENTO SIA-SIH/SUS, FONTE DE RECURSO MAC/FAEC - FEDERAL, TERMO ADITIVO AO CONTRATO 003/2022, PRC. 0153/2021, IL. 003/2022, PARA O PERIODO DE JANEIRO A JUNHO  DE 2026, CONFORME OFICIO 006/2026-DIRETORIA DE ATENCAO ESPECIALIZADA-SESAP.;;;;;;;;;;;;;;;;;;;;;;;;;;;;;;;;;;;;;
713;FUNDO MUNICIPAL DE SAÚDE DE BARBACENA;;30421681;60;2026;ESTIMATIVO;0;0;EMPENHO ESTIMATIVO PARA COBRIR DESPESAS COM AJUDA DE CUSTO A MOTORISTAS EM DESLOCAMENTOS OFICIAIS PARA FORA DO TERRITORIO DO MUNICIPIO, PARA FINS DE ALIMENTACAO, EM CONFORMIDADE AO DECRETO MUNICIPAL Nº 8.581, PARA O PERIODO DE 02/01/2026 A 31/12/2026, CONFORME OFICIO 004/2026-TS-SESAP.;02/01/26 00:00;5.000,00;0,00;210,00;0,00;140,00;0,00;0,00;0,00;0,00;0,00;0,00;0,00;7896017;RENATO ALVES ANTUNES;;;128;3;2015;10;302;3.3.90.33.99.00.00.00;1.500.000.1002;33903300000000;140,00;0,00;4.860,00;MANUTENÇAO DO TRANSPORTE DE SAÚDE;PASSAGENS E DESPESAS COM LOCOMOÇÃO
Especificação: ;;EMPENHO ESTIMATIVO PARA COBRIR DESPESAS COM AJUDA DE CUSTO A MOTORISTAS EM DESLOCAMENTOS OFICIAIS PARA FORA DO TERRITORIO DO MUNICIPIO, PARA FINS DE ALIMENTACAO, EM CONFORMIDADE AO ;;;;;;;;;;;;;;;;;;;;;;;;;;;;;;;;;;;;;
;;DECRETO MUNICIPAL Nº 8.581, PARA O PERIODO DE 02/01/2026 A 31/12/2026, CONFORME OFICIO 004/2026-TS-SESAP.;;;;;;;;;;;;;;;;;;;;;;;;;;;;;;;;;;;;;
713;FUNDO MUNICIPAL DE SAÚDE DE BARBACENA;;30434803;61;2026;ESTIMATIVO;0;0;EMPENHO ESTIMATIVO PARA COBRIR DESPESAS COM AJUDA DE CUSTO A MOTORISTAS EM DESLOCAMENTOS OFICIAIS PARA FORA DO TERRITORIO DO MUNICIPIO, PARA FINS DE ALIMENTACAO, EM CONFORMIDADE AO DECRETO MUNICIPAL Nº 8.581, PARA O PERIODO DE 02/01/2026 A 31/12/2026, CONFORME OFICIO 004/2026-TS-SESAP.;02/01/26 00:00;5.000,00;0,00;0,00;0,00;0,00;0,00;0,00;0,00;0,00;0,00;0,00;0,00;8283303;MATHEUS ANTONIO CARNEIRO;;;128;3;2015;10;302;3.3.90.33.99.00.00.00;1.500.000.1002;33903300000000;0,00;0,00;5.000,00;MANUTENÇAO DO TRANSPORTE DE SAÚDE;PASSAGENS E DESPESAS COM LOCOMOÇÃO
Especificação: ;;EMPENHO ESTIMATIVO PARA COBRIR DESPESAS COM AJUDA DE CUSTO A MOTORISTAS EM DESLOCAMENTOS OFICIAIS PARA FORA DO TERRITORIO DO MUNICIPIO, PARA FINS DE ALIMENTACAO, EM CONFORMIDADE AO DECRETO MUNICIPAL Nº 8.581, PARA O PERIODO DE 02/01/2026 A 31/12/2026, CONFORME OFICIO 004/2026-TS-SESAP.;;;;;;;;;;;;;;;;;;;;;;;;;;;;;;;;;;;;;
713;FUNDO MUNICIPAL DE SAÚDE DE BARBACENA;;30434858;62;2026;ESTIMATIVO;0;0;EMPENHO ESTIMATIVO PARA COBRIR DESPESAS COM AJUDA DE CUSTO A MOTORISTAS EM DESLOCAMENTOS OFICIAIS PARA FORA DO TERRITORIO DO MUNICIPIO, PARA FINS DE ALIMENTACAO, EM CONFORMIDADE AO DECRETO MUNICIPAL Nº 8.581, PARA O PERIODO DE 02/01/2026 A 31/12/2026, CONFORME OFICIO 004/2026-TS-SESAP.;02/01/26 00:00;20.000,00;0,00;1.520,00;0,00;1.250,00;0,00;0,00;0,00;0,00;0,00;0,00;0,00;8283311;RHUAN TOMAZIO DE ALMEIDA;;;128;3;2015;10;302;3.3.90.33.99.00.00.00;1.500.000.1002;33903300000000;1.250,00;0,00;18.750,00;MANUTENÇAO DO TRANSPORTE DE SAÚDE;PASSAGENS E DESPESAS COM LOCOMOÇÃO
Especificação: ;;EMPENHO ESTIMATIVO PARA COBRIR DESPESAS COM AJUDA DE CUSTO A MOTORISTAS EM DESLOCAMENTOS OFICIAIS PARA FORA DO TERRITORIO DO MUNICIPIO, PARA FINS DE ALIMENTACAO, EM CONFORMIDADE AO DECRETO MUNICIPAL Nº 8.581, PARA O PERIODO DE 02/01/2026 A 31/12/2026, CONFORME OFICIO 004/2026-TS-SESAP.;;;;;;;;;;;;;;;;;;;;;;;;;;;;;;;;;;;;;
713;FUNDO MUNICIPAL DE SAÚDE DE BARBACENA;;30437746;63;2026;GLOBAL;0;0;EMPENHO GLOBAL PARA COBRIR DESPESAS COM LOCACAO DE IMOVEL, PARA FINS NAO RESIDENCIAIS, SITUADO NAS RUAS BARONESA MARIA ROSA Nº 378 E RUA TREZE DE MAIO Nº 342, BAIRRO BOA MORTE, ATENDENDO A SECRETARIA MUNICIPAL DE SAUDE, PRC. 087/2020, IL. 002/2020, SETIMO TERMO ADITIVO AO CONTRATO 061/2020, PARA O PERIODO DE JANEIRO A JULHO DE 2026, CONFORME OFICIO 001/2026-SEMAD-SESAP.;02/01/26 00:00;84.360,01;0,00;12.051,43;0,00;12.051,43;0,00;0,00;0,00;0,00;0,00;0,00;0,00;1543377;SINDICATO RURAL DE BARBACENA;3995;0;58;11;2021;10;122;3.3.90.39.10.00.00.00;1.500.000.1002;33903900000000;12.051,43;0,00;72.308,58;MANUTENÇAO DE AÇÕES DA SESAP;OUTROS SERVIÇOS DE TERCEIROS - PESSOA JURÍDICA
Especificação: ;;EMPENHO GLOBAL PARA COBRIR DESPESAS COM LOCACAO DE IMOVEL, PARA FINS NAO RESIDENCIAIS, SITUADO NAS RUAS BARONESA MARIA ROSA Nº 378 E RUA TREZE DE MAIO Nº 342, BAIRRO BOA MORTE, ATENDENDO A SECRETARIA MUNICIPAL DE SAUDE, PRC. 087/2020, IL. 002/2020, SETIMO TERMO ADITIVO AO CONTRATO 061/2020, PARA O PERIODO DE JANEIRO A JULHO DE 2026, CONFORME OFICIO 001/2026-SEMAD-SESAP.;;;;;;;;;;;;;;;;;;;;;;;;;;;;;;;;;;;;;
713;FUNDO MUNICIPAL DE SAÚDE DE BARBACENA;;30438100;64;2026;ESTIMATIVO;0;0;EMPENHO ESTIMATIVO PARA COBRIR DESPESAS COM A CONTRATACAO DE SERVICO DE IMPLANTACAO E OPERACAO DE GERENCIAMENTO DE FROTA DE VEICULOS, COM UTILIZACAO DE CARTAO PARA ABASTECIMENTO DE COMBUSTIVEL PARA ATENDER AOS VEICULOS PERTECENTES AO CEREST DA SESAP, PREGAO 042/2023, PRC. 081/2023, SEGUNDO TERMO ADITIVO AO CONTRATO 113/2023, PARA O PERIODO DE JANEIRO A JULHO DE 2026, CONFORME OFICIO 001/2026-TS-SESAP.;02/01/26 00:00;9.330,08;0,00;306,95;0,00;0,00;0,00;0,00;0,00;0,00;0,00;0,00;0,00;3148931;PRIME CONSULTORIA E ASSESSORIA EMPRESARIAL LTDA;86151;0;121;3;2008;10;302;3.3.90.39.99.00.00.00;1.600.000.0000;33903900000000;0,00;0,00;9.330,08;MANUTENÇÃO DO CEREST;OUTROS SERVIÇOS DE TERCEIROS - PESSOA JURÍDICA
Especificação: ;;EMPENHO ESTIMATIVO PARA COBRIR DESPESAS COM A CONTRATACAO DE SERVICO DE IMPLANTACAO E OPERACAO DE GERENCIAMENTO DE FROTA DE VEICULOS, COM UTILIZACAO DE CARTAO PARA ABASTECIMENTO DE COMBUSTIVEL PARA ATENDER AOS VEICULOS PERTECENTES AO CEREST DA SESAP, PREGAO 042/2023, PRC. 081/2023, SEGUNDO TERMO ADITIVO AO CONTRATO 113/2023, PARA O PERIODO DE JANEIRO A JULHO DE 2026, CONFORME OFICIO 001/2026-TS-SESAP.;;;;;;;;;;;;;;;;;;;;;;;;;;;;;;;;;;;;;
713;FUNDO MUNICIPAL DE SAÚDE DE BARBACENA;;30438236;65;2026;ESTIMATIVO;0;0;EMPENHO ESTIMATIVO PARA COBRIR DESPESAS COM A CONTRATACAO DE SERVICO DE IMPLANTACAO E OPERACAO DE GERENCIAMENTO DE FROTA DE VEICULOS, COM UTILIZACAO DE CARTAO PARA ABASTECIMENTO DE COMBUSTIVEL PARA ATENDER AOS VEICULOS PERTECENTES AO SETOR DE TRANSPORTE DA SAUDE DA SESAP, PREGAO 042/2023, PRC. 081/2023, SEGUNDO TERMO ADITIVO AO CONTRATO 113/2023, PARA O PERIODO DE JANEIRO A JULHO DE 2026, CONFORME OFICIO 001/2026-TS-SESAP.;02/01/26 00:00;273.096,47;0,00;35.772,29;0,00;0,00;0,00;0,00;0,00;0,00;0,00;0,00;0,00;3148931;PRIME CONSULTORIA E ASSESSORIA EMPRESARIAL LTDA;86151;0;130;3;2015;10;302;3.3.90.39.99.00.00.00;2.621.000.0000;33903900000000;0,00;0,00;273.096,47;MANUTENÇAO DO TRANSPORTE DE SAÚDE;OUTROS SERVIÇOS DE TERCEIROS - PESSOA JURÍDICA
Especificação: ;;EMPENHO ESTIMATIVO PARA COBRIR DESPESAS COM A CONTRATACAO DE SERVICO DE IMPLANTACAO E OPERACAO DE GERENCIAMENTO DE FROTA DE VEICULOS, COM UTILIZACAO DE CARTAO PARA ABASTECIMENTO DE COMBUSTIVEL PARA ATENDER AOS VEICULOS PERTECENTES AO SETOR DE TRANSPORTE DA SAUDE DA SESAP, PREGAO 042/2023, PRC. 081/2023, SEGUNDO TERMO ADITIVO AO CONTRATO 113/2023, PARA O PERIODO DE JANEIRO A JULHO DE 2026, CONFORME OFICIO 001/2026-TS-SESAP.;;;;;;;;;;;;;;;;;;;;;;;;;;;;;;;;;;;;;
713;FUNDO MUNICIPAL DE SAÚDE DE BARBACENA;;30438616;66;2026;ESTIMATIVO;0;0;EMPENHO ESTIMATIVO PARA COBRIR DESPESAS COM A CONTRATACAO DE SERVICO DE IMPLANTACAO E OPERACAO DE GERENCIAMENTO DE FROTA DE VEICULOS, COM UTILIZACAO DE CARTAO PARA ABASTECIMENTO DE COMBUSTIVEL PARA ATENDER AOS VEICULOS PERTECENTES A REDE DE ATENCAO PSICOSSOCIAL - CAPS, PREGAO 042/2023, PRC. 081/2023, SEGUNDO TERMO ADITIVO AO CONTRATO 113/2023, PARA O PERIODO DE JANEIRO A JULHO DE 2026, CONFORME OFICIO 001/2026-TS-SESAP.;02/01/26 00:00;76.444,46;0,00;3.862,32;0,00;0,00;0,00;0,00;0,00;0,00;0,00;0,00;0,00;3148931;PRIME CONSULTORIA E ASSESSORIA EMPRESARIAL LTDA;86151;0;202;3;2642;10;302;3.3.90.39.99.00.00.00;2.621.000.0000;33903900000000;0,00;0,00;76.444,46;MANUTENÇÃO DA REDE DE ATENÇÃO PSICOSSOCIAL - RAPS;OUTROS SERVIÇOS DE TERCEIROS - PESSOA JURÍDICA
Especificação: ;;EMPENHO ESTIMATIVO PARA COBRIR DESPESAS COM A CONTRATACAO DE SERVICO DE IMPLANTACAO E OPERACAO DE GERENCIAMENTO DE FROTA DE VEICULOS, COM UTILIZACAO DE CARTAO PARA ABASTECIMENTO DE COMBUSTIVEL PARA ATENDER AOS VEICULOS PERTECENTES A REDE DE ATENCAO PSICOSSOCIAL - CAPS, PREGAO 042/2023, PRC. 081/2023, SEGUNDO TERMO ADITIVO AO CONTRATO 113/2023, PARA O PERIODO DE JANEIRO A JULHO DE 2026, CONFORME OFICIO 001/2026-TS-SESAP.;;;;;;;;;;;;;;;;;;;;;;;;;;;;;;;;;;;;;
713;FUNDO MUNICIPAL DE SAÚDE DE BARBACENA;;30438671;67;2026;ESTIMATIVO;0;0;EMPENHO ESTIMATIVO PARA COBRIR DESPESAS COM A CONTRATACAO DE SERVICO DE IMPLANTACAO E OPERACAO DE GERENCIAMENTO DE FROTA DE VEICULOS, COM UTILIZACAO DE CARTAO PARA ABASTECIMENTO DE COMBUSTIVEL PARA ATENDER AOS VEICULOS PERTECENTES A VIGILANCIA EPIDEMIOLOGICA DA SESAP, PREGAO 042/2023, PRC. 081/2023, SEGUNDO TERMO ADITIVO AO CONTRATO 113/2023, PARA O PERIODO DE JANEIRO A JULHO DE 2026, CONFORME OFICIO 001/2026-TS-SESAP.;02/01/26 00:00;23.059,83;0,00;982,48;0,00;0,00;0,00;0,00;0,00;0,00;0,00;0,00;0,00;3148931;PRIME CONSULTORIA E ASSESSORIA EMPRESARIAL LTDA;86151;0;265;4;2010;10;305;3.3.90.39.99.00.00.00;2.621.000.0000;33903900000000;0,00;0,00;23.059,83;MANUTENÇAO DA VIGILÂNCIA EPIDEMIOLÓGICA;OUTROS SERVIÇOS DE TERCEIROS - PESSOA JURÍDICA
;;EMPENHO ESTIMATIVO PARA COBRIR DESPESAS COM A CONTRATACAO DE SERVICO DE IMPLANTACAO E OPERACAO DE GERENCIAMENTO DE FROTA DE VEICULOS, COM UTILIZACAO DE CARTAO PARA ABASTECIMENTO DE COMBUSTIVEL PARA ATENDER AOS VEICULOS PERTECENTES A VIGILANCIA EPIDEMIOLOGICA DA SESAP, PREGAO 042/2023, PRC. 081/2023, SEGUNDO TERMO ADITIVO AO CONTRATO 113/2023, PARA O PERIODO DE JANEIRO A JULHO DE 2026, CONFORME OFICIO 001/2026-TS-SESAP.;;;;;;;;;;;;;;;;;;;;;;;;;;;;;;;;;;;;;
713;FUNDO MUNICIPAL DE SAÚDE DE BARBACENA;;30438730;68;2026;ESTIMATIVO;0;0;EMPENHO ESTIMATIVO PARA COBRIR DESPESAS COM A CONTRATACAO DE SERVICO DE IMPLANTACAO E OPERACAO DE GERENCIAMENTO DE FROTA DE VEICULOS, COM UTILIZACAO DE CARTAO PARA ABASTECIMENTO DE COMBUSTIVEL PARA ATENDER AOS VEICULOS PERTECENTES A REDE DE ATENCAO PRIMARIA A SAUDE DA SESAP, PREGAO 042/2023, PRC. 081/2023, SEGUNDO TERMO ADITIVO AO CONTRATO 113/2023, PARA O PERIODO DE JANEIRO A JULHO DE 2026, CONFORME OFICIO 001/2026-TS-SESAP.;02/01/26 00:00;156.143,37;0,00;9.740,05;0,00;0,00;0,00;0,00;0,00;0,00;0,00;0,00;0,00;3148931;PRIME CONSULTORIA E ASSESSORIA EMPRESARIAL LTDA;86151;0;89;2;2025;10;301;3.3.90.39.99.00.00.00;1.600.000.0000;33903900000000;0,00;0,00;156.143,37;MANUTENÇÃO DA REDE DE ATENÇÃO PRIMÁRIA;OUTROS SERVIÇOS DE TERCEIROS - PESSOA JURÍDICA
Especificação: ;;EMPENHO ESTIMATIVO PARA COBRIR DESPESAS COM A CONTRATACAO DE SERVICO DE IMPLANTACAO E OPERACAO DE GERENCIAMENTO DE FROTA DE VEICULOS, COM UTILIZACAO DE CARTAO PARA ABASTECIMENTO DE COMBUSTIVEL PARA ATENDER AOS VEICULOS PERTECENTES A REDE DE ATENCAO PRIMARIA A SAUDE DA SESAP, PREGAO 042/2023, PRC. 081/2023, SEGUNDO TERMO ADITIVO AO CONTRATO 113/2023, PARA O PERIODO DE JANEIRO A JULHO DE 2026, CONFORME OFICIO 001/2026-TS-SESAP.;;;;;;;;;;;;;;;;;;;;;;;;;;;;;;;;;;;;;
713;FUNDO MUNICIPAL DE SAÚDE DE BARBACENA;;30438827;69;2026;ESTIMATIVO;0;0;EMPENHO ESTIMATIVO PARA COBRIR DESPESAS COM A CONTRATACAO DE SERVICO DE IMPLANTACAO E OPERACAO DE GERENCIAMENTO DE FROTA DE VEICULOS, COM UTILIZACAO DE CARTAO PARA ABASTECIMENTO DE COMBUSTIVEL PARA ATENDER AOS VEICULOS PERTECENTES AO CENTRO DE TESTAGEM E ACONSELHAMENTO - IST/AIDS, PREGAO 042/2023, PRC. 081/2023, SEGUNDO TERMO ADITIVO AO CONTRATO 113/2023, PARA O PERIODO DE JANEIRO A JULHO DE 2026, CONFORME OFICIO 001/2026-TS-SESAP.;02/01/26 00:00;12.126,00;0,00;441,39;0,00;0,00;0,00;0,00;0,00;0,00;0,00;0,00;0,00;3148931;PRIME CONSULTORIA E ASSESSORIA EMPRESARIAL LTDA;86151;0;277;4;2014;10;305;3.3.90.39.99.00.00.00;2.621.000.0000;33903900000000;0,00;0,00;12.126,00;MANUTENÇÃO DO CENTRO DE TESTAGEM E ACONSELHAMENTO - IST/AIDS;OUTROS SERVIÇOS DE TERCEIROS - PESSOA JURÍDICA
Especificação: ;;EMPENHO ESTIMATIVO PARA COBRIR DESPESAS COM A CONTRATACAO DE SERVICO DE IMPLANTACAO E OPERACAO DE GERENCIAMENTO DE FROTA DE VEICULOS, COM UTILIZACAO DE CARTAO PARA ABASTECIMENTO DE COMBUSTIVEL PARA ATENDER AOS VEICULOS PERTECENTES AO CENTRO DE TESTAGEM E ACONSELHAMENTO - IST/AIDS, PREGAO 042/2023, PRC. 081/2023, SEGUNDO TERMO ADITIVO AO CONTRATO 113/2023, PARA O PERIODO DE JANEIRO A JULHO DE 2026, CONFORME OFICIO 001/2026-TS-SESAP.;;;;;;;;;;;;;;;;;;;;;;;;;;;;;;;;;;;;;
713;FUNDO MUNICIPAL DE SAÚDE DE BARBACENA;;30283300;7;2026;ESTIMATIVO;0;0;EMPENHO ESTIMATIVO PARA COBRIR DESPESAS COM O PROCESSAMENTO SIA-SIH/SUS, FONTE DE RECURSO MAC/FAEC - ESTADUAL, TERMO ADITIVO AO CONTRATO 003/2022, PRC. 0153/2021, IL. 003/2022, PARA O PERIODO DE JANEIRO A JUNHO DE 2026, CONFORME OFICIO 006/2026-DIRETORIA DE ATENCAO ESPECIALIZADA-SESAP.;02/01/26 00:00;5.631.741,72;0,00;91.847,98;0,00;45.923,99;0,00;0,00;0,00;0,00;0,00;0,00;0,00;1556317;CENTRO BARB. ASSIST.MED SOCIAL -CEBAMS;;;209;3;2654;10;302;3.3.90.39.36.00.00.00;1.621.000.0000;33903900000000;45.923,99;0,00;5.585.817,73;MANUTENÇÃO DA REDE DE ATENÇÃO ESPECIALIZADA;OUTROS SERVIÇOS DE TERCEIROS - PESSOA JURÍDICA
Especificação: ;;EMPENHO ESTIMATIVO PARA COBRIR DESPESAS COM O PROCESSAMENTO SIA-SIH/SUS, FONTE DE RECURSO MAC/FAEC - ESTADUAL, TERMO ADITIVO AO CONTRATO 003/2022, PRC. 0153/2021, IL. 003/2022, PARA O PERIODO DE JANEIRO A JUNHO DE 2026, CONFORME OFICIO 006/2026-DIRETORIA DE ATENCAO ESPECIALIZADA-SESAP.;;;;;;;;;;;;;;;;;;;;;;;;;;;;;;;;;;;;;
713;FUNDO MUNICIPAL DE SAÚDE DE BARBACENA;;30438904;70;2026;ESTIMATIVO;0;0;EMPENHO ESTIMATIVO PARA COBRIR DESPESAS COM A CONTRATACAO DE SERVICO DE IMPLANTACAO E OPERACAO DE GERENCIAMENTO DE FROTA DE VEICULOS, COM UTILIZACAO DE CARTAO PARA ABASTECIMENTO DE COMBUSTIVEL PARA ATENDER AOS VEICULOS PERTECENTES A VIGILANCIA SANITARIA DA SESAP, PREGAO 042/2023, PRC. 081/2023, SEGUNDO TERMO ADITIVO AO CONTRATO 113/2023, PARA O PERIODO DE JANEIRO A JULHO DE 2026, CONFORME OFICIO 001/2026-TS-SESAP.;02/01/26 00:00;26.062,29;0,00;633,24;0,00;0,00;0,00;0,00;0,00;0,00;0,00;0,00;0,00;3148931;PRIME CONSULTORIA E ASSESSORIA EMPRESARIAL LTDA;86151;0;253;4;2009;10;304;3.3.90.39.99.00.00.00;2.621.000.0000;33903900000000;0,00;0,00;26.062,29;MANUTENÇAO DA VIGILANCIA SANITARIA;OUTROS SERVIÇOS DE TERCEIROS - PESSOA JURÍDICA
Especificação: ;;EMPENHO ESTIMATIVO PARA COBRIR DESPESAS COM A CONTRATACAO DE SERVICO DE IMPLANTACAO E OPERACAO DE GERENCIAMENTO DE FROTA DE VEICULOS, COM UTILIZACAO DE CARTAO PARA ABASTECIMENTO DE COMBUSTIVEL PARA ATENDER AOS VEICULOS PERTECENTES A VIGILANCIA SANITARIA DA SESAP, PREGAO 042/2023, PRC. 081/2023, SEGUNDO TERMO ADITIVO AO CONTRATO 113/2023, PARA O PERIODO DE JANEIRO A JULHO DE 2026, CONFORME OFICIO 001/2026-TS-SESAP.;;;;;;;;;;;;;;;;;;;;;;;;;;;;;;;;;;;;;
713;FUNDO MUNICIPAL DE SAÚDE DE BARBACENA;;30441293;71;2026;GLOBAL;0;0;EMPENHO GLOBAL PARA COBRIR DESPESAS, REFERENTE AO BOLSA AUXILIO ALIMENTACAO, DO PROGRAMA MAIS MEDICOS DA ATENCAO PRIMARIA, LEI MUNICIPAL Nº 4553 DE 02/04/2024, PORTARIA Nº 23 DO MINISTERIO DA SAUDE DE 1/10/2023 E PORTARIA 300 DE 05/10/2017, PARA O PERIODO DE JANEIRO A DEZEMBRO DE 2026, CONFORME OFICIO 034/2026-APS-SESAP.;02/01/26 00:00;6.600,00;0,00;550,00;0,00;550,00;0,00;0,00;0,00;0,00;0,00;0,00;0,00;7952344;YOLDAYNYS REYES CARDENAS;;;91;2;2025;10;301;3.3.90.46.00.00.00.00;1.500.000.1002;33904600000000;550,00;0,00;6.050,00;MANUTENÇÃO DA REDE DE ATENÇÃO PRIMÁRIA;AUXÍLIO-ALIMENTAÇÃO
Especificação: ;;EMPENHO GLOBAL PARA COBRIR DESPESAS, REFERENTE AO BOLSA AUXILIO ALIMENTACAO, DO PROGRAMA MAIS MEDICOS DA ATENCAO PRIMARIA, LEI MUNICIPAL Nº 4553 DE 02/04/2024, PORTARIA Nº 23 DO MINISTERIO DA SAUDE DE 1/10/2023 E PORTARIA 300 DE 05/10/2017, PARA O PERIODO DE JANEIRO A DEZEMBRO DE 2026, CONFORME OFICIO 034/2026-APS-SESAP.;;;;;;;;;;;;;;;;;;;;;;;;;;;;;;;;;;;;;
713;FUNDO MUNICIPAL DE SAÚDE DE BARBACENA;;30441350;72;2026;GLOBAL;0;0;EMPENHO GLOBAL PARA COBRIR DESPESAS, REFERENTE AO BOLSA AUXILIO MORADIA, DO PROGRAMA MAIS MEDICOS DA ATENCAO PRIMARIA, LEI MUNICIPAL Nº 4553 DE 02/04/2024, PORTARIA Nº 23 DO MINISTERIO DA SAUDE DE 1/10/2023 E PORTARIA 300 DE 05/10/2017, PARA O PERIODO DE JANEIRO A DEZEMBRO DE 2026, CONFORME OFICIO 035/2026-APS-SESAP.;02/01/26 00:00;9.600,00;0,00;800,00;0,00;800,00;0,00;0,00;0,00;0,00;0,00;0,00;0,00;7952344;YOLDAYNYS REYES CARDENAS;;;93;2;2025;10;301;3.3.90.48.00.00.00.00;1.500.000.1002;33904800000000;800,00;0,00;8.800,00;MANUTENÇÃO DA REDE DE ATENÇÃO PRIMÁRIA;OUTROS AUXÍLIOS FINANCEIROS A PESSOAS FÍSICAS
Especificação: ;;EMPENHO GLOBAL PARA COBRIR DESPESAS, REFERENTE AO BOLSA AUXILIO MORADIA, DO PROGRAMA MAIS MEDICOS DA ATENCAO PRIMARIA, LEI MUNICIPAL Nº 4553 DE 02/04/2024, PORTARIA Nº 23 DO MINISTERIO DA SAUDE DE 1/10/2023 E PORTARIA 300 DE 05/10/2017, PARA O PERIODO DE JANEIRO A DEZEMBRO DE 2026, CONFORME OFICIO 035/2026-APS-SESAP.;;;;;;;;;;;;;;;;;;;;;;;;;;;;;;;;;;;;;
713;FUNDO MUNICIPAL DE SAÚDE DE BARBACENA;;30441560;73;2026;GLOBAL;0;0;EMPENHO GLOBAL PARA COBRIR DESPESAS, REFERENTE AO BOLSA AUXILIO ALIMENTACAO, DO PROGRAMA MAIS MEDICOS DA ATENCAO PRIMARIA, LEI MUNICIPAL Nº 4553 DE 02/04/2024, PORTARIA Nº 23 DO MINISTERIO DA SAUDE DE 1/10/2023 E PORTARIA 300 DE 05/10/2017, PARA O PERIODO DE JANEIRO A DEZEMBRO DE 2026, CONFORME OFICIO 36/2026-APS-SESAP.;02/01/26 00:00;6.600,00;0,00;550,00;0,00;550,00;0,00;0,00;0,00;0,00;0,00;0,00;0,00;7952471;MARIA FERNANDA GOMES HELENO FERREIRA;;;91;2;2025;10;301;3.3.90.46.00.00.00.00;1.500.000.1002;33904600000000;550,00;0,00;6.050,00;MANUTENÇÃO DA REDE DE ATENÇÃO PRIMÁRIA;AUXÍLIO-ALIMENTAÇÃO
Especificação: ;;EMPENHO GLOBAL PARA COBRIR DESPESAS, REFERENTE AO BOLSA AUXILIO ALIMENTACAO, DO PROGRAMA MAIS MEDICOS DA ATENCAO PRIMARIA, LEI MUNICIPAL Nº 4553 DE 02/04/2024, PORTARIA Nº 23 DO MINISTERIO DA SAUDE DE 1/10/2023 E PORTARIA 300 DE 05/10/2017, PARA O PERIODO DE JANEIRO A DEZEMBRO DE 2026, CONFORME OFICIO 36/2026-APS-SESAP.;;;;;;;;;;;;;;;;;;;;;;;;;;;;;;;;;;;;;
713;FUNDO MUNICIPAL DE SAÚDE DE BARBACENA;;30442763;74;2026;GLOBAL;0;0;EMPENHO GLOBAL PARA COBRIR DESPESAS, REFERENTE AO BOLSA AUXILIO ALIMENTACAO, DO PROGRAMA MAIS MEDICOS DA ATENCAO PRIMARIA, LEI MUNICIPAL Nº 4553 DE 02/04/2024, PORTARIA Nº 23 DO MINISTERIO DA SAUDE DE 1/10/2023 E PORTARIA 300 DE 05/10/2017, PARA O PERIODO DE JANEIRO A DEZEMBRO DE 2026, CONFORME OFICIO 33/2025-APS-SESAP.;02/01/26 00:00;6.600,00;0,00;550,00;0,00;550,00;0,00;0,00;0,00;0,00;0,00;0,00;0,00;4895881;ANA CRISTINA HELENO SILVA PAIVA;;;91;2;2025;10;301;3.3.90.46.00.00.00.00;1.500.000.1002;33904600000000;550,00;0,00;6.050,00;MANUTENÇÃO DA REDE DE ATENÇÃO PRIMÁRIA;AUXÍLIO-ALIMENTAÇÃO
Especificação: ;;EMPENHO GLOBAL PARA COBRIR DESPESAS, REFERENTE AO BOLSA AUXILIO ALIMENTACAO, DO PROGRAMA MAIS MEDICOS DA ATENCAO PRIMARIA, LEI MUNICIPAL Nº 4553 DE 02/04/2024, PORTARIA Nº 23 DO MINISTERIO DA SAUDE DE 1/10/2023 E PORTARIA 300 DE 05/10/2017, PARA O PERIODO DE JANEIRO A DEZEMBRO DE 2026, CONFORME OFICIO 33/2025-APS-SESAP.;;;;;;;;;;;;;;;;;;;;;;;;;;;;;;;;;;;;;
713;FUNDO MUNICIPAL DE SAÚDE DE BARBACENA;;30443402;75;2026;GLOBAL;0;0;EMPENHO GLOBAL PARA COBRIR DESPESAS, REFERENTE AO BOLSA AUXILIO ALIMENTACAO, DO PROGRAMA MAIS MEDICOS DA ATENCAO PRIMARIA, LEI MUNICIPAL Nº 4553 DE 02/04/2024, PORTARIA Nº 23 DO MINISTERIO DA SAUDE DE 1/10/2023 E PORTARIA 300 DE 05/10/2017, PARA O PERIODO DE JANEIRO A DEZEMBRO DE 2026, CONFORME OFICIO 32/2026-APS-SESAP.;02/01/26 00:00;6.600,00;0,00;550,00;0,00;550,00;0,00;0,00;0,00;0,00;0,00;0,00;0,00;4895842;GLAUCIA  BERNARDO;;;91;2;2025;10;301;3.3.90.46.00.00.00.00;1.500.000.1002;33904600000000;550,00;0,00;6.050,00;MANUTENÇÃO DA REDE DE ATENÇÃO PRIMÁRIA;AUXÍLIO-ALIMENTAÇÃO
Especificação: ;;EMPENHO GLOBAL PARA COBRIR DESPESAS, REFERENTE AO BOLSA AUXILIO ALIMENTACAO, DO PROGRAMA MAIS MEDICOS DA ATENCAO PRIMARIA, LEI MUNICIPAL Nº 4553 DE 02/04/2024, PORTARIA Nº 23 DO MINISTERIO DA SAUDE DE 1/10/2023 E PORTARIA 300 DE 05/10/2017, PARA O PERIODO DE JANEIRO A DEZEMBRO DE 2026, CONFORME OFICIO 32/2026-APS-SESAP.;;;;;;;;;;;;;;;;;;;;;;;;;;;;;;;;;;;;;
713;FUNDO MUNICIPAL DE SAÚDE DE BARBACENA;;30443476;76;2026;GLOBAL;0;0;EMPENHO GLOBAL PARA COBRIR DESPESAS, REFERENTE AO BOLSA AUXILIO ALIMENTACAO, DO PROGRAMA MAIS MEDICOS DA ATENCAO PRIMARIA, LEI MUNICIPAL Nº 4553 DE 02/04/2024, PORTARIA Nº 23 DO MINISTERIO DA SAUDE DE 1/10/2023 E PORTARIA 300 DE 05/10/2017, PARA O PERIODO DE JANEIRO A DEZEMBRO DE 2026, CONFORME OFICIO 31/2026-APS-SESAP.;02/01/26 00:00;6.600,00;0,00;550,00;0,00;550,00;0,00;0,00;0,00;0,00;0,00;0,00;0,00;6411167;SILVANA MARIOLEY;;;91;2;2025;10;301;3.3.90.46.00.00.00.00;1.500.000.1002;33904600000000;550,00;0,00;6.050,00;MANUTENÇÃO DA REDE DE ATENÇÃO PRIMÁRIA;AUXÍLIO-ALIMENTAÇÃO
Especificação: ;;EMPENHO GLOBAL PARA COBRIR DESPESAS, REFERENTE AO BOLSA AUXILIO ALIMENTACAO, DO PROGRAMA MAIS MEDICOS DA ATENCAO PRIMARIA, LEI MUNICIPAL Nº 4553 DE 02/04/2024, PORTARIA Nº 23 DO MINISTERIO DA SAUDE DE 1/10/2023 E PORTARIA 300 DE 05/10/2017, PARA O PERIODO DE JANEIRO A DEZEMBRO DE 2026, CONFORME OFICIO 31/2026-APS-SESAP.;;;;;;;;;;;;;;;;;;;;;;;;;;;;;;;;;;;;;
713;FUNDO MUNICIPAL DE SAÚDE DE BARBACENA;;30445025;77;2026;GLOBAL;0;0;EMPENHO GLOBAL PARA COBRIR DESPESAS, REFERENTE AO BOLSA AUXILIO ALIMENTACAO, DO PROGRAMA MAIS MEDICOS DA ATENCAO PRIMARIA, LEI MUNICIPAL Nº 4553 DE 02/04/2024, PORTARIA Nº 23 DO MINISTERIO DA SAUDE DE 1/10/2023 E PORTARIA 300 DE 05/10/2017, PARA O PERIODO DE JANEIRO A DEZEMBRO DE 2026, CONFORME OFICIO 30/2026-APS-SESAP.;02/01/26 00:00;6.600,00;0,00;550,00;0,00;550,00;0,00;0,00;0,00;0,00;0,00;0,00;0,00;7927303;RUBENS CRESPO SOARES FERREIRA;;;91;2;2025;10;301;3.3.90.46.00.00.00.00;1.500.000.1002;33904600000000;550,00;0,00;6.050,00;MANUTENÇÃO DA REDE DE ATENÇÃO PRIMÁRIA;AUXÍLIO-ALIMENTAÇÃO
Especificação: ;;EMPENHO GLOBAL PARA COBRIR DESPESAS, REFERENTE AO BOLSA AUXILIO ALIMENTACAO, DO PROGRAMA MAIS MEDICOS DA ATENCAO PRIMARIA, LEI MUNICIPAL Nº 4553 DE 02/04/2024, PORTARIA Nº 23 DO MINISTERIO DA SAUDE DE 1/10/2023 E PORTARIA 300 DE 05/10/2017, PARA O PERIODO DE JANEIRO A DEZEMBRO DE 2026, CONFORME OFICIO 30/2026-APS-SESAP.;;;;;;;;;;;;;;;;;;;;;;;;;;;;;;;;;;;;;
713;FUNDO MUNICIPAL DE SAÚDE DE BARBACENA;;30445951;78;2026;GLOBAL;0;0;EMPENHO GLOBAL PARA COBRIR DESPESAS, REFERENTE AO BOLSA AUXILIO ALIMENTACAO, DO PROGRAMA MAIS MEDICOS DA ATENCAO PRIMARIA, LEI MUNICIPAL Nº 4553 DE 02/04/2024, PORTARIA Nº 23 DO MINISTERIO DA SAUDE DE 1/10/2023 E PORTARIA 300 DE 05/10/2017, PARA O PERIODO DE JANEIRO A DEZEMBRO DE 2026, CONFORME OFICIO 29/2026-APS-SESAP.;02/01/26 00:00;6.600,00;0,00;550,00;0,00;550,00;0,00;0,00;0,00;0,00;0,00;0,00;0,00;4895890;LETICIA LUISA MATTOS;;;91;2;2025;10;301;3.3.90.46.00.00.00.00;1.500.000.1002;33904600000000;550,00;0,00;6.050,00;MANUTENÇÃO DA REDE DE ATENÇÃO PRIMÁRIA;AUXÍLIO-ALIMENTAÇÃO
Especificação: ;;EMPENHO GLOBAL PARA COBRIR DESPESAS, REFERENTE AO BOLSA AUXILIO ALIMENTACAO, DO PROGRAMA MAIS MEDICOS DA ATENCAO PRIMARIA, LEI MUNICIPAL Nº 4553 DE 02/04/2024, PORTARIA Nº 23 DO MINISTERIO DA SAUDE DE 1/10/2023 E PORTARIA 300 DE 05/10/2017, PARA O PERIODO DE JANEIRO A DEZEMBRO DE 2026, CONFORME OFICIO 29/2026-APS-SESAP.;;;;;;;;;;;;;;;;;;;;;;;;;;;;;;;;;;;;;
713;FUNDO MUNICIPAL DE SAÚDE DE BARBACENA;;30446849;79;2026;GLOBAL;0;0;EMPENHO GLOBAL PARA COBRIR DESPESAS, REFERENTE AO BOLSA AUXILIO ALIMENTACAO, DO PROGRAMA MAIS MEDICOS DA ATENCAO PRIMARIA, LEI MUNICIPAL Nº 4553 DE 02/04/2024, PORTARIA Nº 23 DO MINISTERIO DA SAUDE DE 1/10/2023 E PORTARIA 300 DE 05/10/2017, PARA O PERIODO DE JANEIRO A DEZEMBRO DE 2026, CONFORME OFICIO 28/2026-APS-SESAP.;02/01/26 00:00;6.600,00;0,00;550,00;0,00;550,00;0,00;0,00;0,00;0,00;0,00;0,00;0,00;5452698;MUARA VIANA CARDOSO;;;91;2;2025;10;301;3.3.90.46.00.00.00.00;1.500.000.1002;33904600000000;550,00;0,00;6.050,00;MANUTENÇÃO DA REDE DE ATENÇÃO PRIMÁRIA;AUXÍLIO-ALIMENTAÇÃO
Especificação: ;;EMPENHO GLOBAL PARA COBRIR DESPESAS, REFERENTE AO BOLSA AUXILIO ALIMENTACAO, DO PROGRAMA MAIS MEDICOS DA ATENCAO PRIMARIA, LEI MUNICIPAL Nº 4553 DE 02/04/2024, PORTARIA Nº 23 DO MINISTERIO DA SAUDE DE 1/10/2023 E PORTARIA 300 DE 05/10/2017, PARA O PERIODO DE JANEIRO A DEZEMBRO DE 2026, CONFORME OFICIO 28/2026-APS-SESAP.;;;;;;;;;;;;;;;;;;;;;;;;;;;;;;;;;;;;;
713;FUNDO MUNICIPAL DE SAÚDE DE BARBACENA;;30283385;8;2026;ESTIMATIVO;0;0;EMPENHO ESTIMATIVO PARA COBRIR DESPESAS COM O PROCESSAMENTO SIA-SIH/SUS, FONTE DE RECURSO MAC/FAEC - FEDERAL, REFERENTE AO 10º TERMO ADITIVO AO CONTRATO 002/2022, PRC. 153/2022, IL. 003/2022,  PARA O PERIODO DE JANEIRO A JUNHO DE 2026, CONFORME OFICIO 006/2026-DAE-SESAP.;02/01/26 00:00;7.670.131,32;0,00;2.561.362,86;0,00;2.370.838,10;0,00;190.524,76;0,00;0,00;0,00;0,00;0,00;1546400;INST MATERN ASSIST A INFANC E POLICLIN DE BARBACENA;;;209;3;2654;10;302;3.3.90.39.36.00.00.00;1.600.000.0000;33903900000000;2.561.362,86;0,00;5.108.768,46;MANUTENÇÃO DA REDE DE ATENÇÃO ESPECIALIZADA;OUTROS SERVIÇOS DE TERCEIROS - PESSOA JURÍDICA
Especificação: ;;EMPENHO ESTIMATIVO PARA COBRIR DESPESAS COM O PROCESSAMENTO SIA-SIH/SUS, FONTE DE RECURSO MAC/FAEC - FEDERAL, REFERENTE AO 10º TERMO ADITIVO AO CONTRATO 002/2022, PRC. 153/2022, IL. ;;;;;;;;;;;;;;;;;;;;;;;;;;;;;;;;;;;;;
;;003/2022,  PARA O PERIODO DE JANEIRO A JUNHO DE 2026, CONFORME OFICIO 006/2026-DAE-SESAP.;;;;;;;;;;;;;;;;;;;;;;;;;;;;;;;;;;;;;
713;FUNDO MUNICIPAL DE SAÚDE DE BARBACENA;;30464279;80;2026;GLOBAL;0;0;EMPENHO GLOBAL PARA COBRIR DESPESAS, REFERENTE AO BOLSA AUXILIO MORADIA, DO PROGRAMA MAIS MEDICOS DA ATENCAO PRIMARIA, LEI MUNICIPAL Nº 4553 DE 02/04/2024, PORTARIA Nº 23 DO MINISTERIO DA SAUDE DE 1/10/2023 E PORTARIA 300 DE 05/10/2017, PARA O PERIODO DE JANEIRO A DEZEMBRO DE 2026, CONFORME OFICIO 27/2026-APS-SESAP.;02/01/26 00:00;9.600,00;0,00;800,00;0,00;800,00;0,00;0,00;0,00;0,00;0,00;0,00;0,00;5278447;VICTOR MANUEL NUNEZ PEREZ;;;93;2;2025;10;301;3.3.90.48.00.00.00.00;1.500.000.1002;33904800000000;800,00;0,00;8.800,00;MANUTENÇÃO DA REDE DE ATENÇÃO PRIMÁRIA;OUTROS AUXÍLIOS FINANCEIROS A PESSOAS FÍSICAS
Especificação: ;;EMPENHO GLOBAL PARA COBRIR DESPESAS, REFERENTE AO BOLSA AUXILIO MORADIA, DO PROGRAMA MAIS MEDICOS DA ATENCAO PRIMARIA, LEI MUNICIPAL Nº 4553 DE 02/04/2024, PORTARIA Nº 23 DO MINISTERIO DA SAUDE DE 1/10/2023 E PORTARIA 300 DE 05/10/2017, PARA O PERIODO DE JANEIRO A DEZEMBRO DE 2026, CONFORME OFICIO 27/2026-APS-SESAP.;;;;;;;;;;;;;;;;;;;;;;;;;;;;;;;;;;;;;
713;FUNDO MUNICIPAL DE SAÚDE DE BARBACENA;;30464321;81;2026;GLOBAL;0;0;EMPENHO GLOBAL PARA COBRIR DESPESAS, REFERENTE AO BOLSA AUXILIO ALIMENTACAO, DO PROGRAMA MAIS MEDICOS DA ATENCAO PRIMARIA, LEI MUNICIPAL Nº 4553 DE 02/04/2024, PORTARIA Nº 23 DO MINISTERIO DA SAUDE DE 1/10/2023 E PORTARIA 300 DE 05/10/2017, PARA O PERIODO DE JANEIRO A DEZEMBRO DE 2026, CONFORME OFICIO 26/2026-APS-SESAP.;02/01/26 00:00;6.600,00;0,00;550,00;0,00;550,00;0,00;0,00;0,00;0,00;0,00;0,00;0,00;5278447;VICTOR MANUEL NUNEZ PEREZ;;;91;2;2025;10;301;3.3.90.46.00.00.00.00;1.500.000.1002;33904600000000;550,00;0,00;6.050,00;MANUTENÇÃO DA REDE DE ATENÇÃO PRIMÁRIA;AUXÍLIO-ALIMENTAÇÃO
Especificação: ;;EMPENHO GLOBAL PARA COBRIR DESPESAS, REFERENTE AO BOLSA AUXILIO ALIMENTACAO, DO PROGRAMA MAIS MEDICOS DA ATENCAO PRIMARIA, LEI MUNICIPAL Nº 4553 DE 02/04/2024, PORTARIA Nº 23 DO MINISTERIO DA SAUDE DE 1/10/2023 E PORTARIA 300 DE 05/10/2017, PARA O PERIODO DE JANEIRO A DEZEMBRO DE 2026, CONFORME OFICIO 26/2026-APS-SESAP.;;;;;;;;;;;;;;;;;;;;;;;;;;;;;;;;;;;;;
713;FUNDO MUNICIPAL DE SAÚDE DE BARBACENA;;30365522;82;2026;GLOBAL;31;2025;EMPENHO GLOBAL PARA COBRIR DESPESAS REFERENTE A LOCACAO DE IMOVEL, PARA FINS NAO RESIDENCIAIS, SITUADO NA AVENIDA PEREIRA TEIXEIRA, Nº 180, CENTRO, BARBACENA/MG, QUE ABRIGARA AS INSTALACOES DA OUVIDORIA GERAL DE BARBACENA, IL. 004/2025, PRC. Nº 031/2025, CONTRATO Nº 048/2025, PARA O PERIODO DE JANEIRO DEZEMBRO DE 2026, CONFORME OFICIO 02/2026-OGB E SF 28/2026-SC-SESAP.;02/01/26 00:00;27.000,00;0,00;2.250,00;0,00;2.250,00;0,00;0,00;0,00;0,00;0,00;0,00;0,00;2186225;ASSESSORIA MONTEIRO & FONTES DE NEGOCIOS IMOBILIARIOS LTDA;16729;9;22;6;2024;10;122;3.3.90.39.10.00.00.00;1.500.000.1002;33903900000000;2.250,00;0,00;24.750,00;MANUTENÇAO DA OUVIDORIA;OUTROS SERVIÇOS DE TERCEIROS - PESSOA JURÍDICA
Especificação: ;;EMPENHO GLOBAL PARA COBRIR DESPESAS REFERENTE A LOCACAO DE IMOVEL, PARA FINS NAO RESIDENCIAIS, SITUADO NA AVENIDA PEREIRA TEIXEIRA, Nº 180, CENTRO, BARBACENA/MG, QUE ABRIGARA AS INSTALACOES DA OUVIDORIA GERAL DE BARBACENA, IL. 004/2025, PRC. Nº 031/2025, CONTRATO Nº 048/2025, PARA O PERIODO DE JANEIRO DEZEMBRO DE 2026, CONFORME OFICIO 02/2026-OGB E SF 28/2026-SC-SESAP.;;;;;;;;;;;;;;;;;;;;;;;;;;;;;;;;;;;;;
713;FUNDO MUNICIPAL DE SAÚDE DE BARBACENA;;30263797;83;2026;ESTIMATIVO;8;2023;EMPENHO ESTIMATIVO PARA COBRIR DESPESAS COM A CONTRATACAO DE EMPRESA ESPECIALIZADA NA LOCACAO, COM TODOS OS ACESSORIOS DE CONCENTRADORES E CILINDROS DE OXIGENIO, PARA ATENDER AOS PACIENTES CADASTRADOS NO PROGRAMA DE OXIGENOTERAPIA DOMICILIAR PROLONGADA (ODP) DA REDE DE CUIDADOS A PESSOA COM DEFICIENCIA DA SESAP, PREGAO 005/2023, PRC. 008/2023, SEGINDO TERMO ADITIVO AO CONTRATO 088/2023, PARA O PERIODO DE JANEIRO A JUNHO DE 2026, CONFORME OFICIO 07/2026 E SF. 05/2026-SC-SESAP.;02/01/26 00:00;361.241,10;0,00;45.611,25;0,00;0,00;0,00;0,00;0,00;0,00;0,00;0,00;0,00;1546580;ALFAGAS LTDA;;;159;3;2043;10;302;3.3.90.39.99.00.00.00;1.600.000.0000;33903900000000;0,00;0,00;361.241,10;MANUTENÇÃO DE REDE DE CUIDADOS A PESSOA COM DEFICIÊNCIA;OUTROS SERVIÇOS DE TERCEIROS - PESSOA JURÍDICA
Especificação: ;;EMPENHO ESTIMATIVO PARA COBRIR DESPESAS COM A CONTRATACAO DE EMPRESA ESPECIALIZADA NA LOCACAO, COM TODOS OS ACESSORIOS DE CONCENTRADORES E CILINDROS DE OXIGENIO, PARA ATENDER AOS PACIENTES CADASTRADOS NO PROGRAMA DE OXIGENOTERAPIA DOMICILIAR PROLONGADA (ODP) DA REDE DE CUIDADOS A PESSOA COM DEFICIENCIA DA SESAP, PREGAO 005/2023, PRC. 008/2023, SEGINDO TERMO ADITIVO AO CONTRATO 088/2023, PARA O PERIODO DE JANEIRO A JUNHO DE 2026, CONFORME OFICIO 07/2026 E SF. 05/2026-SC-SESAP.;;;;;;;;;;;;;;;;;;;;;;;;;;;;;;;;;;;;;
713;FUNDO MUNICIPAL DE SAÚDE DE BARBACENA;;30367998;84;2026;ORDINARIO;194;2024;EMPENHO PARA COBRIR DESPESAS COM AQUISICAO DE MATERIAL DE CONSUMO DE EXPEDIENTE, PARA ATENDER A REDE DE ATENCAO PSICOSSOCIAL - RAPS, PROCESSO ADM. Nº 194/2024, PREGAO Nº 015/2025, ATA DE REGISTRO DE PRECOS Nº 130/2025, VIGENTE ATE 04/12/2026, CONFORME OFICIO 001/2026-ALMOXARIFADO E SF. 02/2026-SC-SESAP.;02/01/26 00:00;5.640,00;0,00;5.640,00;0,00;5.572,32;0,00;67,68;0,00;0,00;0,00;0,00;0,00;7587181;CREATIVE LICITACOES LTDA;;;200;3;2642;10;302;3.3.90.30.16.00.00.00;2.621.000.0000;33903000000000;5.640,00;0,00;0,00;MANUTENÇÃO DA REDE DE ATENÇÃO PSICOSSOCIAL - RAPS;MATERIAL DE CONSUMO
Especificação: ;;EMPENHO PARA COBRIR DESPESAS COM AQUISICAO DE MATERIAL DE CONSUMO DE EXPEDIENTE, PARA ATENDER A REDE DE ATENCAO PSICOSSOCIAL - RAPS, PROCESSO ADM. Nº 194/2024, PREGAO Nº 015/2025, ATA DE REGISTRO DE PRECOS Nº 130/2025, VIGENTE ATE 04/12/2026, CONFORME OFICIO 001/2026-ALMOXARIFADO E SF. 02/2026-SC-SESAP.;;;;;;;;;;;;;;;;;;;;;;;;;;;;;;;;;;;;;
713;FUNDO MUNICIPAL DE SAÚDE DE BARBACENA;;30292844;85;2026;ORDINARIO;194;2024;EMPENHO PARA COBRIR DESPESAS COM AQUISICAO DE MATERIAL DE CONSUMO DE EXPEDIENTE, PARA ATENDER A REDE DE ATENCAO PSICOSSOCIAL - RAPS, PROCESSO ADM. Nº 194/2024, PREGAO Nº 015/2025, ATA DE REGISTRO DE PRECOS Nº 130/2025, VIGENTE ATE 04/12/2026, CONFORME OFICIO 001/2026-ALMOXARIFADO E SF. 23/2026-SC-SESAP.;02/01/26 00:00;13.160,00;0,00;13.160,00;0,00;13.002,08;0,00;157,92;0,00;0,00;0,00;0,00;0,00;7587181;CREATIVE LICITACOES LTDA;;;264;4;2010;10;305;3.3.90.30.16.00.00.00;2.621.000.0000;33903000000000;13.160,00;0,00;0,00;MANUTENÇAO DA VIGILÂNCIA EPIDEMIOLÓGICA;MATERIAL DE CONSUMO
Especificação: ;;EMPENHO PARA COBRIR DESPESAS COM AQUISICAO DE MATERIAL DE CONSUMO DE EXPEDIENTE, PARA ATENDER A REDE DE ATENCAO PSICOSSOCIAL - RAPS, PROCESSO ADM. Nº 194/2024, PREGAO Nº 015/2025, ATA DE REGISTRO DE PRECOS Nº 130/2025, VIGENTE ATE 04/12/2026, CONFORME OFICIO 001/2026-ALMOXARIFADO E SF. 23/2026-SC-SESAP.;;;;;;;;;;;;;;;;;;;;;;;;;;;;;;;;;;;;;
713;FUNDO MUNICIPAL DE SAÚDE DE BARBACENA;;30512389;86;2026;ESTIMATIVO;0;0;EMPENHO ESTIMATIVO PARA COBRIR DESPESAS COM COBERTURA DE TARIFAS BANCARIAS EM GERAL, PARA O PERIODO DE JANEIRO A DEZEMBRO DE 2025, CONFORME OFICIO 018/2026-FMS-DIRECAO-SESAP.;02/01/26 00:00;1.000,00;0,00;4,00;0,00;4,00;0,00;0,00;0,00;0,00;0,00;0,00;0,00;1543396;CAIXA ECONOMICA FEDERAL;;;58;11;2021;10;122;3.3.90.39.99.00.00.00;1.500.000.1002;33903900000000;4,00;0,00;996,00;MANUTENÇAO DE AÇÕES DA SESAP;OUTROS SERVIÇOS DE TERCEIROS - PESSOA JURÍDICA
Especificação: ;;EMPENHO ESTIMATIVO PARA COBRIR DESPESAS COM COBERTURA DE TARIFAS BANCARIAS EM GERAL, PARA O PERIODO DE JANEIRO A DEZEMBRO DE 2025, CONFORME OFICIO 018/2026-FMS-DIRECAO-SESAP.;;;;;;;;;;;;;;;;;;;;;;;;;;;;;;;;;;;;;
713;FUNDO MUNICIPAL DE SAÚDE DE BARBACENA;;30392866;87;2026;GLOBAL;152;2022;EMPENHO GLOBAL PARA COBRIR DESPESAS COM A LOCACAO DE IMOVEL, NAO RESIDENCIAL, SITUADO NA RUA PADRE ANTONIO MACIEL, Nº 123, BAIRO SANTA LUZIA, BARBACENA/MG, PARA FINS DE INSTALACAO DA UNIDADE BASICA DE SAUDE - UBS DO SANTA LUZIA EM ATENDIMENTO A REDE DE ATENCAO PRIMARIA DA SAUDE, DL. 025/2022, PRC. 152/2022, 4º TERMO ADITIVO AO CONTRATO 136/2022, PARA O PERÍODO DE JANEIRO A DEZEMBRO DE 2026, CONFORME OFICIO 04/2026- ATENCAO PRIMARIA A SAUDE, 056/2026-GESTOR DE CONTRATO E SF. 13/2026-SC-SESAP.;02/01/26 00:00;12.000,00;0,00;1.000,00;0,00;1.000,00;0,00;0,00;0,00;0,00;0,00;0,00;0,00;2874727;VICENTE DE PAULO BARBOSA;;;88;2;2025;10;301;3.3.90.36.14.00.00.00;2.621.000.0000;33903600000000;1.000,00;0,00;11.000,00;MANUTENÇÃO DA REDE DE ATENÇÃO PRIMÁRIA;OUTROS SERVIÇOS DE TERCEIROS - PESSOA FÍSICA
Especificação: ;;EMPENHO GLOBAL PARA COBRIR DESPESAS COM A LOCACAO DE IMOVEL, NAO RESIDENCIAL, SITUADO NA RUA PADRE ANTONIO MACIEL, Nº 123, BAIRO SANTA LUZIA, BARBACENA/MG, PARA FINS DE INSTALACAO DA UNIDADE BASICA DE SAUDE - UBS DO SANTA LUZIA EM ATENDIMENTO A REDE DE ATENCAO PRIMARIA DA SAUDE, DL. 025/2022, PRC. 152/2022, 4º TERMO ADITIVO AO CONTRATO 136/2022, PARA O PERÍODO DE JANEIRO A DEZEMBRO DE 2026, CONFORME OFICIO 04/2026- ATENCAO PRIMARIA A SAUDE, 056/2026-GESTOR DE CONTRATO E SF. 13/2026-SC-SESAP.;;;;;;;;;;;;;;;;;;;;;;;;;;;;;;;;;;;;;
713;FUNDO MUNICIPAL DE SAÚDE DE BARBACENA;;30517992;88;2026;GLOBAL;0;0;EMPENHO GLOBAL PARA COBRIR DESPESAS COM LOCACAO DE IMOVEL, PARA FINS NAO RESIDENCIAIS, SITUADO NA PRACA DO CRUZEIRO, Nº 52, BAIRRO JOAO PAULO II, NA CIDADE DE BARBACENA - MG - PERTECENTE A PAROQUIA DE SAO PIO X, QUE ABRIGARÁ AS INSTALACOES DA UNIDADE BASICA DE SAUDE - UBS - DO BAIRRO, EM ATENDIMENTO A REDE DE ATENCAO PRIMARIA A SAUDE DA SESAP, IL. 023/2024, PRC. 047/2024, TERMO ADITIVO AO CONTRATO Nº 061/2024, PARA O PERIODO DE JANEIRO A MAIO DE 2026, CONFORME OFICIO 059/2026-GESTOR DE CONTRATO-SESAP.;02/01/26 00:00;8.824,35;0,00;1.764,87;0,00;1.680,16;0,00;84,71;0,00;0,00;0,00;0,00;0,00;6251154;IMOBILIARIA ALOISIO IMOVEIS;;;89;2;2025;10;301;3.3.90.39.10.00.00.00;2.621.000.0000;33903900000000;1.764,87;0,00;7.059,48;MANUTENÇÃO DA REDE DE ATENÇÃO PRIMÁRIA;OUTROS SERVIÇOS DE TERCEIROS - PESSOA JURÍDICA
Especificação: ;;EMPENHO GLOBAL PARA COBRIR DESPESAS COM LOCACAO DE IMOVEL, PARA FINS NAO RESIDENCIAIS, SITUADO NA PRACA DO CRUZEIRO, Nº 52, BAIRRO JOAO PAULO II, NA CIDADE DE BARBACENA - MG - PERTECENTE A PAROQUIA DE SAO PIO X, QUE ABRIGARÁ AS INSTALACOES DA UNIDADE BASICA DE SAUDE - UBS - DO BAIRRO, EM ATENDIMENTO A REDE DE ATENCAO PRIMARIA A SAUDE DA SESAP, IL. 023/2024, PRC. 047/2024, TERMO ADITIVO AO CONTRATO Nº 061/2024, PARA O PERIODO DE JANEIRO A MAIO DE 2026, CONFORME OFICIO 059/2026-GESTOR DE CONTRATO-SESAP.;;;;;;;;;;;;;;;;;;;;;;;;;;;;;;;;;;;;;
713;FUNDO MUNICIPAL DE SAÚDE DE BARBACENA;;30392905;89;2026;GLOBAL;32;2025;EMPENHO GLOBAL PARA COBRIR DESPESAS REFERENTE A LOCACAO DE IMOVEL COMERCIAL, SITUADO NA RUA OSWALDO FORTINI, 231, BAIRRO SAO JOSE, BARBACENA/MG, PARA FUNCIONAMENTO E INSTALACOES DO PONTO DE APOIO SAO JOSE, PARA ATENDER A REDE DE ATENCAO PRIMARIA A SAUDE, PARA O PERIDO DE JANEIRO A DEZEMBRO DE 2026, IL. Nº 002/2025, PRC. Nº 032/2025, CONTRATO Nº 031/2025, CONFORME OFICIO 025/2026 E SF. 21/2026-SC-SESAP.;02/01/26 00:00;48.000,00;0,00;4.000,00;0,00;4.000,00;0,00;0,00;0,00;0,00;0,00;0,00;0,00;6835147;PAROQUIA SAO JOSE OPERARIO EM BARBACENA;;;89;2;2025;10;301;3.3.90.39.10.00.00.00;2.600.000.0000;33903900000000;4.000,00;0,00;44.000,00;MANUTENÇÃO DA REDE DE ATENÇÃO PRIMÁRIA;OUTROS SERVIÇOS DE TERCEIROS - PESSOA JURÍDICA
Especificação: ;;EMPENHO GLOBAL PARA COBRIR DESPESAS REFERENTE A LOCACAO DE IMOVEL COMERCIAL, SITUADO NA RUA OSWALDO FORTINI, 231, BAIRRO SAO JOSE, BARBACENA/MG, PARA FUNCIONAMENTO E INSTALACOES DO PONTO DE APOIO SAO JOSE, PARA ATENDER A REDE DE ATENCAO PRIMARIA A SAUDE, PARA O PERIDO DE JANEIRO A DEZEMBRO DE 2026, IL. Nº 002/2025, PRC. Nº 032/2025, CONTRATO Nº 031/2025, CONFORME OFICIO 025/2026 E SF. 21/2026-SC-SESAP.;;;;;;;;;;;;;;;;;;;;;;;;;;;;;;;;;;;;;
713;FUNDO MUNICIPAL DE SAÚDE DE BARBACENA;;30283436;9;2026;ESTIMATIVO;0;0;EMPENHO ESTIMATIVO PARA COBRIR DESPESAS COM O PROCESSAMENTO SIA-SIH/SUS, FONTE DE RECURSO MAC/FAEC - ESTADUAL, REFERENTE AO 10º TERMO ADITIVO AO CONTRATO 002/2022, PRC. 153/2022, IL. 003/2022,  PARA O PERIODO DE JANEIRO A JUNHO DE 2026, CONFORME OFICIO 006/2026-DAE-SESAP.;02/01/26 00:00;3.827.358,00;0,00;0,00;0,00;0,00;0,00;0,00;0,00;0,00;0,00;0,00;0,00;1546400;INST MATERN ASSIST A INFANC E POLICLIN DE BARBACENA;;;209;3;2654;10;302;3.3.90.39.36.00.00.00;1.621.000.0000;33903900000000;0,00;0,00;3.827.358,00;MANUTENÇÃO DA REDE DE ATENÇÃO ESPECIALIZADA;OUTROS SERVIÇOS DE TERCEIROS - PESSOA JURÍDICA
Especificação: ;;EMPENHO ESTIMATIVO PARA COBRIR DESPESAS COM O PROCESSAMENTO SIA-SIH/SUS, FONTE DE RECURSO MAC/FAEC - ESTADUAL, REFERENTE AO 10º TERMO ADITIVO AO CONTRATO 002/2022, PRC. 153/2022, IL. 003/2022,  PARA O PERIODO DE JANEIRO A JUNHO DE 2026, CONFORME OFICIO 006/2026-DAE-SESAP.;;;;;;;;;;;;;;;;;;;;;;;;;;;;;;;;;;;;;
713;FUNDO MUNICIPAL DE SAÚDE DE BARBACENA;;30313926;90;2026;GLOBAL;83;2022;EMPENHO GLOBAL PARA COBRIR DESPESAS COM A CONTRATACAO DE EMPRESA ESPECIALIZADA EM SERVIÇOS DE TELECOMUNICAÇÕES PARA IMPLENTAÇÃO, OPERAÇÃO E MANUTENÇÃO DE UM LINK DE ACESSSO SÍNCRONO DEDICADO A INTERNET, MEDIANTE IMPLANTAÇÃO DE LINK DE COMUNICAÇÕES DE DADOS DE ATIVA A SER INSTALADO DO DATACENTER DA PMB, PARA ATENDER A SECRETARIA MUNICIPAL DE BARBACENA - SESAP, PREGAO Nº 058/2022, PRC. Nº 083/2022, TERCEIRO TERMO ADITIVO AO CONTRATO Nº 101/2022, PARA O PERIODO DE JANEIRO A AGOSTO DE 2026, CONFORME MEMORANDO Nº 023/2026-DIRT-SESAP E SF. 25/2026-SC-SESAP.;02/01/26 00:00;9.317,44;0,00;0,00;0,00;0,00;0,00;0,00;0,00;0,00;0,00;0,00;0,00;2548969;GMAES TELECOM LTDA;378265;6;59;11;2021;10;122;3.3.90.40.99.00.00.00;1.500.000.1002;33904000000000;0,00;0,00;9.317,44;MANUTENÇAO DE AÇÕES DA SESAP;SERVIÇOS DE TECNOLOGIA DA INFORMAÇÃO E COMUNICAÇ
Especificação: ;;EMPENHO GLOBAL PARA COBRIR DESPESAS COM A CONTRATACAO DE EMPRESA ESPECIALIZADA EM SERVIÇOS DE TELECOMUNICAÇÕES PARA IMPLENTAÇÃO, OPERAÇÃO E MANUTENÇÃO DE UM LINK DE ACESSSO SÍNCRONO DEDICADO A INTERNET, MEDIANTE IMPLANTAÇÃO DE LINK DE COMUNICAÇÕES DE DADOS DE ATIVA A SER INSTALADO DO DATACENTER DA PMB, PARA ATENDER A SECRETARIA MUNICIPAL DE BARBACENA - SESAP, PREGAO Nº 058/2022, PRC. Nº 083/2022, TERCEIRO TERMO ADITIVO AO CONTRATO Nº 101/2022, PARA O PERIODO DE JANEIRO A AGOSTO DE 2026, CONFORME MEMORANDO Nº 023/2026-DIRT-SESAP E SF. 25/2026-SC-SESAP.;;;;;;;;;;;;;;;;;;;;;;;;;;;;;;;;;;;;;
713;FUNDO MUNICIPAL DE SAÚDE DE BARBACENA;;30264699;91;2026;ESTIMATIVO;193;2022;EMPENHO ESTIMATIVO PARA COBRIR DESPESAS COM A CONTRATACAO DE EMPRESA ESPECIALIZADA, PARA LOCACAO DE VENTILADORES MECANICOS TRILOGY, QUE OFERECAM SUPORTE VENTILATORIO CONTINUO OU INTERMITENTE PARA PACIENTES PEDIATRICOS E ADULTO EM DOMICILIO, PARA ATENDER A REDE DE CUIDADOS A PESSOAS COM DEFICIENCIA, PRC. 109/2022, LICITACAO 193/2022, SEGUNDO TERMO ADITIVO AO CONTRATO Nº 038/2023, PARA O PERIODO DE JANEIRO A MARCO DE 2026, CONFORME OFICIO 15/2026 E  SF. 07/2026-SC-SESAP.;02/01/26 00:00;18.201,70;0,00;1.003,87;0,00;958,70;0,00;45,17;0,00;0,00;0,00;0,00;0,00;1546471;AIR LIQUIDE BRASIL LTDA;;;159;3;2043;10;302;3.3.90.39.99.00.00.00;1.600.000.0000;33903900000000;1.003,87;0,00;17.197,83;MANUTENÇÃO DE REDE DE CUIDADOS A PESSOA COM DEFICIÊNCIA;OUTROS SERVIÇOS DE TERCEIROS - PESSOA JURÍDICA
Especificação: ;;EMPENHO ESTIMATIVO PARA COBRIR DESPESAS COM A CONTRATACAO DE EMPRESA ESPECIALIZADA, PARA LOCACAO DE VENTILADORES MECANICOS TRILOGY, QUE OFERECAM SUPORTE VENTILATORIO CONTINUO OU INTERMITENTE PARA PACIENTES PEDIATRICOS E ADULTO EM DOMICILIO, PARA ATENDER A REDE DE CUIDADOS A PESSOAS COM DEFICIENCIA, PRC. 109/2022, LICITACAO 193/2022, SEGUNDO TERMO ADITIVO AO CONTRATO Nº 038/2023, PARA O PERIODO DE JANEIRO A MARCO DE 2026, CONFORME OFICIO 15/2026 E  SF. 07/2026-SC-SESAP.;;;;;;;;;;;;;;;;;;;;;;;;;;;;;;;;;;;;;
713;FUNDO MUNICIPAL DE SAÚDE DE BARBACENA;;30264260;92;2026;ESTIMATIVO;72;2025;EMPENHO ESTIMATIVO PARA COBRIR DESPESAS COM A CONTRATACAO DE EMPRESA ESPECIALIZADA NA LOCACAO DE VENTILADORES MECANICOS, PARA ATENDER AOS PACEINTES COM TRANSTORNOS RESPIRATORIOS NO MUNICIPIO DE BARBACENA-MG, PRC. 072/2025, LICITACAO 072/2022, CONTRATO Nº 161/2023, PARA O PERIODO DE JANEIRO A DEZEMBRO DE 2026, CONFORME OFICIO 010/2026 E  SF. 06/2026-SC-SESAP.;02/01/26 00:00;50.388,00;0,00;2.519,40;0,00;0,00;0,00;0,00;0,00;0,00;0,00;0,00;0,00;1546471;AIR LIQUIDE BRASIL LTDA;;;89;2;2025;10;301;3.3.90.39.99.00.00.00;1.621.000.0000;33903900000000;0,00;0,00;50.388,00;MANUTENÇÃO DA REDE DE ATENÇÃO PRIMÁRIA;OUTROS SERVIÇOS DE TERCEIROS - PESSOA JURÍDICA
;;EMPENHO ESTIMATIVO PARA COBRIR DESPESAS COM A CONTRATACAO DE EMPRESA ESPECIALIZADA NA LOCACAO DE VENTILADORES MECANICOS, PARA ATENDER AOS PACEINTES COM TRANSTORNOS RESPIRATORIOS NO MUNICIPIO DE BARBACENA-MG, PRC. 072/2025, LICITACAO 072/2022, CONTRATO Nº 161/2023, PARA O PERIODO DE JANEIRO A DEZEMBRO DE 2026, CONFORME OFICIO 010/2026 E  SF. 06/2026-SC-SESAP.;;;;;;;;;;;;;;;;;;;;;;;;;;;;;;;;;;;;;
713;FUNDO MUNICIPAL DE SAÚDE DE BARBACENA;;30396985;93;2026;ESTIMATIVO;99;2021;EMPENHO ESTIMATIVO PARA COBRIR DESPESAS COM A CONTRATACAO DE EMPRESA ESPECIALIZADA EM SOLUCAO DE OUTSOURCING DE IMPRESSAO, MODALIDADE FRANQUIA MENSAL DE PAGINAS MAIS EXCEDENTE, COM ASSISTENCIA TECNICA, MANUTENCAO PREVENTIVA, CORRETIVA E ESPECIALIZADA, REPOSICAO DE PECAS E INSUMOS, P/ ATENDER A SECRETARIA MUNICIPAL DE SAUDE PUBLICA - SESAP, PRC. 099/2021, ADESAO 008/2021, QUARTO TERMO ADITIVO CONTRATO 078/2021, PARA O PERIODO DE JANEIRO A SETEMBRO DE 2026, CONFORME MEMORANDO 025/2026-DIRTI E SF. 26/2026-SC-SESAP.;02/01/26 00:00;120.799,35;0,00;0,00;0,00;0,00;0,00;0,00;0,00;0,00;0,00;0,00;0,00;1543536;SIMPRESS COMERCIO, LOCACAO E SERVICOS S/A;105457;0;58;11;2021;10;122;3.3.90.39.12.00.00.00;1.500.000.1002;33903900000000;0,00;0,00;120.799,35;MANUTENÇAO DE AÇÕES DA SESAP;OUTROS SERVIÇOS DE TERCEIROS - PESSOA JURÍDICA
Especificação: ;;EMPENHO ESTIMATIVO PARA COBRIR DESPESAS COM A CONTRATACAO DE EMPRESA ESPECIALIZADA EM SOLUCAO DE OUTSOURCING DE IMPRESSAO, MODALIDADE FRANQUIA MENSAL DE PAGINAS MAIS EXCEDENTE, COM ASSISTENCIA TECNICA, MANUTENCAO PREVENTIVA, CORRETIVA E ESPECIALIZADA, REPOSICAO DE PECAS E INSUMOS, P/ ATENDER A SECRETARIA MUNICIPAL DE SAUDE PUBLICA - SESAP, PRC. 099/2021, ADESAO 008/2021, QUARTO TERMO ADITIVO CONTRATO 078/2021, PARA O PERIODO DE JANEIRO A SETEMBRO DE 2026, CONFORME MEMORANDO 025/2026-DIRTI E SF. 26/2026-SC-SESAP.;;;;;;;;;;;;;;;;;;;;;;;;;;;;;;;;;;;;;
713;FUNDO MUNICIPAL DE SAÚDE DE BARBACENA;;30411515;94;2026;ORDINARIO;155;2025;EMPENHO PARA COBRIR DESPESAS COM A CONTRATACAO DE EMPRESA ESPECIALIZADA NO FORNECIMENTO E INSTALACAO DE AR - CONDICIONADO, BEM COMO NA PRESTACAO DE SERVICOS DE MANUTENCAO PREVENTIVA E CORRETIVA, PARA ATENDER OS MUNICIPIOS CONSORCIADOS, EM ATENDIMENTO AO PROGRAMA DE IMUNIZACAO DA SESAP, PRCOCESSO. Nº 155/2025 LICITACAO Nº 002/2025 - CODAMMA, CONTRATO Nº 126/2025, VIGENTE ATE 21/10/2026, CONFORME OFICIO01/2026-CENTRA DE REDE FRIO E SF. 37/2026-SC-SESAP.;02/01/26 00:00;251.741,04;0,00;0,00;0,00;0,00;0,00;0,00;0,00;0,00;0,00;0,00;0,00;7755176;LS REFRIGERACAO LTDA;;;295;4;2034;10;305;4.4.90.52.18.00.00.00;2.621.000.0000;44905200000000;0,00;0,00;251.741,04;MANUTENÇÃO DO SISTEMA DE IMUNIZAÇÃO;EQUIPAMENTOS E MATERIAL PERMANENTE
Especificação: ;;EMPENHO PARA COBRIR DESPESAS COM A CONTRATACAO DE EMPRESA ESPECIALIZADA NO FORNECIMENTO E INSTALACAO DE AR - CONDICIONADO, BEM COMO NA PRESTACAO DE SERVICOS DE MANUTENCAO PREVENTIVA E CORRETIVA, PARA ATENDER OS MUNICIPIOS CONSORCIADOS, EM ATENDIMENTO AO PROGRAMA DE IMUNIZACAO DA SESAP, PRCOCESSO. Nº 155/2025 LICITACAO Nº 002/2025 - CODAMMA, CONTRATO Nº 126/2025, VIGENTE ATE 21/10/2026, CONFORME OFICIO01/2026-CENTRA DE REDE FRIO E SF. 37/2026-SC-SESAP.;;;;;;;;;;;;;;;;;;;;;;;;;;;;;;;;;;;;;
713;FUNDO MUNICIPAL DE SAÚDE DE BARBACENA;;30534164;95;2026;GLOBAL;0;0;EMPENHO GLOBAL PARA COBRIR DESPESAS COM A CONTRATAÇÃO DE EMPRESA ESPECIALIZADA - MÃO DE OBRA - PARA CONTROLE DE ACESSO AOS PRÉDIOS PÚBLICOS, EM ATENDIMENTO A REDE DE ATENCAO PRIMARIA A SAUDE DA SESAP, PRC.  069/2022, PE. 050/2022, 4º TERMO ADITIVO AO CONTRATO 208/2022, PARA O PERIODO DE JANEIRO A NOVEMBRO DE 2026, CONFORME OFICIO 02/2026-GCM-SESAP.;02/01/26 00:00;413.696,58;0,00;0,00;0,00;0,00;0,00;0,00;0,00;0,00;0,00;0,00;0,00;3095490;LIDER PRESTADORA DE SERVICOS EIRELI;208611;5;89;2;2025;10;301;3.3.90.39.99.00.00.00;2.621.000.0000;33903900000000;0,00;0,00;413.696,58;MANUTENÇÃO DA REDE DE ATENÇÃO PRIMÁRIA;OUTROS SERVIÇOS DE TERCEIROS - PESSOA JURÍDICA
Especificação: ;;EMPENHO GLOBAL PARA COBRIR DESPESAS COM A CONTRATAÇÃO DE EMPRESA ESPECIALIZADA - MÃO DE OBRA - PARA CONTROLE DE ACESSO AOS PRÉDIOS PÚBLICOS, EM ATENDIMENTO A REDE DE ATENCAO PRIMARIA A SAUDE DA SESAP, PRC.  069/2022, PE. 050/2022, 4º TERMO ADITIVO AO CONTRATO 208/2022, PARA O PERIODO DE JANEIRO A NOVEMBRO DE 2026, CONFORME OFICIO 02/2026-GCM-SESAP.;;;;;;;;;;;;;;;;;;;;;;;;;;;;;;;;;;;;;
713;FUNDO MUNICIPAL DE SAÚDE DE BARBACENA;;30534259;96;2026;GLOBAL;0;0;EMPENHO GLOBAL PARA COBRIR DESPESAS COM A CONTRATAÇÃO DE EMPRESA ESPECIALIZADA - MÃO DE OBRA - PARA CONTROLE DE ACESSO AOS PRÉDIOS PÚBLICOS, EM ATENDIMENTO AO PROGRAMA A SAUDE DO PACIENTE ONCOLOGICO, PRC.  069/2022, PE. 050/2022, 4º TERMO ADITIVO AO CONTRATO 208/2022, PARA O PERIODO DE JANEIRO A NOVEMBRO DE 2026, CONFORME OFICIO 02/2026-GCM-SESAP.;02/01/26 00:00;123.786,08;0,00;0,00;0,00;0,00;0,00;0,00;0,00;0,00;0,00;0,00;0,00;3095490;LIDER PRESTADORA DE SERVICOS EIRELI;208611;5;180;3;2345;10;302;3.3.90.39.99.00.00.00;1.500.000.1002;33903900000000;0,00;0,00;123.786,08;MANUTENÇÃO DO PROGRAMA A SAÚDE DO PACIENTE ONCOLÓGICO;OUTROS SERVIÇOS DE TERCEIROS - PESSOA JURÍDICA
Especificação: ;;EMPENHO GLOBAL PARA COBRIR DESPESAS COM A CONTRATAÇÃO DE EMPRESA ESPECIALIZADA - MÃO DE OBRA - PARA CONTROLE DE ACESSO AOS PRÉDIOS PÚBLICOS, EM ATENDIMENTO AO PROGRAMA A SAUDE DO PACIENTE ONCOLOGICO, PRC.  069/2022, PE. 050/2022, 4º TERMO ADITIVO AO CONTRATO 208/2022, PARA O PERIODO DE JANEIRO A NOVEMBRO DE 2026, CONFORME OFICIO 02/2026-GCM-SESAP.;;;;;;;;;;;;;;;;;;;;;;;;;;;;;;;;;;;;;
713;FUNDO MUNICIPAL DE SAÚDE DE BARBACENA;;30534434;97;2026;GLOBAL;0;0;EMPENHO GLOBAL PARA COBRIR DESPESAS COM A CONTRATAÇÃO DE EMPRESA ESPECIALIZADA - MÃO DE OBRA - PARA CONTROLE DE ACESSO AOS PRÉDIOS PÚBLICOS, EM ATENDIMENTO AO CENTRO ADMINISTRATIVO DE SAUDE DA SESAP DA SESAP, PRC.  069/2022, PE. 050/2022, 4º TERMO ADITIVO AO CONTRATO 208/2022, PARA O PERIODO DE JANEIRO A NOVEMBRO DE 2026, CONFORME OFICIO 02/2026-GCM-SESAP.;02/01/26 00:00;228.014,46;0,00;0,00;0,00;0,00;0,00;0,00;0,00;0,00;0,00;0,00;0,00;3095490;LIDER PRESTADORA DE SERVICOS EIRELI;208611;5;50;11;2018;10;122;3.3.90.39.99.00.00.00;1.500.000.1002;33903900000000;0,00;0,00;228.014,46;PESSOAL E ENCARGOS SOCIAIS DA SESAP;OUTROS SERVIÇOS DE TERCEIROS - PESSOA JURÍDICA
Especificação: ;;EMPENHO GLOBAL PARA COBRIR DESPESAS COM A CONTRATAÇÃO DE EMPRESA ESPECIALIZADA - MÃO DE OBRA - PARA CONTROLE DE ACESSO AOS PRÉDIOS PÚBLICOS, EM ATENDIMENTO AO CENTRO ADMINISTRATIVO DE SAUDE DA SESAP DA SESAP, PRC.  069/2022, PE. 050/2022, 4º TERMO ADITIVO AO CONTRATO 208/2022, PARA O PERIODO DE JANEIRO A NOVEMBRO DE 2026, CONFORME OFICIO 02/2026-GCM-SESAP.;;;;;;;;;;;;;;;;;;;;;;;;;;;;;;;;;;;;;
713;FUNDO MUNICIPAL DE SAÚDE DE BARBACENA;;30535942;98;2026;ORDINARIO;0;0;EMPENHO PARA COBRIR DESPESAS REFERENTE AO TERMO ADITIVO AO CONTRATO 091/2020, PRC. 071/2020, IL. 003/2020, OCORRE FACE AO REPASSE EFETUADO PELO FUNDO NACIONAL DE SAUDE, OBJETIVANDO O PAGAMENTO DO PISO SALARIAL DOS PROFISSIONAIS DA ENFERMAGEM (ENFERMEIROS, TECNICOS, AUXILIARES DE ENFERMAGEM E PARTEIRAS, REFERENTE AO MES DE DEZEMBRO DE 2025, PORTARIA GM/MS Nº 9.624, CONFORME OFICIO 037/2026-DAE-SESAP.;02/01/26 00:00;1.228,01;0,00;1.228,01;0,00;1.228,01;0,00;0,00;0,00;0,00;0,00;0,00;0,00;1556315;ASSOCIACAO DE PAIS E AMIGOS DOS EXCEPCIONAIS DE BARBACENA-MG;;;210;3;2654;10;302;3.3.90.92.99.00.00.00;2.605.000.0000;33909200000000;1.228,01;0,00;0,00;MANUTENÇÃO DA REDE DE ATENÇÃO ESPECIALIZADA;DESPESAS DE EXERCÍCIOS ANTERIORES
Especificação: ;;EMPENHO PARA COBRIR DESPESAS REFERENTE AO TERMO ADITIVO AO CONTRATO 091/2020, PRC. 071/2020, IL. 003/2020, OCORRE FACE AO REPASSE EFETUADO PELO FUNDO NACIONAL DE SAUDE, OBJETIVANDO O PAGAMENTO DO PISO SALARIAL DOS PROFISSIONAIS DA ENFERMAGEM (ENFERMEIROS, TECNICOS, AUXILIARES DE ENFERMAGEM E PARTEIRAS, REFERENTE AO MES DE DEZEMBRO DE 2025, PORTARIA GM/MS Nº 9.624, CONFORME OFICIO 037/2026-DAE-SESAP.;;;;;;;;;;;;;;;;;;;;;;;;;;;;;;;;;;;;;
713;FUNDO MUNICIPAL DE SAÚDE DE BARBACENA;;30536284;99;2026;ORDINARIO;0;0;EMPENHO  PARA COBRIR DESPESAS REFERENTE AO TERMO ADITIVO AO CONTRATO 036/2024, PRC. 214/2023 IL. 044/2023, OCORRE FACE AO REPASSE EFETUADO PELO FUNDO NACIONAL DE SAUDE OBJETIVANDO O PAGAMENTO DO PISO SALARIAL DOS PROFISSIONAIS DA ENFERMAGEM - ENFERMEIROS, TECNICOS, AUXILIARES DE ENFERMAGEM E PARTEIRAS, REFERENTE AO MES DE DEZEMBRO DE 2025, PORTARIA GM/MS 9.624, CONFORME OFICIO 037/2026-DAE-SESAP.;02/01/26 00:00;4.381,22;0,00;4.381,22;0,00;4.381,22;0,00;0,00;0,00;0,00;0,00;0,00;0,00;1556332;FUNDACAO JOSE BONIFACIO LAFAYETTE DE ANDRADA - FUNJOBE;;;210;3;2654;10;302;3.3.90.92.99.00.00.00;2.605.000.0000;33909200000000;4.381,22;0,00;0,00;MANUTENÇÃO DA REDE DE ATENÇÃO ESPECIALIZADA;DESPESAS DE EXERCÍCIOS ANTERIORES
;;EMPENHO  PARA COBRIR DESPESAS REFERENTE AO TERMO ADITIVO AO CONTRATO 036/2024, PRC. 214/2023 IL. 044/2023, OCORRE FACE AO REPASSE EFETUADO PELO FUNDO NACIONAL DE SAUDE OBJETIVANDO O PAGAMENTO DO PISO SALARIAL DOS PROFISSIONAIS DA ENFERMAGEM - ENFERMEIROS, TECNICOS, AUXILIARES DE ENFERMAGEM E PARTEIRAS, REFERENTE AO MES DE DEZEMBRO DE 2025, PORTARIA GM/MS 9.624, CONFORME OFICIO 037/2026-DAE-SESAP.;;;;;;;;;;;;;;;;;;;;;;;;;;;;;;;;;;;;;
713;FUNDO MUNICIPAL DE SAÚDE DE BARBACENA;;31097102;198;2026;ORDINARIO;0;0;EMPENHO PARA COBRIR DESPESAS COM 02 AJUDAS DE CUSTO PARA FINS DE HOSPEDAGEM, COM DESTINO A RIBEIRÃO PRETO - MG, PARA CONDUZIR/BUSCAR PACIENTE E ACOMPANHANTE NO HOSPITAL DA CLINICAS DA FACULDADE DE MEDICINA , NOS DIAS 08/01/2026 A 10/01/2026, EM CONFORMIDADE COM O DECRETO Nº 8.581, CONFORME REQUERIMENTO DE AJUDA DE CUSTO Nº. 013/2026-ST-SESAP.;05/01/26 00:00;500,00;0,00;500,00;0,00;0,00;0,00;0,00;0,00;0,00;0,00;0,00;0,00;1546518;JOSE ROBERTO ZEFERINO;;;128;3;2015;10;302;3.3.90.33.99.00.00.00;1.500.000.1002;33903300000000;0,00;0,00;500,00;MANUTENÇAO DO TRANSPORTE DE SAÚDE;PASSAGENS E DESPESAS COM LOCOMOÇÃO
Especificação: ;;EMPENHO PARA COBRIR DESPESAS COM 02 AJUDAS DE CUSTO PARA FINS DE HOSPEDAGEM, COM DESTINO A RIBEIRÃO PRETO - MG, PARA CONDUZIR/BUSCAR PACIENTE E ACOMPANHANTE NO HOSPITAL DA CLINICAS DA FACULDADE DE MEDICINA , NOS DIAS 08/01/2026 A 10/01/2026, EM CONFORMIDADE COM O DECRETO Nº 8.581, CONFORME REQUERIMENTO DE AJUDA DE CUSTO Nº. 013/2026-ST-SESAP.;;;;;;;;;;;;;;;;;;;;;;;;;;;;;;;;;;;;;
713;FUNDO MUNICIPAL DE SAÚDE DE BARBACENA;;31097986;199;2026;ORDINARIO;0;0;EMPENHO PARA COBRIR DESPESAS REFERENTE AO CONVENIO Nº 036/2025, QUE ENTRE SI CELEBRAM O MUNICIPIO DE BARBACENA, POR INTERMEDIO DA SECRETARIA MUNICIAPL DE SAUDE E A SANTA CASA DE MG, CUJO OBJETO DO PRESENTE INSTRUMENTO E O REPASSE DE RECURSO PUBLICO ORIGINARIO DA RESOLUCAO SES/MG Nº 10.136/2025, DESTINADO A AQUISICAO DE EQUIPAMENTOS PERMANENTES, DE ACORDO COM A LISTA/VALORES PREVISTOS NO ANEXO II DA RESOLUCAO SES/MG Nº 10.136/2025, EM CONFORMIDADE COM A TABELA RENEN, PARA ATENDER AS NECESSIDADES DAS REFERENCIAS DE PEDIATRIA, UTI NEONATAL, OBSTETRICIA, NEUROLOGIA/NEUROGIRURGIA E ORTOPEDIA, ALEM DOS SERVICOS DE ANESTESIOLOGIA, UTI ADULTO, VIGENCIA DE 12 MESES, A CONTAR DO RECEBIMENTO DO RECURSO, CONFORME OFICIO 01/2026-DAS-CVE/SESAP.;05/01/26 00:00;200.000,00;0,00;200.000,00;0,00;0,00;0,00;0,00;0,00;0,00;0,00;0,00;0,00;1556314;SANTA CASA DE MISERICORDIA DE BARBACENA;;;303;4;2010;10;305;4.4.50.41.00.00.00.00;2.621.000.3210;44504100000000;0,00;0,00;200.000,00;MANUTENÇAO DA VIGILÂNCIA EPIDEMIOLÓGICA;CONTRIBUIÇÕES
Especificação: ;;EMPENHO PARA COBRIR DESPESAS REFERENTE AO CONVENIO Nº 036/2025, QUE ENTRE SI CELEBRAM O MUNICIPIO DE BARBACENA, POR INTERMEDIO DA SECRETARIA MUNICIAPL DE SAUDE E A SANTA CASA DE MG, CUJO OBJETO DO PRESENTE INSTRUMENTO E O REPASSE DE RECURSO PUBLICO ORIGINARIO DA RESOLUCAO SES/MG Nº 10.136/2025, DESTINADO A AQUISICAO DE EQUIPAMENTOS PERMANENTES, DE ACORDO COM A LISTA/VALORES PREVISTOS NO ANEXO II DA RESOLUCAO SES/MG Nº 10.136/2025, EM CONFORMIDADE COM A TABELA RENEN, PARA ATENDER AS NECESSIDADES DAS REFERENCIAS DE PEDIATRIA, UTI NEONATAL, OBSTETRICIA, NEUROLOGIA/NEUROGIRURGIA E ORTOPEDIA, ALEM DOS SERVICOS DE ANESTESIOLOGIA, UTI ADULTO, VIGENCIA DE 12 MESES, A CONTAR DO RECEBIMENTO DO RECURSO, CONFORME OFICIO 01/2026-DAS-CVE/SESAP.;;;;;;;;;;;;;;;;;;;;;;;;;;;;;;;;;;;;;
713;FUNDO MUNICIPAL DE SAÚDE DE BARBACENA;;31102204;201;2026;ORDINARIO;0;0;EMPENHO PARA COBRIR DESPESAS COM TRATAMENTO FORA DO DOMICILIO, REEMBOLSO DE AJUDA DE CUSTO PARA ALIMENTACAO, PASSAGENS MAIS HOSPEDAGEM, PARA TRATAMENTO ONCOLOGICO NO HOSPITAL DE AMOR EM BARRETOS - SP, REFERENTE AOS DIAS, SAIDA: 08/12/2025 E RETORNO: 10/12/2025, CONFORME TFD 001/2026-SESAP.;05/01/26 00:00;818,05;0,00;818,05;0,00;0,00;0,00;0,00;0,00;0,00;0,00;0,00;0,00;7484001;CARLOS MANOEL VIANNA JUNIOR;;;155;3;2042;10;302;3.3.90.93.03.00.00.00;1.500.000.1002;33909300000000;0,00;0,00;818,05;MANUTENÇÃO DO TRATAMENTO FORA DO DOMICÍLIO - TFD;INDENIZAÇÕES E RESTITUIÇÕES
Especificação: ;;EMPENHO PARA COBRIR DESPESAS COM TRATAMENTO FORA DO DOMICILIO, REEMBOLSO DE AJUDA DE CUSTO PARA ALIMENTACAO, PASSAGENS MAIS HOSPEDAGEM, PARA TRATAMENTO ONCOLOGICO NO HOSPITAL DE AMOR EM BARRETOS - SP, REFERENTE AOS DIAS, SAIDA: 08/12/2025 E RETORNO: 10/12/2025, CONFORME TFD 001/2026-SESAP.;;;;;;;;;;;;;;;;;;;;;;;;;;;;;;;;;;;;;
713;FUNDO MUNICIPAL DE SAÚDE DE BARBACENA;;31102287;202;2026;ORDINARIO;0;0;EMPENHO PARA COBRIR DESPESAS COM TRATAMENTO FORA DO DOMICILIO, REEMBOLSO DE AJUDA DE CUSTO (PACIENTE E ACOMPANHANTE ), PARA TRATAMENTO DE GENETICA MEDICA, NO AMBULATORIO DE GENETICA MEDICA DO HOSPITAL DAS CLINICAS DA UGMG EM BELO HORIZONTE - MG,  REFERENTE AO DIA 05/12/2025, DO PACIENTE MENOR KAUAN VICTOR DA SILVA MARTINS, CONFORME TFD 002/2026-SESAP.;06/01/26 00:00;140,00;0,00;140,00;0,00;0,00;0,00;0,00;0,00;0,00;0,00;0,00;0,00;6006231;THAMIRES DA SILVA MORAES;;;155;3;2042;10;302;3.3.90.93.03.00.00.00;1.500.000.1002;33909300000000;0,00;0,00;140,00;MANUTENÇÃO DO TRATAMENTO FORA DO DOMICÍLIO - TFD;INDENIZAÇÕES E RESTITUIÇÕES
Especificação: ;;EMPENHO PARA COBRIR DESPESAS COM TRATAMENTO FORA DO DOMICILIO, REEMBOLSO DE AJUDA DE CUSTO (PACIENTE E ACOMPANHANTE ), PARA TRATAMENTO DE GENETICA MEDICA, NO AMBULATORIO DE GENETICA MEDICA DO HOSPITAL DAS CLINICAS DA UGMG EM BELO HORIZONTE - MG,  REFERENTE AO DIA 05/12/2025, DO PACIENTE MENOR KAUAN VICTOR DA SILVA MARTINS, CONFORME TFD 002/2026-SESAP.;;;;;;;;;;;;;;;;;;;;;;;;;;;;;;;;;;;;;
713;FUNDO MUNICIPAL DE SAÚDE DE BARBACENA;;31102376;203;2026;ORDINARIO;0;0;EMPENHO PARA COBRIR DESPESAS COM TRATAMENTO FORA DO DOMICILIO, REEMBOLSO DE AJUDA DE CUSTO, PARA TRATAMENTO DE DOENCAS RARAS - SINDROME DE HIPOMIELINAZACAO - NO HOSPITAL UNIVERSITARIO FEDERAL DE JUIZ DE FORA, REFERENTE AO DIA 10/12/2025, DA PACIENTE MENOR SARA GABRIELA DA SILVA MARCELINO, CONFORME TFD 003/2026-SESAP.;06/01/26 00:00;140,00;0,00;140,00;0,00;0,00;0,00;0,00;0,00;0,00;0,00;0,00;0,00;1546756;MARILAC DA SILVA MARCELINO;;;155;3;2042;10;302;3.3.90.93.03.00.00.00;1.500.000.1002;33909300000000;0,00;0,00;140,00;MANUTENÇÃO DO TRATAMENTO FORA DO DOMICÍLIO - TFD;INDENIZAÇÕES E RESTITUIÇÕES
Especificação: ;;EMPENHO PARA COBRIR DESPESAS COM TRATAMENTO FORA DO DOMICILIO, REEMBOLSO DE AJUDA DE CUSTO, PARA TRATAMENTO DE DOENCAS RARAS - SINDROME DE HIPOMIELINAZACAO - NO HOSPITAL UNIVERSITARIO FEDERAL DE JUIZ DE FORA, REFERENTE AO DIA 10/12/2025, DA PACIENTE MENOR SARA GABRIELA DA SILVA MARCELINO, CONFORME TFD 003/2026-SESAP.;;;;;;;;;;;;;;;;;;;;;;;;;;;;;;;;;;;;;
713;FUNDO MUNICIPAL DE SAÚDE DE BARBACENA;;31102786;204;2026;ORDINARIO;0;0;EMPENHO PARA COBRIR DESPESAS COM TRATAMENTO FORA DO DOMICILIO, REEMBOLSO DE AJUDA DE CUSTO, PARA TRATAMENTO OFTALMOLOGICO / GLAUCOMA, NO HOSPITAL SANTA CASA - INSTITUTO DE OLHOS CIENCIAS MEDICAS EM BELO HORIZONTE - MG, REFERENTE AOS DIAS: 09,10,22 E 29/12/2025, CONFORME TFD 004/2026-SESAP.;06/01/26 00:00;560,00;0,00;560,00;0,00;0,00;0,00;0,00;0,00;0,00;0,00;0,00;0,00;7744387;GERALDO JUSTINO DE SA;;;155;3;2042;10;302;3.3.90.93.03.00.00.00;1.500.000.1002;33909300000000;0,00;0,00;560,00;MANUTENÇÃO DO TRATAMENTO FORA DO DOMICÍLIO - TFD;INDENIZAÇÕES E RESTITUIÇÕES
Especificação: ;;EMPENHO PARA COBRIR DESPESAS COM TRATAMENTO FORA DO DOMICILIO, REEMBOLSO DE AJUDA DE CUSTO, PARA TRATAMENTO OFTALMOLOGICO / GLAUCOMA, NO HOSPITAL SANTA CASA - INSTITUTO DE OLHOS CIENCIAS MEDICAS EM BELO HORIZONTE - MG, REFERENTE AOS DIAS: 09,10,22 E 29/12/2025, CONFORME TFD 004/2026-SESAP.;;;;;;;;;;;;;;;;;;;;;;;;;;;;;;;;;;;;;
713;FUNDO MUNICIPAL DE SAÚDE DE BARBACENA;;31105212;205;2026;ORDINARIO;0;0;EMPENHO PARA COBRIR DESPESAS COM 01 DIARIA PARCIAL COM DESTINO A BELO HORIZONTE - MG, NO DIA 15/01/2026 A SERVICO DA SESAP, ( AUXILIAR DE ENFERMAGEM ) PARA ACOMPANHAR PACIENTE QUE NECESSITA DE CUIDADOS ESPECIAIS, TRAQUEOSTOMIZADO,  EM TRATAMENTO FORA DO MUNICIPIO NO HOSPITAL INFANTIL JOAO PAULO II, DE ACORDO COM O DECRETO 9.882/2025, CONFORME RDV S/Nº. SESAP.;07/01/26 00:00;168,42;0,00;168,42;0,00;0,00;0,00;0,00;0,00;0,00;0,00;0,00;0,00;6863391;ELAINE MARIA PEREIRA MELLO;;;301;3;2654;10;302;3.3.90.14.05.00.00.00;1.500.000.1002;33901400000000;0,00;0,00;168,42;MANUTENÇÃO DA REDE DE ATENÇÃO ESPECIALIZADA;DIÁRIAS - PESSOAL CIVIL
Especificação: ;;EMPENHO PARA COBRIR DESPESAS COM 01 DIARIA PARCIAL COM DESTINO A BELO HORIZONTE - MG, NO DIA 15/01/2026 A SERVICO DA SESAP, ( AUXILIAR DE ENFERMAGEM ) PARA ACOMPANHAR PACIENTE QUE NECESSITA DE CUIDADOS ESPECIAIS, TRAQUEOSTOMIZADO,  EM TRATAMENTO FORA DO MUNICIPIO NO HOSPITAL INFANTIL JOAO PAULO II, DE ACORDO COM O DECRETO 9.882/2025, CONFORME RDV S/Nº. SESAP.;;;;;;;;;;;;;;;;;;;;;;;;;;;;;;;;;;;;;
713;FUNDO MUNICIPAL DE SAÚDE DE BARBACENA;;31108296;206;2026;ORDINARIO;0;0;EMPENHO PARA COBRIR DESPESAS COM 01 DIARIA PARCIAL COM DESTINO A BELO HORIZONTE - MG, NO DIA 22/01/2026 A SERVICO DA SESAP, ( AUXILIAR DE ENFERMAGEM ) PARA ACOMPANHAR PACIENTE QUE NECESSITA DE CUIDADOS ESPECIAIS, TRAQUEOSTOMIZADO,  EM TRATAMENTO FORA DO MUNICIPIO NO HOSPITAL INFANTIL JOAO PAULO II, DE ACORDO COM O DECRETO 9.882/2025, CONFORME RDV S/Nº. SESAP.;08/01/26 00:00;168,42;0,00;168,42;0,00;0,00;0,00;0,00;0,00;0,00;0,00;0,00;0,00;6863391;ELAINE MARIA PEREIRA MELLO;;;301;3;2654;10;302;3.3.90.14.05.00.00.00;1.500.000.1002;33901400000000;0,00;0,00;168,42;MANUTENÇÃO DA REDE DE ATENÇÃO ESPECIALIZADA;DIÁRIAS - PESSOAL CIVIL
Especificação: ;;EMPENHO PARA COBRIR DESPESAS COM 01 DIARIA PARCIAL COM DESTINO A BELO HORIZONTE - MG, NO DIA 22/01/2026 A SERVICO DA SESAP, ( AUXILIAR DE ENFERMAGEM ) PARA ACOMPANHAR PACIENTE QUE NECESSITA DE CUIDADOS ESPECIAIS, TRAQUEOSTOMIZADO,  EM TRATAMENTO FORA DO MUNICIPIO NO HOSPITAL INFANTIL JOAO PAULO II, DE ACORDO COM O DECRETO 9.882/2025, CONFORME RDV S/Nº. SESAP.;;;;;;;;;;;;;;;;;;;;;;;;;;;;;;;;;;;;;
713;FUNDO MUNICIPAL DE SAÚDE DE BARBACENA;;31108390;207;2026;ORDINARIO;0;0;EMPENHO PARA COBRIR DESPESAS COM TRATAMENTO FORA DO DOMICILIO, REEMBOLSO DE AJUDA DE CUSTO, ( PACIENTE E ACOMPANHANTE ) PARA TRATAMENTO - CIRURGIA CARDIACA / TRANSPLANTE DE CORACAO - NO HOSPITAL SANTA CASA DE BELO HORIZONTE - MG / SAO LUCAS, REFERENTE AOS DIAS 04,15 E 18/12/2025, CONFORME TFD 005/2026-SESAP.;09/01/26 00:00;210,00;0,00;210,00;0,00;0,00;0,00;0,00;0,00;0,00;0,00;0,00;0,00;7504900;FERNANDO CASTAGNA FERREIRA;;;155;3;2042;10;302;3.3.90.93.03.00.00.00;1.500.000.1002;33909300000000;0,00;0,00;210,00;MANUTENÇÃO DO TRATAMENTO FORA DO DOMICÍLIO - TFD;INDENIZAÇÕES E RESTITUIÇÕES
Especificação: ;;EMPENHO PARA COBRIR DESPESAS COM TRATAMENTO FORA DO DOMICILIO, REEMBOLSO DE AJUDA DE CUSTO, ( PACIENTE E ACOMPANHANTE ) PARA TRATAMENTO - CIRURGIA CARDIACA / TRANSPLANTE DE CORACAO - NO HOSPITAL SANTA CASA DE BELO HORIZONTE - MG / SAO LUCAS, REFERENTE AOS DIAS 04,15 E 18/12/2025, CONFORME TFD 005/2026-SESAP.;;;;;;;;;;;;;;;;;;;;;;;;;;;;;;;;;;;;;
713;FUNDO MUNICIPAL DE SAÚDE DE BARBACENA;;31109743;208;2026;ORDINARIO;0;0;EMPENHO PARA COBRIR DESPESAS COM TRATAMENTO FORA DO DOMICILIO, REEMBOLSO DE AJUDA DE CUSTO - HOSPEDAGEM - PARA TRATAMENTO DE UTI NEONATAL, NO HOSPITAL VAZ MONTEIRO DE ASSISTENCIA A INFANCIA E A MATERNIDADE NA CIDADE DE LAVRAS - MG DOS PACIENTES MENORES BENICIO DE SOUZA ANDRADE E BENTO DE SOUZA ANDRADE, REFERENTE AOS DIAS 17/12/2025 A 07/01/2026, CONFORME TFD 009/2026-SESAP.;12/01/26 00:00;2.200,00;0,00;2.200,00;0,00;0,00;0,00;0,00;0,00;0,00;0,00;0,00;0,00;8396354;ANA PAULA DE SOUZA ANDRADE DE OLIVEIRA;;;155;3;2042;10;302;3.3.90.93.03.00.00.00;1.500.000.1002;33909300000000;0,00;0,00;2.200,00;MANUTENÇÃO DO TRATAMENTO FORA DO DOMICÍLIO - TFD;INDENIZAÇÕES E RESTITUIÇÕES
Especificação: ;;EMPENHO PARA COBRIR DESPESAS COM TRATAMENTO FORA DO DOMICILIO, REEMBOLSO DE AJUDA DE CUSTO - HOSPEDAGEM - PARA TRATAMENTO DE UTI NEONATAL, NO HOSPITAL VAZ MONTEIRO DE ASSISTENCIA A INFANCIA E A MATERNIDADE NA CIDADE DE LAVRAS - MG DOS PACIENTES MENORES BENICIO DE SOUZA ANDRADE E BENTO DE SOUZA ANDRADE, REFERENTE AOS DIAS 17/12/2025 A 07/01/2026, CONFORME TFD 009/2026-SESAP.;;;;;;;;;;;;;;;;;;;;;;;;;;;;;;;;;;;;;
713;FUNDO MUNICIPAL DE SAÚDE DE BARBACENA;;31109935;209;2026;ORDINARIO;0;0;EMPENHO PARA COBRIR DESPESAS COM TRATAMENTO FORA DO DOMICILIO, REEMBOLSO DE AJUDA DE CUSTO, PARA TRATAMENTO - HEMATOLOGICO -, NO HEMOCENTRO/HEMOMINAS EM JUIZ DE FORA, REFERENTE AO DIA 16/12/2025, DO PACIENTE MENOR ERIC CARMO DO NASCIMENTO REINALDO,  CONFORME TFD 008/2026-SESAP.;13/01/26 00:00;140,00;0,00;140,00;0,00;0,00;0,00;0,00;0,00;0,00;0,00;0,00;0,00;1546623;ANDREA APARECIDA DO NASCIMENTO;;;155;3;2042;10;302;3.3.90.93.03.00.00.00;1.500.000.1002;33909300000000;0,00;0,00;140,00;MANUTENÇÃO DO TRATAMENTO FORA DO DOMICÍLIO - TFD;INDENIZAÇÕES E RESTITUIÇÕES
Especificação: ;;EMPENHO PARA COBRIR DESPESAS COM TRATAMENTO FORA DO DOMICILIO, REEMBOLSO DE AJUDA DE CUSTO, PARA TRATAMENTO - HEMATOLOGICO -, NO HEMOCENTRO/HEMOMINAS EM JUIZ DE FORA, REFERENTE AO DIA 16/12/2025, DO PACIENTE MENOR ERIC CARMO DO NASCIMENTO REINALDO,  CONFORME TFD 008/2026-SESAP.;;;;;;;;;;;;;;;;;;;;;;;;;;;;;;;;;;;;;
713;FUNDO MUNICIPAL DE SAÚDE DE BARBACENA;;31110144;210;2026;ORDINARIO;0;0;EMPENHO PARA COBRIR DESPESAS COM 01 DIARIA PARCIAL COM DESTINO A BELO HORIZONTE - MG, NO DIA 28/01/2026 A SERVICO DA SESAP, ( AUXILIAR DE ENFERMAGEM ) PARA ACOMPANHAR PACIENTE QUE NECESSITA DE CUIDADOS ESPECIAIS, TRAQUEOSTOMIZADO,  EM TRATAMENTO FORA DO MUNICIPIO NO HOSPITAL INFANTIL JOAO XXIII, DE ACORDO COM O DECRETO 9.882/2025, CONFORME RDV S/Nº. SESAP.;13/01/26 00:00;168,42;0,00;168,42;0,00;0,00;0,00;0,00;0,00;0,00;0,00;0,00;0,00;6863391;ELAINE MARIA PEREIRA MELLO;;;53;11;2021;10;122;3.3.90.14.05.00.00.00;1.500.000.1002;33901400000000;0,00;0,00;168,42;MANUTENÇAO DE AÇÕES DA SESAP;DIÁRIAS - PESSOAL CIVIL
Especificação: ;;EMPENHO PARA COBRIR DESPESAS COM 01 DIARIA PARCIAL COM DESTINO A BELO HORIZONTE - MG, NO DIA 28/01/2026 A SERVICO DA SESAP, ( AUXILIAR DE ENFERMAGEM ) PARA ACOMPANHAR PACIENTE QUE NECESSITA DE CUIDADOS ESPECIAIS, TRAQUEOSTOMIZADO,  EM TRATAMENTO FORA DO MUNICIPIO NO HOSPITAL INFANTIL JOAO XXIII, DE ACORDO COM O DECRETO 9.882/2025, CONFORME RDV S/Nº. SESAP.;;;;;;;;;;;;;;;;;;;;;;;;;;;;;;;;;;;;;
713;FUNDO MUNICIPAL DE SAÚDE DE BARBACENA;;31110252;211;2026;ORDINARIO;0;0;EMPENHO PARA COBRIR DESPESAS COM 01 DIARIA PARCIAL COM DESTINO A BELO HORIZONTE - MG, NO DIA 29/01/2026 A SERVICO DA SESAP, ( AUXILIAR DE ENFERMAGEM ) PARA ACOMPANHAR PACIENTE QUE NECESSITA DE CUIDADOS ESPECIAIS, TRAQUEOSTOMIZADO,  EM TRATAMENTO FORA DO MUNICIPIO NO HOSPITAL INFANTIL JOAO PAULO II, DE ACORDO COM O DECRETO 9.882/2025, CONFORME RDV S/Nº. SESAP.;14/01/26 00:00;168,42;0,00;168,42;0,00;0,00;0,00;0,00;0,00;0,00;0,00;0,00;0,00;6863391;ELAINE MARIA PEREIRA MELLO;;;53;11;2021;10;122;3.3.90.14.05.00.00.00;1.500.000.1002;33901400000000;0,00;0,00;168,42;MANUTENÇAO DE AÇÕES DA SESAP;DIÁRIAS - PESSOAL CIVIL
Especificação: ;;EMPENHO PARA COBRIR DESPESAS COM 01 DIARIA PARCIAL COM DESTINO A BELO HORIZONTE - MG, NO DIA 29/01/2026 A SERVICO DA SESAP, ( AUXILIAR DE ENFERMAGEM ) PARA ACOMPANHAR PACIENTE QUE NECESSITA DE CUIDADOS ESPECIAIS, TRAQUEOSTOMIZADO,  EM TRATAMENTO FORA DO MUNICIPIO NO HOSPITAL INFANTIL JOAO PAULO II, DE ACORDO COM O DECRETO 9.882/2025, CONFORME RDV S/Nº. SESAP.;;;;;;;;;;;;;;;;;;;;;;;;;;;;;;;;;;;;;
713;FUNDO MUNICIPAL DE SAÚDE DE BARBACENA;;31110427;212;2026;ORDINARIO;0;0;EMPENHO PARA COBRIR DESPESAS COM TRATAMENTO FORA DO DOMICILIO, REEMBOLSO DE AJUDA DE CUSTO PARA ALIMENTACAO, (PACIENTE E ACOMPANHANTE ), PARA TRATAMENTO DE TROMBOEMBOLISMO PULMONAR NO HOSPITAL DAS CLINICAS DA UFMG EM BELO HORIZONTE - MG, REFERENTE AO DIA 18/12/2025, CONFORME TFD 006/2026-SESAP.;15/01/26 00:00;140,00;0,00;140,00;0,00;0,00;0,00;0,00;0,00;0,00;0,00;0,00;0,00;7979735;FERNANDA TOSTES GEOFFROY;;;155;3;2042;10;302;3.3.90.93.03.00.00.00;1.500.000.1002;33909300000000;0,00;0,00;140,00;MANUTENÇÃO DO TRATAMENTO FORA DO DOMICÍLIO - TFD;INDENIZAÇÕES E RESTITUIÇÕES
Especificação: ;;EMPENHO PARA COBRIR DESPESAS COM TRATAMENTO FORA DO DOMICILIO, REEMBOLSO DE AJUDA DE CUSTO PARA ALIMENTACAO, (PACIENTE E ACOMPANHANTE ), PARA TRATAMENTO DE TROMBOEMBOLISMO PULMONAR NO HOSPITAL DAS CLINICAS DA UFMG EM BELO HORIZONTE - MG, REFERENTE AO DIA 18/12/2025, CONFORME TFD 006/2026-SESAP.;;;;;;;;;;;;;;;;;;;;;;;;;;;;;;;;;;;;;
713;FUNDO MUNICIPAL DE SAÚDE DE BARBACENA;;31160625;259;2026;ORDINARIO;0;0;EMPENHO PARA COBRIR DESPESAS COM TRATAMENTO FORA DO DOMICILIO, REEMBOLSO DE AJUDA DE CUSTO, PARA TRATAMENTO OFTALMOLOGICO / GLAUCOMA, NO HOSPITAL SANTA CASA - INSTITUTO DE OLHOS CIENCIAS MEDICAS EM BELO HORIZONTE - MG, REFERENTE AO DIA 16/12/2025, CONFORME TFD 010/2026-SESAP.;16/01/26 00:00;140,00;0,00;140,00;0,00;0,00;0,00;0,00;0,00;0,00;0,00;0,00;0,00;7744387;GERALDO JUSTINO DE SA;;;155;3;2042;10;302;3.3.90.93.03.00.00.00;1.500.000.1002;33909300000000;0,00;0,00;140,00;MANUTENÇÃO DO TRATAMENTO FORA DO DOMICÍLIO - TFD;INDENIZAÇÕES E RESTITUIÇÕES
Especificação: ;;EMPENHO PARA COBRIR DESPESAS COM TRATAMENTO FORA DO DOMICILIO, REEMBOLSO DE AJUDA DE CUSTO, PARA TRATAMENTO OFTALMOLOGICO / GLAUCOMA, NO HOSPITAL SANTA CASA - INSTITUTO DE OLHOS CIENCIAS MEDICAS EM BELO HORIZONTE - MG, REFERENTE AO DIA 16/12/2025, CONFORME TFD 010/2026-SESAP.;;;;;;;;;;;;;;;;;;;;;;;;;;;;;;;;;;;;;
713;FUNDO MUNICIPAL DE SAÚDE DE BARBACENA;;31160712;260;2026;ORDINARIO;0;0;EMPENHO PARA COBRIR DESPESAS COM TRATAMENTO FORA DO DOMICILIO, REEMBOLSO DE AJUDA DE CUSTO, PARA TRATAMENTO - HEMATOLOGICO -, NO HEMOCENTRO/HEMOMINAS EM JUIZ DE FORA, REFERENTE AO DIA 12/01/2026, DO PACIENTE MENOR ERIC CARMO DO NASCIMENTO REINALDO,  CONFORME TFD 011/2026-SESAP.;16/01/26 00:00;140,00;0,00;140,00;0,00;0,00;0,00;0,00;0,00;0,00;0,00;0,00;0,00;1546623;ANDREA APARECIDA DO NASCIMENTO;;;155;3;2042;10;302;3.3.90.93.03.00.00.00;1.500.000.1002;33909300000000;0,00;0,00;140,00;MANUTENÇÃO DO TRATAMENTO FORA DO DOMICÍLIO - TFD;INDENIZAÇÕES E RESTITUIÇÕES
Especificação: ;;EMPENHO PARA COBRIR DESPESAS COM TRATAMENTO FORA DO DOMICILIO, REEMBOLSO DE AJUDA DE CUSTO, PARA TRATAMENTO - HEMATOLOGICO -, NO HEMOCENTRO/HEMOMINAS EM JUIZ DE FORA, REFERENTE AO DIA 12/01/2026, DO PACIENTE MENOR ERIC CARMO DO NASCIMENTO REINALDO,  CONFORME TFD 011/2026-SESAP.;;;;;;;;;;;;;;;;;;;;;;;;;;;;;;;;;;;;;
713;FUNDO MUNICIPAL DE SAÚDE DE BARBACENA;;31160773;261;2026;ORDINARIO;0;0;PENHO PARA COBRIR DESPESAS COM TRATAMENTO FORA DO DOMICILIO, REEMBOLSO DE AJUDA DE CUSTO PARA ALIMENTACAO, TRANPORTE E HOSPEDAGEM, PARA TRATAMENTO DE LABIO LEPORINO - CIRURGIA PALSTICA NO HOSPITAL DE REABILITACAO DE ANOMALIAS CRANIOFACIAIS - HRCA/CENTRINHO DA UNIVERSIDADE DE SAO PAULO - USP EM BAURU - SP, REFERENTE AOS DIAS 10/01/2026 A 13/01/2026, DA PACIENTE MENOR AGATA MARIA APOLINARIO PINTO TAVARES, CONFORME TFD 012/2026-SESAP.;16/01/26 00:00;2.622,26;0,00;2.622,26;0,00;0,00;0,00;0,00;0,00;0,00;0,00;0,00;0,00;7980002;ADONAIA APOLINARIO PINTO TAVARES;;;155;3;2042;10;302;3.3.90.93.03.00.00.00;1.500.000.1002;33909300000000;0,00;0,00;2.622,26;MANUTENÇÃO DO TRATAMENTO FORA DO DOMICÍLIO - TFD;INDENIZAÇÕES E RESTITUIÇÕES
Especificação: ;;PENHO PARA COBRIR DESPESAS COM TRATAMENTO FORA DO DOMICILIO, REEMBOLSO DE AJUDA DE CUSTO PARA ALIMENTACAO, TRANPORTE E HOSPEDAGEM, PARA TRATAMENTO DE LABIO LEPORINO - CIRURGIA PALSTICA NO HOSPITAL DE REABILITACAO DE ANOMALIAS CRANIOFACIAIS - HRCA/CENTRINHO DA UNIVERSIDADE DE SAO PAULO - USP EM BAURU - SP, REFERENTE AOS DIAS 10/01/2026 A 13/01/2026, DA PACIENTE MENOR AGATA MARIA APOLINARIO PINTO TAVARES, CONFORME TFD 012/2026-SESAP.;;;;;;;;;;;;;;;;;;;;;;;;;;;;;;;;;;;;;
713;FUNDO MUNICIPAL DE SAÚDE DE BARBACENA;;31160917;262;2026;ORDINARIO;0;0;EMPENHO PARA COBRIR DESPESAS COM TRATAMENTO FORA DO DOMICILIO, REEMBOLSO DE AJUDA DE CUSTO PARA ALIMENTACAO ( PACIENTE/ACOMPANHANTE ), PARA TRATAMENTO DE CARDIOLOGIA - CIRURGIA CARDIACA / TRANSPLANTE DE CORACAO - NO HOSPITAL SANTA CASA EM BELO HORIZONTE - MG, REFERENTE AO DIA 08/01/2026, CONFORME TFD 013/2026-SESAP.;19/01/26 00:00;140,00;0,00;140,00;0,00;0,00;0,00;0,00;0,00;0,00;0,00;0,00;0,00;3254952;LUCIO JUSCELINO DE SOUZA;;;155;3;2042;10;302;3.3.90.93.03.00.00.00;1.500.000.1002;33909300000000;0,00;0,00;140,00;MANUTENÇÃO DO TRATAMENTO FORA DO DOMICÍLIO - TFD;INDENIZAÇÕES E RESTITUIÇÕES
Especificação: ;;EMPENHO PARA COBRIR DESPESAS COM TRATAMENTO FORA DO DOMICILIO, REEMBOLSO DE AJUDA DE CUSTO PARA ALIMENTACAO ( PACIENTE/ACOMPANHANTE ), PARA TRATAMENTO DE CARDIOLOGIA - CIRURGIA CARDIACA / TRANSPLANTE DE CORACAO - NO HOSPITAL SANTA CASA EM BELO HORIZONTE - MG, REFERENTE AO DIA 08/01/2026, CONFORME TFD 013/2026-SESAP.;;;;;;;;;;;;;;;;;;;;;;;;;;;;;;;;;;;;;
713;FUNDO MUNICIPAL DE SAÚDE DE BARBACENA;;31161189;263;2026;ORDINARIO;0;0;EMPENHO PARA COBRIR DESPESAS COM TRATAMENTO FORA DO DOMICILIO,  AJUDA DE CUSTO PARA ALIMENTACAO, PASSAGENS E HOSPEDAGEM ( PACIENTE E ACOMPANHANTE ), PARA TRATAMENTO OFTALMOLOGICO - TRANSPLANTE DE CORNEA - NO HOSPITAL OTALMOLOGICO DE SOROCABA - SP, REFERENTE AOS DIAS: SAIDA 01/03/2026 A 03/03/2026, CONFORME TFD 017/2026-SESAP.;20/01/26 00:00;2.005,26;0,00;2.005,26;0,00;0,00;0,00;0,00;0,00;0,00;0,00;0,00;0,00;6863509;ANA PAULA VENTURA;;;153;3;2042;10;302;3.3.90.36.99.00.00.00;1.500.000.1002;33903600000000;0,00;0,00;2.005,26;MANUTENÇÃO DO TRATAMENTO FORA DO DOMICÍLIO - TFD;OUTROS SERVIÇOS DE TERCEIROS - PESSOA FÍSICA
Especificação: ;;EMPENHO PARA COBRIR DESPESAS COM TRATAMENTO FORA DO DOMICILIO,  AJUDA DE CUSTO PARA ALIMENTACAO, PASSAGENS E HOSPEDAGEM ( PACIENTE E ACOMPANHANTE ), PARA TRATAMENTO OFTALMOLOGICO - TRANSPLANTE DE CORNEA - NO HOSPITAL OTALMOLOGICO DE SOROCABA - SP, REFERENTE AOS DIAS: SAIDA 01/03/2026 A 03/03/2026, CONFORME TFD 017/2026-SESAP.;;;;;;;;;;;;;;;;;;;;;;;;;;;;;;;;;;;;;
713;FUNDO MUNICIPAL DE SAÚDE DE BARBACENA;;31161523;264;2026;ORDINARIO;0;0;LIBERAÇÃO DE PAGTO PARA COBRIR DESPESAS COM 01 AJUDA DE CUSTO PARA FINS DE HOSPEDAGEM, COM DESTINO A SOROCABA - SP, CONDUZIR/BUSCAR PACIENTE E ACOMPANHANTE EM TRATAMENTO FORA DO MUNICIPIO NO BANCO DE OLHOS, NOS DIAS 29/01/2026 A 30/01/2026, EM CONFORMIDADE COM O DECRETO Nº 8.581, CONFORME REQUERIMENTO DE AJUDA DE CUSTO Nº. 0029/2026-ST-SESAP.;20/01/26 00:00;250,00;0,00;250,00;0,00;0,00;0,00;0,00;0,00;0,00;0,00;0,00;0,00;1546528;MARCO ANTONIO COSTA FONTES;;;128;3;2015;10;302;3.3.90.33.99.00.00.00;1.500.000.1002;33903300000000;0,00;0,00;250,00;MANUTENÇAO DO TRANSPORTE DE SAÚDE;PASSAGENS E DESPESAS COM LOCOMOÇÃO
Especificação: ;;LIBERAÇÃO DE PAGTO PARA COBRIR DESPESAS COM 01 AJUDA DE CUSTO PARA FINS DE HOSPEDAGEM, COM DESTINO A SOROCABA - SP, CONDUZIR/BUSCAR PACIENTE E ACOMPANHANTE EM TRATAMENTO FORA DO MUNICIPIO NO BANCO DE OLHOS, NOS DIAS 29/01/2026 A 30/01/2026, EM CONFORMIDADE COM O DECRETO Nº 8.581, CONFORME REQUERIMENTO DE AJUDA DE CUSTO Nº. 0029/2026-ST-SESAP.;;;;;;;;;;;;;;;;;;;;;;;;;;;;;;;;;;;;;
713;FUNDO MUNICIPAL DE SAÚDE DE BARBACENA;;31161831;265;2026;ORDINARIO;0;0;LIBERAÇÃO DE PAGTO PARA COBRIR DESPESAS COM 01 AJUDA DE CUSTO PARA FINS DE HOSPEDAGEM, COM DESTINO A SÃO PAULO, PARA CONDUZIR PACIENTES EM TRATAMENTO FORA DO MUNICIPIO NO INSTITUTO DO CORAÇÃO, NO DIA 02/02/2026, EM CONFORMIDADE COM O DECRETO Nº 8.581, CONFORME REQUERIMENTO DE AJUDA DE CUSTO Nº. 107/2026-ST-SESAP.;21/01/26 00:00;250,00;0,00;250,00;0,00;0,00;0,00;0,00;0,00;0,00;0,00;0,00;0,00;1546774;NILSON DAMIAO VIGIANI;;;128;3;2015;10;302;3.3.90.33.99.00.00.00;1.500.000.1002;33903300000000;0,00;0,00;250,00;MANUTENÇAO DO TRANSPORTE DE SAÚDE;PASSAGENS E DESPESAS COM LOCOMOÇÃO
Especificação: ;;LIBERAÇÃO DE PAGTO PARA COBRIR DESPESAS COM 01 AJUDA DE CUSTO PARA FINS DE HOSPEDAGEM, COM DESTINO A SÃO PAULO, PARA CONDUZIR PACIENTES EM TRATAMENTO FORA DO MUNICIPIO NO INSTITUTO DO CORAÇÃO, NO DIA 02/02/2026, EM CONFORMIDADE COM O DECRETO Nº 8.581, CONFORME REQUERIMENTO DE AJUDA DE CUSTO Nº. 107/2026-ST-SESAP.;;;;;;;;;;;;;;;;;;;;;;;;;;;;;;;;;;;;;
713;FUNDO MUNICIPAL DE SAÚDE DE BARBACENA;;31077909;213;2026;ORDINARIO;0;0;PELA DESPESA DE FOLHA DE PAGAMENTO EMPENHADA REFERENTE MENSAL_COMPLEMENTAR 1/2026;31/01/26 00:00;5.390,61;0,00;5.390,61;0,00;0,00;0,00;809,55;0,00;0,00;0,00;0,00;0,00;1546430;FUNDO MUNICIPAL DE SAÚDE DE BARBACENA;;;281;4;2028;10;305;3.1.90.11.01.00.00.00;1.500.000.1002;31901100000000;809,55;0,00;4.581,06;MANUTENÇÃO DA VIGILÂNCIA AMBIENTAL E AÇÕES DE CONTROLE DE ZOONOSES;VENCIMENTOS E VANTAGENS FIXAS - PESSOAL CIVIL
Especificação: ;;PELA DESPESA DE FOLHA DE PAGAMENTO EMPENHADA REFERENTE MENSAL_COMPLEMENTAR 1/2026;;;;;;;;;;;;;;;;;;;;;;;;;;;;;;;;;;;;;
713;FUNDO MUNICIPAL DE SAÚDE DE BARBACENA;;31077908;214;2026;ORDINARIO;0;0;PELA DESPESA DE FOLHA DE PAGAMENTO EMPENHADA REFERENTE MENSAL_COMPLEMENTAR 1/2026;31/01/26 00:00;465,91;0,00;465,91;0,00;0,00;0,00;0,00;0,00;0,00;0,00;0,00;0,00;1546430;FUNDO MUNICIPAL DE SAÚDE DE BARBACENA;;;281;4;2028;10;305;3.1.90.11.52.00.00.00;1.500.000.1002;31901100000000;0,00;0,00;465,91;MANUTENÇÃO DA VIGILÂNCIA AMBIENTAL E AÇÕES DE CONTROLE DE ZOONOSES;VENCIMENTOS E VANTAGENS FIXAS - PESSOAL CIVIL
Especificação: ;;PELA DESPESA DE FOLHA DE PAGAMENTO EMPENHADA REFERENTE MENSAL_COMPLEMENTAR 1/2026;;;;;;;;;;;;;;;;;;;;;;;;;;;;;;;;;;;;;
713;FUNDO MUNICIPAL DE SAÚDE DE BARBACENA;;31077906;215;2026;ORDINARIO;0;0;PELA DESPESA DE FOLHA DE PAGAMENTO EMPENHADA REFERENTE MENSAL_COMPLEMENTAR 1/2026;31/01/26 00:00;4.442,73;0,00;4.442,73;0,00;0,00;0,00;519,12;0,00;0,00;0,00;0,00;0,00;1546430;FUNDO MUNICIPAL DE SAÚDE DE BARBACENA;;;280;4;2028;10;305;3.1.90.04.01.00.00.00;1.500.000.1002;31900400000000;519,12;0,00;3.923,61;MANUTENÇÃO DA VIGILÂNCIA AMBIENTAL E AÇÕES DE CONTROLE DE ZOONOSES;CONTRATAÇÃO POR TEMPO DETERMINADO
Especificação: ;;PELA DESPESA DE FOLHA DE PAGAMENTO EMPENHADA REFERENTE MENSAL_COMPLEMENTAR 1/2026;;;;;;;;;;;;;;;;;;;;;;;;;;;;;;;;;;;;;
713;FUNDO MUNICIPAL DE SAÚDE DE BARBACENA;;31077905;216;2026;ORDINARIO;0;0;PELA DESPESA DE FOLHA DE PAGAMENTO EMPENHADA REFERENTE MENSAL_COMPLEMENTAR 1/2026;31/01/26 00:00;1.653,49;0,00;1.653,49;0,00;0,00;0,00;0,00;0,00;0,00;0,00;0,00;0,00;1546430;FUNDO MUNICIPAL DE SAÚDE DE BARBACENA;;;102;2;2615;10;301;3.1.90.11.52.00.00.00;1.500.000.1002;31901100000000;0,00;0,00;1.653,49;MANUTENÇAO DO PROGRAMA ACS;VENCIMENTOS E VANTAGENS FIXAS - PESSOAL CIVIL
Especificação: ;;PELA DESPESA DE FOLHA DE PAGAMENTO EMPENHADA REFERENTE MENSAL_COMPLEMENTAR 1/2026;;;;;;;;;;;;;;;;;;;;;;;;;;;;;;;;;;;;;
713;FUNDO MUNICIPAL DE SAÚDE DE BARBACENA;;31077875;217;2026;ORDINARIO;0;0;PELA DESPESA DE FOLHA DE PAGAMENTO EMPENHADA REFERENTE MENSAL_COMPLEMENTAR 1/2026;31/01/26 00:00;501,27;0,00;501,27;0,00;0,00;0,00;74,16;0,00;0,00;0,00;0,00;0,00;1546430;FUNDO MUNICIPAL DE SAÚDE DE BARBACENA;;;280;4;2028;10;305;3.1.90.04.14.00.00.00;1.500.000.1002;31900400000000;74,16;0,00;427,11;MANUTENÇÃO DA VIGILÂNCIA AMBIENTAL E AÇÕES DE CONTROLE DE ZOONOSES;CONTRATAÇÃO POR TEMPO DETERMINADO
Especificação: ;;PELA DESPESA DE FOLHA DE PAGAMENTO EMPENHADA REFERENTE MENSAL_COMPLEMENTAR 1/2026;;;;;;;;;;;;;;;;;;;;;;;;;;;;;;;;;;;;;
713;FUNDO MUNICIPAL DE SAÚDE DE BARBACENA;;31077877;218;2026;ORDINARIO;0;0;PELA DESPESA DE FOLHA DE PAGAMENTO EMPENHADA REFERENTE MENSAL_COMPLEMENTAR 1/2026;31/01/26 00:00;28.422,53;0,00;28.422,53;0,00;0,00;0,00;4.231,85;0,00;0,00;0,00;0,00;0,00;1546430;FUNDO MUNICIPAL DE SAÚDE DE BARBACENA;;;102;2;2615;10;301;3.1.90.11.01.00.00.00;1.500.000.1002;31901100000000;4.231,85;0,00;24.190,68;MANUTENÇAO DO PROGRAMA ACS;VENCIMENTOS E VANTAGENS FIXAS - PESSOAL CIVIL
Especificação: ;;PELA DESPESA DE FOLHA DE PAGAMENTO EMPENHADA REFERENTE MENSAL_COMPLEMENTAR 1/2026;;;;;;;;;;;;;;;;;;;;;;;;;;;;;;;;;;;;;
713;FUNDO MUNICIPAL DE SAÚDE DE BARBACENA;;31077874;219;2026;ORDINARIO;0;0;PELA DESPESA DE FOLHA DE PAGAMENTO EMPENHADA REFERENTE MENSAL_COMPLEMENTAR 1/2026;31/01/26 00:00;528,73;0,00;528,73;0,00;0,00;0,00;79,79;0,00;0,00;0,00;0,00;0,00;1546430;FUNDO MUNICIPAL DE SAÚDE DE BARBACENA;;;281;4;2028;10;305;3.1.90.11.45.00.00.00;1.500.000.1002;31901100000000;79,79;0,00;448,94;MANUTENÇÃO DA VIGILÂNCIA AMBIENTAL E AÇÕES DE CONTROLE DE ZOONOSES;VENCIMENTOS E VANTAGENS FIXAS - PESSOAL CIVIL
Especificação: ;;PELA DESPESA DE FOLHA DE PAGAMENTO EMPENHADA REFERENTE MENSAL_COMPLEMENTAR 1/2026;;;;;;;;;;;;;;;;;;;;;;;;;;;;;;;;;;;;;
713;FUNDO MUNICIPAL DE SAÚDE DE BARBACENA;;31077873;220;2026;ORDINARIO;0;0;PELA DESPESA DE FOLHA DE PAGAMENTO EMPENHADA REFERENTE MENSAL_COMPLEMENTAR 1/2026;31/01/26 00:00;412,00;0,00;412,00;0,00;0,00;0,00;49,44;0,00;0,00;0,00;0,00;0,00;1546430;FUNDO MUNICIPAL DE SAÚDE DE BARBACENA;;;101;2;2615;10;301;3.1.90.04.01.00.00.00;1.500.000.1002;31900400000000;49,44;0,00;362,56;MANUTENÇAO DO PROGRAMA ACS;CONTRATAÇÃO POR TEMPO DETERMINADO
Especificação: ;;PELA DESPESA DE FOLHA DE PAGAMENTO EMPENHADA REFERENTE MENSAL_COMPLEMENTAR 1/2026;;;;;;;;;;;;;;;;;;;;;;;;;;;;;;;;;;;;;
713;FUNDO MUNICIPAL DE SAÚDE DE BARBACENA;;31077872;221;2026;ORDINARIO;0;0;PELA DESPESA DE FOLHA DE PAGAMENTO EMPENHADA REFERENTE MENSAL_COMPLEMENTAR 1/2026;31/01/26 00:00;5.891,58;0,00;5.891,58;0,00;0,00;0,00;900,60;0,00;0,00;0,00;0,00;0,00;1546430;FUNDO MUNICIPAL DE SAÚDE DE BARBACENA;;;102;2;2615;10;301;3.1.90.11.45.00.00.00;1.500.000.1002;31901100000000;900,60;0,00;4.990,98;MANUTENÇAO DO PROGRAMA ACS;VENCIMENTOS E VANTAGENS FIXAS - PESSOAL CIVIL
Especificação: ;;PELA DESPESA DE FOLHA DE PAGAMENTO EMPENHADA REFERENTE MENSAL_COMPLEMENTAR 1/2026;;;;;;;;;;;;;;;;;;;;;;;;;;;;;;;;;;;;;
713;FUNDO MUNICIPAL DE SAÚDE DE BARBACENA;;31077722;222;2026;ORDINARIO;0;0;PELA DESPESA DE FOLHA DE PAGAMENTO EMPENHADA REFERENTE MENSAL_COMPLEMENTAR 1/2026;31/01/26 00:00;1.770,56;0,00;1.770,56;0,00;0,00;0,00;0,00;0,00;0,00;0,00;0,00;0,00;1547277;SISTEMA MUNICIPAL DE PREVIDENCIA E ASSISTENCIA AO SERVIDOR;;;282;4;2028;10;305;3.1.91.13.08.00.00.00;1.500.000.1002;31911300000000;0,00;0,00;1.770,56;MANUTENÇÃO DA VIGILÂNCIA AMBIENTAL E AÇÕES DE CONTROLE DE ZOONOSES;OBRIGAÇÕES PATRONAIS
Especificação: ;;PELA DESPESA DE FOLHA DE PAGAMENTO EMPENHADA REFERENTE MENSAL_COMPLEMENTAR 1/2026;;;;;;;;;;;;;;;;;;;;;;;;;;;;;;;;;;;;;
713;FUNDO MUNICIPAL DE SAÚDE DE BARBACENA;;31077721;223;2026;ORDINARIO;0;0;PELA DESPESA DE FOLHA DE PAGAMENTO EMPENHADA REFERENTE MENSAL_COMPLEMENTAR 1/2026;31/01/26 00:00;10.070,92;0,00;10.070,92;0,00;0,00;0,00;0,00;0,00;0,00;0,00;0,00;0,00;1547277;SISTEMA MUNICIPAL DE PREVIDENCIA E ASSISTENCIA AO SERVIDOR;;;103;2;2615;10;301;3.1.91.13.08.00.00.00;1.500.000.1002;31911300000000;0,00;0,00;10.070,92;MANUTENÇAO DO PROGRAMA ACS;OBRIGAÇÕES PATRONAIS
Especificação: ;;PELA DESPESA DE FOLHA DE PAGAMENTO EMPENHADA REFERENTE MENSAL_COMPLEMENTAR 1/2026;;;;;;;;;;;;;;;;;;;;;;;;;;;;;;;;;;;;;
713;FUNDO MUNICIPAL DE SAÚDE DE BARBACENA;;31077717;224;2026;ORDINARIO;0;0;PELA DESPESA DE FOLHA DE PAGAMENTO EMPENHADA REFERENTE MENSAL_COMPLEMENTAR 1/2026;31/01/26 00:00;922,43;0,00;922,43;0,00;0,00;0,00;0,00;0,00;0,00;0,00;0,00;0,00;1544068;INSS-INSTITUTO NACIONAL DO SEGURO SOCIAL;;;280;4;2028;10;305;3.1.90.04.15.00.00.00;1.500.000.1002;31900400000000;0,00;0,00;922,43;MANUTENÇÃO DA VIGILÂNCIA AMBIENTAL E AÇÕES DE CONTROLE DE ZOONOSES;CONTRATAÇÃO POR TEMPO DETERMINADO
Especificação: ;;PELA DESPESA DE FOLHA DE PAGAMENTO EMPENHADA REFERENTE MENSAL_COMPLEMENTAR 1/2026;;;;;;;;;;;;;;;;;;;;;;;;;;;;;;;;;;;;;
713;FUNDO MUNICIPAL DE SAÚDE DE BARBACENA;;31077718;225;2026;ORDINARIO;0;0;PELA DESPESA DE FOLHA DE PAGAMENTO EMPENHADA REFERENTE MENSAL_COMPLEMENTAR 1/2026;31/01/26 00:00;76,86;0,00;76,86;0,00;0,00;0,00;0,00;0,00;0,00;0,00;0,00;0,00;1544068;INSS-INSTITUTO NACIONAL DO SEGURO SOCIAL;;;101;2;2615;10;301;3.1.90.04.15.00.00.00;1.500.000.1002;31900400000000;0,00;0,00;76,86;MANUTENÇAO DO PROGRAMA ACS;CONTRATAÇÃO POR TEMPO DETERMINADO
713;FUNDO MUNICIPAL DE SAÚDE DE BARBACENA;;30956885;226;2026;ORDINARIO;0;0;PELA DESPESA DE FOLHA DE PAGAMENTO EMPENHADA REFERENTE RESCISAO 1/2026;31/01/26 00:00;181,47;0,00;181,47;0,00;0,00;0,00;0,00;0,00;0,00;0,00;0,00;0,00;1544068;INSS-INSTITUTO NACIONAL DO SEGURO SOCIAL;;;235;2;2012;10;303;3.1.90.04.15.00.00.00;1.500.000.1002;31900400000000;0,00;0,00;181,47;MANUTENÇAO DA ASSISTENCIA FARMACEUTICA;CONTRATAÇÃO POR TEMPO DETERMINADO
Especificação: ;;PELA DESPESA DE FOLHA DE PAGAMENTO EMPENHADA REFERENTE RESCISAO 1/2026;;;;;;;;;;;;;;;;;;;;;;;;;;;;;;;;;;;;;
713;FUNDO MUNICIPAL DE SAÚDE DE BARBACENA;;30956881;227;2026;ORDINARIO;0;0;PELA DESPESA DE FOLHA DE PAGAMENTO EMPENHADA REFERENTE RESCISAO 1/2026;31/01/26 00:00;103,35;0,00;103,35;0,00;0,00;0,00;0,00;0,00;0,00;0,00;0,00;0,00;1546430;FUNDO MUNICIPAL DE SAÚDE DE BARBACENA;;;193;3;2642;10;302;3.1.90.04.99.00.00.00;2.600.000.0000;31900400000000;0,00;0,00;103,35;MANUTENÇÃO DA REDE DE ATENÇÃO PSICOSSOCIAL - RAPS;CONTRATAÇÃO POR TEMPO DETERMINADO
Especificação: ;;PELA DESPESA DE FOLHA DE PAGAMENTO EMPENHADA REFERENTE RESCISAO 1/2026;;;;;;;;;;;;;;;;;;;;;;;;;;;;;;;;;;;;;
713;FUNDO MUNICIPAL DE SAÚDE DE BARBACENA;;30956877;228;2026;ORDINARIO;0;0;PELA DESPESA DE FOLHA DE PAGAMENTO EMPENHADA REFERENTE RESCISAO 1/2026;31/01/26 00:00;857,45;0,00;857,45;0,00;0,00;0,00;0,00;0,00;0,00;0,00;0,00;0,00;1544068;INSS-INSTITUTO NACIONAL DO SEGURO SOCIAL;;;40;11;2018;10;122;3.1.90.04.15.00.00.00;1.500.000.1002;31900400000000;0,00;0,00;857,45;PESSOAL E ENCARGOS SOCIAIS DA SESAP;CONTRATAÇÃO POR TEMPO DETERMINADO
Especificação: ;;PELA DESPESA DE FOLHA DE PAGAMENTO EMPENHADA REFERENTE RESCISAO 1/2026;;;;;;;;;;;;;;;;;;;;;;;;;;;;;;;;;;;;;
713;FUNDO MUNICIPAL DE SAÚDE DE BARBACENA;;30956873;229;2026;ORDINARIO;0;0;PELA DESPESA DE FOLHA DE PAGAMENTO EMPENHADA REFERENTE RESCISAO 1/2026;31/01/26 00:00;282,28;0,00;282,28;0,00;0,00;0,00;0,00;0,00;0,00;0,00;0,00;0,00;1544068;INSS-INSTITUTO NACIONAL DO SEGURO SOCIAL;;;26;6;2031;10;122;3.1.90.04.15.00.00.00;1.500.000.1002;31900400000000;0,00;0,00;282,28;MANUTENÇAO DO SIMACRA;CONTRATAÇÃO POR TEMPO DETERMINADO
Especificação: ;;PELA DESPESA DE FOLHA DE PAGAMENTO EMPENHADA REFERENTE RESCISAO 1/2026;;;;;;;;;;;;;;;;;;;;;;;;;;;;;;;;;;;;;
713;FUNDO MUNICIPAL DE SAÚDE DE BARBACENA;;30956865;230;2026;ORDINARIO;0;0;PELA DESPESA DE FOLHA DE PAGAMENTO EMPENHADA REFERENTE RESCISAO 1/2026;31/01/26 00:00;2.441,88;0,00;2.441,88;0,00;0,00;0,00;0,00;0,00;0,00;0,00;0,00;0,00;1544068;INSS-INSTITUTO NACIONAL DO SEGURO SOCIAL;;;80;2;2025;10;301;3.1.90.04.15.00.00.00;1.600.000.0000;31900400000000;0,00;0,00;2.441,88;MANUTENÇÃO DA REDE DE ATENÇÃO PRIMÁRIA;CONTRATAÇÃO POR TEMPO DETERMINADO
Especificação: ;;PELA DESPESA DE FOLHA DE PAGAMENTO EMPENHADA REFERENTE RESCISAO 1/2026;;;;;;;;;;;;;;;;;;;;;;;;;;;;;;;;;;;;;
713;FUNDO MUNICIPAL DE SAÚDE DE BARBACENA;;30956869;231;2026;ORDINARIO;0;0;PELA DESPESA DE FOLHA DE PAGAMENTO EMPENHADA REFERENTE RESCISAO 1/2026;31/01/26 00:00;900,39;0,00;900,39;0,00;0,00;0,00;0,00;0,00;0,00;0,00;0,00;0,00;1544068;INSS-INSTITUTO NACIONAL DO SEGURO SOCIAL;0;;40;11;2018;10;122;3.1.90.04.15.00.00.00;1.500.000.1002;31900400000000;0,00;0,00;900,39;PESSOAL E ENCARGOS SOCIAIS DA SESAP;CONTRATAÇÃO POR TEMPO DETERMINADO
Especificação: ;;PELA DESPESA DE FOLHA DE PAGAMENTO EMPENHADA REFERENTE RESCISAO 1/2026;;;;;;;;;;;;;;;;;;;;;;;;;;;;;;;;;;;;;
713;FUNDO MUNICIPAL DE SAÚDE DE BARBACENA;;30955958;232;2026;ORDINARIO;0;0;PELA DESPESA DE FOLHA DE PAGAMENTO EMPENHADA REFERENTE FERIAS 1/2026;31/01/26 00:00;2.056,95;0,00;2.056,95;0,00;0,00;0,00;0,00;0,00;0,00;0,00;0,00;0,00;1546430;FUNDO MUNICIPAL DE SAÚDE DE BARBACENA;;;80;2;2025;10;301;3.1.90.04.14.00.00.00;1.500.000.1002;31900400000000;0,00;0,00;2.056,95;MANUTENÇÃO DA REDE DE ATENÇÃO PRIMÁRIA;CONTRATAÇÃO POR TEMPO DETERMINADO
Especificação: ;;PELA DESPESA DE FOLHA DE PAGAMENTO EMPENHADA REFERENTE FERIAS 1/2026;;;;;;;;;;;;;;;;;;;;;;;;;;;;;;;;;;;;;
713;FUNDO MUNICIPAL DE SAÚDE DE BARBACENA;;30955953;233;2026;ORDINARIO;0;0;PELA DESPESA DE FOLHA DE PAGAMENTO EMPENHADA REFERENTE FERIAS 1/2026;31/01/26 00:00;1.222,32;0,00;1.222,32;0,00;0,00;0,00;0,00;0,00;0,00;0,00;0,00;0,00;1546430;FUNDO MUNICIPAL DE SAÚDE DE BARBACENA;;;81;2;2025;10;301;3.1.90.11.45.00.00.00;1.500.000.1002;31901100000000;0,00;0,00;1.222,32;MANUTENÇÃO DA REDE DE ATENÇÃO PRIMÁRIA;VENCIMENTOS E VANTAGENS FIXAS - PESSOAL CIVIL
Especificação: ;;PELA DESPESA DE FOLHA DE PAGAMENTO EMPENHADA REFERENTE FERIAS 1/2026;;;;;;;;;;;;;;;;;;;;;;;;;;;;;;;;;;;;;
713;FUNDO MUNICIPAL DE SAÚDE DE BARBACENA;;30955949;234;2026;ORDINARIO;0;0;PELA DESPESA DE FOLHA DE PAGAMENTO EMPENHADA REFERENTE FERIAS 1/2026;31/01/26 00:00;6.189,84;0,00;6.189,84;0,00;0,00;0,00;0,00;0,00;0,00;0,00;0,00;0,00;1546430;FUNDO MUNICIPAL DE SAÚDE DE BARBACENA;;;40;11;2018;10;122;3.1.90.04.14.00.00.00;2.605.000.0000;31900400000000;0,00;0,00;6.189,84;PESSOAL E ENCARGOS SOCIAIS DA SESAP;CONTRATAÇÃO POR TEMPO DETERMINADO
Especificação: ;;PELA DESPESA DE FOLHA DE PAGAMENTO EMPENHADA REFERENTE FERIAS 1/2026;;;;;;;;;;;;;;;;;;;;;;;;;;;;;;;;;;;;;
713;FUNDO MUNICIPAL DE SAÚDE DE BARBACENA;;30955942;235;2026;ORDINARIO;0;0;PELA DESPESA DE FOLHA DE PAGAMENTO EMPENHADA REFERENTE FERIAS 1/2026;31/01/26 00:00;1.115,65;0,00;1.115,65;0,00;0,00;0,00;0,00;0,00;0,00;0,00;0,00;0,00;1546430;FUNDO MUNICIPAL DE SAÚDE DE BARBACENA;;;193;3;2642;10;302;3.1.90.04.14.00.00.00;1.500.000.1002;31900400000000;0,00;0,00;1.115,65;MANUTENÇÃO DA REDE DE ATENÇÃO PSICOSSOCIAL - RAPS;CONTRATAÇÃO POR TEMPO DETERMINADO
Especificação: ;;PELA DESPESA DE FOLHA DE PAGAMENTO EMPENHADA REFERENTE FERIAS 1/2026;;;;;;;;;;;;;;;;;;;;;;;;;;;;;;;;;;;;;
713;FUNDO MUNICIPAL DE SAÚDE DE BARBACENA;;30955936;236;2026;ORDINARIO;0;0;PELA DESPESA DE FOLHA DE PAGAMENTO EMPENHADA REFERENTE FERIAS 1/2026;31/01/26 00:00;1.621,02;0,00;1.621,02;0,00;0,00;0,00;0,00;0,00;0,00;0,00;0,00;0,00;1546430;FUNDO MUNICIPAL DE SAÚDE DE BARBACENA;;;26;6;2031;10;122;3.1.90.04.14.00.00.00;1.500.000.1002;31900400000000;0,00;0,00;1.621,02;MANUTENÇAO DO SIMACRA;CONTRATAÇÃO POR TEMPO DETERMINADO
Especificação: ;;PELA DESPESA DE FOLHA DE PAGAMENTO EMPENHADA REFERENTE FERIAS 1/2026;;;;;;;;;;;;;;;;;;;;;;;;;;;;;;;;;;;;;
713;FUNDO MUNICIPAL DE SAÚDE DE BARBACENA;;30955926;237;2026;ORDINARIO;0;0;PELA DESPESA DE FOLHA DE PAGAMENTO EMPENHADA REFERENTE FERIAS 1/2026;31/01/26 00:00;1.276,79;0,00;1.276,79;0,00;0,00;0,00;0,00;0,00;0,00;0,00;0,00;0,00;1546430;FUNDO MUNICIPAL DE SAÚDE DE BARBACENA;;;235;2;2012;10;303;3.1.90.04.14.00.00.00;1.500.000.1002;31900400000000;0,00;0,00;1.276,79;MANUTENÇAO DA ASSISTENCIA FARMACEUTICA;CONTRATAÇÃO POR TEMPO DETERMINADO
Especificação: ;;PELA DESPESA DE FOLHA DE PAGAMENTO EMPENHADA REFERENTE FERIAS 1/2026;;;;;;;;;;;;;;;;;;;;;;;;;;;;;;;;;;;;;
713;FUNDO MUNICIPAL DE SAÚDE DE BARBACENA;;30955915;238;2026;ORDINARIO;0;0;PELA DESPESA DE FOLHA DE PAGAMENTO EMPENHADA REFERENTE FERIAS 1/2026;31/01/26 00:00;1.636,68;0,00;1.636,68;0,00;0,00;0,00;0,00;0,00;0,00;0,00;0,00;0,00;1546430;FUNDO MUNICIPAL DE SAÚDE DE BARBACENA;;;290;4;2034;10;305;3.1.90.11.45.00.00.00;2.621.000.0000;31901100000000;0,00;0,00;1.636,68;MANUTENÇÃO DO SISTEMA DE IMUNIZAÇÃO;VENCIMENTOS E VANTAGENS FIXAS - PESSOAL CIVIL
Especificação: ;;PELA DESPESA DE FOLHA DE PAGAMENTO EMPENHADA REFERENTE FERIAS 1/2026;;;;;;;;;;;;;;;;;;;;;;;;;;;;;;;;;;;;;
713;FUNDO MUNICIPAL DE SAÚDE DE BARBACENA;;30955903;239;2026;ORDINARIO;0;0;PELA DESPESA DE FOLHA DE PAGAMENTO EMPENHADA REFERENTE FERIAS 1/2026;31/01/26 00:00;648,40;0,00;648,40;0,00;0,00;0,00;0,00;0,00;0,00;0,00;0,00;0,00;1546430;FUNDO MUNICIPAL DE SAÚDE DE BARBACENA;;;215;3;2685;10;302;3.1.90.04.14.00.00.00;1.500.000.1002;31900400000000;0,00;0,00;648,40;MANUTENÇÃO DO CEM;CONTRATAÇÃO POR TEMPO DETERMINADO
Especificação: ;;PELA DESPESA DE FOLHA DE PAGAMENTO EMPENHADA REFERENTE FERIAS 1/2026;;;;;;;;;;;;;;;;;;;;;;;;;;;;;;;;;;;;;
713;FUNDO MUNICIPAL DE SAÚDE DE BARBACENA;;30955894;240;2026;ORDINARIO;0;0;PELA DESPESA DE FOLHA DE PAGAMENTO EMPENHADA REFERENTE FERIAS 1/2026;31/01/26 00:00;5.113,07;0,00;5.113,07;0,00;0,00;0,00;0,00;0,00;0,00;0,00;0,00;0,00;1546430;FUNDO MUNICIPAL DE SAÚDE DE BARBACENA;;;40;11;2018;10;122;3.1.90.04.14.00.00.00;1.500.000.1002;31900400000000;0,00;0,00;5.113,07;PESSOAL E ENCARGOS SOCIAIS DA SESAP;CONTRATAÇÃO POR TEMPO DETERMINADO
Especificação: ;;PELA DESPESA DE FOLHA DE PAGAMENTO EMPENHADA REFERENTE FERIAS 1/2026;;;;;;;;;;;;;;;;;;;;;;;;;;;;;;;;;;;;;
713;FUNDO MUNICIPAL DE SAÚDE DE BARBACENA;;30955932;241;2026;ORDINARIO;0;0;PELA DESPESA DE FOLHA DE PAGAMENTO EMPENHADA REFERENTE FERIAS 1/2026;31/01/26 00:00;1.547,46;0,00;1.547,46;0,00;0,00;0,00;0,00;0,00;0,00;0,00;0,00;0,00;1546430;FUNDO MUNICIPAL DE SAÚDE DE BARBACENA;;;138;3;2038;10;302;3.1.90.04.14.00.00.00;1.600.000.0000;31900400000000;0,00;0,00;1.547,46;MANUTENÇÃO DO PROGRAMA DE ATENÇÃO DOMICILIAR;CONTRATAÇÃO POR TEMPO DETERMINADO
Especificação: ;;PELA DESPESA DE FOLHA DE PAGAMENTO EMPENHADA REFERENTE FERIAS 1/2026;;;;;;;;;;;;;;;;;;;;;;;;;;;;;;;;;;;;;
713;FUNDO MUNICIPAL DE SAÚDE DE BARBACENA;;30955920;242;2026;ORDINARIO;0;0;PELA DESPESA DE FOLHA DE PAGAMENTO EMPENHADA REFERENTE FERIAS 1/2026;31/01/26 00:00;1.817,11;0,00;1.817,11;0,00;0,00;0,00;0,00;0,00;0,00;0,00;0,00;0,00;1546430;FUNDO MUNICIPAL DE SAÚDE DE BARBACENA;;;80;2;2025;10;301;3.1.90.04.14.00.00.00;1.600.000.0000;31900400000000;0,00;0,00;1.817,11;MANUTENÇÃO DA REDE DE ATENÇÃO PRIMÁRIA;CONTRATAÇÃO POR TEMPO DETERMINADO
Especificação: ;;PELA DESPESA DE FOLHA DE PAGAMENTO EMPENHADA REFERENTE FERIAS 1/2026;;;;;;;;;;;;;;;;;;;;;;;;;;;;;;;;;;;;;
713;FUNDO MUNICIPAL DE SAÚDE DE BARBACENA;;30955910;243;2026;ORDINARIO;0;0;PELA DESPESA DE FOLHA DE PAGAMENTO EMPENHADA REFERENTE FERIAS 1/2026;31/01/26 00:00;2.277,00;0,00;2.277,00;0,00;0,00;0,00;0,00;0,00;0,00;0,00;0,00;0,00;1546430;FUNDO MUNICIPAL DE SAÚDE DE BARBACENA;;;102;2;2615;10;301;3.1.90.11.45.00.00.00;1.500.000.1002;31901100000000;0,00;0,00;2.277,00;MANUTENÇAO DO PROGRAMA ACS;VENCIMENTOS E VANTAGENS FIXAS - PESSOAL CIVIL
Especificação: ;;PELA DESPESA DE FOLHA DE PAGAMENTO EMPENHADA REFERENTE FERIAS 1/2026;;;;;;;;;;;;;;;;;;;;;;;;;;;;;;;;;;;;;
713;FUNDO MUNICIPAL DE SAÚDE DE BARBACENA;;30955899;244;2026;ORDINARIO;0;0;PELA DESPESA DE FOLHA DE PAGAMENTO EMPENHADA REFERENTE FERIAS 1/2026;31/01/26 00:00;2.489,30;0,00;2.489,30;0,00;0,00;0,00;0,00;0,00;0,00;0,00;0,00;0,00;1546430;FUNDO MUNICIPAL DE SAÚDE DE BARBACENA;;;41;11;2018;10;122;3.1.90.11.45.00.00.00;1.500.000.1002;31901100000000;0,00;0,00;2.489,30;PESSOAL E ENCARGOS SOCIAIS DA SESAP;VENCIMENTOS E VANTAGENS FIXAS - PESSOAL CIVIL
Especificação: ;;PELA DESPESA DE FOLHA DE PAGAMENTO EMPENHADA REFERENTE FERIAS 1/2026;;;;;;;;;;;;;;;;;;;;;;;;;;;;;;;;;;;;;
713;FUNDO MUNICIPAL DE SAÚDE DE BARBACENA;;30955887;245;2026;ORDINARIO;0;0;PELA DESPESA DE FOLHA DE PAGAMENTO EMPENHADA REFERENTE FERIAS 1/2026;31/01/26 00:00;810,50;0,00;810,50;0,00;0,00;0,00;0,00;0,00;0,00;0,00;0,00;0,00;1546430;FUNDO MUNICIPAL DE SAÚDE DE BARBACENA;;;236;2;2012;10;303;3.1.90.11.45.00.00.00;1.500.000.1002;31901100000000;0,00;0,00;810,50;MANUTENÇAO DA ASSISTENCIA FARMACEUTICA;VENCIMENTOS E VANTAGENS FIXAS - PESSOAL CIVIL
Especificação: ;;PELA DESPESA DE FOLHA DE PAGAMENTO EMPENHADA REFERENTE FERIAS 1/2026;;;;;;;;;;;;;;;;;;;;;;;;;;;;;;;;;;;;;
713;FUNDO MUNICIPAL DE SAÚDE DE BARBACENA;;30955884;246;2026;ORDINARIO;0;0;PELA DESPESA DE FOLHA DE PAGAMENTO EMPENHADA REFERENTE FERIAS 1/2026;31/01/26 00:00;1.120,07;0,00;1.120,07;0,00;0,00;0,00;0,00;0,00;0,00;0,00;0,00;0,00;1546430;FUNDO MUNICIPAL DE SAÚDE DE BARBACENA;;;280;4;2028;10;305;3.1.90.04.14.00.00.00;1.500.000.1002;31900400000000;0,00;0,00;1.120,07;MANUTENÇÃO DA VIGILÂNCIA AMBIENTAL E AÇÕES DE CONTROLE DE ZOONOSES;CONTRATAÇÃO POR TEMPO DETERMINADO
Especificação: ;;PELA DESPESA DE FOLHA DE PAGAMENTO EMPENHADA REFERENTE FERIAS 1/2026;;;;;;;;;;;;;;;;;;;;;;;;;;;;;;;;;;;;;
713;FUNDO MUNICIPAL DE SAÚDE DE BARBACENA;;30955876;247;2026;ORDINARIO;0;0;PELA DESPESA DE FOLHA DE PAGAMENTO EMPENHADA REFERENTE FERIAS 1/2026;31/01/26 00:00;6.796,59;0,00;6.796,59;0,00;0,00;0,00;0,00;0,00;0,00;0,00;0,00;0,00;1546430;FUNDO MUNICIPAL DE SAÚDE DE BARBACENA;;;194;3;2642;10;302;3.1.90.11.45.00.00.00;2.600.000.0000;31901100000000;0,00;0,00;6.796,59;MANUTENÇÃO DA REDE DE ATENÇÃO PSICOSSOCIAL - RAPS;VENCIMENTOS E VANTAGENS FIXAS - PESSOAL CIVIL
Especificação: ;;PELA DESPESA DE FOLHA DE PAGAMENTO EMPENHADA REFERENTE FERIAS 1/2026;;;;;;;;;;;;;;;;;;;;;;;;;;;;;;;;;;;;;
713;FUNDO MUNICIPAL DE SAÚDE DE BARBACENA;;30955869;248;2026;ORDINARIO;0;0;PELA DESPESA DE FOLHA DE PAGAMENTO EMPENHADA REFERENTE FERIAS 1/2026;31/01/26 00:00;638,33;0,00;638,33;0,00;0,00;0,00;0,00;0,00;0,00;0,00;0,00;0,00;1546430;FUNDO MUNICIPAL DE SAÚDE DE BARBACENA;;;175;3;2345;10;302;3.1.90.11.45.00.00.00;1.500.000.1002;31901100000000;0,00;0,00;638,33;MANUTENÇÃO DO PROGRAMA A SAÚDE DO PACIENTE ONCOLÓGICO;VENCIMENTOS E VANTAGENS FIXAS - PESSOAL CIVIL
Especificação: ;;PELA DESPESA DE FOLHA DE PAGAMENTO EMPENHADA REFERENTE FERIAS 1/2026;;;;;;;;;;;;;;;;;;;;;;;;;;;;;;;;;;;;;
713;FUNDO MUNICIPAL DE SAÚDE DE BARBACENA;;30955879;249;2026;ORDINARIO;0;0;PELA DESPESA DE FOLHA DE PAGAMENTO EMPENHADA REFERENTE FERIAS 1/2026;31/01/26 00:00;1.929,07;0,00;1.929,07;0,00;0,00;0,00;0,00;0,00;0,00;0,00;0,00;0,00;1546430;FUNDO MUNICIPAL DE SAÚDE DE BARBACENA;;;113;3;2008;10;302;3.1.90.04.14.00.00.00;1.600.000.0000;31900400000000;0,00;0,00;1.929,07;MANUTENÇÃO DO CEREST;CONTRATAÇÃO POR TEMPO DETERMINADO
Especificação: ;;PELA DESPESA DE FOLHA DE PAGAMENTO EMPENHADA REFERENTE FERIAS 1/2026;;;;;;;;;;;;;;;;;;;;;;;;;;;;;;;;;;;;;
713;FUNDO MUNICIPAL DE SAÚDE DE BARBACENA;;30955872;250;2026;ORDINARIO;0;0;PELA DESPESA DE FOLHA DE PAGAMENTO EMPENHADA REFERENTE FERIAS 1/2026;31/01/26 00:00;1.163,80;0,00;1.163,80;0,00;0,00;0,00;0,00;0,00;0,00;0,00;0,00;0,00;1546430;FUNDO MUNICIPAL DE SAÚDE DE BARBACENA;;;102;2;2615;10;301;3.1.90.11.45.00.00.00;1.604.000.0000;31901100000000;0,00;0,00;1.163,80;MANUTENÇAO DO PROGRAMA ACS;VENCIMENTOS E VANTAGENS FIXAS - PESSOAL CIVIL
Especificação: ;;PELA DESPESA DE FOLHA DE PAGAMENTO EMPENHADA REFERENTE FERIAS 1/2026;;;;;;;;;;;;;;;;;;;;;;;;;;;;;;;;;;;;;
713;FUNDO MUNICIPAL DE SAÚDE DE BARBACENA;;30955867;251;2026;ORDINARIO;0;0;PELA DESPESA DE FOLHA DE PAGAMENTO EMPENHADA REFERENTE FERIAS 1/2026;31/01/26 00:00;8.510,14;0,00;8.510,14;0,00;0,00;0,00;0,00;0,00;0,00;0,00;0,00;0,00;1546430;FUNDO MUNICIPAL DE SAÚDE DE BARBACENA;;;193;3;2642;10;302;3.1.90.04.14.00.00.00;2.600.000.0000;31900400000000;0,00;0,00;8.510,14;MANUTENÇÃO DA REDE DE ATENÇÃO PSICOSSOCIAL - RAPS;CONTRATAÇÃO POR TEMPO DETERMINADO
Especificação: ;;PELA DESPESA DE FOLHA DE PAGAMENTO EMPENHADA REFERENTE FERIAS 1/2026;;;;;;;;;;;;;;;;;;;;;;;;;;;;;;;;;;;;;
